run_id,algorithm,seed,state_mode,reward_mode,episode,global_step,episode_return,score,episode_length,epsilon,loss,update_count,terminated,truncated,episode_complete,wall_clock_time
baseline100k_dqn_statev1_sparse_seed43_20261010_115447_684488_624e6bba,dqn,43,v1,sparse,1,21,-10.0,0,21,0.9979020986705985,,0,True,False,True,0.001689207972958684
baseline100k_dqn_statev1_sparse_seed43_20261010_115447_684488_624e6bba,dqn,43,v1,sparse,2,22,-10.0,0,1,0.9978023084607315,,0,True,False,True,0.0017317080055363476
baseline100k_dqn_statev1_sparse_seed43_20261010_115447_684488_624e6bba,dqn,43,v1,sparse,3,25,-10.0,0,3,0.9975029977012647,,0,True,False,True,0.0017660419689491391
baseline100k_dqn_statev1_sparse_seed43_20261010_115447_684488_624e6bba,dqn,43,v1,sparse,4,48,-10.0,0,23,0.9952112627234414,,0,True,False,True,0.0018907919875346124
baseline100k_dqn_statev1_sparse_seed43_20261010_115447_684488_624e6bba,dqn,43,v1,sparse,5,51,-10.0,0,3,0.9949127291999671,,0,True,False,True,0.001950667006894946
baseline100k_dqn_statev1_sparse_seed43_20261010_115447_684488_624e6bba,dqn,43,v1,sparse,6,83,-10.0,0,32,0.9917339383024733,,0,True,False,True,0.002119750017300248
baseline100k_dqn_statev1_sparse_seed43_20261010_115447_684488_624e6bba,dqn,43,v1,sparse,7,96,-10.0,0,13,0.990445457451587,,0,True,False,True,0.002197875001002103
baseline100k_dqn_statev1_sparse_seed43_20261010_115447_684488_624e6bba,dqn,43,v1,sparse,8,97,-10.0,0,1,0.9903464129058418,,0,True,False,True,0.002218874986283481
baseline100k_dqn_statev1_sparse_seed43_20261010_115447_684488_624e6bba,dqn,43,v1,sparse,9,99,-10.0,0,2,0.9901483535267248,,0,True,False,True,0.0022468329989351332
baseline100k_dqn_statev1_sparse_seed43_20261010_115447_684488_624e6bba,dqn,43,v1,sparse,10,117,0.0,1,18,0.9883676006096995,,0,True,False,True,0.0023432919988408685
baseline100k_dqn_statev1_sparse_seed43_20261010_115447_684488_624e6bba,dqn,43,v1,sparse,11,133,-10.0,0,16,0.9867873979365388,,0,True,False,True,0.0024298749631270766
baseline100k_dqn_statev1_sparse_seed43_20261010_115447_684488_624e6bba,dqn,43,v1,sparse,12,160,-10.0,0,27,0.9841265327012553,,0,True,False,True,0.002559542015660554
baseline100k_dqn_statev1_sparse_seed43_20261010_115447_684488_624e6bba,dqn,43,v1,sparse,13,177,-10.0,0,17,0.982454855338776,,0,True,False,True,0.0026476249913685024
baseline100k_dqn_statev1_sparse_seed43_20261010_115447_684488_624e6bba,dqn,43,v1,sparse,14,204,0.0,1,27,0.9798056727739467,,0,True,False,True,0.0028364169993437827
baseline100k_dqn_statev1_sparse_seed43_20261010_115447_684488_624e6bba,dqn,43,v1,sparse,15,205,-10.0,0,1,0.9797076922066693,,0,True,False,True,0.0028568750130943954
baseline100k_dqn_statev1_sparse_seed43_20261010_115447_684488_624e6bba,dqn,43,v1,sparse,16,206,-10.0,0,1,0.9796097214374486,,0,True,False,True,0.002875667007174343
baseline100k_dqn_statev1_sparse_seed43_20261010_115447_684488_624e6bba,dqn,43,v1,sparse,17,211,-10.0,0,5,0.9791200145279065,,0,True,False,True,0.0029116669902577996
baseline100k_dqn_statev1_sparse_seed43_20261010_115447_684488_624e6bba,dqn,43,v1,sparse,18,214,-10.0,0,3,0.9788263078961694,,0,True,False,True,0.0029388749971985817
baseline100k_dqn_statev1_sparse_seed43_20261010_115447_684488_624e6bba,dqn,43,v1,sparse,19,228,-10.0,0,14,0.9774568414408605,,0,True,False,True,0.0030120419687591493
baseline100k_dqn_statev1_sparse_seed43_20261010_115447_684488_624e6bba,dqn,43,v1,sparse,20,253,-10.0,0,25,0.9750161294608681,,0,True,False,True,0.003134333004709333
baseline100k_dqn_statev1_sparse_seed43_20261010_115447_684488_624e6bba,dqn,43,v1,sparse,21,259,-10.0,0,6,0.9744312660161123,,0,True,False,True,0.003175417019519955
baseline100k_dqn_statev1_sparse_seed43_20261010_115447_684488_624e6bba,dqn,43,v1,sparse,22,262,-10.0,0,3,0.974138965868271,,0,True,False,True,0.00320304196793586
baseline100k_dqn_statev1_sparse_seed43_20261010_115447_684488_624e6bba,dqn,43,v1,sparse,23,274,-10.0,0,12,0.9729706418266841,,0,True,False,True,0.0032966670114547014
baseline100k_dqn_statev1_sparse_seed43_20261010_115447_684488_624e6bba,dqn,43,v1,sparse,24,277,-10.0,0,3,0.9726787798222825,,0,True,False,True,0.0033240829943679273
baseline100k_dqn_statev1_sparse_seed43_20261010_115447_684488_624e6bba,dqn,43,v1,sparse,25,280,-10.0,0,3,0.9723870053677265,,0,True,False,True,0.0033544169855304062
baseline100k_dqn_statev1_sparse_seed43_20261010_115447_684488_624e6bba,dqn,43,v1,sparse,26,291,-10.0,0,11,0.9713179143142632,,0,True,False,True,0.003415707964450121
baseline100k_dqn_statev1_sparse_seed43_20261010_115447_684488_624e6bba,dqn,43,v1,sparse,27,305,-10.0,0,14,0.9699589527800627,,0,True,False,True,0.003488499962259084
baseline100k_dqn_statev1_sparse_seed43_20261010_115447_684488_624e6bba,dqn,43,v1,sparse,28,312,-10.0,0,7,0.9692801851705518,,0,True,False,True,0.0035327079822309315
baseline100k_dqn_statev1_sparse_seed43_20261010_115447_684488_624e6bba,dqn,43,v1,sparse,29,344,0.0,1,32,0.9661832914035788,,0,True,False,True,0.0037305000005289912
baseline100k_dqn_statev1_sparse_seed43_20261010_115447_684488_624e6bba,dqn,43,v1,sparse,30,351,-10.0,0,7,0.9655071659642745,,0,True,False,True,0.003788999980315566
baseline100k_dqn_statev1_sparse_seed43_20261010_115447_684488_624e6bba,dqn,43,v1,sparse,31,359,-10.0,0,8,0.9647350305194479,,0,True,False,True,0.0038436250179074705
baseline100k_dqn_statev1_sparse_seed43_20261010_115447_684488_624e6bba,dqn,43,v1,sparse,32,363,-10.0,0,4,0.9643491943874831,,0,True,False,True,0.0038990830071270466
baseline100k_dqn_statev1_sparse_seed43_20261010_115447_684488_624e6bba,dqn,43,v1,sparse,33,364,-10.0,0,1,0.9642527594680443,,0,True,False,True,0.003923874988686293
baseline100k_dqn_statev1_sparse_seed43_20261010_115447_684488_624e6bba,dqn,43,v1,sparse,34,369,-10.0,0,5,0.9637707295039442,,0,True,False,True,0.0039634169661439955
baseline100k_dqn_statev1_sparse_seed43_20261010_115447_684488_624e6bba,dqn,43,v1,sparse,35,372,-10.0,0,3,0.9634816271972511,,0,True,False,True,0.003990666999015957
baseline100k_dqn_statev1_sparse_seed43_20261010_115447_684488_624e6bba,dqn,43,v1,sparse,36,384,-10.0,0,12,0.9623260849305701,,0,True,False,True,0.004055416968185455
baseline100k_dqn_statev1_sparse_seed43_20261010_115447_684488_624e6bba,dqn,43,v1,sparse,37,446,0.0,1,62,0.9563778244487159,,0,True,False,True,0.004402999999001622
baseline100k_dqn_statev1_sparse_seed43_20261010_115447_684488_624e6bba,dqn,43,v1,sparse,38,455,-10.0,0,9,0.9555174286224053,,0,True,False,True,0.0044567500008270144
baseline100k_dqn_statev1_sparse_seed43_20261010_115447_684488_624e6bba,dqn,43,v1,sparse,39,462,-10.0,0,7,0.95484876704759,,0,True,False,True,0.0045244579669088125
baseline100k_dqn_statev1_sparse_seed43_20261010_115447_684488_624e6bba,dqn,43,v1,sparse,40,486,-10.0,0,24,0.9525597634576733,,0,True,False,True,0.004641291976440698
baseline100k_dqn_statev1_sparse_seed43_20261010_115447_684488_624e6bba,dqn,43,v1,sparse,41,498,-10.0,0,12,0.9514173202214522,,0,True,False,True,0.004729416978079826
baseline100k_dqn_statev1_sparse_seed43_20261010_115447_684488_624e6bba,dqn,43,v1,sparse,42,503,-10.0,0,5,0.9509417066935597,,0,True,False,True,0.004766041995026171
baseline100k_dqn_statev1_sparse_seed43_20261010_115447_684488_624e6bba,dqn,43,v1,sparse,43,551,-10.0,0,48,0.9463878966948818,,0,True,False,True,0.005047250015195459
baseline100k_dqn_statev1_sparse_seed43_20261010_115447_684488_624e6bba,dqn,43,v1,sparse,44,565,0.0,1,14,0.9450638145081044,,0,True,False,True,0.005148082971572876
baseline100k_dqn_statev1_sparse_seed43_20261010_115447_684488_624e6bba,dqn,43,v1,sparse,45,568,-10.0,0,3,0.9447803237147213,,0,True,False,True,0.005177083017770201
baseline100k_dqn_statev1_sparse_seed43_20261010_115447_684488_624e6bba,dqn,43,v1,sparse,46,611,-10.0,0,43,0.940726288041188,,0,True,False,True,0.005398000008426607
baseline100k_dqn_statev1_sparse_seed43_20261010_115447_684488_624e6bba,dqn,43,v1,sparse,47,644,-10.0,0,33,0.9376268531966981,,0,True,False,True,0.005573874979745597
baseline100k_dqn_statev1_sparse_seed43_20261010_115447_684488_624e6bba,dqn,43,v1,sparse,48,645,-10.0,0,1,0.9375330905113785,,0,True,False,True,0.005595124966930598
baseline100k_dqn_statev1_sparse_seed43_20261010_115447_684488_624e6bba,dqn,43,v1,sparse,49,658,10.0,2,13,0.9363150285014568,,0,True,False,True,0.005699582980014384
baseline100k_dqn_statev1_sparse_seed43_20261010_115447_684488_624e6bba,dqn,43,v1,sparse,50,659,-10.0,0,1,0.9362213969986066,,0,True,False,True,0.005721291992813349
baseline100k_dqn_statev1_sparse_seed43_20261010_115447_684488_624e6bba,dqn,43,v1,sparse,51,676,-10.0,0,17,0.9346310932484012,,0,True,False,True,0.00584966700989753
baseline100k_dqn_statev1_sparse_seed43_20261010_115447_684488_624e6bba,dqn,43,v1,sparse,52,708,-10.0,0,32,0.9316449048878183,,0,True,False,True,0.005996582971420139
baseline100k_dqn_statev1_sparse_seed43_20261010_115447_684488_624e6bba,dqn,43,v1,sparse,53,709,-10.0,0,1,0.9315517403973295,,0,True,False,True,0.006014792015776038
baseline100k_dqn_statev1_sparse_seed43_20261010_115447_684488_624e6bba,dqn,43,v1,sparse,54,715,-10.0,0,6,0.9309929490672225,,0,True,False,True,0.006054333003703505
baseline100k_dqn_statev1_sparse_seed43_20261010_115447_684488_624e6bba,dqn,43,v1,sparse,55,719,-10.0,0,4,0.9306206077434487,,0,True,False,True,0.006085124972742051
baseline100k_dqn_statev1_sparse_seed43_20261010_115447_684488_624e6bba,dqn,43,v1,sparse,56,723,-10.0,0,4,0.9302484153338654,,0,True,False,True,0.006138500000815839
baseline100k_dqn_statev1_sparse_seed43_20261010_115447_684488_624e6bba,dqn,43,v1,sparse,57,724,-10.0,0,1,0.930155390492332,,0,True,False,True,0.006157166964840144
baseline100k_dqn_statev1_sparse_seed43_20261010_115447_684488_624e6bba,dqn,43,v1,sparse,58,729,-10.0,0,5,0.9296904058033238,,0,True,False,True,0.006215207977220416
baseline100k_dqn_statev1_sparse_seed43_20261010_115447_684488_624e6bba,dqn,43,v1,sparse,59,752,-10.0,0,23,0.9275544683410445,,0,True,False,True,0.006369583017658442
baseline100k_dqn_statev1_sparse_seed43_20261010_115447_684488_624e6bba,dqn,43,v1,sparse,60,765,-10.0,0,13,0.9263493707594722,,0,True,False,True,0.006438624986913055
baseline100k_dqn_statev1_sparse_seed43_20261010_115447_684488_624e6bba,dqn,43,v1,sparse,61,768,-10.0,0,3,0.9260714937377992,,0,True,False,True,0.006465666985604912
baseline100k_dqn_statev1_sparse_seed43_20261010_115447_684488_624e6bba,dqn,43,v1,sparse,62,771,-10.0,0,3,0.9257937000708967,,0,True,False,True,0.006513124972116202
baseline100k_dqn_statev1_sparse_seed43_20261010_115447_684488_624e6bba,dqn,43,v1,sparse,63,780,-10.0,0,9,0.92496081894881,,0,True,False,True,0.006589124968741089
baseline100k_dqn_statev1_sparse_seed43_20261010_115447_684488_624e6bba,dqn,43,v1,sparse,64,793,-10.0,0,13,0.9237590910891429,,0,True,False,True,0.006657707970589399
baseline100k_dqn_statev1_sparse_seed43_20261010_115447_684488_624e6bba,dqn,43,v1,sparse,65,795,-10.0,0,2,0.9235743485085159,,0,True,False,True,0.006679999991320074
baseline100k_dqn_statev1_sparse_seed43_20261010_115447_684488_624e6bba,dqn,43,v1,sparse,66,817,-10.0,0,22,0.9215446169769135,,0,True,False,True,0.006870416982565075
baseline100k_dqn_statev1_sparse_seed43_20261010_115447_684488_624e6bba,dqn,43,v1,sparse,67,840,-10.0,0,23,0.9194273942345079,,0,True,False,True,0.007019707991275936
baseline100k_dqn_statev1_sparse_seed43_20261010_115447_684488_624e6bba,dqn,43,v1,sparse,68,869,0.0,1,29,0.9167647843090437,,0,True,False,True,0.0072260829620063305
baseline100k_dqn_statev1_sparse_seed43_20261010_115447_684488_624e6bba,dqn,43,v1,sparse,69,872,-10.0,0,3,0.9164897823757778,,0,True,False,True,0.007275916985236108
baseline100k_dqn_statev1_sparse_seed43_20261010_115447_684488_624e6bba,dqn,43,v1,sparse,70,912,-10.0,0,40,0.9128309628200283,,0,True,False,True,0.007568041968625039
baseline100k_dqn_statev1_sparse_seed43_20261010_115447_684488_624e6bba,dqn,43,v1,sparse,71,924,-10.0,0,12,0.9117361679323023,,0,True,False,True,0.0076524579781107605
baseline100k_dqn_statev1_sparse_seed43_20261010_115447_684488_624e6bba,dqn,43,v1,sparse,72,935,0.0,1,11,0.9107337594520628,,0,True,False,True,0.007743583002593368
baseline100k_dqn_statev1_sparse_seed43_20261010_115447_684488_624e6bba,dqn,43,v1,sparse,73,943,-10.0,0,8,0.9100054273989592,,0,True,False,True,0.007792417018208653
baseline100k_dqn_statev1_sparse_seed43_20261010_115447_684488_624e6bba,dqn,43,v1,sparse,74,944,-10.0,0,1,0.9099144268562193,,0,True,False,True,0.007810875016730279
baseline100k_dqn_statev1_sparse_seed43_20261010_115447_684488_624e6bba,dqn,43,v1,sparse,75,949,0.0,1,5,0.9094595606251352,,0,True,False,True,0.007853332965169102
baseline100k_dqn_statev1_sparse_seed43_20261010_115447_684488_624e6bba,dqn,43,v1,sparse,76,954,-10.0,0,5,0.9090049217816846,,0,True,False,True,0.007910249987617135
baseline100k_dqn_statev1_sparse_seed43_20261010_115447_684488_624e6bba,dqn,43,v1,sparse,77,955,-10.0,0,1,0.9089140212895064,,0,True,False,True,0.007929332961793989
baseline100k_dqn_statev1_sparse_seed43_20261010_115447_684488_624e6bba,dqn,43,v1,sparse,78,956,-10.0,0,1,0.9088231298873775,,0,True,False,True,0.007967041980009526
baseline100k_dqn_statev1_sparse_seed43_20261010_115447_684488_624e6bba,dqn,43,v1,sparse,79,957,-10.0,0,1,0.9087322475743888,,0,True,False,True,0.007988457975443453
baseline100k_dqn_statev1_sparse_seed43_20261010_115447_684488_624e6bba,dqn,43,v1,sparse,80,969,-10.0,0,12,0.9076423684407068,,0,True,False,True,0.008075249963440001
baseline100k_dqn_statev1_sparse_seed43_20261010_115447_684488_624e6bba,dqn,43,v1,sparse,81,1012,-10.0,0,43,0.9037476910769774,0.9696330794921288,13,True,False,True,0.01323787501314655
baseline100k_dqn_statev1_sparse_seed43_20261010_115447_684488_624e6bba,dqn,43,v1,sparse,82,1013,-10.0,0,1,0.9036573163078697,0.8788954019546509,14,True,False,True,0.0136251249932684
baseline100k_dqn_statev1_sparse_seed43_20261010_115447_684488_624e6bba,dqn,43,v1,sparse,83,1022,-10.0,0,9,0.9028443499639306,0.778215659989251,23,True,False,True,0.016866124991793185
baseline100k_dqn_statev1_sparse_seed43_20261010_115447_684488_624e6bba,dqn,43,v1,sparse,84,1036,-10.0,0,14,0.9015811891337948,0.8748292922973633,37,True,False,True,0.022075125016272068
baseline100k_dqn_statev1_sparse_seed43_20261010_115447_684488_624e6bba,dqn,43,v1,sparse,85,1056,0.0,1,20,0.899779738732421,0.8544573485851288,57,True,False,True,0.029189458000473678
baseline100k_dqn_statev1_sparse_seed43_20261010_115447_684488_624e6bba,dqn,43,v1,sparse,86,1068,-10.0,0,12,0.8987005967026628,0.6849139481782913,69,True,False,True,0.033388499985449016
baseline100k_dqn_statev1_sparse_seed43_20261010_115447_684488_624e6bba,dqn,43,v1,sparse,87,1084,-10.0,0,16,0.897263753685546,0.7649257555603981,85,True,False,True,0.0390127919963561
baseline100k_dqn_statev1_sparse_seed43_20261010_115447_684488_624e6bba,dqn,43,v1,sparse,88,1114,-10.0,0,30,0.8945758618813853,0.35303555012991034,115,True,False,True,0.04982800001744181
baseline100k_dqn_statev1_sparse_seed43_20261010_115447_684488_624e6bba,dqn,43,v1,sparse,89,1116,-10.0,0,2,0.8943969556547676,0.14847201108932495,117,True,False,True,0.050573332991916686
baseline100k_dqn_statev1_sparse_seed43_20261010_115447_684488_624e6bba,dqn,43,v1,sparse,90,1117,-10.0,0,1,0.8943075159592021,0.4433590769767761,118,True,False,True,0.05095758300740272
baseline100k_dqn_statev1_sparse_seed43_20261010_115447_684488_624e6bba,dqn,43,v1,sparse,91,1121,-10.0,0,4,0.8939498466076922,0.40164001658558846,122,True,False,True,0.05246029200498015
baseline100k_dqn_statev1_sparse_seed43_20261010_115447_684488_624e6bba,dqn,43,v1,sparse,92,1156,-10.0,0,35,0.8908263352999289,0.1488260209161256,157,True,False,True,0.06513658299809322
baseline100k_dqn_statev1_sparse_seed43_20261010_115447_684488_624e6bba,dqn,43,v1,sparse,93,1203,-10.0,0,47,0.8866490669278309,0.09355087088856925,204,True,False,True,0.08199058298487216
baseline100k_dqn_statev1_sparse_seed43_20261010_115447_684488_624e6bba,dqn,43,v1,sparse,94,1205,-10.0,0,2,0.8864717459809359,0.08146649994887412,206,True,False,True,0.0827154999715276
baseline100k_dqn_statev1_sparse_seed43_20261010_115447_684488_624e6bba,dqn,43,v1,sparse,95,1206,-10.0,0,1,0.8863830988063378,0.1477937251329422,207,True,False,True,0.08308750001015142
baseline100k_dqn_statev1_sparse_seed43_20261010_115447_684488_624e6bba,dqn,43,v1,sparse,96,1210,-10.0,0,4,0.886028598746256,0.04037102218717337,211,True,False,True,0.0844914999906905
baseline100k_dqn_statev1_sparse_seed43_20261010_115447_684488_624e6bba,dqn,43,v1,sparse,97,1219,-10.0,0,9,0.8852314919032646,0.056122355370057955,220,True,False,True,0.08761433296604082
baseline100k_dqn_statev1_sparse_seed43_20261010_115447_684488_624e6bba,dqn,43,v1,sparse,98,1222,-10.0,0,3,0.8849659490117532,0.056281135417521,223,True,False,True,0.08868316700682044
baseline100k_dqn_statev1_sparse_seed43_20261010_115447_684488_624e6bba,dqn,43,v1,sparse,99,1229,-10.0,0,7,0.8843466586593235,0.15368503305528844,230,True,False,True,0.09110354201402515
baseline100k_dqn_statev1_sparse_seed43_20261010_115447_684488_624e6bba,dqn,43,v1,sparse,100,1239,-10.0,0,10,0.8834627098505575,0.1058385593816638,240,True,False,True,0.09476949996314943
baseline100k_dqn_statev1_sparse_seed43_20261010_115447_684488_624e6bba,dqn,43,v1,sparse,101,1263,0.0,1,24,0.8813448359168053,0.09138881015436102,264,True,False,True,0.10488358297152445
baseline100k_dqn_statev1_sparse_seed43_20261010_115447_684488_624e6bba,dqn,43,v1,sparse,102,1269,-10.0,0,6,0.8808161611993552,0.07906790403649211,270,True,False,True,0.1070774169638753
baseline100k_dqn_statev1_sparse_seed43_20261010_115447_684488_624e6bba,dqn,43,v1,sparse,103,1278,0.0,1,9,0.8800237436741165,0.11730614402848813,279,True,False,True,0.11030800000298768
baseline100k_dqn_statev1_sparse_seed43_20261010_115447_684488_624e6bba,dqn,43,v1,sparse,104,1284,-10.0,0,6,0.8794958614138745,0.006740020510430138,285,True,False,True,0.11250024999026209
baseline100k_dqn_statev1_sparse_seed43_20261010_115447_684488_624e6bba,dqn,43,v1,sparse,105,1285,-10.0,0,1,0.8794079118277331,0.00882303062826395,286,True,False,True,0.11288733297260478
baseline100k_dqn_statev1_sparse_seed43_20261010_115447_684488_624e6bba,dqn,43,v1,sparse,106,1301,-10.0,0,16,0.8780019139659949,0.13214017008431256,302,True,False,True,0.11849233298562467
baseline100k_dqn_statev1_sparse_seed43_20261010_115447_684488_624e6bba,dqn,43,v1,sparse,107,1317,-10.0,0,16,0.8765981640144248,0.0853173306240933,318,True,False,True,0.12431029201252386
baseline100k_dqn_statev1_sparse_seed43_20261010_115447_684488_624e6bba,dqn,43,v1,sparse,108,1320,-10.0,0,3,0.8763352108622888,0.10164699796587229,321,True,False,True,0.12540091696428135
baseline100k_dqn_statev1_sparse_seed43_20261010_115447_684488_624e6bba,dqn,43,v1,sparse,109,1347,-10.0,0,27,0.8739721791678078,0.056179741350071574,348,True,False,True,0.13501495798118412
baseline100k_dqn_statev1_sparse_seed43_20261010_115447_684488_624e6bba,dqn,43,v1,sparse,110,1353,-10.0,0,6,0.8734479269386559,0.07782403232219319,354,True,False,True,0.137200707977172
baseline100k_dqn_statev1_sparse_seed43_20261010_115447_684488_624e6bba,dqn,43,v1,sparse,111,1361,-10.0,0,8,0.8727494131136175,0.040158875432098284,362,True,False,True,0.1400973749696277
baseline100k_dqn_statev1_sparse_seed43_20261010_115447_684488_624e6bba,dqn,43,v1,sparse,112,1362,-10.0,0,1,0.8726621381723062,0.14661261439323425,363,True,False,True,0.14047225000103936
baseline100k_dqn_statev1_sparse_seed43_20261010_115447_684488_624e6bba,dqn,43,v1,sparse,113,1368,-10.0,0,6,0.8721386717712716,0.12411167166040589,369,True,False,True,0.1426922499667853
baseline100k_dqn_statev1_sparse_seed43_20261010_115447_684488_624e6bba,dqn,43,v1,sparse,114,1398,-10.0,0,30,0.8695260460206861,0.12766212793843199,399,True,False,True,0.15358024998567998
baseline100k_dqn_statev1_sparse_seed43_20261010_115447_684488_624e6bba,dqn,43,v1,sparse,115,1399,-10.0,0,1,0.869439093416084,0.005079485476016998,400,True,False,True,0.15397924999706447
baseline100k_dqn_statev1_sparse_seed43_20261010_115447_684488_624e6bba,dqn,43,v1,sparse,116,1410,-10.0,0,11,0.8684831884613992,0.02979633401529017,411,True,False,True,0.15786033298354596
baseline100k_dqn_statev1_sparse_seed43_20261010_115447_684488_624e6bba,dqn,43,v1,sparse,117,1416,-10.0,0,6,0.8679622288034323,0.07595545751973987,417,True,False,True,0.1599764580023475
baseline100k_dqn_statev1_sparse_seed43_20261010_115447_684488_624e6bba,dqn,43,v1,sparse,118,1418,0.0,1,2,0.8677886450372939,0.1460999846458435,419,True,False,True,0.16070504201343283
baseline100k_dqn_statev1_sparse_seed43_20261010_115447_684488_624e6bba,dqn,43,v1,sparse,119,1424,-10.0,0,6,0.8672681020012138,0.14418980273573348,425,True,False,True,0.16286608297377825
baseline100k_dqn_statev1_sparse_seed43_20261010_115447_684488_624e6bba,dqn,43,v1,sparse,120,1425,-10.0,0,1,0.8671813751910137,0.4262445867061615,426,True,False,True,0.16324700001860037
baseline100k_dqn_statev1_sparse_seed43_20261010_115447_684488_624e6bba,dqn,43,v1,sparse,121,1442,-10.0,0,17,0.8657083456303823,0.0717089152073159,443,True,False,True,0.16928204201394692
baseline100k_dqn_statev1_sparse_seed43_20261010_115447_684488_624e6bba,dqn,43,v1,sparse,122,1463,-10.0,0,21,0.8638921749412104,0.10095774354634895,464,True,False,True,0.17670395801542327
baseline100k_dqn_statev1_sparse_seed43_20261010_115447_684488_624e6bba,dqn,43,v1,sparse,123,1469,-10.0,0,6,0.8633739692027953,0.07753321237396449,470,True,False,True,0.17882312496658415
baseline100k_dqn_statev1_sparse_seed43_20261010_115447_684488_624e6bba,dqn,43,v1,sparse,124,1493,-10.0,0,24,0.861304252842312,0.05188239003473427,494,True,False,True,0.1875430829823017
baseline100k_dqn_statev1_sparse_seed43_20261010_115447_684488_624e6bba,dqn,43,v1,sparse,125,1509,-10.0,0,16,0.8599271991206943,0.13756488262151834,510,True,False,True,0.19333704200107604
baseline100k_dqn_statev1_sparse_seed43_20261010_115447_684488_624e6bba,dqn,43,v1,sparse,126,1512,-10.0,0,3,0.8596692467579141,0.0964420127371947,513,True,False,True,0.1944043330149725
baseline100k_dqn_statev1_sparse_seed43_20261010_115447_684488_624e6bba,dqn,43,v1,sparse,127,1515,-10.0,0,3,0.8594113717731046,0.007443982331703107,516,True,False,True,0.19546675001038238
baseline100k_dqn_statev1_sparse_seed43_20261010_115447_684488_624e6bba,dqn,43,v1,sparse,128,1543,-10.0,0,28,0.8570082656934526,0.07403495407197624,544,True,False,True,0.2053785829921253
baseline100k_dqn_statev1_sparse_seed43_20261010_115447_684488_624e6bba,dqn,43,v1,sparse,129,1546,-10.0,0,3,0.8567511889231355,0.09549178990224998,547,True,False,True,0.20652433298528194
baseline100k_dqn_statev1_sparse_seed43_20261010_115447_684488_624e6bba,dqn,43,v1,sparse,130,1556,0.0,1,10,0.8558948231694552,0.04771930449642241,557,True,False,True,0.21018279198324308
baseline100k_dqn_statev1_sparse_seed43_20261010_115447_684488_624e6bba,dqn,43,v1,sparse,131,1564,-10.0,0,8,0.855210346913546,0.09474757689167745,565,True,False,True,0.21313958300743252
baseline100k_dqn_statev1_sparse_seed43_20261010_115447_684488_624e6bba,dqn,43,v1,sparse,132,1581,-10.0,0,17,0.8537576518285253,0.10252753311001203,582,True,False,True,0.2192898750072345
baseline100k_dqn_statev1_sparse_seed43_20261010_115447_684488_624e6bba,dqn,43,v1,sparse,133,1628,0.0,1,47,0.8497542061566828,0.10444936046545256,629,True,False,True,0.235874124977272
baseline100k_dqn_statev1_sparse_seed43_20261010_115447_684488_624e6bba,dqn,43,v1,sparse,134,1646,-10.0,0,18,0.848225948016397,0.11455316476834317,647,True,False,True,0.24231862497981638
baseline100k_dqn_statev1_sparse_seed43_20261010_115447_684488_624e6bba,dqn,43,v1,sparse,135,1658,-10.0,0,12,0.8472086365213355,0.06446834597348546,659,True,False,True,0.24657954199938104
baseline100k_dqn_statev1_sparse_seed43_20261010_115447_684488_624e6bba,dqn,43,v1,sparse,136,1680,-10.0,0,22,0.8453467332688572,0.07494430628139526,681,True,False,True,0.2543684580014087
baseline100k_dqn_statev1_sparse_seed43_20261010_115447_684488_624e6bba,dqn,43,v1,sparse,137,1683,-10.0,0,3,0.8450931546084332,0.05104394210502505,684,True,False,True,0.25544333300786093
baseline100k_dqn_statev1_sparse_seed43_20261010_115447_684488_624e6bba,dqn,43,v1,sparse,138,1689,-10.0,0,6,0.8445862254627408,0.09602891517958294,690,True,False,True,0.257595292001497
baseline100k_dqn_statev1_sparse_seed43_20261010_115447_684488_624e6bba,dqn,43,v1,sparse,139,1744,0.0,1,55,0.8399535211992005,0.07711698439988222,745,True,False,True,0.27732799999648705
baseline100k_dqn_statev1_sparse_seed43_20261010_115447_684488_624e6bba,dqn,43,v1,sparse,140,1755,-10.0,0,11,0.8390300341617535,0.13260596510107545,756,True,False,True,0.2813517919857986
baseline100k_dqn_statev1_sparse_seed43_20261010_115447_684488_624e6bba,dqn,43,v1,sparse,141,1757,-10.0,0,2,0.8388622365452214,0.13976823585107923,758,True,False,True,0.2820837500039488
baseline100k_dqn_statev1_sparse_seed43_20261010_115447_684488_624e6bba,dqn,43,v1,sparse,142,1765,-10.0,0,8,0.8381913815904412,0.12877117676544003,766,True,False,True,0.2849797499948181
baseline100k_dqn_statev1_sparse_seed43_20261010_115447_684488_624e6bba,dqn,43,v1,sparse,143,1832,0.0,1,67,0.8325939916558395,0.10276207848757839,833,True,False,True,0.30864195799222216
baseline100k_dqn_statev1_sparse_seed43_20261010_115447_684488_624e6bba,dqn,43,v1,sparse,144,1833,-10.0,0,1,0.8325107322566739,0.1451726108789444,834,True,False,True,0.3090136249666102
baseline100k_dqn_statev1_sparse_seed43_20261010_115447_684488_624e6bba,dqn,43,v1,sparse,145,1839,-10.0,0,6,0.8320113506772808,0.055261994479224086,840,True,False,True,0.31111720798071474
baseline100k_dqn_statev1_sparse_seed43_20261010_115447_684488_624e6bba,dqn,43,v1,sparse,146,1851,-10.0,0,12,0.8310134860009584,0.08693902002414688,852,True,False,True,0.3153790829819627
baseline100k_dqn_statev1_sparse_seed43_20261010_115447_684488_624e6bba,dqn,43,v1,sparse,147,1878,-10.0,0,27,0.828772664016835,0.10376836729442908,879,True,False,True,0.3250342499813996
baseline100k_dqn_statev1_sparse_seed43_20261010_115447_684488_624e6bba,dqn,43,v1,sparse,148,1885,10.0,2,7,0.8281926971652785,0.1508112416735717,886,True,False,True,0.32756237499415874
baseline100k_dqn_statev1_sparse_seed43_20261010_115447_684488_624e6bba,dqn,43,v1,sparse,149,1891,0.0,1,6,0.8276959057593214,0.18590713548474014,892,True,False,True,0.3297365420148708
baseline100k_dqn_statev1_sparse_seed43_20261010_115447_684488_624e6bba,dqn,43,v1,sparse,150,1903,-10.0,0,12,0.826703216769656,0.12150503213827808,904,True,False,True,0.33400849997997284
baseline100k_dqn_statev1_sparse_seed43_20261010_115447_684488_624e6bba,dqn,43,v1,sparse,151,1933,-10.0,0,30,0.8242266999241896,0.07397664483093346,934,True,False,True,0.3446573750115931
baseline100k_dqn_statev1_sparse_seed43_20261010_115447_684488_624e6bba,dqn,43,v1,sparse,152,1935,-10.0,0,2,0.8240618628264719,0.07091056334320456,936,True,False,True,0.34538725001038983
baseline100k_dqn_statev1_sparse_seed43_20261010_115447_684488_624e6bba,dqn,43,v1,sparse,153,1936,-10.0,0,1,0.8239794566401892,0.0027440348640084267,937,True,False,True,0.3457704170141369
baseline100k_dqn_statev1_sparse_seed43_20261010_115447_684488_624e6bba,dqn,43,v1,sparse,154,1952,-10.0,0,16,0.8226620778236344,0.09226326775387861,953,True,False,True,0.3515124580007978
baseline100k_dqn_statev1_sparse_seed43_20261010_115447_684488_624e6bba,dqn,43,v1,sparse,155,1953,-10.0,0,1,0.822579811615852,0.00265323743224144,954,True,False,True,0.3518905419623479
baseline100k_dqn_statev1_sparse_seed43_20261010_115447_684488_624e6bba,dqn,43,v1,sparse,156,1960,-10.0,0,7,0.8220041784606941,0.12102579268892961,961,True,False,True,0.3543882499798201
baseline100k_dqn_statev1_sparse_seed43_20261010_115447_684488_624e6bba,dqn,43,v1,sparse,157,1963,-10.0,0,3,0.8217576018664593,0.10019843063006799,964,True,False,True,0.35548212501453236
baseline100k_dqn_statev1_sparse_seed43_20261010_115447_684488_624e6bba,dqn,43,v1,sparse,158,1966,-10.0,0,3,0.8215110992378057,0.054618125703806676,967,True,False,True,0.3565973329823464
baseline100k_dqn_statev1_sparse_seed43_20261010_115447_684488_624e6bba,dqn,43,v1,sparse,159,1974,0.0,1,8,0.8208541203355244,0.08819233730901033,975,True,False,True,0.35955283301882446
baseline100k_dqn_statev1_sparse_seed43_20261010_115447_684488_624e6bba,dqn,43,v1,sparse,160,1981,-10.0,0,7,0.8202796948019279,0.07889761975301164,982,True,False,True,0.36203008296433836
baseline100k_dqn_statev1_sparse_seed43_20261010_115447_684488_624e6bba,dqn,43,v1,sparse,161,1993,-10.0,0,12,0.8192959003723432,0.10698317765491083,994,True,False,True,0.36626337497727945
baseline100k_dqn_statev1_sparse_seed43_20261010_115447_684488_624e6bba,dqn,43,v1,sparse,162,2005,-10.0,0,12,0.818313285846986,0.10018466376156236,1006,True,False,True,0.37065045797498897
baseline100k_dqn_statev1_sparse_seed43_20261010_115447_684488_624e6bba,dqn,43,v1,sparse,163,2074,-10.0,0,69,0.8126860790002739,0.09052413770847995,1075,True,False,True,0.3948941669659689
baseline100k_dqn_statev1_sparse_seed43_20261010_115447_684488_624e6bba,dqn,43,v1,sparse,164,2096,-10.0,0,22,0.8109000456803733,0.11181274481879716,1097,True,False,True,0.402623041998595
baseline100k_dqn_statev1_sparse_seed43_20261010_115447_684488_624e6bba,dqn,43,v1,sparse,165,2109,-10.0,0,13,0.8098465078911652,0.17222303624909657,1110,True,False,True,0.40755637496476993
baseline100k_dqn_statev1_sparse_seed43_20261010_115447_684488_624e6bba,dqn,43,v1,sparse,166,2170,0.0,1,61,0.8049212352799624,0.0852516565823042,1171,True,False,True,0.4298712079762481
baseline100k_dqn_statev1_sparse_seed43_20261010_115447_684488_624e6bba,dqn,43,v1,sparse,167,2177,-10.0,0,7,0.8043579594205564,0.11104032809713058,1178,True,False,True,0.4323666669661179
baseline100k_dqn_statev1_sparse_seed43_20261010_115447_684488_624e6bba,dqn,43,v1,sparse,168,2188,0.0,1,11,0.803473607929379,0.13601453653113407,1189,True,False,True,0.4363289169850759
baseline100k_dqn_statev1_sparse_seed43_20261010_115447_684488_624e6bba,dqn,43,v1,sparse,169,2190,-10.0,0,2,0.8033129212425293,0.014396330807358027,1191,True,False,True,0.4370589170139283
baseline100k_dqn_statev1_sparse_seed43_20261010_115447_684488_624e6bba,dqn,43,v1,sparse,170,2222,-10.0,0,32,0.8007463003450978,0.09479552037373651,1223,True,False,True,0.44992833299329504
baseline100k_dqn_statev1_sparse_seed43_20261010_115447_684488_624e6bba,dqn,43,v1,sparse,171,2239,-10.0,0,17,0.7993861201051627,0.1314802480971112,1240,True,False,True,0.4941536249825731
baseline100k_dqn_statev1_sparse_seed43_20261010_115447_684488_624e6bba,dqn,43,v1,sparse,172,2240,-10.0,0,1,0.7993061814931522,0.266570121049881,1241,True,False,True,0.49516520800534636
baseline100k_dqn_statev1_sparse_seed43_20261010_115447_684488_624e6bba,dqn,43,v1,sparse,173,2249,-10.0,0,9,0.7985870936129023,0.04368868082140883,1250,True,False,True,0.5074694579816423
baseline100k_dqn_statev1_sparse_seed43_20261010_115447_684488_624e6bba,dqn,43,v1,sparse,174,2282,-10.0,0,33,0.7959559683900088,0.11391607825785424,1283,True,False,True,0.5196315000066534
baseline100k_dqn_statev1_sparse_seed43_20261010_115447_684488_624e6bba,dqn,43,v1,sparse,175,2294,-10.0,0,12,0.7950013463838091,0.11393051175400615,1295,True,False,True,0.5240683750016615
baseline100k_dqn_statev1_sparse_seed43_20261010_115447_684488_624e6bba,dqn,43,v1,sparse,176,2324,-10.0,0,30,0.7926197973749869,0.07699197522985439,1325,True,False,True,0.5351779579650611
baseline100k_dqn_statev1_sparse_seed43_20261010_115447_684488_624e6bba,dqn,43,v1,sparse,177,2335,-10.0,0,11,0.7917483514080069,0.07763949282128703,1336,True,False,True,0.5392624579835683
baseline100k_dqn_statev1_sparse_seed43_20261010_115447_684488_624e6bba,dqn,43,v1,sparse,178,2347,-10.0,0,12,0.7907987757660838,0.12691778670220324,1348,True,False,True,0.5435881249723025
baseline100k_dqn_statev1_sparse_seed43_20261010_115447_684488_624e6bba,dqn,43,v1,sparse,179,2350,-10.0,0,3,0.7905615598565264,0.09516600177933772,1351,True,False,True,0.5446725420188159
baseline100k_dqn_statev1_sparse_seed43_20261010_115447_684488_624e6bba,dqn,43,v1,sparse,180,2366,-10.0,0,16,0.7892976095920575,0.08989934209967032,1367,True,False,True,0.5505913749802858
baseline100k_dqn_statev1_sparse_seed43_20261010_115447_684488_624e6bba,dqn,43,v1,sparse,181,2391,0.0,1,25,0.7873267316465199,0.08723831731826066,1392,True,False,True,0.5594867920153774
baseline100k_dqn_statev1_sparse_seed43_20261010_115447_684488_624e6bba,dqn,43,v1,sparse,182,2398,-10.0,0,7,0.7867757682454274,0.11251072731933423,1399,True,False,True,0.561981333012227
baseline100k_dqn_statev1_sparse_seed43_20261010_115447_684488_624e6bba,dqn,43,v1,sparse,183,2424,-10.0,0,26,0.7847327062247952,0.09507541111312233,1425,True,False,True,0.5712755419663154
baseline100k_dqn_statev1_sparse_seed43_20261010_115447_684488_624e6bba,dqn,43,v1,sparse,184,2462,-10.0,0,38,0.7817562319978494,0.12640274813594787,1463,True,False,True,0.5846861670142971
baseline100k_dqn_statev1_sparse_seed43_20261010_115447_684488_624e6bba,dqn,43,v1,sparse,185,2479,-10.0,0,17,0.7804283090605204,0.09183167584021301,1480,True,False,True,0.5908157079829834
baseline100k_dqn_statev1_sparse_seed43_20261010_115447_684488_624e6bba,dqn,43,v1,sparse,186,2481,-10.0,0,2,0.7802722312029914,0.014421377796679735,1482,True,False,True,0.5915567919728346
baseline100k_dqn_statev1_sparse_seed43_20261010_115447_684488_624e6bba,dqn,43,v1,sparse,187,2484,0.0,1,3,0.7800381729410172,0.2739629012842973,1485,True,False,True,0.592649917001836
baseline100k_dqn_statev1_sparse_seed43_20261010_115447_684488_624e6bba,dqn,43,v1,sparse,188,2486,-10.0,0,2,0.7798821731068107,0.22062081564217806,1487,True,False,True,0.5933884169789962
baseline100k_dqn_statev1_sparse_seed43_20261010_115447_684488_624e6bba,dqn,43,v1,sparse,189,2549,10.0,2,63,0.7749841155915783,0.11505728339155515,1550,True,False,True,0.6156608329620212
baseline100k_dqn_statev1_sparse_seed43_20261010_115447_684488_624e6bba,dqn,43,v1,sparse,190,2565,-10.0,0,16,0.7737450705537205,0.13078823796240613,1566,True,False,True,0.6213193750008941
baseline100k_dqn_statev1_sparse_seed43_20261010_115447_684488_624e6bba,dqn,43,v1,sparse,191,2573,-10.0,0,8,0.773126291102573,0.14815935224760324,1574,True,False,True,0.6241762500139885
baseline100k_dqn_statev1_sparse_seed43_20261010_115447_684488_624e6bba,dqn,43,v1,sparse,192,2574,-10.0,0,1,0.7730489784734628,0.2721334993839264,1575,True,False,True,0.6245482919621281
baseline100k_dqn_statev1_sparse_seed43_20261010_115447_684488_624e6bba,dqn,43,v1,sparse,193,2577,-10.0,0,3,0.772817086970617,0.11492748372256756,1578,True,False,True,0.6256038330029696
baseline100k_dqn_statev1_sparse_seed43_20261010_115447_684488_624e6bba,dqn,43,v1,sparse,194,2609,0.0,1,32,0.7703479016346673,0.11367835366399959,1610,True,False,True,0.636950624990277
baseline100k_dqn_statev1_sparse_seed43_20261010_115447_684488_624e6bba,dqn,43,v1,sparse,195,2612,-10.0,0,3,0.7701168203738437,0.06386867817491293,1613,True,False,True,0.638033541967161
baseline100k_dqn_statev1_sparse_seed43_20261010_115447_684488_624e6bba,dqn,43,v1,sparse,196,2637,-10.0,0,25,0.7681938369030756,0.12998560927808284,1638,True,False,True,0.6468963329680264
baseline100k_dqn_statev1_sparse_seed43_20261010_115447_684488_624e6bba,dqn,43,v1,sparse,197,2649,-10.0,0,12,0.7672725111377597,0.12002105882856995,1650,True,False,True,0.6512306670192629
baseline100k_dqn_statev1_sparse_seed43_20261010_115447_684488_624e6bba,dqn,43,v1,sparse,198,2656,-10.0,0,7,0.7667355814803388,0.16795452205198153,1657,True,False,True,0.6537675419822335
baseline100k_dqn_statev1_sparse_seed43_20261010_115447_684488_624e6bba,dqn,43,v1,sparse,199,2657,-10.0,0,1,0.7666589079221908,0.2915384769439697,1658,True,False,True,0.654141457984224
baseline100k_dqn_statev1_sparse_seed43_20261010_115447_684488_624e6bba,dqn,43,v1,sparse,200,2662,-10.0,0,5,0.7662756551264543,0.14732346534729004,1663,True,False,True,0.6558996670064516
baseline100k_dqn_statev1_sparse_seed43_20261010_115447_684488_624e6bba,dqn,43,v1,sparse,201,2664,-10.0,0,2,0.7661224076581856,0.0105597167275846,1665,True,False,True,0.6580671669798903
baseline100k_dqn_statev1_sparse_seed43_20261010_115447_684488_624e6bba,dqn,43,v1,sparse,202,2708,-10.0,0,44,0.7627587064463331,0.10599550958299502,1709,True,False,True,0.6739551670034416
baseline100k_dqn_statev1_sparse_seed43_20261010_115447_684488_624e6bba,dqn,43,v1,sparse,203,2714,0.0,1,6,0.7623011656210174,0.1105584738155206,1715,True,False,True,0.6761386669822969
baseline100k_dqn_statev1_sparse_seed43_20261010_115447_684488_624e6bba,dqn,43,v1,sparse,204,2720,-10.0,0,6,0.7618438992515748,0.08496187860146165,1721,True,False,True,0.678306000016164
baseline100k_dqn_statev1_sparse_seed43_20261010_115447_684488_624e6bba,dqn,43,v1,sparse,205,2722,-10.0,0,2,0.7616915380901634,0.12720170244574547,1723,True,False,True,0.6790212499909103
baseline100k_dqn_statev1_sparse_seed43_20261010_115447_684488_624e6bba,dqn,43,v1,sparse,206,2815,10.0,2,93,0.7546402933302592,0.09988734571723848,1816,True,False,True,0.7123864999739453
baseline100k_dqn_statev1_sparse_seed43_20261010_115447_684488_624e6bba,dqn,43,v1,sparse,207,2843,-10.0,0,28,0.7525301505785863,0.13928421008001482,1844,True,False,True,0.7222645420115441
baseline100k_dqn_statev1_sparse_seed43_20261010_115447_684488_624e6bba,dqn,43,v1,sparse,208,2844,-10.0,0,1,0.7524548975635285,0.1269138753414154,1845,True,False,True,0.722639582992997
baseline100k_dqn_statev1_sparse_seed43_20261010_115447_684488_624e6bba,dqn,43,v1,sparse,209,2846,-10.0,0,2,0.7523044141085647,0.013986345613375306,1847,True,False,True,0.7233555829734541
baseline100k_dqn_statev1_sparse_seed43_20261010_115447_684488_624e6bba,dqn,43,v1,sparse,210,2866,0.0,1,20,0.7508012338014718,0.0697717203758657,1867,True,False,True,0.7306536249816418
baseline100k_dqn_statev1_sparse_seed43_20261010_115447_684488_624e6bba,dqn,43,v1,sparse,211,2878,0.0,1,12,0.7499007676845854,0.10565586535570522,1879,True,False,True,0.7351307920180261
baseline100k_dqn_statev1_sparse_seed43_20261010_115447_684488_624e6bba,dqn,43,v1,sparse,212,2885,-10.0,0,7,0.7493759946001234,0.07301113887556962,1886,True,False,True,0.7377775419736281
baseline100k_dqn_statev1_sparse_seed43_20261010_115447_684488_624e6bba,dqn,43,v1,sparse,213,2891,-10.0,0,6,0.7489264813947762,0.1509100298086802,1892,True,False,True,0.7400229169870727
baseline100k_dqn_statev1_sparse_seed43_20261010_115447_684488_624e6bba,dqn,43,v1,sparse,214,2911,-10.0,0,20,0.7474300505388882,0.11915617221966386,1912,True,False,True,0.7476627079886384
baseline100k_dqn_statev1_sparse_seed43_20261010_115447_684488_624e6bba,dqn,43,v1,sparse,215,2917,-10.0,0,6,0.7469817046081252,0.03873573895543814,1918,True,False,True,0.7498252500081435
baseline100k_dqn_statev1_sparse_seed43_20261010_115447_684488_624e6bba,dqn,43,v1,sparse,216,2947,0.0,1,30,0.7447440058340166,0.13784034301837286,1948,True,False,True,0.7606872500036843
baseline100k_dqn_statev1_sparse_seed43_20261010_115447_684488_624e6bba,dqn,43,v1,sparse,217,2954,-10.0,0,7,0.7442228414001106,0.08895135604377304,1955,True,False,True,0.7631866249721497
baseline100k_dqn_statev1_sparse_seed43_20261010_115447_684488_624e6bba,dqn,43,v1,sparse,218,2975,-10.0,0,21,0.7426615353117658,0.09452832476901156,1976,True,False,True,0.7708855419768952
baseline100k_dqn_statev1_sparse_seed43_20261010_115447_684488_624e6bba,dqn,43,v1,sparse,219,2979,-10.0,0,4,0.7423645152543628,0.14709820575080812,1980,True,False,True,0.7723361669923179
baseline100k_dqn_statev1_sparse_seed43_20261010_115447_684488_624e6bba,dqn,43,v1,sparse,220,2995,10.0,2,16,0.741177622451785,0.12122263049241155,1996,True,False,True,0.7781842919648625
baseline100k_dqn_statev1_sparse_seed43_20261010_115447_684488_624e6bba,dqn,43,v1,sparse,221,2996,-10.0,0,1,0.7411035046895398,0.010283304378390312,1997,True,False,True,0.7785617079935037
baseline100k_dqn_statev1_sparse_seed43_20261010_115447_684488_624e6bba,dqn,43,v1,sparse,222,3053,0.0,1,57,0.7368910210692992,0.1290248648443243,2054,True,False,True,0.7989630000083707
baseline100k_dqn_statev1_sparse_seed43_20261010_115447_684488_624e6bba,dqn,43,v1,sparse,223,3068,0.0,1,15,0.7357864579380827,0.15471864410986502,2069,True,False,True,0.8043080829665996
baseline100k_dqn_statev1_sparse_seed43_20261010_115447_684488_624e6bba,dqn,43,v1,sparse,224,3105,10.0,2,37,0.733068942669318,0.13671707961003524,2106,True,False,True,0.8175441249622963
baseline100k_dqn_statev1_sparse_seed43_20261010_115447_684488_624e6bba,dqn,43,v1,sparse,225,3109,-10.0,0,4,0.7327757590734547,0.13729340303689241,2110,True,False,True,0.8189956250134856
baseline100k_dqn_statev1_sparse_seed43_20261010_115447_684488_624e6bba,dqn,43,v1,sparse,226,3116,-10.0,0,7,0.7322629698993681,0.1682895523096834,2117,True,False,True,0.8215708750067279
baseline100k_dqn_statev1_sparse_seed43_20261010_115447_684488_624e6bba,dqn,43,v1,sparse,227,3131,-10.0,0,15,0.7311653439875581,0.11565980600814024,2132,True,False,True,0.8268233329872601
baseline100k_dqn_statev1_sparse_seed43_20261010_115447_684488_624e6bba,dqn,43,v1,sparse,228,3137,-10.0,0,6,0.7307267544413448,0.13355731156965098,2138,True,False,True,0.8290403329883702
baseline100k_dqn_statev1_sparse_seed43_20261010_115447_684488_624e6bba,dqn,43,v1,sparse,229,3155,-10.0,0,18,0.7294125636992354,0.15509997825655672,2156,True,False,True,0.8355033330153674
baseline100k_dqn_statev1_sparse_seed43_20261010_115447_684488_624e6bba,dqn,43,v1,sparse,230,3156,-10.0,0,1,0.7293396224428654,0.162502259016037,2157,True,False,True,0.8358737080125138
baseline100k_dqn_statev1_sparse_seed43_20261010_115447_684488_624e6bba,dqn,43,v1,sparse,231,3172,-10.0,0,16,0.7281735538462065,0.18039895768743008,2173,True,False,True,0.8416110830148682
baseline100k_dqn_statev1_sparse_seed43_20261010_115447_684488_624e6bba,dqn,43,v1,sparse,232,3175,-10.0,0,3,0.7279551236245312,0.2109199712673823,2176,True,False,True,0.8427125419839285
baseline100k_dqn_statev1_sparse_seed43_20261010_115447_684488_624e6bba,dqn,43,v1,sparse,233,3178,-10.0,0,3,0.7277367589253696,0.08399496724208196,2179,True,False,True,0.8437851250055246
baseline100k_dqn_statev1_sparse_seed43_20261010_115447_684488_624e6bba,dqn,43,v1,sparse,234,3181,-10.0,0,3,0.727518459729067,0.0325674694031477,2182,True,False,True,0.8448644999880344
baseline100k_dqn_statev1_sparse_seed43_20261010_115447_684488_624e6bba,dqn,43,v1,sparse,235,3204,0.0,1,23,0.7258470066056023,0.11370084467141525,2205,True,False,True,0.8531763330101967
baseline100k_dqn_statev1_sparse_seed43_20261010_115447_684488_624e6bba,dqn,43,v1,sparse,236,3221,-10.0,0,17,0.724614053352899,0.1524404040811693,2222,True,False,True,0.8592911249725148
baseline100k_dqn_statev1_sparse_seed43_20261010_115447_684488_624e6bba,dqn,43,v1,sparse,237,3241,-10.0,0,20,0.7231662011871857,0.12332615740597248,2242,True,False,True,0.8671831249957904
baseline100k_dqn_statev1_sparse_seed43_20261010_115447_684488_624e6bba,dqn,43,v1,sparse,238,3255,-10.0,0,14,0.7221544263236067,0.10282614334885563,2256,True,False,True,0.8724617919651791
baseline100k_dqn_statev1_sparse_seed43_20261010_115447_684488_624e6bba,dqn,43,v1,sparse,239,3260,-10.0,0,5,0.7217934213186664,0.1396774873137474,2261,True,False,True,0.8742950829910114
baseline100k_dqn_statev1_sparse_seed43_20261010_115447_684488_624e6bba,dqn,43,v1,sparse,240,3329,10.0,2,69,0.7168299422299056,0.1204772663127253,2330,True,False,True,0.8995133329881355
baseline100k_dqn_statev1_sparse_seed43_20261010_115447_684488_624e6bba,dqn,43,v1,sparse,241,3353,-10.0,0,24,0.715111527369092,0.16894435525561372,2354,True,False,True,0.9080227919621393
baseline100k_dqn_statev1_sparse_seed43_20261010_115447_684488_624e6bba,dqn,43,v1,sparse,242,3357,0.0,1,4,0.7148255256619758,0.23911756416782737,2358,True,False,True,0.9094935419852845
baseline100k_dqn_statev1_sparse_seed43_20261010_115447_684488_624e6bba,dqn,43,v1,sparse,243,3377,-10.0,0,20,0.7133972319645958,0.12075528930872678,2378,True,False,True,0.9167807080084458
baseline100k_dqn_statev1_sparse_seed43_20261010_115447_684488_624e6bba,dqn,43,v1,sparse,244,3410,0.0,1,33,0.7110467839471198,0.13269889143041588,2411,True,False,True,0.9287058329791762
baseline100k_dqn_statev1_sparse_seed43_20261010_115447_684488_624e6bba,dqn,43,v1,sparse,245,3412,-10.0,0,2,0.7109045817007983,0.0682903565466404,2413,True,False,True,0.9294344169902615
baseline100k_dqn_statev1_sparse_seed43_20261010_115447_684488_624e6bba,dqn,43,v1,sparse,246,3416,-10.0,0,4,0.7106202625195494,0.1845441795885563,2417,True,False,True,0.930866791983135
baseline100k_dqn_statev1_sparse_seed43_20261010_115447_684488_624e6bba,dqn,43,v1,sparse,247,3426,-10.0,0,10,0.7099099619508884,0.1831902083940804,2427,True,False,True,0.9344375419896096
baseline100k_dqn_statev1_sparse_seed43_20261010_115447_684488_624e6bba,dqn,43,v1,sparse,248,3471,0.0,1,45,0.7067223851676793,0.17699323855340482,2472,True,False,True,0.9506004999857396
baseline100k_dqn_statev1_sparse_seed43_20261010_115447_684488_624e6bba,dqn,43,v1,sparse,249,3476,-10.0,0,5,0.7063690946402671,0.061708638072013856,2477,True,False,True,0.9523967920104042
baseline100k_dqn_statev1_sparse_seed43_20261010_115447_684488_624e6bba,dqn,43,v1,sparse,250,3477,-10.0,0,1,0.706298457730803,0.0210284274071455,2478,True,False,True,0.952766917005647
baseline100k_dqn_statev1_sparse_seed43_20261010_115447_684488_624e6bba,dqn,43,v1,sparse,251,3478,-10.0,0,1,0.7062278278850299,0.02496683970093727,2479,True,False,True,0.9531455829855986
baseline100k_dqn_statev1_sparse_seed43_20261010_115447_684488_624e6bba,dqn,43,v1,sparse,252,3504,0.0,1,26,0.7043939289378328,0.11743318432798752,2505,True,False,True,0.9625334580196068
baseline100k_dqn_statev1_sparse_seed43_20261010_115447_684488_624e6bba,dqn,43,v1,sparse,253,3509,-10.0,0,5,0.7040418024057132,0.22729898393154144,2510,True,False,True,0.9643767079687677
baseline100k_dqn_statev1_sparse_seed43_20261010_115447_684488_624e6bba,dqn,43,v1,sparse,254,3539,10.0,2,30,0.7019327367238553,0.12016763892024755,2540,True,False,True,0.9753307920182124
baseline100k_dqn_statev1_sparse_seed43_20261010_115447_684488_624e6bba,dqn,43,v1,sparse,255,3542,-10.0,0,3,0.7017221779601183,0.1509166583418846,2543,True,False,True,0.9764229999855161
baseline100k_dqn_statev1_sparse_seed43_20261010_115447_684488_624e6bba,dqn,43,v1,sparse,256,3567,-10.0,0,25,0.6999699760686784,0.13462329722940922,2568,True,False,True,0.9853312079794705
baseline100k_dqn_statev1_sparse_seed43_20261010_115447_684488_624e6bba,dqn,43,v1,sparse,257,3587,-10.0,0,20,0.6985713652618688,0.15473253633826972,2588,True,False,True,0.9926065420149826
baseline100k_dqn_statev1_sparse_seed43_20261010_115447_684488_624e6bba,dqn,43,v1,sparse,258,3593,-10.0,0,6,0.6981523272144462,0.14193295066555342,2594,True,False,True,0.9948347919853404
baseline100k_dqn_statev1_sparse_seed43_20261010_115447_684488_624e6bba,dqn,43,v1,sparse,259,3598,-10.0,0,5,0.6978033208590906,0.18445286452770232,2599,True,False,True,0.9966560419998132
baseline100k_dqn_statev1_sparse_seed43_20261010_115447_684488_624e6bba,dqn,43,v1,sparse,260,3601,-10.0,0,3,0.6975940007962347,0.10960469394922256,2602,True,False,True,0.9977749999961816
baseline100k_dqn_statev1_sparse_seed43_20261010_115447_684488_624e6bba,dqn,43,v1,sparse,261,3684,0.0,1,83,0.6918276457458287,0.13845243428396173,2685,True,False,True,1.0280940419761464
baseline100k_dqn_statev1_sparse_seed43_20261010_115447_684488_624e6bba,dqn,43,v1,sparse,262,3705,0.0,1,21,0.6903762596081019,0.20488976172748066,2706,True,False,True,1.0356934170122258
baseline100k_dqn_statev1_sparse_seed43_20261010_115447_684488_624e6bba,dqn,43,v1,sparse,263,3711,-10.0,0,6,0.6899621373949695,0.10715974991520245,2712,True,False,True,1.0378925830009393
baseline100k_dqn_statev1_sparse_seed43_20261010_115447_684488_624e6bba,dqn,43,v1,sparse,264,3734,10.0,2,23,0.6883769688618566,0.111461926413619,2735,True,False,True,1.0461989580071531
baseline100k_dqn_statev1_sparse_seed43_20261010_115447_684488_624e6bba,dqn,43,v1,sparse,265,3736,-10.0,0,2,0.688239300351854,0.047903914004564285,2737,True,False,True,1.0469362500007264
baseline100k_dqn_statev1_sparse_seed43_20261010_115447_684488_624e6bba,dqn,43,v1,sparse,266,3748,-10.0,0,12,0.6874138672779916,0.15531517192721367,2749,True,False,True,1.0513863749802113
baseline100k_dqn_statev1_sparse_seed43_20261010_115447_684488_624e6bba,dqn,43,v1,sparse,267,3771,0.0,1,23,0.6858345533235352,0.1473278945878796,2772,True,False,True,1.0597609169781208
baseline100k_dqn_statev1_sparse_seed43_20261010_115447_684488_624e6bba,dqn,43,v1,sparse,268,3793,-10.0,0,22,0.6843273005283582,0.14959603912112387,2794,True,False,True,1.0678312919917516
baseline100k_dqn_statev1_sparse_seed43_20261010_115447_684488_624e6bba,dqn,43,v1,sparse,269,3794,-10.0,0,1,0.6842588677983054,0.4461517333984375,2795,True,False,True,1.0682072920026258
baseline100k_dqn_statev1_sparse_seed43_20261010_115447_684488_624e6bba,dqn,43,v1,sparse,270,3799,0.0,1,5,0.6839168067834508,0.19973100423812867,2800,True,False,True,1.0700178329716437
baseline100k_dqn_statev1_sparse_seed43_20261010_115447_684488_624e6bba,dqn,43,v1,sparse,271,3819,10.0,2,20,0.6825502718324828,0.16060207784175873,2820,True,False,True,1.0771942079882137
baseline100k_dqn_statev1_sparse_seed43_20261010_115447_684488_624e6bba,dqn,43,v1,sparse,272,3848,-10.0,0,29,0.6805736447058544,0.13635453080822682,2849,True,False,True,1.0876023329910822
baseline100k_dqn_statev1_sparse_seed43_20261010_115447_684488_624e6bba,dqn,43,v1,sparse,273,3849,-10.0,0,1,0.6805055873413838,0.017511432990431786,2850,True,False,True,1.0879872079822235
baseline100k_dqn_statev1_sparse_seed43_20261010_115447_684488_624e6bba,dqn,43,v1,sparse,274,3887,10.0,2,38,0.6779244443280403,0.13508257010069333,2888,True,False,True,1.1016119999694638
baseline100k_dqn_statev1_sparse_seed43_20261010_115447_684488_624e6bba,dqn,43,v1,sparse,275,3940,-10.0,0,53,0.6743407707107183,0.1611161785165094,2941,True,False,True,1.1207207500119694
baseline100k_dqn_statev1_sparse_seed43_20261010_115447_684488_624e6bba,dqn,43,v1,sparse,276,3970,20.0,3,30,0.6723206790449627,0.15709002458800872,2971,True,False,True,1.1315831249812618
baseline100k_dqn_statev1_sparse_seed43_20261010_115447_684488_624e6bba,dqn,43,v1,sparse,277,3999,-10.0,0,29,0.6703736762426258,0.16144396801447047,3000,True,False,True,1.1421389169991016
baseline100k_dqn_statev1_sparse_seed43_20261010_115447_684488_624e6bba,dqn,43,v1,sparse,278,4008,-10.0,0,9,0.669770581212228,0.19384941417309973,3009,True,False,True,1.1453948330017738
baseline100k_dqn_statev1_sparse_seed43_20261010_115447_684488_624e6bba,dqn,43,v1,sparse,279,4009,-10.0,0,1,0.6697036041541068,0.36257004737854004,3010,True,False,True,1.1457736250013113
baseline100k_dqn_statev1_sparse_seed43_20261010_115447_684488_624e6bba,dqn,43,v1,sparse,280,4011,-10.0,0,2,0.6695696701303121,0.22236961871385574,3012,True,False,True,1.1465219169622287
baseline100k_dqn_statev1_sparse_seed43_20261010_115447_684488_624e6bba,dqn,43,v1,sparse,281,4014,-10.0,0,3,0.6693688193156936,0.21567307164271673,3015,True,False,True,1.1476332920137793
baseline100k_dqn_statev1_sparse_seed43_20261010_115447_684488_624e6bba,dqn,43,v1,sparse,282,4032,-10.0,0,18,0.668164979029219,0.1748068504449394,3033,True,False,True,1.154077082988806
baseline100k_dqn_statev1_sparse_seed43_20261010_115447_684488_624e6bba,dqn,43,v1,sparse,283,4076,10.0,2,44,0.6652313651220781,0.18268820783123374,3077,True,False,True,1.1699657500139438
baseline100k_dqn_statev1_sparse_seed43_20261010_115447_684488_624e6bba,dqn,43,v1,sparse,284,4084,-10.0,0,8,0.6646993662575146,0.1395084010437131,3085,True,False,True,1.1728374579688534
baseline100k_dqn_statev1_sparse_seed43_20261010_115447_684488_624e6bba,dqn,43,v1,sparse,285,4091,-10.0,0,7,0.6642342162647391,0.10161066108516284,3092,True,False,True,1.1753369579673745
baseline100k_dqn_statev1_sparse_seed43_20261010_115447_684488_624e6bba,dqn,43,v1,sparse,286,4092,-10.0,0,1,0.6641677928431127,0.06340107321739197,3093,True,False,True,1.1757104999851435
baseline100k_dqn_statev1_sparse_seed43_20261010_115447_684488_624e6bba,dqn,43,v1,sparse,287,4139,10.0,2,47,0.6610533731129462,0.19285065617333066,3140,True,False,True,1.1927988749812357
baseline100k_dqn_statev1_sparse_seed43_20261010_115447_684488_624e6bba,dqn,43,v1,sparse,288,4145,0.0,1,6,0.6606568402338643,0.10616373146573703,3146,True,False,True,1.1950094170169905
baseline100k_dqn_statev1_sparse_seed43_20261010_115447_684488_624e6bba,dqn,43,v1,sparse,289,4148,-10.0,0,3,0.6604586630008388,0.17652914052208266,3149,True,False,True,1.1961087500094436
baseline100k_dqn_statev1_sparse_seed43_20261010_115447_684488_624e6bba,dqn,43,v1,sparse,290,4149,-10.0,0,1,0.6603926171345387,0.10237649828195572,3150,True,False,True,1.196480792015791
baseline100k_dqn_statev1_sparse_seed43_20261010_115447_684488_624e6bba,dqn,43,v1,sparse,291,4167,10.0,2,18,0.6592049202857224,0.17195627383059925,3168,True,False,True,1.2029714579693973
baseline100k_dqn_statev1_sparse_seed43_20261010_115447_684488_624e6bba,dqn,43,v1,sparse,292,4175,-10.0,0,8,0.6586777408899608,0.20321945939213037,3176,True,False,True,1.205845542019233
baseline100k_dqn_statev1_sparse_seed43_20261010_115447_684488_624e6bba,dqn,43,v1,sparse,293,4229,10.0,2,54,0.6551302904505948,0.15541464869898777,3230,True,False,True,1.2251258749747649
baseline100k_dqn_statev1_sparse_seed43_20261010_115447_684488_624e6bba,dqn,43,v1,sparse,294,4238,-10.0,0,9,0.6545409089810712,0.13700922744141686,3239,True,False,True,1.2283581249648705
baseline100k_dqn_statev1_sparse_seed43_20261010_115447_684488_624e6bba,dqn,43,v1,sparse,295,4247,-10.0,0,9,0.6539520577427422,0.198880425757832,3248,True,False,True,1.231613166979514
baseline100k_dqn_statev1_sparse_seed43_20261010_115447_684488_624e6bba,dqn,43,v1,sparse,296,4248,-10.0,0,1,0.6538866625369679,0.39986658096313477,3249,True,False,True,1.2319837079849094
baseline100k_dqn_statev1_sparse_seed43_20261010_115447_684488_624e6bba,dqn,43,v1,sparse,297,4326,10.0,2,78,0.6488059331337088,0.178700833581388,3327,True,False,True,1.2597805419936776
baseline100k_dqn_statev1_sparse_seed43_20261010_115447_684488_624e6bba,dqn,43,v1,sparse,298,4352,-10.0,0,26,0.6471211446409181,0.22327299903218562,3353,True,False,True,1.26907266699709
baseline100k_dqn_statev1_sparse_seed43_20261010_115447_684488_624e6bba,dqn,43,v1,sparse,299,4383,0.0,1,31,0.6451180752990792,0.23891810652229092,3384,True,False,True,1.2801768750068732
baseline100k_dqn_statev1_sparse_seed43_20261010_115447_684488_624e6bba,dqn,43,v1,sparse,300,4409,-10.0,0,26,0.6434428632607037,0.19162977057007644,3410,True,False,True,1.2895087499637157
baseline100k_dqn_statev1_sparse_seed43_20261010_115447_684488_624e6bba,dqn,43,v1,sparse,301,4470,10.0,2,61,0.639529613675243,0.20422639569542447,3471,True,False,True,1.312932542001363
baseline100k_dqn_statev1_sparse_seed43_20261010_115447_684488_624e6bba,dqn,43,v1,sparse,302,4503,10.0,2,33,0.637422539179817,0.1592856380298282,3504,True,False,True,1.324885624984745
baseline100k_dqn_statev1_sparse_seed43_20261010_115447_684488_624e6bba,dqn,43,v1,sparse,303,4521,0.0,1,18,0.6362761533458366,0.1598629756934113,3522,True,False,True,1.3313124169944786
baseline100k_dqn_statev1_sparse_seed43_20261010_115447_684488_624e6bba,dqn,43,v1,sparse,304,4532,-10.0,0,11,0.6355765994240761,0.16003748554397712,3533,True,False,True,1.3352810830110684
baseline100k_dqn_statev1_sparse_seed43_20261010_115447_684488_624e6bba,dqn,43,v1,sparse,305,4578,30.0,4,46,0.6326595156468395,0.2130318693411739,3579,True,False,True,1.3518346669734456
baseline100k_dqn_statev1_sparse_seed43_20261010_115447_684488_624e6bba,dqn,43,v1,sparse,306,4591,-10.0,0,13,0.6318375515700254,0.22697948693082884,3592,True,False,True,1.356505166972056
baseline100k_dqn_statev1_sparse_seed43_20261010_115447_684488_624e6bba,dqn,43,v1,sparse,307,4608,10.0,2,17,0.6307642866019273,0.14281454386518283,3609,True,False,True,1.3626395830069669
baseline100k_dqn_statev1_sparse_seed43_20261010_115447_684488_624e6bba,dqn,43,v1,sparse,308,4691,10.0,2,83,0.6255503500922789,0.18392470963748106,3692,True,False,True,1.3924810420139693
baseline100k_dqn_statev1_sparse_seed43_20261010_115447_684488_624e6bba,dqn,43,v1,sparse,309,4699,-10.0,0,8,0.6250500849312767,0.27971463184803724,3700,True,False,True,1.395328500017058
baseline100k_dqn_statev1_sparse_seed43_20261010_115447_684488_624e6bba,dqn,43,v1,sparse,310,4716,0.0,1,17,0.6239883494301238,0.1909322552382946,3717,True,False,True,1.4014267079764977
baseline100k_dqn_statev1_sparse_seed43_20261010_115447_684488_624e6bba,dqn,43,v1,sparse,311,4760,30.0,4,44,0.6212486953667795,0.21480905391614546,3761,True,False,True,1.417220167000778
baseline100k_dqn_statev1_sparse_seed43_20261010_115447_684488_624e6bba,dqn,43,v1,sparse,312,4769,0.0,1,9,0.6206897951383026,0.25928376283910537,3770,True,False,True,1.4204823750187643
baseline100k_dqn_statev1_sparse_seed43_20261010_115447_684488_624e6bba,dqn,43,v1,sparse,313,4785,-10.0,0,16,0.6196974359463622,0.16131944465450943,3786,True,False,True,1.42621245799819
baseline100k_dqn_statev1_sparse_seed43_20261010_115447_684488_624e6bba,dqn,43,v1,sparse,314,4791,0.0,1,6,0.6193257104270168,0.2210117975870768,3792,True,False,True,1.428438292001374
baseline100k_dqn_statev1_sparse_seed43_20261010_115447_684488_624e6bba,dqn,43,v1,sparse,315,4814,-10.0,0,23,0.6179028270908045,0.22682852103658344,3815,True,False,True,1.4365955829853192
baseline100k_dqn_statev1_sparse_seed43_20261010_115447_684488_624e6bba,dqn,43,v1,sparse,316,4825,-10.0,0,11,0.617223473725626,0.22917678139426492,3826,True,False,True,1.4405539999715984
baseline100k_dqn_statev1_sparse_seed43_20261010_115447_684488_624e6bba,dqn,43,v1,sparse,317,4842,-10.0,0,17,0.6161750328246518,0.18404641418772585,3843,True,False,True,1.4466892079799436
baseline100k_dqn_statev1_sparse_seed43_20261010_115447_684488_624e6bba,dqn,43,v1,sparse,318,4856,0.0,1,14,0.6153129482737512,0.22458365027393615,3857,True,False,True,1.4518222499755211
baseline100k_dqn_statev1_sparse_seed43_20261010_115447_684488_624e6bba,dqn,43,v1,sparse,319,4943,10.0,2,87,0.6099826793978044,0.2049691932297301,3944,True,False,True,1.4831140419701114
baseline100k_dqn_statev1_sparse_seed43_20261010_115447_684488_624e6bba,dqn,43,v1,sparse,320,4946,-10.0,0,3,0.6097997028928555,0.1382367635766665,3947,True,False,True,1.4842162919812836
baseline100k_dqn_statev1_sparse_seed43_20261010_115447_684488_624e6bba,dqn,43,v1,sparse,321,4986,10.0,2,40,0.6073652544997147,0.22597352778539062,3987,True,False,True,1.4992533329641446
baseline100k_dqn_statev1_sparse_seed43_20261010_115447_684488_624e6bba,dqn,43,v1,sparse,322,5098,10.0,2,112,0.6006003794192591,0.2568328822297709,4099,True,False,True,1.5398957500001416
baseline100k_dqn_statev1_sparse_seed43_20261010_115447_684488_624e6bba,dqn,43,v1,sparse,323,5112,-10.0,0,14,0.5997600852158591,0.2604899225490434,4113,True,False,True,1.5448807919747196
baseline100k_dqn_statev1_sparse_seed43_20261010_115447_684488_624e6bba,dqn,43,v1,sparse,324,5115,-10.0,0,3,0.5995801751824972,0.2043368617693583,4116,True,False,True,1.5459498330019414
baseline100k_dqn_statev1_sparse_seed43_20261010_115447_684488_624e6bba,dqn,43,v1,sparse,325,5125,-10.0,0,10,0.5989808647464566,0.24578671865165233,4126,True,False,True,1.5495622919988818
baseline100k_dqn_statev1_sparse_seed43_20261010_115447_684488_624e6bba,dqn,43,v1,sparse,326,5136,-10.0,0,11,0.598322315135899,0.24749876016920264,4137,True,False,True,1.5535371250007302
baseline100k_dqn_statev1_sparse_seed43_20261010_115447_684488_624e6bba,dqn,43,v1,sparse,327,5207,10.0,2,71,0.5940890608689109,0.2745768081029536,4208,True,False,True,1.5794085419620387
baseline100k_dqn_statev1_sparse_seed43_20261010_115447_684488_624e6bba,dqn,43,v1,sparse,328,5220,-10.0,0,13,0.5933172083093821,0.2750838100910187,4221,True,False,True,1.5841841669753194
baseline100k_dqn_statev1_sparse_seed43_20261010_115447_684488_624e6bba,dqn,43,v1,sparse,329,5254,20.0,3,34,0.5913032547630084,0.2192635989802725,4255,True,False,True,1.5986359170055948
baseline100k_dqn_statev1_sparse_seed43_20261010_115447_684488_624e6bba,dqn,43,v1,sparse,330,5266,0.0,1,12,0.5905940809873835,0.2878961618989706,4267,True,False,True,1.603016207984183
baseline100k_dqn_statev1_sparse_seed43_20261010_115447_684488_624e6bba,dqn,43,v1,sparse,331,5297,10.0,2,31,0.5887659829459361,0.2763836689053043,4298,True,False,True,1.615228125010617
baseline100k_dqn_statev1_sparse_seed43_20261010_115447_684488_624e6bba,dqn,43,v1,sparse,332,5355,0.0,1,58,0.5853608544045379,0.28898644884084834,4356,True,False,True,1.636688917002175
baseline100k_dqn_statev1_sparse_seed43_20261010_115447_684488_624e6bba,dqn,43,v1,sparse,333,5373,-10.0,0,18,0.5843080999912418,0.3202089507960611,4374,True,False,True,1.6434341249987483
baseline100k_dqn_statev1_sparse_seed43_20261010_115447_684488_624e6bba,dqn,43,v1,sparse,334,5400,10.0,2,27,0.5827325173346204,0.27770949458634414,4401,True,False,True,1.6534145830082707
baseline100k_dqn_statev1_sparse_seed43_20261010_115447_684488_624e6bba,dqn,43,v1,sparse,335,5402,-10.0,0,2,0.5826159766584786,0.24673405289649963,4403,True,False,True,1.6541714170016348
baseline100k_dqn_statev1_sparse_seed43_20261010_115447_684488_624e6bba,dqn,43,v1,sparse,336,5411,-10.0,0,9,0.5820918319723052,0.26573996659782195,4412,True,False,True,1.6574990829685703
baseline100k_dqn_statev1_sparse_seed43_20261010_115447_684488_624e6bba,dqn,43,v1,sparse,337,5454,20.0,3,43,0.5795940862076501,0.24638280887589897,4455,True,False,True,1.6732906670076773
baseline100k_dqn_statev1_sparse_seed43_20261010_115447_684488_624e6bba,dqn,43,v1,sparse,338,5460,-10.0,0,6,0.5792464166834475,0.27650205542643863,4461,True,False,True,1.6754604579764418
baseline100k_dqn_statev1_sparse_seed43_20261010_115447_684488_624e6bba,dqn,43,v1,sparse,339,5484,10.0,2,24,0.5778578228317378,0.2265404500067234,4485,True,False,True,1.6841300419764593
baseline100k_dqn_statev1_sparse_seed43_20261010_115447_684488_624e6bba,dqn,43,v1,sparse,340,5485,-10.0,0,1,0.5778000370494546,0.23288646340370178,4486,True,False,True,1.6845186249702238
baseline100k_dqn_statev1_sparse_seed43_20261010_115447_684488_624e6bba,dqn,43,v1,sparse,341,5499,0.0,1,14,0.5769916425853577,0.3001666100961821,4500,True,False,True,1.6899967499775812
baseline100k_dqn_statev1_sparse_seed43_20261010_115447_684488_624e6bba,dqn,43,v1,sparse,342,5517,-10.0,0,18,0.5759539399552686,0.2572414795350697,4518,True,False,True,1.6966097499825992
baseline100k_dqn_statev1_sparse_seed43_20261010_115447_684488_624e6bba,dqn,43,v1,sparse,343,5534,-10.0,0,17,0.5749756011631912,0.24504048026659908,4535,True,False,True,1.7027570420177653
baseline100k_dqn_statev1_sparse_seed43_20261010_115447_684488_624e6bba,dqn,43,v1,sparse,344,5535,-10.0,0,1,0.5749181036030749,0.5021125674247742,4536,True,False,True,1.7031379580148496
baseline100k_dqn_statev1_sparse_seed43_20261010_115447_684488_624e6bba,dqn,43,v1,sparse,345,5580,20.0,3,45,0.5723366556765581,0.2600938369002607,4581,True,False,True,1.7197762919822708
baseline100k_dqn_statev1_sparse_seed43_20261010_115447_684488_624e6bba,dqn,43,v1,sparse,346,5603,-10.0,0,23,0.5710217283671395,0.2961854487657547,4604,True,False,True,1.7280972080188803
baseline100k_dqn_statev1_sparse_seed43_20261010_115447_684488_624e6bba,dqn,43,v1,sparse,347,5627,-10.0,0,24,0.5696528510838874,0.26166200047979754,4628,True,False,True,1.736643542011734
baseline100k_dqn_statev1_sparse_seed43_20261010_115447_684488_624e6bba,dqn,43,v1,sparse,348,5667,10.0,2,40,0.5673786773488227,0.3017602266743779,4668,True,False,True,1.7516784169711173
baseline100k_dqn_statev1_sparse_seed43_20261010_115447_684488_624e6bba,dqn,43,v1,sparse,349,5683,-10.0,0,16,0.5664715520018488,0.2734872163273394,4684,True,False,True,1.7576499169808812
baseline100k_dqn_statev1_sparse_seed43_20261010_115447_684488_624e6bba,dqn,43,v1,sparse,350,5705,10.0,2,22,0.5652266222647785,0.23783421956680037,4706,True,False,True,1.7660289579653181
baseline100k_dqn_statev1_sparse_seed43_20261010_115447_684488_624e6bba,dqn,43,v1,sparse,351,5770,30.0,4,65,0.5615643812829237,0.28800045773386956,4771,True,False,True,1.7904957919963636
baseline100k_dqn_statev1_sparse_seed43_20261010_115447_684488_624e6bba,dqn,43,v1,sparse,352,5810,30.0,4,40,0.5593224984168387,0.28249211218208076,4811,True,False,True,1.805079083016608
baseline100k_dqn_statev1_sparse_seed43_20261010_115447_684488_624e6bba,dqn,43,v1,sparse,353,5836,10.0,2,26,0.5578700762656723,0.2538182483269618,4837,True,False,True,1.8145667919889092
baseline100k_dqn_statev1_sparse_seed43_20261010_115447_684488_624e6bba,dqn,43,v1,sparse,354,5865,-10.0,0,29,0.5562545159598788,0.25822107904943925,4866,True,False,True,1.8251287919702008
baseline100k_dqn_statev1_sparse_seed43_20261010_115447_684488_624e6bba,dqn,43,v1,sparse,355,5901,0.0,1,36,0.5542555001374916,0.3047950683782498,4902,True,False,True,1.8382121250033379
baseline100k_dqn_statev1_sparse_seed43_20261010_115447_684488_624e6bba,dqn,43,v1,sparse,356,5911,0.0,1,10,0.5537014939858304,0.28857141062617303,4912,True,False,True,1.8418963750009425
baseline100k_dqn_statev1_sparse_seed43_20261010_115447_684488_624e6bba,dqn,43,v1,sparse,357,5927,0.0,1,16,0.5528162357272736,0.3117791647091508,4928,True,False,True,1.8478122079977766
baseline100k_dqn_statev1_sparse_seed43_20261010_115447_684488_624e6bba,dqn,43,v1,sparse,358,5947,10.0,2,20,0.5517116529767244,0.2768704632297158,4948,True,False,True,1.8550664999638684
baseline100k_dqn_statev1_sparse_seed43_20261010_115447_684488_624e6bba,dqn,43,v1,sparse,359,5973,10.0,2,26,0.5502789943082314,0.2879891412762495,4974,True,False,True,1.8645779169746675
baseline100k_dqn_statev1_sparse_seed43_20261010_115447_684488_624e6bba,dqn,43,v1,sparse,360,5997,10.0,2,24,0.5489598423787357,0.27975040798385936,4998,True,False,True,1.873366250016261
baseline100k_dqn_statev1_sparse_seed43_20261010_115447_684488_624e6bba,dqn,43,v1,sparse,361,6022,0.0,1,25,0.5475890883904024,0.3297634595632553,5023,True,False,True,1.882491541968193
baseline100k_dqn_statev1_sparse_seed43_20261010_115447_684488_624e6bba,dqn,43,v1,sparse,362,6031,0.0,1,9,0.5470964552969325,0.2896127932601505,5032,True,False,True,1.8858619169914164
baseline100k_dqn_statev1_sparse_seed43_20261010_115447_684488_624e6bba,dqn,43,v1,sparse,363,6057,-10.0,0,26,0.5456757811550071,0.30063274760658926,5058,True,False,True,1.8954119579866529
baseline100k_dqn_statev1_sparse_seed43_20261010_115447_684488_624e6bba,dqn,43,v1,sparse,364,6086,10.0,2,29,0.544095534840725,0.29762236311517914,5087,True,False,True,1.9060145830153488
baseline100k_dqn_statev1_sparse_seed43_20261010_115447_684488_624e6bba,dqn,43,v1,sparse,365,6111,10.0,2,25,0.5427369270394965,0.3575685727596283,5112,True,False,True,1.9152169169974513
baseline100k_dqn_statev1_sparse_seed43_20261010_115447_684488_624e6bba,dqn,43,v1,sparse,366,6152,-10.0,0,41,0.5405161503013532,0.3123926825639678,5153,True,False,True,1.9300625419709831
baseline100k_dqn_statev1_sparse_seed43_20261010_115447_684488_624e6bba,dqn,43,v1,sparse,367,6169,-10.0,0,17,0.5395980075803832,0.2777792200007859,5170,True,False,True,1.936237792018801
baseline100k_dqn_statev1_sparse_seed43_20261010_115447_684488_624e6bba,dqn,43,v1,sparse,368,6170,-10.0,0,1,0.5395440477796252,0.08317821472883224,5171,True,False,True,1.936614083009772
baseline100k_dqn_statev1_sparse_seed43_20261010_115447_684488_624e6bba,dqn,43,v1,sparse,369,6191,-10.0,0,21,0.5384121376045177,0.2962224980195363,5192,True,False,True,1.944303541968111
baseline100k_dqn_statev1_sparse_seed43_20261010_115447_684488_624e6bba,dqn,43,v1,sparse,370,6220,-10.0,0,29,0.5368529263926637,0.2584767658905736,5221,True,False,True,1.9548752499977127
baseline100k_dqn_statev1_sparse_seed43_20261010_115447_684488_624e6bba,dqn,43,v1,sparse,371,6239,0.0,1,19,0.5358338233310193,0.29742612650519923,5240,True,False,True,1.9617642919765785
baseline100k_dqn_statev1_sparse_seed43_20261010_115447_684488_624e6bba,dqn,43,v1,sparse,372,6258,-10.0,0,19,0.5348166548235131,0.3152943406450121,5259,True,False,True,1.968644291977398
baseline100k_dqn_statev1_sparse_seed43_20261010_115447_684488_624e6bba,dqn,43,v1,sparse,373,6265,-10.0,0,7,0.5344423954579175,0.31995013994829996,5266,True,False,True,1.9712247499846853
baseline100k_dqn_statev1_sparse_seed43_20261010_115447_684488_624e6bba,dqn,43,v1,sparse,374,6292,-10.0,0,27,0.5330012753206828,0.3300253285302056,5293,True,False,True,1.9809290830162354
baseline100k_dqn_statev1_sparse_seed43_20261010_115447_684488_624e6bba,dqn,43,v1,sparse,375,6300,-10.0,0,8,0.5325750235109391,0.227683967910707,5301,True,False,True,1.9838290420011617
baseline100k_dqn_statev1_sparse_seed43_20261010_115447_684488_624e6bba,dqn,43,v1,sparse,376,6356,30.0,4,56,0.5296007902912011,0.2979957118098225,5357,True,False,True,2.0041344999917783
baseline100k_dqn_statev1_sparse_seed43_20261010_115447_684488_624e6bba,dqn,43,v1,sparse,377,6377,-10.0,0,21,0.5284897400891972,0.2747518466342063,5378,True,False,True,2.011678708018735
baseline100k_dqn_statev1_sparse_seed43_20261010_115447_684488_624e6bba,dqn,43,v1,sparse,378,6421,10.0,2,44,0.5261693777535967,0.2752313854342157,5422,True,False,True,2.027556457964238
baseline100k_dqn_statev1_sparse_seed43_20261010_115447_684488_624e6bba,dqn,43,v1,sparse,379,6441,-10.0,0,20,0.5251180381203291,0.28696462847292425,5442,True,False,True,2.034769582969602
baseline100k_dqn_statev1_sparse_seed43_20261010_115447_684488_624e6bba,dqn,43,v1,sparse,380,6458,0.0,1,17,0.524226051259101,0.2604434523074066,5459,True,False,True,2.041091207996942
baseline100k_dqn_statev1_sparse_seed43_20261010_115447_684488_624e6bba,dqn,43,v1,sparse,381,6486,0.0,1,28,0.5227601981737576,0.30998963569956167,5487,True,False,True,2.0512156669865362
baseline100k_dqn_statev1_sparse_seed43_20261010_115447_684488_624e6bba,dqn,43,v1,sparse,382,6490,-10.0,0,4,0.5225511254580091,0.292532991617918,5491,True,False,True,2.0526787500130013
baseline100k_dqn_statev1_sparse_seed43_20261010_115447_684488_624e6bba,dqn,43,v1,sparse,383,6521,-10.0,0,31,0.5209336444845989,0.29271531032939113,5522,True,False,True,2.0640303749823943
baseline100k_dqn_statev1_sparse_seed43_20261010_115447_684488_624e6bba,dqn,43,v1,sparse,384,6576,30.0,4,55,0.5180762316556089,0.3130728605118665,5577,True,False,True,2.0839740830124356
baseline100k_dqn_statev1_sparse_seed43_20261010_115447_684488_624e6bba,dqn,43,v1,sparse,385,6622,20.0,3,46,0.5156984352230408,0.3204405497273673,5623,True,False,True,2.1007610419765115
baseline100k_dqn_statev1_sparse_seed43_20261010_115447_684488_624e6bba,dqn,43,v1,sparse,386,6665,0.0,1,43,0.5134855823505768,0.3340747817311176,5666,True,False,True,2.116424667008687
baseline100k_dqn_statev1_sparse_seed43_20261010_115447_684488_624e6bba,dqn,43,v1,sparse,387,6709,20.0,3,44,0.5112310965682053,0.2724756291982802,5710,True,False,True,2.1323261249926873
baseline100k_dqn_statev1_sparse_seed43_20261010_115447_684488_624e6bba,dqn,43,v1,sparse,388,6733,-10.0,0,24,0.5100055519000798,0.27355077893783647,5734,True,False,True,2.140917333017569
baseline100k_dqn_statev1_sparse_seed43_20261010_115447_684488_624e6bba,dqn,43,v1,sparse,389,6784,0.0,1,51,0.507411015548044,0.29575007576860635,5785,True,False,True,2.1593572919955477
baseline100k_dqn_statev1_sparse_seed43_20261010_115447_684488_624e6bba,dqn,43,v1,sparse,390,6825,0.0,1,41,0.5053347857507581,0.3445224692908729,5826,True,False,True,2.1743421250139363
baseline100k_dqn_statev1_sparse_seed43_20261010_115447_684488_624e6bba,dqn,43,v1,sparse,391,6826,-10.0,0,1,0.505284252272183,0.2906799912452698,5827,True,False,True,2.1747282500145957
baseline100k_dqn_statev1_sparse_seed43_20261010_115447_684488_624e6bba,dqn,43,v1,sparse,392,6827,-10.0,0,1,0.5052337238469558,0.42060038447380066,5828,True,False,True,2.1751052499748766
baseline100k_dqn_statev1_sparse_seed43_20261010_115447_684488_624e6bba,dqn,43,v1,sparse,393,6830,-10.0,0,3,0.5050821688863082,0.3674984574317932,5831,True,False,True,2.1761955830152147
baseline100k_dqn_statev1_sparse_seed43_20261010_115447_684488_624e6bba,dqn,43,v1,sparse,394,6849,0.0,1,19,0.5041233759667042,0.3419344707539207,5850,True,False,True,2.1831283749779686
baseline100k_dqn_statev1_sparse_seed43_20261010_115447_684488_624e6bba,dqn,43,v1,sparse,395,6875,0.0,1,26,0.5028142922801955,0.2973535920564945,5876,True,False,True,2.192595166969113
baseline100k_dqn_statev1_sparse_seed43_20261010_115447_684488_624e6bba,dqn,43,v1,sparse,396,6880,10.0,2,5,0.5025629354104567,0.39424302577972414,5881,True,False,True,2.1944457920035347
baseline100k_dqn_statev1_sparse_seed43_20261010_115447_684488_624e6bba,dqn,43,v1,sparse,397,6882,-10.0,0,2,0.502462427849004,0.295939102768898,5883,True,False,True,2.1951915419776924
baseline100k_dqn_statev1_sparse_seed43_20261010_115447_684488_624e6bba,dqn,43,v1,sparse,398,6906,10.0,2,24,0.5012579038020171,0.30425283157577115,5907,True,False,True,2.2040931250085123
baseline100k_dqn_statev1_sparse_seed43_20261010_115447_684488_624e6bba,dqn,43,v1,sparse,399,6931,-10.0,0,25,0.500006261663964,0.3207119205594063,5932,True,False,True,2.2132180419866927
baseline100k_dqn_statev1_sparse_seed43_20261010_115447_684488_624e6bba,dqn,43,v1,sparse,400,6958,10.0,2,27,0.4986579983178087,0.31676876089639133,5959,True,False,True,2.223185667011421
baseline100k_dqn_statev1_sparse_seed43_20261010_115447_684488_624e6bba,dqn,43,v1,sparse,401,6968,0.0,1,10,0.4981595646557616,0.36142450422048567,5969,True,False,True,2.228516999981366
baseline100k_dqn_statev1_sparse_seed43_20261010_115447_684488_624e6bba,dqn,43,v1,sparse,402,7006,30.0,4,38,0.49627005617301,0.34054875197379214,6007,True,False,True,2.2425562500138767
baseline100k_dqn_statev1_sparse_seed43_20261010_115447_684488_624e6bba,dqn,43,v1,sparse,403,7033,0.0,1,27,0.4949318674785208,0.33649293471265723,6034,True,False,True,2.252261166984681
baseline100k_dqn_statev1_sparse_seed43_20261010_115447_684488_624e6bba,dqn,43,v1,sparse,404,7038,-10.0,0,5,0.4946844510330192,0.35708682537078856,6039,True,False,True,2.254110416979529
baseline100k_dqn_statev1_sparse_seed43_20261010_115447_684488_624e6bba,dqn,43,v1,sparse,405,7063,10.0,2,25,0.4934492228216411,0.33693295285105707,6064,True,False,True,2.263347124971915
baseline100k_dqn_statev1_sparse_seed43_20261010_115447_684488_624e6bba,dqn,43,v1,sparse,406,7078,0.0,1,15,0.4927095668846406,0.40374601582686104,6079,True,False,True,2.2687432499951683
baseline100k_dqn_statev1_sparse_seed43_20261010_115447_684488_624e6bba,dqn,43,v1,sparse,407,7091,0.0,1,13,0.49206942862027325,0.3963097288058354,6092,True,False,True,2.273577582964208
baseline100k_dqn_statev1_sparse_seed43_20261010_115447_684488_624e6bba,dqn,43,v1,sparse,408,7111,20.0,3,20,0.4910862241342265,0.3269004750996828,6112,True,False,True,2.280977417016402
baseline100k_dqn_statev1_sparse_seed43_20261010_115447_684488_624e6bba,dqn,43,v1,sparse,409,7130,-10.0,0,19,0.4901539995901426,0.35147029122239665,6131,True,False,True,2.2877695829956792
baseline100k_dqn_statev1_sparse_seed43_20261010_115447_684488_624e6bba,dqn,43,v1,sparse,410,7140,0.0,1,10,0.48966406610104424,0.2880301669239998,6141,True,False,True,2.2914181249798276
baseline100k_dqn_statev1_sparse_seed43_20261010_115447_684488_624e6bba,dqn,43,v1,sparse,411,7161,0.0,1,21,0.4886367992058106,0.3087057792359874,6162,True,False,True,2.29897175001679
baseline100k_dqn_statev1_sparse_seed43_20261010_115447_684488_624e6bba,dqn,43,v1,sparse,412,7195,10.0,2,34,0.48697817241921676,0.33368737754576344,6196,True,False,True,2.3114320829627104
baseline100k_dqn_statev1_sparse_seed43_20261010_115447_684488_624e6bba,dqn,43,v1,sparse,413,7218,0.0,1,23,0.4858593538154216,0.3263006864682488,6219,True,False,True,2.3197327079833485
baseline100k_dqn_statev1_sparse_seed43_20261010_115447_684488_624e6bba,dqn,43,v1,sparse,414,7264,10.0,2,46,0.48362942206475973,0.34802171498861,6265,True,False,True,2.3366497500101104
baseline100k_dqn_statev1_sparse_seed43_20261010_115447_684488_624e6bba,dqn,43,v1,sparse,415,7275,0.0,1,11,0.4830976956168878,0.3439466817812486,6276,True,False,True,2.3407362080179155
baseline100k_dqn_statev1_sparse_seed43_20261010_115447_684488_624e6bba,dqn,43,v1,sparse,416,7292,-10.0,0,17,0.48227708621881393,0.33019327766755047,6293,True,False,True,2.3468499580048956
baseline100k_dqn_statev1_sparse_seed43_20261010_115447_684488_624e6bba,dqn,43,v1,sparse,417,7307,10.0,2,15,0.4815541767610561,0.31829027136166893,6308,True,False,True,2.352313374984078
baseline100k_dqn_statev1_sparse_seed43_20261010_115447_684488_624e6bba,dqn,43,v1,sparse,418,7316,-10.0,0,9,0.48112095132103044,0.3249177402920193,6317,True,False,True,2.355570000014268
baseline100k_dqn_statev1_sparse_seed43_20261010_115447_684488_624e6bba,dqn,43,v1,sparse,419,7327,10.0,2,11,0.4805919828117315,0.38943725417960773,6328,True,False,True,2.3596202500048093
baseline100k_dqn_statev1_sparse_seed43_20261010_115447_684488_624e6bba,dqn,43,v1,sparse,420,7352,0.0,1,25,0.47939194352589687,0.35575084388256073,6353,True,False,True,2.368782999983523
baseline100k_dqn_statev1_sparse_seed43_20261010_115447_684488_624e6bba,dqn,43,v1,sparse,421,7353,-10.0,0,1,0.4793440043315443,0.13729798793792725,6354,True,False,True,2.3691546670161188
baseline100k_dqn_statev1_sparse_seed43_20261010_115447_684488_624e6bba,dqn,43,v1,sparse,422,7379,-10.0,0,26,0.4780992665427183,0.33396200893016964,6380,True,False,True,2.378416749997996
baseline100k_dqn_statev1_sparse_seed43_20261010_115447_684488_624e6bba,dqn,43,v1,sparse,423,7418,20.0,3,39,0.4762382177533474,0.363034589550434,6419,True,False,True,2.392538374988362
baseline100k_dqn_statev1_sparse_seed43_20261010_115447_684488_624e6bba,dqn,43,v1,sparse,424,7421,-10.0,0,3,0.4760953605746917,0.2145351121822993,6422,True,False,True,2.3936624999623746
baseline100k_dqn_statev1_sparse_seed43_20261010_115447_684488_624e6bba,dqn,43,v1,sparse,425,7443,0.0,1,22,0.47504904982887175,0.3014259690588171,6444,True,False,True,2.4016486670007
baseline100k_dqn_statev1_sparse_seed43_20261010_115447_684488_624e6bba,dqn,43,v1,sparse,426,7458,-10.0,0,15,0.4743369748395483,0.3538562387228012,6459,True,False,True,2.4070333329727873
baseline100k_dqn_statev1_sparse_seed43_20261010_115447_684488_624e6bba,dqn,43,v1,sparse,427,7476,-10.0,0,18,0.4734838936334948,0.2888258240289158,6477,True,False,True,2.4136598329641856
baseline100k_dqn_statev1_sparse_seed43_20261010_115447_684488_624e6bba,dqn,43,v1,sparse,428,7500,10.0,2,24,0.4723488381464926,0.3557724679509799,6501,True,False,True,2.4224447080050595
baseline100k_dqn_statev1_sparse_seed43_20261010_115447_684488_624e6bba,dqn,43,v1,sparse,429,7576,60.0,7,76,0.4687724157728577,0.346962402574718,6577,True,False,True,2.4499071249738336
baseline100k_dqn_statev1_sparse_seed43_20261010_115447_684488_624e6bba,dqn,43,v1,sparse,430,7578,-10.0,0,2,0.46867866597742736,0.2526218593120575,6579,True,False,True,2.4506936249672435
baseline100k_dqn_statev1_sparse_seed43_20261010_115447_684488_624e6bba,dqn,43,v1,sparse,431,7619,10.0,2,41,0.4667609216206093,0.3388662923399995,6620,True,False,True,2.4656382919638418
baseline100k_dqn_statev1_sparse_seed43_20261010_115447_684488_624e6bba,dqn,43,v1,sparse,432,7667,40.0,5,48,0.4645257261960039,0.32799180891985696,6668,True,False,True,2.4832322919974104
baseline100k_dqn_statev1_sparse_seed43_20261010_115447_684488_624e6bba,dqn,43,v1,sparse,433,7717,10.0,2,50,0.462208778911154,0.3556669096648693,6718,True,False,True,2.5012195829767734
baseline100k_dqn_statev1_sparse_seed43_20261010_115447_684488_624e6bba,dqn,43,v1,sparse,434,7745,10.0,2,28,0.4609163399661372,0.3768232448824814,6746,True,False,True,2.5114470419939607
baseline100k_dqn_statev1_sparse_seed43_20261010_115447_684488_624e6bba,dqn,43,v1,sparse,435,7754,-10.0,0,9,0.4605016811513389,0.3006773789723714,6755,True,False,True,2.514753333001863
baseline100k_dqn_statev1_sparse_seed43_20261010_115447_684488_624e6bba,dqn,43,v1,sparse,436,7765,-10.0,0,11,0.4599953825020294,0.4123415838588368,6766,True,False,True,2.5213896249770187
baseline100k_dqn_statev1_sparse_seed43_20261010_115447_684488_624e6bba,dqn,43,v1,sparse,437,7819,20.0,3,54,0.45751797857524973,0.35134553605759583,6820,True,False,True,2.5411962919752114
baseline100k_dqn_statev1_sparse_seed43_20261010_115447_684488_624e6bba,dqn,43,v1,sparse,438,7912,20.0,3,93,0.4532825747566914,0.36216966062784195,6913,True,False,True,2.575027416984085
baseline100k_dqn_statev1_sparse_seed43_20261010_115447_684488_624e6bba,dqn,43,v1,sparse,439,7933,10.0,2,21,0.4523316326405148,0.3687280629362379,6934,True,False,True,2.5829804579843767
baseline100k_dqn_statev1_sparse_seed43_20261010_115447_684488_624e6bba,dqn,43,v1,sparse,440,7995,20.0,3,62,0.44953571302733875,0.3360008390680436,6996,True,False,True,2.605717249971349
baseline100k_dqn_statev1_sparse_seed43_20261010_115447_684488_624e6bba,dqn,43,v1,sparse,441,8035,10.0,2,40,0.4477410721164835,0.41313691437244415,7036,True,False,True,2.620777125004679
baseline100k_dqn_statev1_sparse_seed43_20261010_115447_684488_624e6bba,dqn,43,v1,sparse,442,8067,0.0,1,32,0.446310519262242,0.36366495303809643,7068,True,False,True,2.6324316670070402
baseline100k_dqn_statev1_sparse_seed43_20261010_115447_684488_624e6bba,dqn,43,v1,sparse,443,8110,0.0,1,43,0.4443954087109891,0.3998723892971527,7111,True,False,True,2.6480007499922067
baseline100k_dqn_statev1_sparse_seed43_20261010_115447_684488_624e6bba,dqn,43,v1,sparse,444,8112,-10.0,0,2,0.44430653407320103,0.2820828892290592,7113,True,False,True,2.6487610419862904
baseline100k_dqn_statev1_sparse_seed43_20261010_115447_684488_624e6bba,dqn,43,v1,sparse,445,8125,0.0,1,13,0.4437292820109625,0.47217640509972203,7126,True,False,True,2.653451874968596
baseline100k_dqn_statev1_sparse_seed43_20261010_115447_684488_624e6bba,dqn,43,v1,sparse,446,8142,10.0,2,17,0.4429755454017372,0.3673897508312674,7143,True,False,True,2.6596022080047987
baseline100k_dqn_statev1_sparse_seed43_20261010_115447_684488_624e6bba,dqn,43,v1,sparse,447,8161,-10.0,0,19,0.4421346489245851,0.44821079781180934,7162,True,False,True,2.6665594580117613
baseline100k_dqn_statev1_sparse_seed43_20261010_115447_684488_624e6bba,dqn,43,v1,sparse,448,8171,0.0,1,10,0.4416927131832057,0.43049168586730957,7172,True,False,True,2.670176666986663
baseline100k_dqn_statev1_sparse_seed43_20261010_115447_684488_624e6bba,dqn,43,v1,sparse,449,8190,-10.0,0,19,0.44085425189486804,0.3816596614687066,7191,True,False,True,2.6771426249761134
baseline100k_dqn_statev1_sparse_seed43_20261010_115447_684488_624e6bba,dqn,43,v1,sparse,450,8210,-10.0,0,20,0.4399733805117967,0.32332060523331163,7211,True,False,True,2.6844988749944605
baseline100k_dqn_statev1_sparse_seed43_20261010_115447_684488_624e6bba,dqn,43,v1,sparse,451,8234,0.0,1,24,0.4389186578350599,0.41453128432234126,7235,True,False,True,2.6932233329862356
baseline100k_dqn_statev1_sparse_seed43_20261010_115447_684488_624e6bba,dqn,43,v1,sparse,452,8264,0.0,1,30,0.43760380937690885,0.3396956853568554,7265,True,False,True,2.7040866669849493
baseline100k_dqn_statev1_sparse_seed43_20261010_115447_684488_624e6bba,dqn,43,v1,sparse,453,8266,-10.0,0,2,0.4375162929910716,0.30022578686475754,7267,True,False,True,2.7048399999621324
baseline100k_dqn_statev1_sparse_seed43_20261010_115447_684488_624e6bba,dqn,43,v1,sparse,454,8271,-10.0,0,5,0.43729757859183044,0.579809045791626,7272,True,False,True,2.706665041972883
baseline100k_dqn_statev1_sparse_seed43_20261010_115447_684488_624e6bba,dqn,43,v1,sparse,455,8274,-10.0,0,3,0.437166402436743,0.3495693504810333,7275,True,False,True,2.7078047919785604
baseline100k_dqn_statev1_sparse_seed43_20261010_115447_684488_624e6bba,dqn,43,v1,sparse,456,8289,10.0,2,15,0.4365111116589595,0.46047671834627785,7290,True,False,True,2.71333387499908
baseline100k_dqn_statev1_sparse_seed43_20261010_115447_684488_624e6bba,dqn,43,v1,sparse,457,8299,-10.0,0,10,0.43607479692492873,0.3915195405483246,7300,True,False,True,2.716949332971126
baseline100k_dqn_statev1_sparse_seed43_20261010_115447_684488_624e6bba,dqn,43,v1,sparse,458,8331,10.0,2,32,0.43468151834439817,0.40023524034768343,7332,True,False,True,2.7285507079795934
baseline100k_dqn_statev1_sparse_seed43_20261010_115447_684488_624e6bba,dqn,43,v1,sparse,459,8339,-10.0,0,8,0.4343338948162087,0.2910380158573389,7340,True,False,True,2.731510041980073
baseline100k_dqn_statev1_sparse_seed43_20261010_115447_684488_624e6bba,dqn,43,v1,sparse,460,8355,0.0,1,16,0.4336394815420287,0.39082939689978957,7356,True,False,True,2.737430375011172
baseline100k_dqn_statev1_sparse_seed43_20261010_115447_684488_624e6bba,dqn,43,v1,sparse,461,8361,-10.0,0,6,0.43337936289035367,0.4959079970916112,7362,True,False,True,2.739560167014133
baseline100k_dqn_statev1_sparse_seed43_20261010_115447_684488_624e6bba,dqn,43,v1,sparse,462,8388,0.0,1,27,0.43221075850523927,0.38302341545069657,7389,True,False,True,2.7493759999633767
baseline100k_dqn_statev1_sparse_seed43_20261010_115447_684488_624e6bba,dqn,43,v1,sparse,463,8396,-10.0,0,8,0.4318651108932467,0.423194982111454,7397,True,False,True,2.7523097500088625
baseline100k_dqn_statev1_sparse_seed43_20261010_115447_684488_624e6bba,dqn,43,v1,sparse,464,8438,20.0,3,42,0.43005499083311877,0.4150497539057618,7439,True,False,True,2.7677088750060648
baseline100k_dqn_statev1_sparse_seed43_20261010_115447_684488_624e6bba,dqn,43,v1,sparse,465,8445,-10.0,0,7,0.4297540426360333,0.4236674564225333,7446,True,False,True,2.7704469169839285
baseline100k_dqn_statev1_sparse_seed43_20261010_115447_684488_624e6bba,dqn,43,v1,sparse,466,8454,0.0,1,9,0.42936741867302225,0.41897550225257874,7455,True,False,True,2.7738112499937415
baseline100k_dqn_statev1_sparse_seed43_20261010_115447_684488_624e6bba,dqn,43,v1,sparse,467,8471,-10.0,0,17,0.42863807770909995,0.37224044606966133,7472,True,False,True,2.7799449170124717
baseline100k_dqn_statev1_sparse_seed43_20261010_115447_684488_624e6bba,dqn,43,v1,sparse,468,8498,10.0,2,27,0.42748225816592395,0.4035530322127872,7499,True,False,True,2.7899616669747047
baseline100k_dqn_statev1_sparse_seed43_20261010_115447_684488_624e6bba,dqn,43,v1,sparse,469,8508,-10.0,0,10,0.42705496822348543,0.46636817157268523,7509,True,False,True,2.793656124966219
baseline100k_dqn_statev1_sparse_seed43_20261010_115447_684488_624e6bba,dqn,43,v1,sparse,470,8509,-10.0,0,1,0.4270122627266631,0.3677438795566559,7510,True,False,True,2.7940364580135792
baseline100k_dqn_statev1_sparse_seed43_20261010_115447_684488_624e6bba,dqn,43,v1,sparse,471,8564,10.0,2,55,0.42467002522565017,0.41152297895063056,7565,True,False,True,2.8140197079628706
baseline100k_dqn_statev1_sparse_seed43_20261010_115447_684488_624e6bba,dqn,43,v1,sparse,472,8629,20.0,3,65,0.4219184846773387,0.3938877229507153,7630,True,False,True,2.837823416979518
baseline100k_dqn_statev1_sparse_seed43_20261010_115447_684488_624e6bba,dqn,43,v1,sparse,473,8644,0.0,1,15,0.42128604977281636,0.3517118453979492,7645,True,False,True,2.8432769579812884
baseline100k_dqn_statev1_sparse_seed43_20261010_115447_684488_624e6bba,dqn,43,v1,sparse,474,8682,0.0,1,38,0.41968812087374857,0.4195501749452792,7683,True,False,True,2.857015624991618
baseline100k_dqn_statev1_sparse_seed43_20261010_115447_684488_624e6bba,dqn,43,v1,sparse,475,8699,0.0,1,17,0.41897522155881967,0.4834933351067936,7700,True,False,True,2.863211666990537
baseline100k_dqn_statev1_sparse_seed43_20261010_115447_684488_624e6bba,dqn,43,v1,sparse,476,8724,10.0,2,25,0.4179290394674741,0.38606264561414716,7725,True,False,True,2.872300874965731
baseline100k_dqn_statev1_sparse_seed43_20261010_115447_684488_624e6bba,dqn,43,v1,sparse,477,8725,-10.0,0,1,0.4178872465635274,0.451528936624527,7726,True,False,True,2.872678832965903
baseline100k_dqn_statev1_sparse_seed43_20261010_115447_684488_624e6bba,dqn,43,v1,sparse,478,8757,10.0,2,32,0.41655207802404826,0.3730675058905035,7758,True,False,True,2.884338249976281
baseline100k_dqn_statev1_sparse_seed43_20261010_115447_684488_624e6bba,dqn,43,v1,sparse,479,8763,-10.0,0,6,0.4163022092517151,0.34530091285705566,7764,True,False,True,2.886486542003695
baseline100k_dqn_statev1_sparse_seed43_20261010_115447_684488_624e6bba,dqn,43,v1,sparse,480,8809,10.0,2,46,0.41439152150434333,0.3747130400784638,7810,True,False,True,2.903349416970741
baseline100k_dqn_statev1_sparse_seed43_20261010_115447_684488_624e6bba,dqn,43,v1,sparse,481,8861,40.0,5,52,0.4122421712772513,0.398250380387673,7862,True,False,True,2.9223454580060206
baseline100k_dqn_statev1_sparse_seed43_20261010_115447_684488_624e6bba,dqn,43,v1,sparse,482,8875,-10.0,0,14,0.4116654072278242,0.47558635260377613,7876,True,False,True,2.927370166988112
baseline100k_dqn_statev1_sparse_seed43_20261010_115447_684488_624e6bba,dqn,43,v1,sparse,483,8877,-10.0,0,2,0.4115830782630327,0.4071046710014343,7878,True,False,True,2.928124666970689
baseline100k_dqn_statev1_sparse_seed43_20261010_115447_684488_624e6bba,dqn,43,v1,sparse,484,8925,10.0,2,48,0.4096121150337536,0.36090354962895316,7926,True,False,True,2.945462249976117
baseline100k_dqn_statev1_sparse_seed43_20261010_115447_684488_624e6bba,dqn,43,v1,sparse,485,8986,10.0,2,61,0.4071209623131647,0.36952528552930863,7987,True,False,True,2.9676298329723068
baseline100k_dqn_statev1_sparse_seed43_20261010_115447_684488_624e6bba,dqn,43,v1,sparse,486,8990,-10.0,0,4,0.40695813835386874,0.4608045667409897,7991,True,False,True,2.9690968329668976
baseline100k_dqn_statev1_sparse_seed43_20261010_115447_684488_624e6bba,dqn,43,v1,sparse,487,9075,40.0,5,85,0.40351348247041186,0.4154412708738271,8076,True,False,True,3.0001221249694936
baseline100k_dqn_statev1_sparse_seed43_20261010_115447_684488_624e6bba,dqn,43,v1,sparse,488,9100,0.0,1,25,0.40250590837711264,0.38563474535942077,8101,True,False,True,3.0092338749673218
baseline100k_dqn_statev1_sparse_seed43_20261010_115447_684488_624e6bba,dqn,43,v1,sparse,489,9114,-10.0,0,14,0.40194276623928943,0.37704895968948093,8115,True,False,True,3.0143524169689044
baseline100k_dqn_statev1_sparse_seed43_20261010_115447_684488_624e6bba,dqn,43,v1,sparse,490,9143,10.0,2,29,0.40077876263708184,0.39813217366563863,8144,True,False,True,3.0248972079716623
baseline100k_dqn_statev1_sparse_seed43_20261010_115447_684488_624e6bba,dqn,43,v1,sparse,491,9170,0.0,1,27,0.3996980655398439,0.3927041270114757,8171,True,False,True,3.0347419579629786
baseline100k_dqn_statev1_sparse_seed43_20261010_115447_684488_624e6bba,dqn,43,v1,sparse,492,9192,0.0,1,22,0.39881965248294504,0.33054355531930923,8193,True,False,True,3.0428273329744115
baseline100k_dqn_statev1_sparse_seed43_20261010_115447_684488_624e6bba,dqn,43,v1,sparse,493,9274,50.0,6,82,0.39556254088342313,0.3765970523946169,8275,True,False,True,3.072801582980901
baseline100k_dqn_statev1_sparse_seed43_20261010_115447_684488_624e6bba,dqn,43,v1,sparse,494,9282,-10.0,0,8,0.3952462015860791,0.41700316965579987,8283,True,False,True,3.0757303329883143
baseline100k_dqn_statev1_sparse_seed43_20261010_115447_684488_624e6bba,dqn,43,v1,sparse,495,9284,-10.0,0,2,0.3951671562982239,0.2824275493621826,8285,True,False,True,3.0764475829782896
baseline100k_dqn_statev1_sparse_seed43_20261010_115447_684488_624e6bba,dqn,43,v1,sparse,496,9315,-10.0,0,31,0.39394397386594265,0.3894513230169973,8316,True,False,True,3.0876808330067433
baseline100k_dqn_statev1_sparse_seed43_20261010_115447_684488_624e6bba,dqn,43,v1,sparse,497,9395,30.0,4,80,0.39080483840036373,0.4109424227382988,8396,True,False,True,3.11658129200805
baseline100k_dqn_statev1_sparse_seed43_20261010_115447_684488_624e6bba,dqn,43,v1,sparse,498,9409,0.0,1,14,0.39025806711679223,0.47644899945173946,8410,True,False,True,3.1217460419866256
baseline100k_dqn_statev1_sparse_seed43_20261010_115447_684488_624e6bba,dqn,43,v1,sparse,499,9422,-10.0,0,13,0.38975103591924687,0.4000571828622084,8423,True,False,True,3.126447624992579
baseline100k_dqn_statev1_sparse_seed43_20261010_115447_684488_624e6bba,dqn,43,v1,sparse,500,9432,0.0,1,10,0.38936146022453194,0.38961547911167144,8433,True,False,True,3.130064625001978
baseline100k_dqn_statev1_sparse_seed43_20261010_115447_684488_624e6bba,dqn,43,v1,sparse,501,9433,-10.0,0,1,0.3893225240785095,0.12382872402667999,8434,True,False,True,3.1319001669762656
baseline100k_dqn_statev1_sparse_seed43_20261010_115447_684488_624e6bba,dqn,43,v1,sparse,502,9477,30.0,4,44,0.3876131828127353,0.3446218623695048,8478,True,False,True,3.1481804579962045
baseline100k_dqn_statev1_sparse_seed43_20261010_115447_684488_624e6bba,dqn,43,v1,sparse,503,9505,20.0,3,28,0.3865293298096633,0.4114634336105415,8506,True,False,True,3.158471999980975
baseline100k_dqn_statev1_sparse_seed43_20261010_115447_684488_624e6bba,dqn,43,v1,sparse,504,9521,-10.0,0,16,0.3859113465007776,0.4062561779282987,8522,True,False,True,3.1643126669805497
baseline100k_dqn_statev1_sparse_seed43_20261010_115447_684488_624e6bba,dqn,43,v1,sparse,505,9634,40.0,5,113,0.38157487864752426,0.37479073356474396,8635,True,False,True,3.2056001250166446
baseline100k_dqn_statev1_sparse_seed43_20261010_115447_684488_624e6bba,dqn,43,v1,sparse,506,9682,10.0,2,48,0.3797476168023466,0.38201310640821856,8683,True,False,True,3.2231557079940103
baseline100k_dqn_statev1_sparse_seed43_20261010_115447_684488_624e6bba,dqn,43,v1,sparse,507,9745,30.0,4,63,0.37736260822988393,0.3487452693165295,8746,True,False,True,3.246065500017721
baseline100k_dqn_statev1_sparse_seed43_20261010_115447_684488_624e6bba,dqn,43,v1,sparse,508,9791,40.0,5,46,0.3756306402128103,0.39328893549416377,8792,True,False,True,3.2629998750053346
baseline100k_dqn_statev1_sparse_seed43_20261010_115447_684488_624e6bba,dqn,43,v1,sparse,509,9823,10.0,2,32,0.3744304834303268,0.42944743833504617,8824,True,False,True,3.274962625000626
baseline100k_dqn_statev1_sparse_seed43_20261010_115447_684488_624e6bba,dqn,43,v1,sparse,510,9916,80.0,9,93,0.37096424959128943,0.3776678529477889,8917,True,False,True,3.3092406669748016
baseline100k_dqn_statev1_sparse_seed43_20261010_115447_684488_624e6bba,dqn,43,v1,sparse,511,9926,0.0,1,10,0.37059345223110257,0.4444032907485962,8927,True,False,True,3.3128772919881158
baseline100k_dqn_statev1_sparse_seed43_20261010_115447_684488_624e6bba,dqn,43,v1,sparse,512,9945,0.0,1,19,0.3698899580277053,0.39466811206779984,8946,True,False,True,3.3199281669803895
baseline100k_dqn_statev1_sparse_seed43_20261010_115447_684488_624e6bba,dqn,43,v1,sparse,513,9966,10.0,2,21,0.36911396539302666,0.39316607337622417,8967,True,False,True,3.3279535829788074
baseline100k_dqn_statev1_sparse_seed43_20261010_115447_684488_624e6bba,dqn,43,v1,sparse,514,9989,10.0,2,23,0.36826593647758116,0.40894670201384503,8990,True,False,True,3.3370408749906346
baseline100k_dqn_statev1_sparse_seed43_20261010_115447_684488_624e6bba,dqn,43,v1,sparse,515,9996,-10.0,0,7,0.3680082276450055,0.39446317723819185,8997,True,False,True,3.3397356249624863
baseline100k_dqn_statev1_sparse_seed43_20261010_115447_684488_624e6bba,dqn,43,v1,sparse,516,10034,10.0,2,38,0.36661238037599236,0.4376758244868956,9035,True,False,True,3.3538872079807334
baseline100k_dqn_statev1_sparse_seed43_20261010_115447_684488_624e6bba,dqn,43,v1,sparse,517,10036,-10.0,0,2,0.366539061566041,0.22496408969163895,9037,True,False,True,3.354683750018012
baseline100k_dqn_statev1_sparse_seed43_20261010_115447_684488_624e6bba,dqn,43,v1,sparse,518,10089,30.0,4,53,0.3646014468721882,0.35980462564050025,9090,True,False,True,3.374423625005875
baseline100k_dqn_statev1_sparse_seed43_20261010_115447_684488_624e6bba,dqn,43,v1,sparse,519,10136,30.0,4,47,0.36289175550801506,0.399392324559232,9137,True,False,True,3.3918102079769596
baseline100k_dqn_statev1_sparse_seed43_20261010_115447_684488_624e6bba,dqn,43,v1,sparse,520,10156,-10.0,0,20,0.3621666610778136,0.3338546402752399,9157,True,False,True,3.3992408749763854
baseline100k_dqn_statev1_sparse_seed43_20261010_115447_684488_624e6bba,dqn,43,v1,sparse,521,10164,0.0,1,8,0.36187702913533765,0.3274714155122638,9165,True,False,True,3.4021599579718895
baseline100k_dqn_statev1_sparse_seed43_20261010_115447_684488_624e6bba,dqn,43,v1,sparse,522,10191,0.0,1,27,0.3609012302871891,0.3524814695119858,9192,True,False,True,3.4122340829926543
baseline100k_dqn_statev1_sparse_seed43_20261010_115447_684488_624e6bba,dqn,43,v1,sparse,523,10255,60.0,7,64,0.35859872316846836,0.4305529755074531,9256,True,False,True,3.4358724579797126
baseline100k_dqn_statev1_sparse_seed43_20261010_115447_684488_624e6bba,dqn,43,v1,sparse,524,10298,20.0,3,43,0.3570599823842695,0.37573924279490184,9299,True,False,True,3.4516322080162354
baseline100k_dqn_statev1_sparse_seed43_20261010_115447_684488_624e6bba,dqn,43,v1,sparse,525,10311,-10.0,0,13,0.35659608281186267,0.4282869261044722,9312,True,False,True,3.456375791982282
baseline100k_dqn_statev1_sparse_seed43_20261010_115447_684488_624e6bba,dqn,43,v1,sparse,526,10341,0.0,1,30,0.355527844309584,0.36976524790128074,9342,True,False,True,3.467334207962267
baseline100k_dqn_statev1_sparse_seed43_20261010_115447_684488_624e6bba,dqn,43,v1,sparse,527,10360,0.0,1,19,0.354852949013641,0.323278058124216,9361,True,False,True,3.4744564169668593
baseline100k_dqn_statev1_sparse_seed43_20261010_115447_684488_624e6bba,dqn,43,v1,sparse,528,10372,-10.0,0,12,0.354427359599721,0.36568047975500423,9373,True,False,True,3.479037999990396
baseline100k_dqn_statev1_sparse_seed43_20261010_115447_684488_624e6bba,dqn,43,v1,sparse,529,10396,-10.0,0,24,0.35357771143920974,0.34104988041023415,9397,True,False,True,3.488173707970418
baseline100k_dqn_statev1_sparse_seed43_20261010_115447_684488_624e6bba,dqn,43,v1,sparse,530,10439,20.0,3,43,0.3520605157276131,0.38560030973234843,9440,True,False,True,3.5041612499626353
baseline100k_dqn_statev1_sparse_seed43_20261010_115447_684488_624e6bba,dqn,43,v1,sparse,531,10457,0.0,1,18,0.35142734516471885,0.3513003546330664,9458,True,False,True,3.5106654170085676
baseline100k_dqn_statev1_sparse_seed43_20261010_115447_684488_624e6bba,dqn,43,v1,sparse,532,10539,60.0,7,82,0.34855728077546666,0.38621058860203117,9540,True,False,True,3.5416936249821447
baseline100k_dqn_statev1_sparse_seed43_20261010_115447_684488_624e6bba,dqn,43,v1,sparse,533,10587,50.0,6,48,0.3468881315320013,0.39331849043567974,9588,True,False,True,3.5597847499884665
baseline100k_dqn_statev1_sparse_seed43_20261010_115447_684488_624e6bba,dqn,43,v1,sparse,534,10650,60.0,7,63,0.34470949727392264,0.38882897126059685,9651,True,False,True,3.5831145420088433
baseline100k_dqn_statev1_sparse_seed43_20261010_115447_684488_624e6bba,dqn,43,v1,sparse,535,10706,50.0,6,56,0.3427844230727473,0.3712191781295197,9707,True,False,True,3.60411579196807
baseline100k_dqn_statev1_sparse_seed43_20261010_115447_684488_624e6bba,dqn,43,v1,sparse,536,10752,30.0,4,46,0.34121115734751317,0.3910196148183035,9753,True,False,True,3.621173249965068
baseline100k_dqn_statev1_sparse_seed43_20261010_115447_684488_624e6bba,dqn,43,v1,sparse,537,10766,-10.0,0,14,0.3407337721052133,0.36345947054880007,9767,True,False,True,3.626357166969683
baseline100k_dqn_statev1_sparse_seed43_20261010_115447_684488_624e6bba,dqn,43,v1,sparse,538,10786,0.0,1,20,0.3400529515668986,0.39184090569615365,9787,True,False,True,3.6338460000115447
baseline100k_dqn_statev1_sparse_seed43_20261010_115447_684488_624e6bba,dqn,43,v1,sparse,539,10788,-10.0,0,2,0.33998494437711474,0.19514038786292076,9789,True,False,True,3.6345948330126703
baseline100k_dqn_statev1_sparse_seed43_20261010_115447_684488_624e6bba,dqn,43,v1,sparse,540,10816,0.0,1,28,0.33903427056285373,0.43199044918375357,9817,True,False,True,3.6451809579739347
baseline100k_dqn_statev1_sparse_seed43_20261010_115447_684488_624e6bba,dqn,43,v1,sparse,541,10817,-10.0,0,1,0.33900036713579745,0.29762107133865356,9818,True,False,True,3.645571041968651
baseline100k_dqn_statev1_sparse_seed43_20261010_115447_684488_624e6bba,dqn,43,v1,sparse,542,10854,40.0,5,37,0.33774832088804485,0.422172874212265,9855,True,False,True,3.659410708001815
baseline100k_dqn_statev1_sparse_seed43_20261010_115447_684488_624e6bba,dqn,43,v1,sparse,543,10874,-10.0,0,20,0.3370734655832091,0.3933926418423653,9875,True,False,True,3.6667890420067124
baseline100k_dqn_statev1_sparse_seed43_20261010_115447_684488_624e6bba,dqn,43,v1,sparse,544,10886,0.0,1,12,0.33666919981885707,0.4597116510073344,9887,True,False,True,3.6713511669659056
baseline100k_dqn_statev1_sparse_seed43_20261010_115447_684488_624e6bba,dqn,43,v1,sparse,545,10917,20.0,3,31,0.3356270892989284,0.43331705850939595,9918,True,False,True,3.682783791969996
baseline100k_dqn_statev1_sparse_seed43_20261010_115447_684488_624e6bba,dqn,43,v1,sparse,546,10943,30.0,4,26,0.33475554878266267,0.37654193261495006,9944,True,False,True,3.6924516250146553
baseline100k_dqn_statev1_sparse_seed43_20261010_115447_684488_624e6bba,dqn,43,v1,sparse,547,10963,0.0,1,20,0.3340866733391809,0.3702856469899416,9964,True,False,True,3.699914374970831
baseline100k_dqn_statev1_sparse_seed43_20261010_115447_684488_624e6bba,dqn,43,v1,sparse,548,11070,80.0,9,107,0.3305308258505585,0.43668333615098043,10071,True,False,True,3.7398159169824794
baseline100k_dqn_statev1_sparse_seed43_20261010_115447_684488_624e6bba,dqn,43,v1,sparse,549,11096,20.0,3,26,0.3296725190696448,0.4621639291827495,10097,True,False,True,3.7495200419798493
baseline100k_dqn_statev1_sparse_seed43_20261010_115447_684488_624e6bba,dqn,43,v1,sparse,550,11129,10.0,2,33,0.3285863386302708,0.4578782031030366,10130,True,False,True,3.7617134579923004
baseline100k_dqn_statev1_sparse_seed43_20261010_115447_684488_624e6bba,dqn,43,v1,sparse,551,11198,50.0,6,69,0.3263267843416433,0.424789452250453,10199,True,False,True,3.7874799169949256
baseline100k_dqn_statev1_sparse_seed43_20261010_115447_684488_624e6bba,dqn,43,v1,sparse,552,11212,0.0,1,14,0.3258702236821885,0.5286170403872218,10213,True,False,True,3.79270325001562
baseline100k_dqn_statev1_sparse_seed43_20261010_115447_684488_624e6bba,dqn,43,v1,sparse,553,11228,0.0,1,16,0.3253492221861375,0.4713321262970567,10229,True,False,True,3.798620499961544
baseline100k_dqn_statev1_sparse_seed43_20261010_115447_684488_624e6bba,dqn,43,v1,sparse,554,11249,10.0,2,21,0.3246666716203934,0.4041370004415512,10250,True,False,True,3.8063592499820516
baseline100k_dqn_statev1_sparse_seed43_20261010_115447_684488_624e6bba,dqn,43,v1,sparse,555,11250,-10.0,0,1,0.32463420495323136,0.4204234480857849,10251,True,False,True,3.8067317079985514
baseline100k_dqn_statev1_sparse_seed43_20261010_115447_684488_624e6bba,dqn,43,v1,sparse,556,11272,0.0,1,22,0.32392075910764856,0.47384459186684,10273,True,False,True,3.8148699579760432
baseline100k_dqn_statev1_sparse_seed43_20261010_115447_684488_624e6bba,dqn,43,v1,sparse,557,11327,20.0,3,55,0.3221439966688046,0.4728045710108497,10328,True,False,True,3.835177582979668
baseline100k_dqn_statev1_sparse_seed43_20261010_115447_684488_624e6bba,dqn,43,v1,sparse,558,11369,40.0,5,42,0.32079376184799685,0.4409663453698158,10370,True,False,True,3.8506815420114435
baseline100k_dqn_statev1_sparse_seed43_20261010_115447_684488_624e6bba,dqn,43,v1,sparse,559,11383,-10.0,0,14,0.32034494238699607,0.5314428699868066,10384,True,False,True,3.8558146249852143
baseline100k_dqn_statev1_sparse_seed43_20261010_115447_684488_624e6bba,dqn,43,v1,sparse,560,11385,-10.0,0,2,0.3202808766019681,0.47104284167289734,10386,True,False,True,3.856559792009648
baseline100k_dqn_statev1_sparse_seed43_20261010_115447_684488_624e6bba,dqn,43,v1,sparse,561,11425,20.0,3,40,0.31900224812494765,0.47479177713394166,10426,True,False,True,3.8712679999880493
baseline100k_dqn_statev1_sparse_seed43_20261010_115447_684488_624e6bba,dqn,43,v1,sparse,562,11441,-10.0,0,16,0.31849222715206227,0.44575557578355074,10442,True,False,True,3.877134207985364
baseline100k_dqn_statev1_sparse_seed43_20261010_115447_684488_624e6bba,dqn,43,v1,sparse,563,11509,30.0,4,68,0.31633371932471094,0.45249667697969603,10510,True,False,True,3.902125624998007
baseline100k_dqn_statev1_sparse_seed43_20261010_115447_684488_624e6bba,dqn,43,v1,sparse,564,11523,-10.0,0,14,0.31589113986622724,0.6170406852449689,10524,True,False,True,3.907361417019274
baseline100k_dqn_statev1_sparse_seed43_20261010_115447_684488_624e6bba,dqn,43,v1,sparse,565,11536,10.0,2,13,0.31548072768916796,0.4680424298231418,10537,True,False,True,3.9121746249729767
baseline100k_dqn_statev1_sparse_seed43_20261010_115447_684488_624e6bba,dqn,43,v1,sparse,566,11540,-10.0,0,4,0.31535455432567405,0.7075257897377014,10541,True,False,True,3.9136913749971427
baseline100k_dqn_statev1_sparse_seed43_20261010_115447_684488_624e6bba,dqn,43,v1,sparse,567,11544,-10.0,0,4,0.3152284314239557,0.3547141067683697,10545,True,False,True,3.915172250010073
baseline100k_dqn_statev1_sparse_seed43_20261010_115447_684488_624e6bba,dqn,43,v1,sparse,568,11571,10.0,2,27,0.31437842018941514,0.4648048408605434,10572,True,False,True,3.925105292000808
baseline100k_dqn_statev1_sparse_seed43_20261010_115447_684488_624e6bba,dqn,43,v1,sparse,569,11579,-10.0,0,8,0.31412700546161837,0.4946577921509743,10580,True,False,True,3.927995916979853
baseline100k_dqn_statev1_sparse_seed43_20261010_115447_684488_624e6bba,dqn,43,v1,sparse,570,11584,-10.0,0,5,0.31396997336844695,0.6196463346481323,10585,True,False,True,3.929784416977782
baseline100k_dqn_statev1_sparse_seed43_20261010_115447_684488_624e6bba,dqn,43,v1,sparse,571,11624,40.0,5,40,0.31271653934160953,0.4052112564444542,10625,True,False,True,3.9444868749706075
baseline100k_dqn_statev1_sparse_seed43_20261010_115447_684488_624e6bba,dqn,43,v1,sparse,572,11637,-10.0,0,13,0.3123102516699516,0.49615370998015773,10638,True,False,True,3.949209999991581
baseline100k_dqn_statev1_sparse_seed43_20261010_115447_684488_624e6bba,dqn,43,v1,sparse,573,11689,30.0,4,52,0.3106903727015953,0.46860396489501,10690,True,False,True,3.9683219169965014
baseline100k_dqn_statev1_sparse_seed43_20261010_115447_684488_624e6bba,dqn,43,v1,sparse,574,11707,10.0,2,18,0.3101316051335744,0.500088299314181,10708,True,False,True,3.9750153750064783
baseline100k_dqn_statev1_sparse_seed43_20261010_115447_684488_624e6bba,dqn,43,v1,sparse,575,11735,30.0,4,28,0.3092644079213116,0.4808387687163694,10736,True,False,True,3.9854230000055395
baseline100k_dqn_statev1_sparse_seed43_20261010_115447_684488_624e6bba,dqn,43,v1,sparse,576,11778,20.0,3,43,0.30793735981203524,0.5008628798085589,10779,True,False,True,4.001059999980498
baseline100k_dqn_statev1_sparse_seed43_20261010_115447_684488_624e6bba,dqn,43,v1,sparse,577,11793,10.0,2,15,0.3074757769664756,0.5948662857214609,10794,True,False,True,4.006637624988798
baseline100k_dqn_statev1_sparse_seed43_20261010_115447_684488_624e6bba,dqn,43,v1,sparse,578,11824,30.0,4,31,0.30652403043910575,0.48254100858203824,10825,True,False,True,4.018050874990877
baseline100k_dqn_statev1_sparse_seed43_20261010_115447_684488_624e6bba,dqn,43,v1,sparse,579,11859,20.0,3,35,0.3054530181459542,0.4622645556926727,10860,True,False,True,4.0309868329786696
baseline100k_dqn_statev1_sparse_seed43_20261010_115447_684488_624e6bba,dqn,43,v1,sparse,580,11878,0.0,1,19,0.30487317944027226,0.4935774756105323,10879,True,False,True,4.038054207980167
baseline100k_dqn_statev1_sparse_seed43_20261010_115447_684488_624e6bba,dqn,43,v1,sparse,581,11893,0.0,1,15,0.30441618964927464,0.4236633708079656,10894,True,False,True,4.043609666987322
baseline100k_dqn_statev1_sparse_seed43_20261010_115447_684488_624e6bba,dqn,43,v1,sparse,582,11924,10.0,2,31,0.3034739136292505,0.4907163703633893,10925,True,False,True,4.055006292008329
baseline100k_dqn_statev1_sparse_seed43_20261010_115447_684488_624e6bba,dqn,43,v1,sparse,583,11935,0.0,1,11,0.3031402591848477,0.5253738219087775,10936,True,False,True,4.059060250001494
baseline100k_dqn_statev1_sparse_seed43_20261010_115447_684488_624e6bba,dqn,43,v1,sparse,584,11936,-10.0,0,1,0.30310994515892925,0.6745558977127075,10937,True,False,True,4.059433207963593
baseline100k_dqn_statev1_sparse_seed43_20261010_115447_684488_624e6bba,dqn,43,v1,sparse,585,11964,10.0,2,28,0.30226238207570927,0.4274749117238181,10965,True,False,True,4.069642499962356
baseline100k_dqn_statev1_sparse_seed43_20261010_115447_684488_624e6bba,dqn,43,v1,sparse,586,11970,-10.0,0,6,0.3020810699797763,0.36568425595760345,10971,True,False,True,4.071848291961942
baseline100k_dqn_statev1_sparse_seed43_20261010_115447_684488_624e6bba,dqn,43,v1,sparse,587,12011,20.0,3,41,0.300845011440506,0.497444913881581,11012,True,False,True,4.087027332978323
baseline100k_dqn_statev1_sparse_seed43_20261010_115447_684488_624e6bba,dqn,43,v1,sparse,588,12067,50.0,6,56,0.2991649040612299,0.49432716571858953,11068,True,False,True,4.107773875002749
baseline100k_dqn_statev1_sparse_seed43_20261010_115447_684488_624e6bba,dqn,43,v1,sparse,589,12068,-10.0,0,1,0.2991349875708238,0.5140633583068848,11069,True,False,True,4.108150082989596
baseline100k_dqn_statev1_sparse_seed43_20261010_115447_684488_624e6bba,dqn,43,v1,sparse,590,12074,-10.0,0,6,0.29895555144254726,0.5751390606164932,11075,True,False,True,4.110325250017922
baseline100k_dqn_statev1_sparse_seed43_20261010_115447_684488_624e6bba,dqn,43,v1,sparse,591,12077,-10.0,0,3,0.2988658737454821,0.4612920532623927,11078,True,False,True,4.111449207994156
baseline100k_dqn_statev1_sparse_seed43_20261010_115447_684488_624e6bba,dqn,43,v1,sparse,592,12083,0.0,1,6,0.29868659904513906,0.4882342802981536,11084,True,False,True,4.113703417009674
baseline100k_dqn_statev1_sparse_seed43_20261010_115447_684488_624e6bba,dqn,43,v1,sparse,593,12089,0.0,1,6,0.29850743188272855,0.5275913824637731,11090,True,False,True,4.115944291988853
baseline100k_dqn_statev1_sparse_seed43_20261010_115447_684488_624e6bba,dqn,43,v1,sparse,594,12094,-10.0,0,5,0.2983582080145455,0.508108502626419,11095,True,False,True,4.117793624987826
baseline100k_dqn_statev1_sparse_seed43_20261010_115447_684488_624e6bba,dqn,43,v1,sparse,595,12130,20.0,3,36,0.2972859959938825,0.4787668068375852,11131,True,False,True,4.1310861249803565
baseline100k_dqn_statev1_sparse_seed43_20261010_115447_684488_624e6bba,dqn,43,v1,sparse,596,12135,-10.0,0,5,0.29713738272151247,0.35970146059989927,11136,True,False,True,4.132905707985628
baseline100k_dqn_statev1_sparse_seed43_20261010_115447_684488_624e6bba,dqn,43,v1,sparse,597,12144,0.0,1,9,0.2968700660215651,0.4569997390111287,11145,True,False,True,4.136157875007484
baseline100k_dqn_statev1_sparse_seed43_20261010_115447_684488_624e6bba,dqn,43,v1,sparse,598,12156,0.0,1,12,0.2965140178112861,0.4407658080259959,11157,True,False,True,4.14052241697209
baseline100k_dqn_statev1_sparse_seed43_20261010_115447_684488_624e6bba,dqn,43,v1,sparse,599,12176,10.0,2,20,0.295921552814415,0.41420209109783174,11177,True,False,True,4.147866374987643
baseline100k_dqn_statev1_sparse_seed43_20261010_115447_684488_624e6bba,dqn,43,v1,sparse,600,12179,-10.0,0,3,0.2958327852259213,0.5315187275409698,11180,True,False,True,4.148985166975763
baseline100k_dqn_statev1_sparse_seed43_20261010_115447_684488_624e6bba,dqn,43,v1,sparse,601,12205,10.0,2,26,0.29506458067216285,0.44144736058436906,11206,True,False,True,4.160190291993786
baseline100k_dqn_statev1_sparse_seed43_20261010_115447_684488_624e6bba,dqn,43,v1,sparse,602,12251,30.0,4,46,0.2937103330452116,0.44450236241454666,11252,True,False,True,4.177303624979686
baseline100k_dqn_statev1_sparse_seed43_20261010_115447_684488_624e6bba,dqn,43,v1,sparse,603,12253,-10.0,0,2,0.2936515939157059,0.7816999554634094,11254,True,False,True,4.17804862500634
baseline100k_dqn_statev1_sparse_seed43_20261010_115447_684488_624e6bba,dqn,43,v1,sparse,604,12256,0.0,1,3,0.29356350724678537,0.5209282239278158,11257,True,False,True,4.179168833012227
baseline100k_dqn_statev1_sparse_seed43_20261010_115447_684488_624e6bba,dqn,43,v1,sparse,605,12295,10.0,2,39,0.29242078219364764,0.45832385963354355,11296,True,False,True,4.1937100829673
baseline100k_dqn_statev1_sparse_seed43_20261010_115447_684488_624e6bba,dqn,43,v1,sparse,606,12308,0.0,1,13,0.29204086318139455,0.4552845794420976,11309,True,False,True,4.198547874984797
baseline100k_dqn_statev1_sparse_seed43_20261010_115447_684488_624e6bba,dqn,43,v1,sparse,607,12318,0.0,1,10,0.2917489537015629,0.43474585115909575,11319,True,False,True,4.202277333009988
baseline100k_dqn_statev1_sparse_seed43_20261010_115447_684488_624e6bba,dqn,43,v1,sparse,608,12320,-10.0,0,2,0.29169060682831216,0.4115504026412964,11321,True,False,True,4.203034250007477
baseline100k_dqn_statev1_sparse_seed43_20261010_115447_684488_624e6bba,dqn,43,v1,sparse,609,12368,10.0,2,48,0.2902937771461714,0.45857379818335176,11369,True,False,True,4.220706416992471
baseline100k_dqn_statev1_sparse_seed43_20261010_115447_684488_624e6bba,dqn,43,v1,sparse,610,12389,20.0,3,21,0.28968476944517946,0.4496709406375885,11390,True,False,True,4.228532916982658
baseline100k_dqn_statev1_sparse_seed43_20261010_115447_684488_624e6bba,dqn,43,v1,sparse,611,12413,0.0,1,24,0.2889903249424605,0.40618485243370134,11414,True,False,True,4.237447082996368
baseline100k_dqn_statev1_sparse_seed43_20261010_115447_684488_624e6bba,dqn,43,v1,sparse,612,12448,30.0,4,35,0.287980576407666,0.48022486099175044,11449,True,False,True,4.250490583013743
baseline100k_dqn_statev1_sparse_seed43_20261010_115447_684488_624e6bba,dqn,43,v1,sparse,613,12456,0.0,1,8,0.2877502725649764,0.4539520088583231,11457,True,False,True,4.2534425419871695
baseline100k_dqn_statev1_sparse_seed43_20261010_115447_684488_624e6bba,dqn,43,v1,sparse,614,12494,10.0,2,38,0.28665884198830704,0.5241776355787328,11495,True,False,True,4.267431291984394
baseline100k_dqn_statev1_sparse_seed43_20261010_115447_684488_624e6bba,dqn,43,v1,sparse,615,12543,30.0,4,49,0.2852575794952118,0.5201263354749096,11544,True,False,True,4.285484207968693
baseline100k_dqn_statev1_sparse_seed43_20261010_115447_684488_624e6bba,dqn,43,v1,sparse,616,12608,30.0,4,65,0.2834093261453851,0.4533220820702039,11609,True,False,True,4.309305207978468
baseline100k_dqn_statev1_sparse_seed43_20261010_115447_684488_624e6bba,dqn,43,v1,sparse,617,12635,0.0,1,27,0.2826451149030523,0.479121337334315,11636,True,False,True,4.319234707974829
baseline100k_dqn_statev1_sparse_seed43_20261010_115447_684488_624e6bba,dqn,43,v1,sparse,618,12650,0.0,1,15,0.2822214438795033,0.4444826602935791,11651,True,False,True,4.324971416965127
baseline100k_dqn_statev1_sparse_seed43_20261010_115447_684488_624e6bba,dqn,43,v1,sparse,619,12700,20.0,3,50,0.2808137883477466,0.4789228104054928,11701,True,False,True,4.343326542002615
baseline100k_dqn_statev1_sparse_seed43_20261010_115447_684488_624e6bba,dqn,43,v1,sparse,620,12701,-10.0,0,1,0.28078570696891186,0.5387411713600159,11702,True,False,True,4.343701832985971
baseline100k_dqn_statev1_sparse_seed43_20261010_115447_684488_624e6bba,dqn,43,v1,sparse,621,12702,-10.0,0,1,0.280757628398215,0.8737891912460327,11703,True,False,True,4.344113082974218
baseline100k_dqn_statev1_sparse_seed43_20261010_115447_684488_624e6bba,dqn,43,v1,sparse,622,12751,20.0,3,49,0.27938521256203835,0.5091918627826535,11752,True,False,True,4.362125082989223
baseline100k_dqn_statev1_sparse_seed43_20261010_115447_684488_624e6bba,dqn,43,v1,sparse,623,12752,-10.0,0,1,0.27935727404078214,0.4652249813079834,11753,True,False,True,4.362505082972348
baseline100k_dqn_statev1_sparse_seed43_20261010_115447_684488_624e6bba,dqn,43,v1,sparse,624,12769,-10.0,0,17,0.2788827464109091,0.5217005838366116,11770,True,False,True,4.368642582965549
baseline100k_dqn_statev1_sparse_seed43_20261010_115447_684488_624e6bba,dqn,43,v1,sparse,625,12783,10.0,2,14,0.27849256424774765,0.5072224714926311,11784,True,False,True,4.373811082972679
baseline100k_dqn_statev1_sparse_seed43_20261010_115447_684488_624e6bba,dqn,43,v1,sparse,626,12816,0.0,1,33,0.27757500770815297,0.4908760232907353,11817,True,False,True,4.3860234579769894
baseline100k_dqn_statev1_sparse_seed43_20261010_115447_684488_624e6bba,dqn,43,v1,sparse,627,12829,10.0,2,13,0.27721437662727166,0.569222418161539,11830,True,False,True,4.390840250009205
baseline100k_dqn_statev1_sparse_seed43_20261010_115447_684488_624e6bba,dqn,43,v1,sparse,628,12897,40.0,5,68,0.275335619939377,0.488919530502137,11898,True,False,True,4.415780832991004
baseline100k_dqn_statev1_sparse_seed43_20261010_115447_684488_624e6bba,dqn,43,v1,sparse,629,12922,10.0,2,25,0.27464810626346475,0.4613431143760681,11923,True,False,True,4.424959666968789
baseline100k_dqn_statev1_sparse_seed43_20261010_115447_684488_624e6bba,dqn,43,v1,sparse,630,12930,-10.0,0,8,0.27442846466454535,0.4931340590119362,11931,True,False,True,4.427927749988157
baseline100k_dqn_statev1_sparse_seed43_20261010_115447_684488_624e6bba,dqn,43,v1,sparse,631,12932,0.0,1,2,0.2743735817158971,0.1910317912697792,11933,True,False,True,4.4286533750128
baseline100k_dqn_statev1_sparse_seed43_20261010_115447_684488_624e6bba,dqn,43,v1,sparse,632,12941,0.0,1,9,0.27412674424379835,0.4935671223534478,11942,True,False,True,4.431977666972671
baseline100k_dqn_statev1_sparse_seed43_20261010_115447_684488_624e6bba,dqn,43,v1,sparse,633,12963,10.0,2,22,0.27352429821728663,0.45364939827810635,11964,True,False,True,4.440022874972783
baseline100k_dqn_statev1_sparse_seed43_20261010_115447_684488_624e6bba,dqn,43,v1,sparse,634,12964,-10.0,0,1,0.2734969457874649,0.22191452980041504,11965,True,False,True,4.440394125005696
baseline100k_dqn_statev1_sparse_seed43_20261010_115447_684488_624e6bba,dqn,43,v1,sparse,635,13075,90.0,10,111,0.2704777661754873,0.4827952689684189,12076,True,False,True,4.481211291975342
baseline100k_dqn_statev1_sparse_seed43_20261010_115447_684488_624e6bba,dqn,43,v1,sparse,636,13170,70.0,8,95,0.2679202668768514,0.46097951037319085,12171,True,False,True,4.516454499971587
baseline100k_dqn_statev1_sparse_seed43_20261010_115447_684488_624e6bba,dqn,43,v1,sparse,637,13215,30.0,4,45,0.2667172742887477,0.5377904140286975,12216,True,False,True,4.533341208007187
baseline100k_dqn_statev1_sparse_seed43_20261010_115447_684488_624e6bba,dqn,43,v1,sparse,638,13241,20.0,3,26,0.266024675513672,0.5251075556645026,12242,True,False,True,4.5432062079780735
baseline100k_dqn_statev1_sparse_seed43_20261010_115447_684488_624e6bba,dqn,43,v1,sparse,639,13259,10.0,2,18,0.2655462378985061,0.4910590549310048,12260,True,False,True,4.549969999992754
baseline100k_dqn_statev1_sparse_seed43_20261010_115447_684488_624e6bba,dqn,43,v1,sparse,640,13374,110.0,12,115,0.2625097973370486,0.49976584166288374,12375,True,False,True,4.592686832998879
baseline100k_dqn_statev1_sparse_seed43_20261010_115447_684488_624e6bba,dqn,43,v1,sparse,641,13384,10.0,2,10,0.2622474056376247,0.48251862078905106,12385,True,False,True,4.596394416992553
baseline100k_dqn_statev1_sparse_seed43_20261010_115447_684488_624e6bba,dqn,43,v1,sparse,642,13403,20.0,3,19,0.2617495837559608,0.46392668077820226,12404,True,False,True,4.603491041983943
baseline100k_dqn_statev1_sparse_seed43_20261010_115447_684488_624e6bba,dqn,43,v1,sparse,643,13445,40.0,5,42,0.2606524861661443,0.48224661499261856,12446,True,False,True,4.619069957989268
baseline100k_dqn_statev1_sparse_seed43_20261010_115447_684488_624e6bba,dqn,43,v1,sparse,644,13498,20.0,3,53,0.2592746136823031,0.4678863615922208,12499,True,False,True,4.6386497499770485
baseline100k_dqn_statev1_sparse_seed43_20261010_115447_684488_624e6bba,dqn,43,v1,sparse,645,13540,10.0,2,42,0.2581878896856888,0.5034999112997737,12541,True,False,True,4.6542377499863505
baseline100k_dqn_statev1_sparse_seed43_20261010_115447_684488_624e6bba,dqn,43,v1,sparse,646,13557,10.0,2,17,0.2577493212332468,0.5436680772725273,12558,True,False,True,4.660568207968026
baseline100k_dqn_statev1_sparse_seed43_20261010_115447_684488_624e6bba,dqn,43,v1,sparse,647,13559,-10.0,0,2,0.2576977739464934,0.5572144091129303,12560,True,False,True,4.661333124968223
baseline100k_dqn_statev1_sparse_seed43_20261010_115447_684488_624e6bba,dqn,43,v1,sparse,648,13574,-10.0,0,15,0.25731149775101897,0.4858076721429825,12575,True,False,True,4.666861833014991
baseline100k_dqn_statev1_sparse_seed43_20261010_115447_684488_624e6bba,dqn,43,v1,sparse,649,13653,70.0,8,79,0.25528664437669907,0.4927860083459299,12654,True,False,True,4.695908041961957
baseline100k_dqn_statev1_sparse_seed43_20261010_115447_684488_624e6bba,dqn,43,v1,sparse,650,13690,20.0,3,37,0.25434378201966473,0.49262124098636006,12691,True,False,True,4.709546833008062
baseline100k_dqn_statev1_sparse_seed43_20261010_115447_684488_624e6bba,dqn,43,v1,sparse,651,13760,30.0,4,70,0.25256950404837414,0.5098955771752767,12761,True,False,True,4.735313542012591
baseline100k_dqn_statev1_sparse_seed43_20261010_115447_684488_624e6bba,dqn,43,v1,sparse,652,13788,20.0,3,28,0.25186326332286313,0.47975479119590353,12789,True,False,True,4.7457326669828035
baseline100k_dqn_statev1_sparse_seed43_20261010_115447_684488_624e6bba,dqn,43,v1,sparse,653,13849,40.0,5,61,0.2503314974628825,0.5203046195331167,12850,True,False,True,4.768389749980997
baseline100k_dqn_statev1_sparse_seed43_20261010_115447_684488_624e6bba,dqn,43,v1,sparse,654,13882,20.0,3,33,0.24950672390677672,0.4998566973390001,12883,True,False,True,4.780594333016779
baseline100k_dqn_statev1_sparse_seed43_20261010_115447_684488_624e6bba,dqn,43,v1,sparse,655,13918,20.0,3,36,0.24861006981306377,0.5207565493053861,12919,True,False,True,4.793731249985285
baseline100k_dqn_statev1_sparse_seed43_20261010_115447_684488_624e6bba,dqn,43,v1,sparse,656,13928,0.0,1,10,0.24836157158795413,0.5205073922872543,12929,True,False,True,4.797442750015762
baseline100k_dqn_statev1_sparse_seed43_20261010_115447_684488_624e6bba,dqn,43,v1,sparse,657,13993,50.0,6,65,0.24675237646168277,0.5257791846990585,12994,True,False,True,4.82148749998305
baseline100k_dqn_statev1_sparse_seed43_20261010_115447_684488_624e6bba,dqn,43,v1,sparse,658,14040,30.0,4,47,0.24559530368881022,0.4993286627404233,13041,True,False,True,4.838871625019237
baseline100k_dqn_statev1_sparse_seed43_20261010_115447_684488_624e6bba,dqn,43,v1,sparse,659,14055,-10.0,0,15,0.24522716849663356,0.4548044423262278,13056,True,False,True,4.8443485419848
baseline100k_dqn_statev1_sparse_seed43_20261010_115447_684488_624e6bba,dqn,43,v1,sparse,660,14128,40.0,5,73,0.24344343951110195,0.5460069546960804,13129,True,False,True,4.871109667001292
baseline100k_dqn_statev1_sparse_seed43_20261010_115447_684488_624e6bba,dqn,43,v1,sparse,661,14130,-10.0,0,2,0.24339475325763413,0.48243777453899384,13131,True,False,True,4.871864042012021
baseline100k_dqn_statev1_sparse_seed43_20261010_115447_684488_624e6bba,dqn,43,v1,sparse,662,14151,10.0,2,21,0.24288413508120563,0.5730439452897935,13152,True,False,True,4.87960570800351
baseline100k_dqn_statev1_sparse_seed43_20261010_115447_684488_624e6bba,dqn,43,v1,sparse,663,14171,0.0,1,20,0.2423988280141297,0.4472123958170414,13172,True,False,True,4.886834291974083
baseline100k_dqn_statev1_sparse_seed43_20261010_115447_684488_624e6bba,dqn,43,v1,sparse,664,14239,40.0,5,68,0.24075602570059165,0.5373563979040173,13240,True,False,True,4.912006333004683
baseline100k_dqn_statev1_sparse_seed43_20261010_115447_684488_624e6bba,dqn,43,v1,sparse,665,14278,40.0,5,39,0.23981885900421943,0.4820339039732248,13279,True,False,True,4.926420792005956
baseline100k_dqn_statev1_sparse_seed43_20261010_115447_684488_624e6bba,dqn,43,v1,sparse,666,14362,60.0,7,84,0.23781271786930802,0.5236152085874762,13363,True,False,True,4.957408000016585
baseline100k_dqn_statev1_sparse_seed43_20261010_115447_684488_624e6bba,dqn,43,v1,sparse,667,14373,-10.0,0,11,0.2375512546374154,0.3772164928642186,13374,True,False,True,4.961470625014044
baseline100k_dqn_statev1_sparse_seed43_20261010_115447_684488_624e6bba,dqn,43,v1,sparse,668,14416,30.0,4,43,0.23653192640161322,0.5286960227544918,13417,True,False,True,4.977439458016306
baseline100k_dqn_statev1_sparse_seed43_20261010_115447_684488_624e6bba,dqn,43,v1,sparse,669,14424,-10.0,0,8,0.2363427670761872,0.49278805404901505,13425,True,False,True,4.980455167009495
baseline100k_dqn_statev1_sparse_seed43_20261010_115447_684488_624e6bba,dqn,43,v1,sparse,670,14565,80.0,9,141,0.2330335533814762,0.5340795834542166,13566,True,False,True,5.032331541995518
baseline100k_dqn_statev1_sparse_seed43_20261010_115447_684488_624e6bba,dqn,43,v1,sparse,671,14629,60.0,7,64,0.23154682690194983,0.4985257397638634,13630,True,False,True,5.055914666969329
baseline100k_dqn_statev1_sparse_seed43_20261010_115447_684488_624e6bba,dqn,43,v1,sparse,672,14673,30.0,4,44,0.23053020823309844,0.5200281522490762,13674,True,False,True,5.0720877919811755
baseline100k_dqn_statev1_sparse_seed43_20261010_115447_684488_624e6bba,dqn,43,v1,sparse,673,14679,-10.0,0,6,0.23039192468307956,0.5445772806803385,13680,True,False,True,5.074321916967165
baseline100k_dqn_statev1_sparse_seed43_20261010_115447_684488_624e6bba,dqn,43,v1,sparse,674,14737,40.0,5,58,0.2290594527992239,0.4884094359545872,13738,True,False,True,5.095848249970004
baseline100k_dqn_statev1_sparse_seed43_20261010_115447_684488_624e6bba,dqn,43,v1,sparse,675,14761,30.0,4,24,0.22851034185322255,0.540217132307589,13762,True,False,True,5.104791332967579
baseline100k_dqn_statev1_sparse_seed43_20261010_115447_684488_624e6bba,dqn,43,v1,sparse,676,14834,50.0,6,73,0.22684820742188636,0.536037011199618,13835,True,False,True,5.131939666986
baseline100k_dqn_statev1_sparse_seed43_20261010_115447_684488_624e6bba,dqn,43,v1,sparse,677,14927,80.0,9,93,0.22474819428810802,0.5613034585470794,13928,True,False,True,5.16659812501166
baseline100k_dqn_statev1_sparse_seed43_20261010_115447_684488_624e6bba,dqn,43,v1,sparse,678,14977,50.0,6,50,0.22362720208215423,0.5281839534640312,13978,True,False,True,5.185347124992404
baseline100k_dqn_statev1_sparse_seed43_20261010_115447_684488_624e6bba,dqn,43,v1,sparse,679,14996,10.0,2,19,0.22320269258410566,0.5487715060773649,13997,True,False,True,5.192486832966097
baseline100k_dqn_statev1_sparse_seed43_20261010_115447_684488_624e6bba,dqn,43,v1,sparse,680,15002,0.0,1,6,0.22306880444449537,0.7273403157790502,14003,True,False,True,5.194940332963597
baseline100k_dqn_statev1_sparse_seed43_20261010_115447_684488_624e6bba,dqn,43,v1,sparse,681,15065,60.0,7,63,0.2216678186652326,0.5122445594696772,14066,True,False,True,5.21863212500466
baseline100k_dqn_statev1_sparse_seed43_20261010_115447_684488_624e6bba,dqn,43,v1,sparse,682,15144,80.0,9,79,0.21992345498725677,0.5343060322766062,14145,True,False,True,5.248217457963619
baseline100k_dqn_statev1_sparse_seed43_20261010_115447_684488_624e6bba,dqn,43,v1,sparse,683,15147,-10.0,0,3,0.21985748454824433,0.4326382130384445,14148,True,False,True,5.249348499986809
baseline100k_dqn_statev1_sparse_seed43_20261010_115447_684488_624e6bba,dqn,43,v1,sparse,684,15192,40.0,5,45,0.21887029934036978,0.51553436352147,14193,True,False,True,5.267029292008374
baseline100k_dqn_statev1_sparse_seed43_20261010_115447_684488_624e6bba,dqn,43,v1,sparse,685,15207,10.0,2,15,0.21854222360561748,0.5035489281018575,14208,True,False,True,5.272716958017554
baseline100k_dqn_statev1_sparse_seed43_20261010_115447_684488_624e6bba,dqn,43,v1,sparse,686,15288,60.0,7,81,0.2167790937527383,0.5028981746714792,14289,True,False,True,5.30299458297668
baseline100k_dqn_statev1_sparse_seed43_20261010_115447_684488_624e6bba,dqn,43,v1,sparse,687,15298,-10.0,0,10,0.21656241218356886,0.4935743510723114,14299,True,False,True,5.3067665419657715
baseline100k_dqn_statev1_sparse_seed43_20261010_115447_684488_624e6bba,dqn,43,v1,sparse,688,15397,70.0,8,99,0.21442891585933657,0.5162964695782373,14398,True,False,True,5.343581291963346
baseline100k_dqn_statev1_sparse_seed43_20261010_115447_684488_624e6bba,dqn,43,v1,sparse,689,15463,40.0,5,66,0.21301827471807833,0.5599414911685567,14464,True,False,True,5.368384666973725
baseline100k_dqn_statev1_sparse_seed43_20261010_115447_684488_624e6bba,dqn,43,v1,sparse,690,15499,20.0,3,36,0.21225274942452763,0.5234853087200059,14500,True,False,True,5.381988333014306
baseline100k_dqn_statev1_sparse_seed43_20261010_115447_684488_624e6bba,dqn,43,v1,sparse,691,15525,30.0,4,26,0.21170158154591961,0.572584351667991,14526,True,False,True,5.391800082987174
baseline100k_dqn_statev1_sparse_seed43_20261010_115447_684488_624e6bba,dqn,43,v1,sparse,692,15599,70.0,8,74,0.2101406942031791,0.49951772331386,14600,True,False,True,5.419420791964512
baseline100k_dqn_statev1_sparse_seed43_20261010_115447_684488_624e6bba,dqn,43,v1,sparse,693,15632,30.0,4,33,0.20944833830950585,0.44174479535131744,14633,True,False,True,5.431638333015144
baseline100k_dqn_statev1_sparse_seed43_20261010_115447_684488_624e6bba,dqn,43,v1,sparse,694,15678,40.0,5,46,0.2084870405675729,0.5593941833661951,14679,True,False,True,5.44854920799844
baseline100k_dqn_statev1_sparse_seed43_20261010_115447_684488_624e6bba,dqn,43,v1,sparse,695,15806,130.0,14,128,0.20583528132435713,0.5196672640740871,14807,True,False,True,5.49606708297506
baseline100k_dqn_statev1_sparse_seed43_20261010_115447_684488_624e6bba,dqn,43,v1,sparse,696,15844,30.0,4,38,0.20505455254244423,0.5710051922421706,14845,True,False,True,5.5103808749699965
baseline100k_dqn_statev1_sparse_seed43_20261010_115447_684488_624e6bba,dqn,43,v1,sparse,697,15887,50.0,6,43,0.2041746670810716,0.5224370807409286,14888,True,False,True,5.526712207996752
baseline100k_dqn_statev1_sparse_seed43_20261010_115447_684488_624e6bba,dqn,43,v1,sparse,698,15888,-10.0,0,1,0.2041542496143635,0.8164661526679993,14889,True,False,True,5.52708408300532
baseline100k_dqn_statev1_sparse_seed43_20261010_115447_684488_624e6bba,dqn,43,v1,sparse,699,15920,30.0,4,32,0.20350196760880443,0.5739281098358333,14921,True,False,True,5.538844875001814
baseline100k_dqn_statev1_sparse_seed43_20261010_115447_684488_624e6bba,dqn,43,v1,sparse,700,15934,0.0,1,14,0.20321724996688828,0.654850606407438,14935,True,False,True,5.54429925000295
baseline100k_dqn_statev1_sparse_seed43_20261010_115447_684488_624e6bba,dqn,43,v1,sparse,701,15953,10.0,2,19,0.20283148449660984,0.5104454371489977,14954,True,False,True,5.553077332966495
baseline100k_dqn_statev1_sparse_seed43_20261010_115447_684488_624e6bba,dqn,43,v1,sparse,702,16008,50.0,6,55,0.20171891806505,0.5111875930970365,15009,True,False,True,5.573850582994055
baseline100k_dqn_statev1_sparse_seed43_20261010_115447_684488_624e6bba,dqn,43,v1,sparse,703,16024,0.0,1,16,0.20139640974592174,0.5897524878382683,15025,True,False,True,5.579875374969561
baseline100k_dqn_statev1_sparse_seed43_20261010_115447_684488_624e6bba,dqn,43,v1,sparse,704,16083,40.0,5,59,0.20021161028295187,0.5169397823638835,15084,True,False,True,5.601773666974623
baseline100k_dqn_statev1_sparse_seed43_20261010_115447_684488_624e6bba,dqn,43,v1,sparse,705,16094,0.0,1,11,0.19999148759499802,0.5479262335733934,15095,True,False,True,5.605951500008814
baseline100k_dqn_statev1_sparse_seed43_20261010_115447_684488_624e6bba,dqn,43,v1,sparse,706,16115,20.0,3,21,0.1995719251873035,0.6142510161513374,15116,True,False,True,5.613996208005119
baseline100k_dqn_statev1_sparse_seed43_20261010_115447_684488_624e6bba,dqn,43,v1,sparse,707,16146,10.0,2,31,0.1989541793322269,0.5676119308317861,15147,True,False,True,5.626159458013717
baseline100k_dqn_statev1_sparse_seed43_20261010_115447_684488_624e6bba,dqn,43,v1,sparse,708,16166,0.0,1,20,0.1985566487597918,0.54756178855896,15167,True,False,True,5.633682832994964
baseline100k_dqn_statev1_sparse_seed43_20261010_115447_684488_624e6bba,dqn,43,v1,sparse,709,16206,40.0,5,40,0.19776396894668666,0.5842518221586943,15207,True,False,True,5.649017916992307
baseline100k_dqn_statev1_sparse_seed43_20261010_115447_684488_624e6bba,dqn,43,v1,sparse,710,16253,30.0,4,47,0.19683661291792334,0.5707515265713347,15254,True,False,True,5.667144000006374
baseline100k_dqn_statev1_sparse_seed43_20261010_115447_684488_624e6bba,dqn,43,v1,sparse,711,16262,0.0,1,9,0.19665953081094611,0.8178538348939683,15263,True,False,True,5.670605707971845
baseline100k_dqn_statev1_sparse_seed43_20261010_115447_684488_624e6bba,dqn,43,v1,sparse,712,16288,0.0,1,26,0.19614885466329193,0.5612872002216486,15289,True,False,True,5.680454541987274
baseline100k_dqn_statev1_sparse_seed43_20261010_115447_684488_624e6bba,dqn,43,v1,sparse,713,16370,100.0,11,82,0.19454693082182803,0.5964082320470635,15371,True,False,True,5.711768625013065
baseline100k_dqn_statev1_sparse_seed43_20261010_115447_684488_624e6bba,dqn,43,v1,sparse,714,16439,70.0,8,69,0.19320911089385948,0.6068498688763466,15440,True,False,True,5.737863041984383
baseline100k_dqn_statev1_sparse_seed43_20261010_115447_684488_624e6bba,dqn,43,v1,sparse,715,16475,20.0,3,36,0.1925147739336646,0.580879989390572,15476,True,False,True,5.751691582961939
baseline100k_dqn_statev1_sparse_seed43_20261010_115447_684488_624e6bba,dqn,43,v1,sparse,716,16488,10.0,2,13,0.192264654834029,0.6465782270981715,15489,True,False,True,5.756726541963872
baseline100k_dqn_statev1_sparse_seed43_20261010_115447_684488_624e6bba,dqn,43,v1,sparse,717,16503,10.0,2,15,0.19197645964221138,0.5665123462677002,15504,True,False,True,5.762346791976597
baseline100k_dqn_statev1_sparse_seed43_20261010_115447_684488_624e6bba,dqn,43,v1,sparse,718,16605,100.0,11,102,0.1900281555803613,0.6051637585840973,15606,True,False,True,5.800729541981127
baseline100k_dqn_statev1_sparse_seed43_20261010_115447_684488_624e6bba,dqn,43,v1,sparse,719,16647,20.0,3,42,0.18923167128994553,0.5988130321105322,15648,True,False,True,5.816743041970767
baseline100k_dqn_statev1_sparse_seed43_20261010_115447_684488_624e6bba,dqn,43,v1,sparse,720,16695,40.0,5,48,0.18832549053173386,0.5938304069762429,15696,True,False,True,5.834602457995061
baseline100k_dqn_statev1_sparse_seed43_20261010_115447_684488_624e6bba,dqn,43,v1,sparse,721,16841,140.0,15,146,0.18559577727983095,0.5849356294086535,15842,True,False,True,5.889534916961566
baseline100k_dqn_statev1_sparse_seed43_20261010_115447_684488_624e6bba,dqn,43,v1,sparse,722,16877,20.0,3,36,0.18492880041095924,0.60953246222602,15878,True,False,True,5.902780124975834
baseline100k_dqn_statev1_sparse_seed43_20261010_115447_684488_624e6bba,dqn,43,v1,sparse,723,16974,140.0,15,97,0.1831435741299739,0.5950544098603356,15975,True,False,True,5.93965733301593
baseline100k_dqn_statev1_sparse_seed43_20261010_115447_684488_624e6bba,dqn,43,v1,sparse,724,17071,70.0,8,97,0.1813755816863747,0.5892180695976179,16072,True,False,True,5.97600370796863
baseline100k_dqn_statev1_sparse_seed43_20261010_115447_684488_624e6bba,dqn,43,v1,sparse,725,17139,50.0,6,68,0.18014635039159177,0.5924446098506451,16140,True,False,True,6.001799249963369
baseline100k_dqn_statev1_sparse_seed43_20261010_115447_684488_624e6bba,dqn,43,v1,sparse,726,17196,20.0,3,57,0.17912238606613826,0.5714344222817505,16197,True,False,True,6.023028291994706
baseline100k_dqn_statev1_sparse_seed43_20261010_115447_684488_624e6bba,dqn,43,v1,sparse,727,17232,20.0,3,36,0.17847867266945305,0.5612731122722229,16233,True,False,True,6.036526667012367
baseline100k_dqn_statev1_sparse_seed43_20261010_115447_684488_624e6bba,dqn,43,v1,sparse,728,17247,0.0,1,15,0.17821114198187177,0.625975568095843,16248,True,False,True,6.04217366699595
baseline100k_dqn_statev1_sparse_seed43_20261010_115447_684488_624e6bba,dqn,43,v1,sparse,729,17253,-10.0,0,6,0.17810424202478997,0.8639342983563741,16254,True,False,True,6.044473125017248
baseline100k_dqn_statev1_sparse_seed43_20261010_115447_684488_624e6bba,dqn,43,v1,sparse,730,17267,10.0,2,14,0.17785505809600338,0.5899537674018315,16268,True,False,True,6.049734041967895
baseline100k_dqn_statev1_sparse_seed43_20261010_115447_684488_624e6bba,dqn,43,v1,sparse,731,17306,40.0,5,39,0.17716273965145393,0.6190588103655057,16307,True,False,True,6.064623792015482
baseline100k_dqn_statev1_sparse_seed43_20261010_115447_684488_624e6bba,dqn,43,v1,sparse,732,17371,50.0,6,65,0.17601485910221581,0.60799480676651,16372,True,False,True,6.088993499986827
baseline100k_dqn_statev1_sparse_seed43_20261010_115447_684488_624e6bba,dqn,43,v1,sparse,733,17453,70.0,8,82,0.17457736715391067,0.604918451570883,16454,True,False,True,6.119723499985412
baseline100k_dqn_statev1_sparse_seed43_20261010_115447_684488_624e6bba,dqn,43,v1,sparse,734,17515,40.0,5,62,0.1734982821427808,0.6200975174865415,16516,True,False,True,6.142896417004522
baseline100k_dqn_statev1_sparse_seed43_20261010_115447_684488_624e6bba,dqn,43,v1,sparse,735,17534,0.0,1,19,0.17316893192071942,0.591004867302744,16535,True,False,True,6.14999662496848
baseline100k_dqn_statev1_sparse_seed43_20261010_115447_684488_624e6bba,dqn,43,v1,sparse,736,17630,80.0,9,96,0.17151438199261967,0.6130538509848217,16631,True,False,True,6.186019667016808
baseline100k_dqn_statev1_sparse_seed43_20261010_115447_684488_624e6bba,dqn,43,v1,sparse,737,17756,70.0,8,126,0.16936675188041628,0.5917348855781177,16757,True,False,True,6.23317570798099
baseline100k_dqn_statev1_sparse_seed43_20261010_115447_684488_624e6bba,dqn,43,v1,sparse,738,17774,0.0,1,18,0.16906215072001046,0.6398110522164239,16775,True,False,True,6.240062124968972
baseline100k_dqn_statev1_sparse_seed43_20261010_115447_684488_624e6bba,dqn,43,v1,sparse,739,17781,-10.0,0,7,0.16894384271164153,0.5513550341129303,16782,True,False,True,6.242714749998413
baseline100k_dqn_statev1_sparse_seed43_20261010_115447_684488_624e6bba,dqn,43,v1,sparse,740,17801,10.0,2,20,0.16860627582700524,0.6531622320413589,16802,True,False,True,6.2503454579855315
baseline100k_dqn_statev1_sparse_seed43_20261010_115447_684488_624e6bba,dqn,43,v1,sparse,741,17818,0.0,1,17,0.1683198743480224,0.639767488136011,16819,True,False,True,6.256627666996792
baseline100k_dqn_statev1_sparse_seed43_20261010_115447_684488_624e6bba,dqn,43,v1,sparse,742,17860,30.0,4,42,0.16761437817944946,0.5838959479615802,16861,True,False,True,6.272239417012315
baseline100k_dqn_statev1_sparse_seed43_20261010_115447_684488_624e6bba,dqn,43,v1,sparse,743,17884,-10.0,0,24,0.1672125659484291,0.6122465003281832,16885,True,False,True,6.2810837919823825
baseline100k_dqn_statev1_sparse_seed43_20261010_115447_684488_624e6bba,dqn,43,v1,sparse,744,17957,50.0,6,73,0.16599629818146097,0.608681978632326,16958,True,False,True,6.3082285830168985
baseline100k_dqn_statev1_sparse_seed43_20261010_115447_684488_624e6bba,dqn,43,v1,sparse,745,17989,20.0,3,32,0.16546593254617425,0.5417527938261628,16990,True,False,True,6.320357457967475
baseline100k_dqn_statev1_sparse_seed43_20261010_115447_684488_624e6bba,dqn,43,v1,sparse,746,18043,30.0,4,54,0.1645747802289304,0.5909535479214456,17044,True,False,True,6.340735958016012
baseline100k_dqn_statev1_sparse_seed43_20261010_115447_684488_624e6bba,dqn,43,v1,sparse,747,18087,70.0,8,44,0.16385220589594812,0.5864251567558809,17088,True,False,True,6.357086666976102
baseline100k_dqn_statev1_sparse_seed43_20261010_115447_684488_624e6bba,dqn,43,v1,sparse,748,18146,70.0,8,59,0.16288827607318274,0.545214691657131,17147,True,False,True,6.379390916961711
baseline100k_dqn_statev1_sparse_seed43_20261010_115447_684488_624e6bba,dqn,43,v1,sparse,749,18183,40.0,5,37,0.16228667302306385,0.5527223046566989,17184,True,False,True,6.393376374966465
baseline100k_dqn_statev1_sparse_seed43_20261010_115447_684488_624e6bba,dqn,43,v1,sparse,750,18201,0.0,1,18,0.16199480517785583,0.5471460604005389,17202,True,False,True,6.4001704580150545
baseline100k_dqn_statev1_sparse_seed43_20261010_115447_684488_624e6bba,dqn,43,v1,sparse,751,18214,0.0,1,13,0.16178433824075378,0.6746897651599004,17215,True,False,True,6.405025207961444
baseline100k_dqn_statev1_sparse_seed43_20261010_115447_684488_624e6bba,dqn,43,v1,sparse,752,18270,20.0,3,56,0.1608808329466887,0.613044877669641,17271,True,False,True,6.42580187501153
baseline100k_dqn_statev1_sparse_seed43_20261010_115447_684488_624e6bba,dqn,43,v1,sparse,753,18323,60.0,7,53,0.16003037770586123,0.5566799089593707,17324,True,False,True,6.445540292013902
baseline100k_dqn_statev1_sparse_seed43_20261010_115447_684488_624e6bba,dqn,43,v1,sparse,754,18359,20.0,3,36,0.15945527539582496,0.5917618440257179,17360,True,False,True,6.459084332978819
baseline100k_dqn_statev1_sparse_seed43_20261010_115447_684488_624e6bba,dqn,43,v1,sparse,755,18416,50.0,6,57,0.15854892057289485,0.5899541150582465,17417,True,False,True,6.480384416994639
baseline100k_dqn_statev1_sparse_seed43_20261010_115447_684488_624e6bba,dqn,43,v1,sparse,756,18469,40.0,5,53,0.1577107923884553,0.5486780433159955,17470,True,False,True,6.500084457977209
baseline100k_dqn_statev1_sparse_seed43_20261010_115447_684488_624e6bba,dqn,43,v1,sparse,757,18470,-10.0,0,1,0.15769502130921648,0.935335099697113,17471,True,False,True,6.500474166998174
baseline100k_dqn_statev1_sparse_seed43_20261010_115447_684488_624e6bba,dqn,43,v1,sparse,758,18483,10.0,2,13,0.15749014073854162,0.5995098409744409,17484,True,False,True,6.505336583009921
baseline100k_dqn_statev1_sparse_seed43_20261010_115447_684488_624e6bba,dqn,43,v1,sparse,759,18495,10.0,2,12,0.1573012564785082,0.4980383689204852,17496,True,False,True,6.509840207989328
baseline100k_dqn_statev1_sparse_seed43_20261010_115447_684488_624e6bba,dqn,43,v1,sparse,760,18517,20.0,3,22,0.1569555568380291,0.5826033719561317,17518,True,False,True,6.518108125019353
baseline100k_dqn_statev1_sparse_seed43_20261010_115447_684488_624e6bba,dqn,43,v1,sparse,761,18546,20.0,3,29,0.1565010223896166,0.5999824332779852,17547,True,False,True,6.529045082977973
baseline100k_dqn_statev1_sparse_seed43_20261010_115447_684488_624e6bba,dqn,43,v1,sparse,762,18630,70.0,8,84,0.1551918545452897,0.5875857525638172,17631,True,False,True,6.560662249976303
baseline100k_dqn_statev1_sparse_seed43_20261010_115447_684488_624e6bba,dqn,43,v1,sparse,763,18738,100.0,11,108,0.1535247179012042,0.5714945231598837,17739,True,False,True,6.602197667001747
baseline100k_dqn_statev1_sparse_seed43_20261010_115447_684488_624e6bba,dqn,43,v1,sparse,764,18779,10.0,2,41,0.15289652382547617,0.5759872383460766,17780,True,False,True,6.619896916963626
baseline100k_dqn_statev1_sparse_seed43_20261010_115447_684488_624e6bba,dqn,43,v1,sparse,765,18796,10.0,2,17,0.15263680757031206,0.6579336778205984,17797,True,False,True,6.626681291963905
baseline100k_dqn_statev1_sparse_seed43_20261010_115447_684488_624e6bba,dqn,43,v1,sparse,766,18828,20.0,3,32,0.1521491261081227,0.5441393381915987,17829,True,False,True,6.639010375016369
baseline100k_dqn_statev1_sparse_seed43_20261010_115447_684488_624e6bba,dqn,43,v1,sparse,767,18922,110.0,12,94,0.15072555441264565,0.5687006456737823,17923,True,False,True,6.675609208003152
baseline100k_dqn_statev1_sparse_seed43_20261010_115447_684488_624e6bba,dqn,43,v1,sparse,768,18990,60.0,7,68,0.14970404662926654,0.5351471985854647,17991,True,False,True,6.70128354197368
baseline100k_dqn_statev1_sparse_seed43_20261010_115447_684488_624e6bba,dqn,43,v1,sparse,769,18999,0.0,1,9,0.14956936686818373,0.6987988220320808,18000,True,False,True,6.704830041970126
baseline100k_dqn_statev1_sparse_seed43_20261010_115447_684488_624e6bba,dqn,43,v1,sparse,770,19016,10.0,2,17,0.1493153022571752,0.5795486061012044,18017,True,False,True,6.7112613749923185
baseline100k_dqn_statev1_sparse_seed43_20261010_115447_684488_624e6bba,dqn,43,v1,sparse,771,19037,20.0,3,21,0.14900205348606982,0.6895490558374495,18038,True,False,True,6.71913941699313
baseline100k_dqn_statev1_sparse_seed43_20261010_115447_684488_624e6bba,dqn,43,v1,sparse,772,19059,0.0,1,22,0.14867459293378987,0.6114447394555266,18060,True,False,True,6.727431416977197
baseline100k_dqn_statev1_sparse_seed43_20261010_115447_684488_624e6bba,dqn,43,v1,sparse,773,19146,100.0,11,87,0.14738667016606272,0.6080344502610722,18147,True,False,True,6.759994666965213
baseline100k_dqn_statev1_sparse_seed43_20261010_115447_684488_624e6bba,dqn,43,v1,sparse,774,19221,70.0,8,75,0.1462853501855182,0.6300770779450734,18222,True,False,True,6.788053207972553
baseline100k_dqn_statev1_sparse_seed43_20261010_115447_684488_624e6bba,dqn,43,v1,sparse,775,19243,20.0,3,22,0.14596386010909654,0.7115530561317097,18244,True,False,True,6.796284542011563
baseline100k_dqn_statev1_sparse_seed43_20261010_115447_684488_624e6bba,dqn,43,v1,sparse,776,19278,30.0,4,35,0.1454538541291127,0.6522952990872519,18279,True,False,True,6.809319541964214
baseline100k_dqn_statev1_sparse_seed43_20261010_115447_684488_624e6bba,dqn,43,v1,sparse,777,19392,100.0,11,114,0.1438050139952163,0.6049955087272745,18393,True,False,True,6.851825999969151
baseline100k_dqn_statev1_sparse_seed43_20261010_115447_684488_624e6bba,dqn,43,v1,sparse,778,19414,10.0,2,22,0.14348897493265464,0.6850071867758577,18415,True,False,True,6.860021999978926
baseline100k_dqn_statev1_sparse_seed43_20261010_115447_684488_624e6bba,dqn,43,v1,sparse,779,19451,0.0,1,37,0.14295902024801474,0.6723669042458406,18452,True,False,True,6.873694207984954
baseline100k_dqn_statev1_sparse_seed43_20261010_115447_684488_624e6bba,dqn,43,v1,sparse,780,19557,80.0,9,106,0.14145158279408157,0.6367979347705841,18558,True,False,True,6.914014957961626
baseline100k_dqn_statev1_sparse_seed43_20261010_115447_684488_624e6bba,dqn,43,v1,sparse,781,19571,0.0,1,14,0.14125367924763602,0.5867294498852321,18572,True,False,True,6.91926674998831
baseline100k_dqn_statev1_sparse_seed43_20261010_115447_684488_624e6bba,dqn,43,v1,sparse,782,19619,40.0,5,48,0.14057725248837186,0.7117437552660704,18620,True,False,True,6.937076666974463
baseline100k_dqn_statev1_sparse_seed43_20261010_115447_684488_624e6bba,dqn,43,v1,sparse,783,19689,60.0,7,70,0.1395965989792747,0.6763505629130773,18690,True,False,True,6.963154957978986
baseline100k_dqn_statev1_sparse_seed43_20261010_115447_684488_624e6bba,dqn,43,v1,sparse,784,19701,-10.0,0,12,0.13942917516355058,0.6751091529925665,18702,True,False,True,6.96761495800456
baseline100k_dqn_statev1_sparse_seed43_20261010_115447_684488_624e6bba,dqn,43,v1,sparse,785,19723,20.0,3,22,0.13912275284496647,0.669966499236497,18724,True,False,True,6.975834875018336
baseline100k_dqn_statev1_sparse_seed43_20261010_115447_684488_624e6bba,dqn,43,v1,sparse,786,19777,30.0,4,54,0.1383734773797915,0.5760725306140052,18778,True,False,True,6.995923916983884
baseline100k_dqn_statev1_sparse_seed43_20261010_115447_684488_624e6bba,dqn,43,v1,sparse,787,19885,100.0,11,108,0.13688701086783897,0.6069986540134307,18886,True,False,True,7.036118082993198
baseline100k_dqn_statev1_sparse_seed43_20261010_115447_684488_624e6bba,dqn,43,v1,sparse,788,19992,110.0,12,107,0.135430055614418,0.5958805584183363,18993,True,False,True,7.076269083016086
baseline100k_dqn_statev1_sparse_seed43_20261010_115447_684488_624e6bba,dqn,43,v1,sparse,789,20017,20.0,3,25,0.13509188645423093,0.6836828243732452,19018,True,False,True,7.085637499985751
baseline100k_dqn_statev1_sparse_seed43_20261010_115447_684488_624e6bba,dqn,43,v1,sparse,790,20034,-10.0,0,17,0.13486241388039397,0.6628875565879485,19035,True,False,True,7.091983874968719
baseline100k_dqn_statev1_sparse_seed43_20261010_115447_684488_624e6bba,dqn,43,v1,sparse,791,20094,40.0,5,60,0.13405562185341457,0.6489365299542745,19095,True,False,True,7.114202082972042
baseline100k_dqn_statev1_sparse_seed43_20261010_115447_684488_624e6bba,dqn,43,v1,sparse,792,20256,150.0,16,162,0.1319013101041234,0.6641709154218803,19257,True,False,True,7.174630124995019
baseline100k_dqn_statev1_sparse_seed43_20261010_115447_684488_624e6bba,dqn,43,v1,sparse,793,20299,20.0,3,43,0.13133532391333846,0.6328192360179369,19300,True,False,True,7.190657166996971
baseline100k_dqn_statev1_sparse_seed43_20261010_115447_684488_624e6bba,dqn,43,v1,sparse,794,20317,-10.0,0,18,0.1310991211662106,0.6159693333837721,19318,True,False,True,7.197522917005699
baseline100k_dqn_statev1_sparse_seed43_20261010_115447_684488_624e6bba,dqn,43,v1,sparse,795,20415,50.0,6,98,0.12982056102762674,0.6964070054949546,19416,True,False,True,7.2343729169806466
baseline100k_dqn_statev1_sparse_seed43_20261010_115447_684488_624e6bba,dqn,43,v1,sparse,796,20543,100.0,11,128,0.12816936548219962,0.685796169214882,19544,True,False,True,7.282308582973201
baseline100k_dqn_statev1_sparse_seed43_20261010_115447_684488_624e6bba,dqn,43,v1,sparse,797,20629,80.0,9,86,0.1270717804396815,0.6901033090990644,19630,True,False,True,7.3147518329788
baseline100k_dqn_statev1_sparse_seed43_20261010_115447_684488_624e6bba,dqn,43,v1,sparse,798,20682,30.0,4,53,0.12640004807941957,0.6545602544298712,19683,True,False,True,7.334290541999508
baseline100k_dqn_statev1_sparse_seed43_20261010_115447_684488_624e6bba,dqn,43,v1,sparse,799,20835,110.0,12,153,0.12448075143907711,0.6210399087932374,19836,True,False,True,7.39131004200317
baseline100k_dqn_statev1_sparse_seed43_20261010_115447_684488_624e6bba,dqn,43,v1,sparse,800,20862,10.0,2,27,0.12414508997374135,0.6842982023954391,19863,True,False,True,7.4012195419636555
baseline100k_dqn_statev1_sparse_seed43_20261010_115447_684488_624e6bba,dqn,43,v1,sparse,801,20931,50.0,6,69,0.12329139480299399,0.6277107203352279,19932,True,False,True,7.428908374975435
baseline100k_dqn_statev1_sparse_seed43_20261010_115447_684488_624e6bba,dqn,43,v1,sparse,802,20957,0.0,1,26,0.12297123755316595,0.6678547607018397,19958,True,False,True,7.438729957968462
baseline100k_dqn_statev1_sparse_seed43_20261010_115447_684488_624e6bba,dqn,43,v1,sparse,803,21044,70.0,8,87,0.12190597513344077,0.6471626924714823,20045,True,False,True,7.471328874991741
baseline100k_dqn_statev1_sparse_seed43_20261010_115447_684488_624e6bba,dqn,43,v1,sparse,804,21150,110.0,12,106,0.12062053240687765,0.6197639865414152,20151,True,False,True,7.511038291966543
baseline100k_dqn_statev1_sparse_seed43_20261010_115447_684488_624e6bba,dqn,43,v1,sparse,805,21214,50.0,6,64,0.11985098769152791,0.6674222275614738,20215,True,False,True,7.535009042010643
baseline100k_dqn_statev1_sparse_seed43_20261010_115447_684488_624e6bba,dqn,43,v1,sparse,806,21257,20.0,3,43,0.11933670922127014,0.6446475414342658,20258,True,False,True,7.55130879196804
baseline100k_dqn_statev1_sparse_seed43_20261010_115447_684488_624e6bba,dqn,43,v1,sparse,807,21271,0.0,1,14,0.11916974638133916,0.5881568895918983,20272,True,False,True,7.556617374997586
baseline100k_dqn_statev1_sparse_seed43_20261010_115447_684488_624e6bba,dqn,43,v1,sparse,808,21347,70.0,8,76,0.11826744428424696,0.6765661145511427,20348,True,False,True,7.585553292010445
baseline100k_dqn_statev1_sparse_seed43_20261010_115447_684488_624e6bba,dqn,43,v1,sparse,809,21408,60.0,7,61,0.11754817291806301,0.6281585087541675,20409,True,False,True,7.608635750017129
baseline100k_dqn_statev1_sparse_seed43_20261010_115447_684488_624e6bba,dqn,43,v1,sparse,810,21430,10.0,2,22,0.1172898382929845,0.6318311975760893,20431,True,False,True,7.616898041975219
baseline100k_dqn_statev1_sparse_seed43_20261010_115447_684488_624e6bba,dqn,43,v1,sparse,811,21479,40.0,5,49,0.11671649525538218,0.6344622136378775,20480,True,False,True,7.635350624972489
baseline100k_dqn_statev1_sparse_seed43_20261010_115447_684488_624e6bba,dqn,43,v1,sparse,812,21601,120.0,13,122,0.11530113450067855,0.5831250149573459,20602,True,False,True,7.681022332981229
baseline100k_dqn_statev1_sparse_seed43_20261010_115447_684488_624e6bba,dqn,43,v1,sparse,813,21679,80.0,9,78,0.11440523938941585,0.5580680116246908,20680,True,False,True,7.710378542018589
baseline100k_dqn_statev1_sparse_seed43_20261010_115447_684488_624e6bba,dqn,43,v1,sparse,814,21753,50.0,6,74,0.1135617233003904,0.5958570980945149,20754,True,False,True,7.738180916989222
baseline100k_dqn_statev1_sparse_seed43_20261010_115447_684488_624e6bba,dqn,43,v1,sparse,815,21829,80.0,9,76,0.11270188274358117,0.6314171834995872,20830,True,False,True,7.767024291970301
baseline100k_dqn_statev1_sparse_seed43_20261010_115447_684488_624e6bba,dqn,43,v1,sparse,816,21886,40.0,5,57,0.11206127744078141,0.6374062260514811,20887,True,False,True,7.788415374991018
baseline100k_dqn_statev1_sparse_seed43_20261010_115447_684488_624e6bba,dqn,43,v1,sparse,817,22043,100.0,11,157,0.11031556777884653,0.6347128150949053,21044,True,False,True,7.847598457999993
baseline100k_dqn_statev1_sparse_seed43_20261010_115447_684488_624e6bba,dqn,43,v1,sparse,818,22060,0.0,1,17,0.11012818126780637,0.6110151077018064,21061,True,False,True,7.854051249974873
baseline100k_dqn_statev1_sparse_seed43_20261010_115447_684488_624e6bba,dqn,43,v1,sparse,819,22105,20.0,3,45,0.10963369316001645,0.5738812184996075,21106,True,False,True,7.870812750014011
baseline100k_dqn_statev1_sparse_seed43_20261010_115447_684488_624e6bba,dqn,43,v1,sparse,820,22162,80.0,9,57,0.10901052765919142,0.620040609909777,21163,True,False,True,7.89218412496848
baseline100k_dqn_statev1_sparse_seed43_20261010_115447_684488_624e6bba,dqn,43,v1,sparse,821,22247,70.0,8,85,0.10808781910499261,0.6856622243628783,21248,True,False,True,7.923784666985739
baseline100k_dqn_statev1_sparse_seed43_20261010_115447_684488_624e6bba,dqn,43,v1,sparse,822,22320,80.0,9,73,0.10730161186253079,0.5910529816803867,21321,True,False,True,7.9509764579706825
baseline100k_dqn_statev1_sparse_seed43_20261010_115447_684488_624e6bba,dqn,43,v1,sparse,823,22357,40.0,5,37,0.10690530969434918,0.6296992048218444,21358,True,False,True,7.964677500014659
baseline100k_dqn_statev1_sparse_seed43_20261010_115447_684488_624e6bba,dqn,43,v1,sparse,824,22379,10.0,2,22,0.10667036479973101,0.6449615958739411,21380,True,False,True,7.972985583008267
baseline100k_dqn_statev1_sparse_seed43_20261010_115447_684488_624e6bba,dqn,43,v1,sparse,825,22411,20.0,3,32,0.10632954818867964,0.5456756437197328,21412,True,False,True,7.984937458008062
baseline100k_dqn_statev1_sparse_seed43_20261010_115447_684488_624e6bba,dqn,43,v1,sparse,826,22503,110.0,12,92,0.1053557539770243,0.6280800243434699,21504,True,False,True,8.019497291999869
baseline100k_dqn_statev1_sparse_seed43_20261010_115447_684488_624e6bba,dqn,43,v1,sparse,827,22582,100.0,11,79,0.1045266812157643,0.6896164011728915,21583,True,False,True,8.048962750006467
baseline100k_dqn_statev1_sparse_seed43_20261010_115447_684488_624e6bba,dqn,43,v1,sparse,828,22598,0.0,1,16,0.10435956389932062,0.6389982402324677,21599,True,False,True,8.054971417004708
baseline100k_dqn_statev1_sparse_seed43_20261010_115447_684488_624e6bba,dqn,43,v1,sparse,829,22613,0.0,1,15,0.10420313408354442,0.595397969086965,21614,True,False,True,8.060634082998149
baseline100k_dqn_statev1_sparse_seed43_20261010_115447_684488_624e6bba,dqn,43,v1,sparse,830,22629,10.0,2,16,0.10403653405443689,0.578639168292284,21630,True,False,True,8.066655999980867
baseline100k_dqn_statev1_sparse_seed43_20261010_115447_684488_624e6bba,dqn,43,v1,sparse,831,22695,70.0,8,66,0.10335211976011013,0.6509331058372151,21696,True,False,True,8.09118629200384
baseline100k_dqn_statev1_sparse_seed43_20261010_115447_684488_624e6bba,dqn,43,v1,sparse,832,22844,150.0,16,149,0.10182351314516705,0.6536822854072456,21845,True,False,True,8.14707108301809
baseline100k_dqn_statev1_sparse_seed43_20261010_115447_684488_624e6bba,dqn,43,v1,sparse,833,22862,0.0,1,18,0.10164038652842407,0.6328540212578244,21863,True,False,True,8.153789041971322
baseline100k_dqn_statev1_sparse_seed43_20261010_115447_684488_624e6bba,dqn,43,v1,sparse,834,22891,10.0,2,29,0.1013460416963083,0.7328926581760933,21892,True,False,True,8.164571958011948
baseline100k_dqn_statev1_sparse_seed43_20261010_115447_684488_624e6bba,dqn,43,v1,sparse,835,22970,70.0,8,79,0.10054852243931306,0.6454050082571899,21971,True,False,True,8.194132125005126
baseline100k_dqn_statev1_sparse_seed43_20261010_115447_684488_624e6bba,dqn,43,v1,sparse,836,23030,40.0,5,60,0.09994700757765161,0.666985763112704,22031,True,False,True,8.216591332980897
baseline100k_dqn_statev1_sparse_seed43_20261010_115447_684488_624e6bba,dqn,43,v1,sparse,837,23078,60.0,7,48,0.09946838761678403,0.6620616487537822,22079,True,False,True,8.234472292009741
baseline100k_dqn_statev1_sparse_seed43_20261010_115447_684488_624e6bba,dqn,43,v1,sparse,838,23132,40.0,5,54,0.09893267925220892,0.6398017138794616,22133,True,False,True,8.254434124974068
baseline100k_dqn_statev1_sparse_seed43_20261010_115447_684488_624e6bba,dqn,43,v1,sparse,839,23149,0.0,1,17,0.09876462817867326,0.5548551179030362,22150,True,False,True,8.260741874983069
baseline100k_dqn_statev1_sparse_seed43_20261010_115447_684488_624e6bba,dqn,43,v1,sparse,840,23222,70.0,8,73,0.09804623579536774,0.6018161314399275,22223,True,False,True,8.288081208011135
baseline100k_dqn_statev1_sparse_seed43_20261010_115447_684488_624e6bba,dqn,43,v1,sparse,841,23302,80.0,9,80,0.09726495613006055,0.6767822789028287,22303,True,False,True,8.317794499977026
baseline100k_dqn_statev1_sparse_seed43_20261010_115447_684488_624e6bba,dqn,43,v1,sparse,842,23303,-10.0,0,1,0.09725522963444753,0.48342883586883545,22304,True,False,True,8.318172166997101
baseline100k_dqn_statev1_sparse_seed43_20261010_115447_684488_624e6bba,dqn,43,v1,sparse,843,23350,40.0,5,47,0.09679917980893768,0.6619901181535518,22351,True,False,True,8.335636916977819
baseline100k_dqn_statev1_sparse_seed43_20261010_115447_684488_624e6bba,dqn,43,v1,sparse,844,23406,30.0,4,56,0.09625859242965516,0.6743228116205761,22407,True,False,True,8.356608750007581
baseline100k_dqn_statev1_sparse_seed43_20261010_115447_684488_624e6bba,dqn,43,v1,sparse,845,23460,50.0,6,54,0.09574017110643578,0.6870182233828085,22461,True,False,True,8.376833707967307
baseline100k_dqn_statev1_sparse_seed43_20261010_115447_684488_624e6bba,dqn,43,v1,sparse,846,23574,90.0,10,114,0.09465487682192492,0.6163252829982523,22575,True,False,True,8.419230416999198
baseline100k_dqn_statev1_sparse_seed43_20261010_115447_684488_624e6bba,dqn,43,v1,sparse,847,23642,50.0,6,68,0.09401337516160482,0.6503683188382317,22643,True,False,True,8.445150749990717
baseline100k_dqn_statev1_sparse_seed43_20261010_115447_684488_624e6bba,dqn,43,v1,sparse,848,23683,20.0,3,41,0.09362869023188737,0.6345906104983353,22684,True,False,True,8.460545582987834
baseline100k_dqn_statev1_sparse_seed43_20261010_115447_684488_624e6bba,dqn,43,v1,sparse,849,23771,70.0,8,88,0.09280833161146754,0.6578632073307579,22772,True,False,True,8.501777541998308
baseline100k_dqn_statev1_sparse_seed43_20261010_115447_684488_624e6bba,dqn,43,v1,sparse,850,23919,130.0,14,148,0.09144481503916417,0.6531151471709883,22920,True,False,True,8.565351041965187
baseline100k_dqn_statev1_sparse_seed43_20261010_115447_684488_624e6bba,dqn,43,v1,sparse,851,23944,10.0,2,25,0.09121647712580398,0.6275104331970215,22945,True,False,True,8.574980916979257
baseline100k_dqn_statev1_sparse_seed43_20261010_115447_684488_624e6bba,dqn,43,v1,sparse,852,24075,150.0,16,131,0.09002927506663047,0.6700677089108765,23076,True,False,True,8.62468395801261
baseline100k_dqn_statev1_sparse_seed43_20261010_115447_684488_624e6bba,dqn,43,v1,sparse,853,24109,20.0,3,34,0.08972368005731918,0.7393222100594464,23110,True,False,True,8.637411958014127
baseline100k_dqn_statev1_sparse_seed43_20261010_115447_684488_624e6bba,dqn,43,v1,sparse,854,24218,100.0,11,109,0.08875095429426255,0.7293666144576642,23219,True,False,True,8.678416832990479
baseline100k_dqn_statev1_sparse_seed43_20261010_115447_684488_624e6bba,dqn,43,v1,sparse,855,24253,10.0,2,35,0.08844085344200014,0.7030615525586265,23254,True,False,True,8.691591832961421
baseline100k_dqn_statev1_sparse_seed43_20261010_115447_684488_624e6bba,dqn,43,v1,sparse,856,24296,30.0,4,43,0.08806135530274822,0.7100206946217736,23297,True,False,True,8.70764345797943
baseline100k_dqn_statev1_sparse_seed43_20261010_115447_684488_624e6bba,dqn,43,v1,sparse,857,24445,130.0,14,149,0.08675890334966702,0.6601216999076357,23446,True,False,True,8.763383458019234
baseline100k_dqn_statev1_sparse_seed43_20261010_115447_684488_624e6bba,dqn,43,v1,sparse,858,24573,110.0,12,128,0.08565541162537349,0.675056671956554,23574,True,False,True,8.811286333017051
baseline100k_dqn_statev1_sparse_seed43_20261010_115447_684488_624e6bba,dqn,43,v1,sparse,859,24589,10.0,2,16,0.0855184657053154,0.6448678225278854,23590,True,False,True,8.817234624992125
baseline100k_dqn_statev1_sparse_seed43_20261010_115447_684488_624e6bba,dqn,43,v1,sparse,860,24726,150.0,16,137,0.08435479389414878,0.705686988512965,23727,True,False,True,8.868384082976263
baseline100k_dqn_statev1_sparse_seed43_20261010_115447_684488_624e6bba,dqn,43,v1,sparse,861,24751,10.0,2,25,0.08414415977988576,0.645374413728714,23752,True,False,True,8.877771749976091
baseline100k_dqn_statev1_sparse_seed43_20261010_115447_684488_624e6bba,dqn,43,v1,sparse,862,24806,60.0,7,55,0.08368261423721395,0.6635453202507713,23807,True,False,True,8.898354874982033
baseline100k_dqn_statev1_sparse_seed43_20261010_115447_684488_624e6bba,dqn,43,v1,sparse,863,24859,50.0,6,53,0.08324024757028005,0.670447550292285,23860,True,False,True,8.9180838749744
baseline100k_dqn_statev1_sparse_seed43_20261010_115447_684488_624e6bba,dqn,43,v1,sparse,864,24891,20.0,3,32,0.08297429123711068,0.6209456846117973,23892,True,False,True,8.92999133298872
baseline100k_dqn_statev1_sparse_seed43_20261010_115447_684488_624e6bba,dqn,43,v1,sparse,865,25044,110.0,12,153,0.0817143844504762,0.6613296165185816,24045,True,False,True,8.986900499963667
baseline100k_dqn_statev1_sparse_seed43_20261010_115447_684488_624e6bba,dqn,43,v1,sparse,866,25049,0.0,1,5,0.0816735354288723,0.5260850489139557,24050,True,False,True,8.988790458010044
baseline100k_dqn_statev1_sparse_seed43_20261010_115447_684488_624e6bba,dqn,43,v1,sparse,867,25079,10.0,2,30,0.081428869771094,0.6851394563913346,24080,True,False,True,8.999963917012792
baseline100k_dqn_statev1_sparse_seed43_20261010_115447_684488_624e6bba,dqn,43,v1,sparse,868,25148,60.0,7,69,0.08086891663160449,0.6576100976570792,24149,True,False,True,9.025844457966741
baseline100k_dqn_statev1_sparse_seed43_20261010_115447_684488_624e6bba,dqn,43,v1,sparse,869,25195,40.0,5,47,0.0804897056065765,0.5724900475841888,24196,True,False,True,9.043336124974303
baseline100k_dqn_statev1_sparse_seed43_20261010_115447_684488_624e6bba,dqn,43,v1,sparse,870,25240,30.0,4,45,0.08012829763848184,0.6733085069391462,24241,True,False,True,9.060143082984723
baseline100k_dqn_statev1_sparse_seed43_20261010_115447_684488_624e6bba,dqn,43,v1,sparse,871,25309,90.0,10,69,0.07957728800331508,0.7227326476055643,24310,True,False,True,9.085969457984902
baseline100k_dqn_statev1_sparse_seed43_20261010_115447_684488_624e6bba,dqn,43,v1,sparse,872,25394,100.0,11,85,0.07890371412070658,0.6988100228940739,24395,True,False,True,9.117532957985532
baseline100k_dqn_statev1_sparse_seed43_20261010_115447_684488_624e6bba,dqn,43,v1,sparse,873,25434,30.0,4,40,0.07858871393434579,0.7339405238628387,24435,True,False,True,9.132382792013232
baseline100k_dqn_statev1_sparse_seed43_20261010_115447_684488_624e6bba,dqn,43,v1,sparse,874,25540,80.0,9,106,0.0777600319061984,0.6465046200549828,24541,True,False,True,9.171601500012912
baseline100k_dqn_statev1_sparse_seed43_20261010_115447_684488_624e6bba,dqn,43,v1,sparse,875,25702,130.0,14,162,0.07651040620572662,0.6948869521787138,24703,True,False,True,9.232024249969982
baseline100k_dqn_statev1_sparse_seed43_20261010_115447_684488_624e6bba,dqn,43,v1,sparse,876,25817,90.0,10,115,0.07563553295346284,0.6505276523206545,24818,True,False,True,9.27475941699231
baseline100k_dqn_statev1_sparse_seed43_20261010_115447_684488_624e6bba,dqn,43,v1,sparse,877,25846,20.0,3,29,0.07541649671196887,0.7540377399017071,24847,True,False,True,9.285732916963752
baseline100k_dqn_statev1_sparse_seed43_20261010_115447_684488_624e6bba,dqn,43,v1,sparse,878,25861,10.0,2,15,0.07530345111991828,0.6730179687341055,24862,True,False,True,9.291386291966774
baseline100k_dqn_statev1_sparse_seed43_20261010_115447_684488_624e6bba,dqn,43,v1,sparse,879,25972,110.0,12,111,0.07447216342974611,0.6815778156658551,24973,True,False,True,9.33262724999804
baseline100k_dqn_statev1_sparse_seed43_20261010_115447_684488_624e6bba,dqn,43,v1,sparse,880,26028,60.0,7,56,0.07405626412422046,0.6850657734487738,25029,True,False,True,9.353523666970432
baseline100k_dqn_statev1_sparse_seed43_20261010_115447_684488_624e6bba,dqn,43,v1,sparse,881,26111,70.0,8,83,0.07344411047588134,0.7477906572531505,25112,True,False,True,9.384497332968749
baseline100k_dqn_statev1_sparse_seed43_20261010_115447_684488_624e6bba,dqn,43,v1,sparse,882,26287,190.0,20,176,0.07216273920698765,0.6862471375445073,25288,True,False,True,9.45001454197336
baseline100k_dqn_statev1_sparse_seed43_20261010_115447_684488_624e6bba,dqn,43,v1,sparse,883,26302,0.0,1,15,0.07205457083622917,0.641935932636261,25303,True,False,True,9.455669125018176
baseline100k_dqn_statev1_sparse_seed43_20261010_115447_684488_624e6bba,dqn,43,v1,sparse,884,26365,60.0,7,63,0.07160203140865734,0.7434425089094374,25366,True,False,True,9.479037042008713
baseline100k_dqn_statev1_sparse_seed43_20261010_115447_684488_624e6bba,dqn,43,v1,sparse,885,26454,110.0,12,89,0.07096756915071005,0.7090703501795115,25455,True,False,True,9.512409957998898
baseline100k_dqn_statev1_sparse_seed43_20261010_115447_684488_624e6bba,dqn,43,v1,sparse,886,26564,90.0,10,110,0.07019116512048641,0.7375361372124065,25565,True,False,True,9.5535609999788
baseline100k_dqn_statev1_sparse_seed43_20261010_115447_684488_624e6bba,dqn,43,v1,sparse,887,26598,30.0,4,34,0.06995290851181449,0.6736195407369557,25599,True,False,True,9.566561083018314
baseline100k_dqn_statev1_sparse_seed43_20261010_115447_684488_624e6bba,dqn,43,v1,sparse,888,26617,20.0,3,19,0.0698201175373583,0.6957464327937678,25618,True,False,True,9.573720207961742
baseline100k_dqn_statev1_sparse_seed43_20261010_115447_684488_624e6bba,dqn,43,v1,sparse,889,26665,50.0,6,48,0.0694857673378534,0.6323030063261589,25666,True,False,True,9.59180016699247
baseline100k_dqn_statev1_sparse_seed43_20261010_115447_684488_624e6bba,dqn,43,v1,sparse,890,26738,60.0,7,73,0.0689803430080686,0.6731070004505654,25739,True,False,True,9.619725583004765
baseline100k_dqn_statev1_sparse_seed43_20261010_115447_684488_624e6bba,dqn,43,v1,sparse,891,26815,60.0,7,77,0.06845120769515217,0.7194982662603453,25816,True,False,True,9.649380667018704
baseline100k_dqn_statev1_sparse_seed43_20261010_115447_684488_624e6bba,dqn,43,v1,sparse,892,26836,10.0,2,21,0.06830760381552936,0.8234380455244155,25837,True,False,True,9.657569666975178
baseline100k_dqn_statev1_sparse_seed43_20261010_115447_684488_624e6bba,dqn,43,v1,sparse,893,27016,180.0,19,180,0.06708900629722364,0.711853279504511,26017,True,False,True,9.726148749992717
baseline100k_dqn_statev1_sparse_seed43_20261010_115447_684488_624e6bba,dqn,43,v1,sparse,894,27203,170.0,18,187,0.06584603770904052,0.7090276674153333,26204,True,False,True,9.797295750002377
baseline100k_dqn_statev1_sparse_seed43_20261010_115447_684488_624e6bba,dqn,43,v1,sparse,895,27255,40.0,5,52,0.06550450997799702,0.6874976221185464,26256,True,False,True,9.816956457972992
baseline100k_dqn_statev1_sparse_seed43_20261010_115447_684488_624e6bba,dqn,43,v1,sparse,896,27263,-10.0,0,8,0.06545212470760961,0.6981470137834549,26264,True,False,True,9.819937082997058
baseline100k_dqn_statev1_sparse_seed43_20261010_115447_684488_624e6bba,dqn,43,v1,sparse,897,27322,50.0,6,59,0.06506707493288096,0.6779840651710155,26323,True,False,True,9.842378166969866
baseline100k_dqn_statev1_sparse_seed43_20261010_115447_684488_624e6bba,dqn,43,v1,sparse,898,27448,100.0,11,126,0.0642523327065126,0.7351039724335784,26449,True,False,True,9.890097333001904
baseline100k_dqn_statev1_sparse_seed43_20261010_115447_684488_624e6bba,dqn,43,v1,sparse,899,27471,30.0,4,23,0.0641047147859554,0.7325193350729735,26472,True,False,True,9.89895666699158
baseline100k_dqn_statev1_sparse_seed43_20261010_115447_684488_624e6bba,dqn,43,v1,sparse,900,27562,80.0,9,91,0.0635239791988159,0.6861625543007484,26563,True,False,True,9.933198582963087
baseline100k_dqn_statev1_sparse_seed43_20261010_115447_684488_624e6bba,dqn,43,v1,sparse,901,27579,10.0,2,17,0.06341607478360847,0.6753266769296983,26580,True,False,True,9.94133012497332
baseline100k_dqn_statev1_sparse_seed43_20261010_115447_684488_624e6bba,dqn,43,v1,sparse,902,27590,0.0,1,11,0.06334635196972607,0.6990048099647869,26591,True,False,True,9.945570082985796
baseline100k_dqn_statev1_sparse_seed43_20261010_115447_684488_624e6bba,dqn,43,v1,sparse,903,27635,30.0,4,45,0.06306191961680518,0.7003707044654423,26636,True,False,True,9.962629791989457
baseline100k_dqn_statev1_sparse_seed43_20261010_115447_684488_624e6bba,dqn,43,v1,sparse,904,27743,70.0,8,108,0.062384481761915224,0.7025123132323777,26744,True,False,True,10.003598208015319
baseline100k_dqn_statev1_sparse_seed43_20261010_115447_684488_624e6bba,dqn,43,v1,sparse,905,27836,120.0,13,93,0.06180696681245682,0.6908233463764191,26837,True,False,True,10.039236416982021
baseline100k_dqn_statev1_sparse_seed43_20261010_115447_684488_624e6bba,dqn,43,v1,sparse,906,27872,20.0,3,36,0.061584850674885026,0.7405255519681506,26873,True,False,True,10.052709000010509
baseline100k_dqn_statev1_sparse_seed43_20261010_115447_684488_624e6bba,dqn,43,v1,sparse,907,27989,100.0,11,117,0.06086847109544277,0.6909499298303555,26990,True,False,True,10.09737704199506
baseline100k_dqn_statev1_sparse_seed43_20261010_115447_684488_624e6bba,dqn,43,v1,sparse,908,28079,100.0,11,90,0.060323085502549556,0.712465062406328,27080,True,False,True,10.131309832970146
baseline100k_dqn_statev1_sparse_seed43_20261010_115447_684488_624e6bba,dqn,43,v1,sparse,909,28108,10.0,2,29,0.06014839324604198,0.7012001029376326,27109,True,False,True,10.142327625013422
baseline100k_dqn_statev1_sparse_seed43_20261010_115447_684488_624e6bba,dqn,43,v1,sparse,910,28200,90.0,10,92,0.05959753830326138,0.7388391219403433,27201,True,False,True,10.177154708013404
baseline100k_dqn_statev1_sparse_seed43_20261010_115447_684488_624e6bba,dqn,43,v1,sparse,911,28258,50.0,6,58,0.05925285589199483,0.6868781000375748,27259,True,False,True,10.199014999961946
baseline100k_dqn_statev1_sparse_seed43_20261010_115447_684488_624e6bba,dqn,43,v1,sparse,912,28310,50.0,6,52,0.058945525426340094,0.7378756111631026,27311,True,False,True,10.218728041974828
baseline100k_dqn_statev1_sparse_seed43_20261010_115447_684488_624e6bba,dqn,43,v1,sparse,913,28358,50.0,6,48,0.058663250791444625,0.7022863272577524,27359,True,False,True,10.237032042001374
baseline100k_dqn_statev1_sparse_seed43_20261010_115447_684488_624e6bba,dqn,43,v1,sparse,914,28447,100.0,11,89,0.05814343846456746,0.6436825235573094,27448,True,False,True,10.270811958005652
baseline100k_dqn_statev1_sparse_seed43_20261010_115447_684488_624e6bba,dqn,43,v1,sparse,915,28466,10.0,2,19,0.0580330653004461,0.7531500772426003,27467,True,False,True,10.278071417007595
baseline100k_dqn_statev1_sparse_seed43_20261010_115447_684488_624e6bba,dqn,43,v1,sparse,916,28508,30.0,4,42,0.05778982542530597,0.6976044277350107,27509,True,False,True,10.293979457987007
baseline100k_dqn_statev1_sparse_seed43_20261010_115447_684488_624e6bba,dqn,43,v1,sparse,917,28617,120.0,13,109,0.0571633057373281,0.7450012895492238,27618,True,False,True,10.335462999995798
baseline100k_dqn_statev1_sparse_seed43_20261010_115447_684488_624e6bba,dqn,43,v1,sparse,918,28760,150.0,16,143,0.05635164707310841,0.7044693133630953,27761,True,False,True,10.389694083016366
baseline100k_dqn_statev1_sparse_seed43_20261010_115447_684488_624e6bba,dqn,43,v1,sparse,919,28915,180.0,19,155,0.05548488794210005,0.6999309235042142,27916,True,False,True,10.448336749977898
baseline100k_dqn_statev1_sparse_seed43_20261010_115447_684488_624e6bba,dqn,43,v1,sparse,920,28951,20.0,3,36,0.05528549150446707,0.7297805713282691,27952,True,False,True,10.462000333005562
baseline100k_dqn_statev1_sparse_seed43_20261010_115447_684488_624e6bba,dqn,43,v1,sparse,921,28969,0.0,1,18,0.05518606216146498,0.7076757765478559,27970,True,False,True,10.468793916981667
baseline100k_dqn_statev1_sparse_seed43_20261010_115447_684488_624e6bba,dqn,43,v1,sparse,922,29046,50.0,6,77,0.05476274019759744,0.6395808676040018,28047,True,False,True,10.497956666979007
baseline100k_dqn_statev1_sparse_seed43_20261010_115447_684488_624e6bba,dqn,43,v1,sparse,923,29063,10.0,2,17,0.05466971797936256,0.6695886675049277,28064,True,False,True,10.504324792011175
baseline100k_dqn_statev1_sparse_seed43_20261010_115447_684488_624e6bba,dqn,43,v1,sparse,924,29265,190.0,20,202,0.05357641455227754,0.6517422588744967,28266,True,False,True,10.58115512499353
baseline100k_dqn_statev1_sparse_seed43_20261010_115447_684488_624e6bba,dqn,43,v1,sparse,925,29289,30.0,4,24,0.05344797891987449,0.5905403134723505,28290,True,False,True,10.590391249977984
baseline100k_dqn_statev1_sparse_seed43_20261010_115447_684488_624e6bba,dqn,43,v1,sparse,926,29405,140.0,15,116,0.05283153383585772,0.6567942608019401,28406,True,False,True,10.634948666964192
baseline100k_dqn_statev1_sparse_seed43_20261010_115447_684488_624e6bba,dqn,43,v1,sparse,927,29514,130.0,14,109,0.0522587687193232,0.6838819537687739,28515,True,False,True,10.67654366698116
baseline100k_dqn_statev1_sparse_seed43_20261010_115447_684488_624e6bba,dqn,43,v1,sparse,928,29573,60.0,7,59,0.05195133443490753,0.6851940109568128,28574,True,False,True,10.699040042003617
baseline100k_dqn_statev1_sparse_seed43_20261010_115447_684488_624e6bba,dqn,43,v1,sparse,929,29669,90.0,10,96,0.051454963199602334,0.6242636916382859,28670,True,False,True,10.735411375004333
baseline100k_dqn_statev1_sparse_seed43_20261010_115447_684488_624e6bba,dqn,43,v1,sparse,930,29718,50.0,6,49,0.05120343804337451,0.6741897229637418,28719,True,False,True,10.754116875003092
baseline100k_dqn_statev1_sparse_seed43_20261010_115447_684488_624e6bba,dqn,43,v1,sparse,931,29725,0.0,1,7,0.0511676063876742,0.645004859992436,28726,True,False,True,10.756771874963306
baseline100k_dqn_statev1_sparse_seed43_20261010_115447_684488_624e6bba,dqn,43,v1,sparse,932,29823,110.0,12,98,0.050668588077466846,0.6507448599654801,28824,True,False,True,10.793735041981563
baseline100k_dqn_statev1_sparse_seed43_20261010_115447_684488_624e6bba,dqn,43,v1,sparse,933,29825,0.0,1,2,0.050658454866537236,0.852027177810669,28826,True,False,True,10.794522583018988
baseline100k_dqn_statev1_sparse_seed43_20261010_115447_684488_624e6bba,dqn,43,v1,sparse,934,29945,120.0,13,120,0.050054156236413246,0.6787227860341469,28946,True,False,True,10.839645457977895
baseline100k_dqn_statev1_sparse_seed43_20261010_115447_684488_624e6bba,dqn,43,v1,sparse,935,30067,130.0,14,122,0.05,0.7060050111813624,29068,True,False,True,10.885734000010416
baseline100k_dqn_statev1_sparse_seed43_20261010_115447_684488_624e6bba,dqn,43,v1,sparse,936,30268,180.0,19,201,0.05,0.7129420804147103,29269,True,False,True,10.961456292017829
baseline100k_dqn_statev1_sparse_seed43_20261010_115447_684488_624e6bba,dqn,43,v1,sparse,937,30437,180.0,19,169,0.05,0.6731471151289855,29438,True,False,True,11.025568957964424
baseline100k_dqn_statev1_sparse_seed43_20261010_115447_684488_624e6bba,dqn,43,v1,sparse,938,30461,10.0,2,24,0.05,0.639013102898995,29462,True,False,True,11.034869958006311
baseline100k_dqn_statev1_sparse_seed43_20261010_115447_684488_624e6bba,dqn,43,v1,sparse,939,30509,40.0,5,48,0.05,0.7241542637348175,29510,True,False,True,11.053868999995757
baseline100k_dqn_statev1_sparse_seed43_20261010_115447_684488_624e6bba,dqn,43,v1,sparse,940,30625,130.0,14,116,0.05,0.7385732137180608,29626,True,False,True,11.098324291990139
baseline100k_dqn_statev1_sparse_seed43_20261010_115447_684488_624e6bba,dqn,43,v1,sparse,941,30703,70.0,8,78,0.05,0.7018971981910559,29704,True,False,True,11.12770733301295
baseline100k_dqn_statev1_sparse_seed43_20261010_115447_684488_624e6bba,dqn,43,v1,sparse,942,30920,280.0,29,217,0.05,0.7199466542302189,29921,True,False,True,11.210209792014211
baseline100k_dqn_statev1_sparse_seed43_20261010_115447_684488_624e6bba,dqn,43,v1,sparse,943,31008,110.0,12,88,0.05,0.7289438671009107,30009,True,False,True,11.243428874993697
baseline100k_dqn_statev1_sparse_seed43_20261010_115447_684488_624e6bba,dqn,43,v1,sparse,944,31034,40.0,5,26,0.05,0.9945961053554828,30035,True,False,True,11.253352082974743
baseline100k_dqn_statev1_sparse_seed43_20261010_115447_684488_624e6bba,dqn,43,v1,sparse,945,31214,200.0,21,180,0.05,0.7456768266028828,30215,True,False,True,11.321389624965377
baseline100k_dqn_statev1_sparse_seed43_20261010_115447_684488_624e6bba,dqn,43,v1,sparse,946,31422,180.0,19,208,0.05,0.7471419071348814,30423,True,False,True,11.399977332970593
baseline100k_dqn_statev1_sparse_seed43_20261010_115447_684488_624e6bba,dqn,43,v1,sparse,947,31430,0.0,1,8,0.05,0.7891679406166077,30431,True,False,True,11.403000166988932
baseline100k_dqn_statev1_sparse_seed43_20261010_115447_684488_624e6bba,dqn,43,v1,sparse,948,31576,150.0,16,146,0.05,0.7492870941554031,30577,True,False,True,11.458862792002037
baseline100k_dqn_statev1_sparse_seed43_20261010_115447_684488_624e6bba,dqn,43,v1,sparse,949,31700,110.0,12,124,0.05,0.7450721117277299,30701,True,False,True,11.506038457970135
baseline100k_dqn_statev1_sparse_seed43_20261010_115447_684488_624e6bba,dqn,43,v1,sparse,950,31884,150.0,16,184,0.05,0.7644114986709927,30885,True,False,True,11.576666124979965
baseline100k_dqn_statev1_sparse_seed43_20261010_115447_684488_624e6bba,dqn,43,v1,sparse,951,31906,20.0,3,22,0.05,0.692925407805226,30907,True,False,True,11.58520137501182
baseline100k_dqn_statev1_sparse_seed43_20261010_115447_684488_624e6bba,dqn,43,v1,sparse,952,31951,30.0,4,45,0.05,0.7352110193835364,30952,True,False,True,11.602457957982551
baseline100k_dqn_statev1_sparse_seed43_20261010_115447_684488_624e6bba,dqn,43,v1,sparse,953,32151,180.0,19,200,0.05,0.7570006347447634,31152,True,False,True,11.680901999992784
baseline100k_dqn_statev1_sparse_seed43_20261010_115447_684488_624e6bba,dqn,43,v1,sparse,954,32165,0.0,1,14,0.05,0.6927538514137268,31166,True,False,True,11.686283624963835
baseline100k_dqn_statev1_sparse_seed43_20261010_115447_684488_624e6bba,dqn,43,v1,sparse,955,32260,90.0,10,95,0.05,0.7304518793758593,31261,True,False,True,11.722432458016556
baseline100k_dqn_statev1_sparse_seed43_20261010_115447_684488_624e6bba,dqn,43,v1,sparse,956,32408,130.0,14,148,0.05,0.7142193160347037,31409,True,False,True,11.77916458301479
baseline100k_dqn_statev1_sparse_seed43_20261010_115447_684488_624e6bba,dqn,43,v1,sparse,957,32439,40.0,5,31,0.05,0.6724595533263299,31440,True,False,True,11.790930541988928
baseline100k_dqn_statev1_sparse_seed43_20261010_115447_684488_624e6bba,dqn,43,v1,sparse,958,32492,70.0,8,53,0.05,0.7200228029264594,31493,True,False,True,11.810781583015341
baseline100k_dqn_statev1_sparse_seed43_20261010_115447_684488_624e6bba,dqn,43,v1,sparse,959,32626,160.0,17,134,0.05,0.7659847693545605,31627,True,False,True,11.861753957986366
baseline100k_dqn_statev1_sparse_seed43_20261010_115447_684488_624e6bba,dqn,43,v1,sparse,960,32651,30.0,4,25,0.05,0.7430783236026763,31652,True,False,True,11.871288916969206
baseline100k_dqn_statev1_sparse_seed43_20261010_115447_684488_624e6bba,dqn,43,v1,sparse,961,32725,90.0,10,74,0.05,0.7570722356841371,31726,True,False,True,11.899119124980643
baseline100k_dqn_statev1_sparse_seed43_20261010_115447_684488_624e6bba,dqn,43,v1,sparse,962,32821,130.0,14,96,0.05,0.7626842269673944,31822,True,False,True,11.93668354197871
baseline100k_dqn_statev1_sparse_seed43_20261010_115447_684488_624e6bba,dqn,43,v1,sparse,963,32991,210.0,22,170,0.05,0.7697373207439394,31992,True,False,True,12.001889957988169
baseline100k_dqn_statev1_sparse_seed43_20261010_115447_684488_624e6bba,dqn,43,v1,sparse,964,33110,120.0,13,119,0.05,0.7420478723630184,32111,True,False,True,12.047181417001411
baseline100k_dqn_statev1_sparse_seed43_20261010_115447_684488_624e6bba,dqn,43,v1,sparse,965,33163,50.0,6,53,0.05,0.7235575936875254,32164,True,False,True,12.067041374975815
baseline100k_dqn_statev1_sparse_seed43_20261010_115447_684488_624e6bba,dqn,43,v1,sparse,966,33253,130.0,14,90,0.05,0.681082777844535,32254,True,False,True,12.10082358296495
baseline100k_dqn_statev1_sparse_seed43_20261010_115447_684488_624e6bba,dqn,43,v1,sparse,967,33336,120.0,13,83,0.05,0.7031803138284798,32337,True,False,True,12.132237707963213
baseline100k_dqn_statev1_sparse_seed43_20261010_115447_684488_624e6bba,dqn,43,v1,sparse,968,33367,20.0,3,31,0.05,0.7460964697022592,32368,True,False,True,12.143896666995715
baseline100k_dqn_statev1_sparse_seed43_20261010_115447_684488_624e6bba,dqn,43,v1,sparse,969,33435,80.0,9,68,0.05,0.6946705408832606,32436,True,False,True,12.169348291994538
baseline100k_dqn_statev1_sparse_seed43_20261010_115447_684488_624e6bba,dqn,43,v1,sparse,970,33518,90.0,10,83,0.05,0.6705017098820353,32519,True,False,True,12.200712707999628
baseline100k_dqn_statev1_sparse_seed43_20261010_115447_684488_624e6bba,dqn,43,v1,sparse,971,33574,80.0,9,56,0.05,0.6772406811692885,32575,True,False,True,12.222096832992975
baseline100k_dqn_statev1_sparse_seed43_20261010_115447_684488_624e6bba,dqn,43,v1,sparse,972,33586,10.0,2,12,0.05,0.8177880818645159,32587,True,False,True,12.226656167011242
baseline100k_dqn_statev1_sparse_seed43_20261010_115447_684488_624e6bba,dqn,43,v1,sparse,973,33620,30.0,4,34,0.05,0.7077822939437979,32621,True,False,True,12.239653832977638
baseline100k_dqn_statev1_sparse_seed43_20261010_115447_684488_624e6bba,dqn,43,v1,sparse,974,33750,130.0,14,130,0.05,0.6511512022752028,32751,True,False,True,12.288821374997497
baseline100k_dqn_statev1_sparse_seed43_20261010_115447_684488_624e6bba,dqn,43,v1,sparse,975,33967,190.0,20,217,0.05,0.6933284473309319,32968,True,False,True,12.370960625004955
baseline100k_dqn_statev1_sparse_seed43_20261010_115447_684488_624e6bba,dqn,43,v1,sparse,976,34006,50.0,6,39,0.05,0.6237222873247587,33007,True,False,True,12.385755249997601
baseline100k_dqn_statev1_sparse_seed43_20261010_115447_684488_624e6bba,dqn,43,v1,sparse,977,34062,70.0,8,56,0.05,0.7355178488152367,33063,True,False,True,12.406839457980823
baseline100k_dqn_statev1_sparse_seed43_20261010_115447_684488_624e6bba,dqn,43,v1,sparse,978,34100,30.0,4,38,0.05,0.7207687740263186,33101,True,False,True,12.420996624976397
baseline100k_dqn_statev1_sparse_seed43_20261010_115447_684488_624e6bba,dqn,43,v1,sparse,979,34215,120.0,13,115,0.05,0.7596100882343624,33216,True,False,True,12.464089124987368
baseline100k_dqn_statev1_sparse_seed43_20261010_115447_684488_624e6bba,dqn,43,v1,sparse,980,34303,100.0,11,88,0.05,0.8132359671660445,33304,True,False,True,12.497192292008549
baseline100k_dqn_statev1_sparse_seed43_20261010_115447_684488_624e6bba,dqn,43,v1,sparse,981,34358,50.0,6,55,0.05,0.7271925823255019,33359,True,False,True,12.517623624997213
baseline100k_dqn_statev1_sparse_seed43_20261010_115447_684488_624e6bba,dqn,43,v1,sparse,982,34520,160.0,17,162,0.05,0.735540665778113,33521,True,False,True,12.579002082988154
baseline100k_dqn_statev1_sparse_seed43_20261010_115447_684488_624e6bba,dqn,43,v1,sparse,983,34592,80.0,9,72,0.05,0.8107856834928194,33593,True,False,True,12.606338458019309
baseline100k_dqn_statev1_sparse_seed43_20261010_115447_684488_624e6bba,dqn,43,v1,sparse,984,34711,130.0,14,119,0.05,0.7869079961997121,33712,True,False,True,12.651053541980218
baseline100k_dqn_statev1_sparse_seed43_20261010_115447_684488_624e6bba,dqn,43,v1,sparse,985,34957,260.0,27,246,0.05,0.7187604242708625,33958,True,False,True,12.743695124983788
baseline100k_dqn_statev1_sparse_seed43_20261010_115447_684488_624e6bba,dqn,43,v1,sparse,986,34994,20.0,3,37,0.05,0.7118691451646186,33995,True,False,True,12.757751416997053
baseline100k_dqn_statev1_sparse_seed43_20261010_115447_684488_624e6bba,dqn,43,v1,sparse,987,35107,120.0,13,113,0.05,0.7401305988299108,34108,True,False,True,12.800333666964434
baseline100k_dqn_statev1_sparse_seed43_20261010_115447_684488_624e6bba,dqn,43,v1,sparse,988,35209,140.0,15,102,0.05,0.7515502382142871,34210,True,False,True,12.838760500017088
baseline100k_dqn_statev1_sparse_seed43_20261010_115447_684488_624e6bba,dqn,43,v1,sparse,989,35242,50.0,6,33,0.05,0.7402708295619849,34243,True,False,True,12.851334750012029
baseline100k_dqn_statev1_sparse_seed43_20261010_115447_684488_624e6bba,dqn,43,v1,sparse,990,35388,130.0,14,146,0.05,0.819482315688917,34389,True,False,True,12.905897332995664
baseline100k_dqn_statev1_sparse_seed43_20261010_115447_684488_624e6bba,dqn,43,v1,sparse,991,35460,80.0,9,72,0.05,0.7291400246322155,34461,True,False,True,12.9330657919636
baseline100k_dqn_statev1_sparse_seed43_20261010_115447_684488_624e6bba,dqn,43,v1,sparse,992,35532,120.0,13,72,0.05,0.7469288208004501,34533,True,False,True,12.960030707996339
baseline100k_dqn_statev1_sparse_seed43_20261010_115447_684488_624e6bba,dqn,43,v1,sparse,993,35696,210.0,22,164,0.05,0.7731092386856312,34697,True,False,True,13.021702874975745
baseline100k_dqn_statev1_sparse_seed43_20261010_115447_684488_624e6bba,dqn,43,v1,sparse,994,35748,60.0,7,52,0.05,0.7969857563193028,34749,True,False,True,13.041011707973666
baseline100k_dqn_statev1_sparse_seed43_20261010_115447_684488_624e6bba,dqn,43,v1,sparse,995,35858,140.0,15,110,0.05,0.7762498304247856,34859,True,False,True,13.082218791998457
baseline100k_dqn_statev1_sparse_seed43_20261010_115447_684488_624e6bba,dqn,43,v1,sparse,996,35865,-10.0,0,7,0.05,0.6722059845924377,34866,True,False,True,13.08482049999293
baseline100k_dqn_statev1_sparse_seed43_20261010_115447_684488_624e6bba,dqn,43,v1,sparse,997,35936,80.0,9,71,0.05,0.7517081870579384,34937,True,False,True,13.11144691699883
baseline100k_dqn_statev1_sparse_seed43_20261010_115447_684488_624e6bba,dqn,43,v1,sparse,998,36060,170.0,18,124,0.05,0.7501223221901925,35061,True,False,True,13.158133457996882
baseline100k_dqn_statev1_sparse_seed43_20261010_115447_684488_624e6bba,dqn,43,v1,sparse,999,36125,70.0,8,65,0.05,0.7933953702449799,35126,True,False,True,13.182531166996341
baseline100k_dqn_statev1_sparse_seed43_20261010_115447_684488_624e6bba,dqn,43,v1,sparse,1000,36337,230.0,24,212,0.05,0.752836110105492,35338,True,False,True,13.26211983297253
baseline100k_dqn_statev1_sparse_seed43_20261010_115447_684488_624e6bba,dqn,43,v1,sparse,1001,36543,210.0,22,206,0.05,0.7827740812185898,35544,True,False,True,13.341952832997777
baseline100k_dqn_statev1_sparse_seed43_20261010_115447_684488_624e6bba,dqn,43,v1,sparse,1002,36661,100.0,11,118,0.05,0.7900284703000117,35662,True,False,True,13.386566500004847
baseline100k_dqn_statev1_sparse_seed43_20261010_115447_684488_624e6bba,dqn,43,v1,sparse,1003,36704,50.0,6,43,0.05,0.7538845358892928,35705,True,False,True,13.402928374998737
baseline100k_dqn_statev1_sparse_seed43_20261010_115447_684488_624e6bba,dqn,43,v1,sparse,1004,36864,180.0,19,160,0.05,0.7669883741065859,35865,True,False,True,13.4632021249854
baseline100k_dqn_statev1_sparse_seed43_20261010_115447_684488_624e6bba,dqn,43,v1,sparse,1005,37012,190.0,20,148,0.05,0.7299109113377493,36013,True,False,True,13.518921500013676
baseline100k_dqn_statev1_sparse_seed43_20261010_115447_684488_624e6bba,dqn,43,v1,sparse,1006,37258,290.0,30,246,0.05,0.7941729593567732,36259,True,False,True,13.612955958000384
baseline100k_dqn_statev1_sparse_seed43_20261010_115447_684488_624e6bba,dqn,43,v1,sparse,1007,37457,250.0,26,199,0.05,0.7594743125402748,36458,True,False,True,13.689707125013229
baseline100k_dqn_statev1_sparse_seed43_20261010_115447_684488_624e6bba,dqn,43,v1,sparse,1008,37477,20.0,3,20,0.05,0.800933264195919,36478,True,False,True,13.697376833006274
baseline100k_dqn_statev1_sparse_seed43_20261010_115447_684488_624e6bba,dqn,43,v1,sparse,1009,37635,170.0,18,158,0.05,0.7756151504154447,36636,True,False,True,13.757723291986622
baseline100k_dqn_statev1_sparse_seed43_20261010_115447_684488_624e6bba,dqn,43,v1,sparse,1010,37672,20.0,3,37,0.05,0.7729424632884361,36673,True,False,True,13.771941041981336
baseline100k_dqn_statev1_sparse_seed43_20261010_115447_684488_624e6bba,dqn,43,v1,sparse,1011,37771,100.0,11,99,0.05,0.7786083383993669,36772,True,False,True,13.809642750013154
baseline100k_dqn_statev1_sparse_seed43_20261010_115447_684488_624e6bba,dqn,43,v1,sparse,1012,37836,60.0,7,65,0.05,0.773063966861138,36837,True,False,True,13.834404374996666
baseline100k_dqn_statev1_sparse_seed43_20261010_115447_684488_624e6bba,dqn,43,v1,sparse,1013,38039,170.0,18,203,0.05,0.7488471745270227,37040,True,False,True,13.912060500006191
baseline100k_dqn_statev1_sparse_seed43_20261010_115447_684488_624e6bba,dqn,43,v1,sparse,1014,38243,250.0,26,204,0.05,0.8001437090045097,37244,True,False,True,13.9896989580011
baseline100k_dqn_statev1_sparse_seed43_20261010_115447_684488_624e6bba,dqn,43,v1,sparse,1015,38309,90.0,10,66,0.05,0.8316857232288881,37310,True,False,True,14.015120750002097
baseline100k_dqn_statev1_sparse_seed43_20261010_115447_684488_624e6bba,dqn,43,v1,sparse,1016,38350,50.0,6,41,0.05,0.785037735613381,37351,True,False,True,14.030917999974918
baseline100k_dqn_statev1_sparse_seed43_20261010_115447_684488_624e6bba,dqn,43,v1,sparse,1017,38491,160.0,17,141,0.05,0.7950058809831633,37492,True,False,True,14.08462654199684
baseline100k_dqn_statev1_sparse_seed43_20261010_115447_684488_624e6bba,dqn,43,v1,sparse,1018,38776,340.0,35,285,0.05,0.8069537502108959,37777,True,False,True,14.193593583011534
baseline100k_dqn_statev1_sparse_seed43_20261010_115447_684488_624e6bba,dqn,43,v1,sparse,1019,38975,220.0,23,199,0.05,0.7991931955868276,37976,True,False,True,14.269396999967285
baseline100k_dqn_statev1_sparse_seed43_20261010_115447_684488_624e6bba,dqn,43,v1,sparse,1020,39078,90.0,10,103,0.05,0.8059611796464735,38079,True,False,True,14.309157166979276
baseline100k_dqn_statev1_sparse_seed43_20261010_115447_684488_624e6bba,dqn,43,v1,sparse,1021,39212,170.0,18,134,0.05,0.7990101662589543,38213,True,False,True,14.36092408298282
baseline100k_dqn_statev1_sparse_seed43_20261010_115447_684488_624e6bba,dqn,43,v1,sparse,1022,39254,50.0,6,42,0.05,0.8105812541076115,38255,True,False,True,14.378155625017826
baseline100k_dqn_statev1_sparse_seed43_20261010_115447_684488_624e6bba,dqn,43,v1,sparse,1023,39291,40.0,5,37,0.05,0.8216002511011588,38292,True,False,True,14.392593332973775
baseline100k_dqn_statev1_sparse_seed43_20261010_115447_684488_624e6bba,dqn,43,v1,sparse,1024,39423,150.0,16,132,0.05,0.7967193029595144,38424,True,False,True,14.443319500016514
baseline100k_dqn_statev1_sparse_seed43_20261010_115447_684488_624e6bba,dqn,43,v1,sparse,1025,39511,110.0,12,88,0.05,0.8301881301132116,38512,True,False,True,14.477140499977395
baseline100k_dqn_statev1_sparse_seed43_20261010_115447_684488_624e6bba,dqn,43,v1,sparse,1026,39636,150.0,16,125,0.05,0.794396348118782,38637,True,False,True,14.524875374976546
baseline100k_dqn_statev1_sparse_seed43_20261010_115447_684488_624e6bba,dqn,43,v1,sparse,1027,39736,120.0,13,100,0.05,0.7888854619860649,38737,True,False,True,14.563371291966178
baseline100k_dqn_statev1_sparse_seed43_20261010_115447_684488_624e6bba,dqn,43,v1,sparse,1028,39834,100.0,11,98,0.05,0.8301535907144449,38835,True,False,True,14.601131499977782
baseline100k_dqn_statev1_sparse_seed43_20261010_115447_684488_624e6bba,dqn,43,v1,sparse,1029,39866,20.0,3,32,0.05,0.7831598147749901,38867,True,False,True,14.613527541980147
baseline100k_dqn_statev1_sparse_seed43_20261010_115447_684488_624e6bba,dqn,43,v1,sparse,1030,39917,70.0,8,51,0.05,0.7933069338985518,38918,True,False,True,14.633254999993369
baseline100k_dqn_statev1_sparse_seed43_20261010_115447_684488_624e6bba,dqn,43,v1,sparse,1031,40052,110.0,12,135,0.05,0.8364334928768652,39053,True,False,True,14.684958625002764
baseline100k_dqn_statev1_sparse_seed43_20261010_115447_684488_624e6bba,dqn,43,v1,sparse,1032,40067,10.0,2,15,0.05,0.8259730875492096,39068,True,False,True,14.690812207991257
baseline100k_dqn_statev1_sparse_seed43_20261010_115447_684488_624e6bba,dqn,43,v1,sparse,1033,40112,30.0,4,45,0.05,0.8955737458335029,39113,True,False,True,14.708016749995295
baseline100k_dqn_statev1_sparse_seed43_20261010_115447_684488_624e6bba,dqn,43,v1,sparse,1034,40201,110.0,12,89,0.05,0.8012103398194473,39202,True,False,True,14.741950333002023
baseline100k_dqn_statev1_sparse_seed43_20261010_115447_684488_624e6bba,dqn,43,v1,sparse,1035,40258,90.0,10,57,0.05,0.7873561531305313,39259,True,False,True,14.763686958001927
baseline100k_dqn_statev1_sparse_seed43_20261010_115447_684488_624e6bba,dqn,43,v1,sparse,1036,40460,200.0,21,202,0.05,0.8126527430987595,39461,True,False,True,14.84114120801678
baseline100k_dqn_statev1_sparse_seed43_20261010_115447_684488_624e6bba,dqn,43,v1,sparse,1037,40563,130.0,14,103,0.05,0.7937616251626061,39564,True,False,True,14.880614624998998
baseline100k_dqn_statev1_sparse_seed43_20261010_115447_684488_624e6bba,dqn,43,v1,sparse,1038,40572,0.0,1,9,0.05,0.7236759828196632,39573,True,False,True,14.884031875000801
baseline100k_dqn_statev1_sparse_seed43_20261010_115447_684488_624e6bba,dqn,43,v1,sparse,1039,40624,70.0,8,52,0.05,0.8052753880620003,39625,True,False,True,14.904262624972034
baseline100k_dqn_statev1_sparse_seed43_20261010_115447_684488_624e6bba,dqn,43,v1,sparse,1040,40642,0.0,1,18,0.05,0.780452185206943,39643,True,False,True,14.910996624967083
baseline100k_dqn_statev1_sparse_seed43_20261010_115447_684488_624e6bba,dqn,43,v1,sparse,1041,40681,30.0,4,39,0.05,0.8818111450244219,39682,True,False,True,14.925790167006198
baseline100k_dqn_statev1_sparse_seed43_20261010_115447_684488_624e6bba,dqn,43,v1,sparse,1042,40752,70.0,8,71,0.05,0.8518104872233431,39753,True,False,True,14.95278341701487
baseline100k_dqn_statev1_sparse_seed43_20261010_115447_684488_624e6bba,dqn,43,v1,sparse,1043,40896,150.0,16,144,0.05,0.8378123312981592,39897,True,False,True,15.007497666985728
baseline100k_dqn_statev1_sparse_seed43_20261010_115447_684488_624e6bba,dqn,43,v1,sparse,1044,41037,170.0,18,141,0.05,0.7593485998346451,40038,True,False,True,15.060982124996372
baseline100k_dqn_statev1_sparse_seed43_20261010_115447_684488_624e6bba,dqn,43,v1,sparse,1045,41075,40.0,5,38,0.05,0.9078445403199447,40076,True,False,True,15.075352957996074
baseline100k_dqn_statev1_sparse_seed43_20261010_115447_684488_624e6bba,dqn,43,v1,sparse,1046,41174,100.0,11,99,0.05,0.8158790511314316,40175,True,False,True,15.113263208011631
baseline100k_dqn_statev1_sparse_seed43_20261010_115447_684488_624e6bba,dqn,43,v1,sparse,1047,41192,30.0,4,18,0.05,0.8934670488039652,40193,True,False,True,15.12016287498409
baseline100k_dqn_statev1_sparse_seed43_20261010_115447_684488_624e6bba,dqn,43,v1,sparse,1048,41246,60.0,7,54,0.05,0.8197156295732215,40247,True,False,True,15.140533083002083
baseline100k_dqn_statev1_sparse_seed43_20261010_115447_684488_624e6bba,dqn,43,v1,sparse,1049,41292,30.0,4,46,0.05,0.8586356756479844,40293,True,False,True,15.15795420797076
baseline100k_dqn_statev1_sparse_seed43_20261010_115447_684488_624e6bba,dqn,43,v1,sparse,1050,41402,120.0,13,110,0.05,0.8423258809880777,40403,True,False,True,15.199907707981765
baseline100k_dqn_statev1_sparse_seed43_20261010_115447_684488_624e6bba,dqn,43,v1,sparse,1051,41472,50.0,6,70,0.05,0.8219959608146122,40473,True,False,True,15.226655207981821
baseline100k_dqn_statev1_sparse_seed43_20261010_115447_684488_624e6bba,dqn,43,v1,sparse,1052,41631,190.0,20,159,0.05,0.8499842286109924,40632,True,False,True,15.287123167014215
baseline100k_dqn_statev1_sparse_seed43_20261010_115447_684488_624e6bba,dqn,43,v1,sparse,1053,41755,170.0,18,124,0.05,0.8563953796702046,40756,True,False,True,15.334219667012803
baseline100k_dqn_statev1_sparse_seed43_20261010_115447_684488_624e6bba,dqn,43,v1,sparse,1054,41921,180.0,19,166,0.05,0.8189255135605135,40922,True,False,True,15.397183124965522
baseline100k_dqn_statev1_sparse_seed43_20261010_115447_684488_624e6bba,dqn,43,v1,sparse,1055,42054,130.0,14,133,0.05,0.8279205352292025,41055,True,False,True,15.447439832962118
baseline100k_dqn_statev1_sparse_seed43_20261010_115447_684488_624e6bba,dqn,43,v1,sparse,1056,42160,100.0,11,106,0.05,0.811659426902825,41161,True,False,True,15.487898833001964
baseline100k_dqn_statev1_sparse_seed43_20261010_115447_684488_624e6bba,dqn,43,v1,sparse,1057,42244,130.0,14,84,0.05,0.8286606041448457,41245,True,False,True,15.519820957968477
baseline100k_dqn_statev1_sparse_seed43_20261010_115447_684488_624e6bba,dqn,43,v1,sparse,1058,42346,120.0,13,102,0.05,0.8370142339491377,41347,True,False,True,15.559217041998636
baseline100k_dqn_statev1_sparse_seed43_20261010_115447_684488_624e6bba,dqn,43,v1,sparse,1059,42455,120.0,13,109,0.05,0.7838185277827289,41456,True,False,True,15.600973833003081
baseline100k_dqn_statev1_sparse_seed43_20261010_115447_684488_624e6bba,dqn,43,v1,sparse,1060,42636,180.0,19,181,0.05,0.8240056161393118,41637,True,False,True,15.66969833301846
baseline100k_dqn_statev1_sparse_seed43_20261010_115447_684488_624e6bba,dqn,43,v1,sparse,1061,42852,240.0,25,216,0.05,0.8232647931134259,41853,True,False,True,15.751964166993275
baseline100k_dqn_statev1_sparse_seed43_20261010_115447_684488_624e6bba,dqn,43,v1,sparse,1062,42881,30.0,4,29,0.05,0.9288924994139836,41882,True,False,True,15.763100375013892
baseline100k_dqn_statev1_sparse_seed43_20261010_115447_684488_624e6bba,dqn,43,v1,sparse,1063,42949,90.0,10,68,0.05,0.9066518041140893,41950,True,False,True,15.789084874966647
baseline100k_dqn_statev1_sparse_seed43_20261010_115447_684488_624e6bba,dqn,43,v1,sparse,1064,43102,140.0,15,153,0.05,0.8323404079948376,42103,True,False,True,15.847305624978617
baseline100k_dqn_statev1_sparse_seed43_20261010_115447_684488_624e6bba,dqn,43,v1,sparse,1065,43184,60.0,7,82,0.05,0.809569182192407,42185,True,False,True,15.878533917013556
baseline100k_dqn_statev1_sparse_seed43_20261010_115447_684488_624e6bba,dqn,43,v1,sparse,1066,43259,80.0,9,75,0.05,0.8278945159912109,42260,True,False,True,15.907111582986545
baseline100k_dqn_statev1_sparse_seed43_20261010_115447_684488_624e6bba,dqn,43,v1,sparse,1067,43365,80.0,9,106,0.05,0.8565905153189065,42366,True,False,True,15.947158791997936
baseline100k_dqn_statev1_sparse_seed43_20261010_115447_684488_624e6bba,dqn,43,v1,sparse,1068,43644,310.0,32,279,0.05,0.8287083486288679,42645,True,False,True,16.052698125015013
baseline100k_dqn_statev1_sparse_seed43_20261010_115447_684488_624e6bba,dqn,43,v1,sparse,1069,43673,20.0,3,29,0.05,0.7850234364641124,42674,True,False,True,16.063766375009436
baseline100k_dqn_statev1_sparse_seed43_20261010_115447_684488_624e6bba,dqn,43,v1,sparse,1070,43738,100.0,11,65,0.05,0.7743492717926319,42739,True,False,True,16.088409167015925
baseline100k_dqn_statev1_sparse_seed43_20261010_115447_684488_624e6bba,dqn,43,v1,sparse,1071,43845,120.0,13,107,0.05,0.861722761504004,42846,True,False,True,16.12950604199432
baseline100k_dqn_statev1_sparse_seed43_20261010_115447_684488_624e6bba,dqn,43,v1,sparse,1072,43948,120.0,13,103,0.05,0.8935358906255185,42949,True,False,True,16.168576499971095
baseline100k_dqn_statev1_sparse_seed43_20261010_115447_684488_624e6bba,dqn,43,v1,sparse,1073,44036,90.0,10,88,0.05,0.7858513983135874,43037,True,False,True,16.20216474996414
baseline100k_dqn_statev1_sparse_seed43_20261010_115447_684488_624e6bba,dqn,43,v1,sparse,1074,44153,120.0,13,117,0.05,0.83148394843452,43154,True,False,True,16.246262457978446
baseline100k_dqn_statev1_sparse_seed43_20261010_115447_684488_624e6bba,dqn,43,v1,sparse,1075,44199,60.0,7,46,0.05,0.8252449230007504,43200,True,False,True,16.26356804196257
baseline100k_dqn_statev1_sparse_seed43_20261010_115447_684488_624e6bba,dqn,43,v1,sparse,1076,44331,120.0,13,132,0.05,0.8275953463532708,43332,True,False,True,16.313342500012368
baseline100k_dqn_statev1_sparse_seed43_20261010_115447_684488_624e6bba,dqn,43,v1,sparse,1077,44363,30.0,4,32,0.05,0.7915285676717758,43364,True,False,True,16.325418291962706
baseline100k_dqn_statev1_sparse_seed43_20261010_115447_684488_624e6bba,dqn,43,v1,sparse,1078,44466,70.0,8,103,0.05,0.8018713032157676,43467,True,False,True,16.36414545797743
baseline100k_dqn_statev1_sparse_seed43_20261010_115447_684488_624e6bba,dqn,43,v1,sparse,1079,44524,70.0,8,58,0.05,0.7753395278906,43525,True,False,True,16.385992416995578
baseline100k_dqn_statev1_sparse_seed43_20261010_115447_684488_624e6bba,dqn,43,v1,sparse,1080,44659,180.0,19,135,0.05,0.8170191584913818,43660,True,False,True,16.436933957971632
baseline100k_dqn_statev1_sparse_seed43_20261010_115447_684488_624e6bba,dqn,43,v1,sparse,1081,44774,150.0,16,115,0.05,0.7742212772369385,43775,True,False,True,16.480174082971644
baseline100k_dqn_statev1_sparse_seed43_20261010_115447_684488_624e6bba,dqn,43,v1,sparse,1082,44904,140.0,15,130,0.05,0.817520404778994,43905,True,False,True,16.529165749961976
baseline100k_dqn_statev1_sparse_seed43_20261010_115447_684488_624e6bba,dqn,43,v1,sparse,1083,44949,50.0,6,45,0.05,0.8239048520723978,43950,True,False,True,16.546484916994814
baseline100k_dqn_statev1_sparse_seed43_20261010_115447_684488_624e6bba,dqn,43,v1,sparse,1084,45059,130.0,14,110,0.05,0.8395168434489857,44060,True,False,True,16.588514457980637
baseline100k_dqn_statev1_sparse_seed43_20261010_115447_684488_624e6bba,dqn,43,v1,sparse,1085,45232,150.0,16,173,0.05,0.857709894462817,44233,True,False,True,16.655626874999143
baseline100k_dqn_statev1_sparse_seed43_20261010_115447_684488_624e6bba,dqn,43,v1,sparse,1086,45334,90.0,10,102,0.05,0.8451156692177642,44335,True,False,True,16.69517404201906
baseline100k_dqn_statev1_sparse_seed43_20261010_115447_684488_624e6bba,dqn,43,v1,sparse,1087,45485,160.0,17,151,0.05,0.8088421385414553,44486,True,False,True,16.752847749972716
baseline100k_dqn_statev1_sparse_seed43_20261010_115447_684488_624e6bba,dqn,43,v1,sparse,1088,45627,170.0,18,142,0.05,0.8359488544749542,44628,True,False,True,16.806776582961902
baseline100k_dqn_statev1_sparse_seed43_20261010_115447_684488_624e6bba,dqn,43,v1,sparse,1089,45645,10.0,2,18,0.05,0.9048418634467654,44646,True,False,True,16.81349995796336
baseline100k_dqn_statev1_sparse_seed43_20261010_115447_684488_624e6bba,dqn,43,v1,sparse,1090,45730,80.0,9,85,0.05,0.8709709121900446,44731,True,False,True,16.845816291985102
baseline100k_dqn_statev1_sparse_seed43_20261010_115447_684488_624e6bba,dqn,43,v1,sparse,1091,45786,50.0,6,56,0.05,0.8192718204643045,44787,True,False,True,16.867049583001062
baseline100k_dqn_statev1_sparse_seed43_20261010_115447_684488_624e6bba,dqn,43,v1,sparse,1092,45897,130.0,14,111,0.05,0.8605789832166724,44898,True,False,True,16.90902116696816
baseline100k_dqn_statev1_sparse_seed43_20261010_115447_684488_624e6bba,dqn,43,v1,sparse,1093,45914,20.0,3,17,0.05,0.8248565267114079,44915,True,False,True,16.915539417008404
baseline100k_dqn_statev1_sparse_seed43_20261010_115447_684488_624e6bba,dqn,43,v1,sparse,1094,46025,110.0,12,111,0.05,0.8801682798175124,45026,True,False,True,16.957986791967414
baseline100k_dqn_statev1_sparse_seed43_20261010_115447_684488_624e6bba,dqn,43,v1,sparse,1095,46169,160.0,17,144,0.05,0.8078827476128936,45170,True,False,True,17.012839832983445
baseline100k_dqn_statev1_sparse_seed43_20261010_115447_684488_624e6bba,dqn,43,v1,sparse,1096,46221,40.0,5,52,0.05,0.8568845179218513,45222,True,False,True,17.03272099996684
baseline100k_dqn_statev1_sparse_seed43_20261010_115447_684488_624e6bba,dqn,43,v1,sparse,1097,46268,50.0,6,47,0.05,0.8082431897203973,45269,True,False,True,17.05067358299857
baseline100k_dqn_statev1_sparse_seed43_20261010_115447_684488_624e6bba,dqn,43,v1,sparse,1098,46283,0.0,1,15,0.05,0.8351244846979777,45284,True,False,True,17.056369374971837
baseline100k_dqn_statev1_sparse_seed43_20261010_115447_684488_624e6bba,dqn,43,v1,sparse,1099,46321,30.0,4,38,0.05,0.776577826393278,45322,True,False,True,17.070808874967042
baseline100k_dqn_statev1_sparse_seed43_20261010_115447_684488_624e6bba,dqn,43,v1,sparse,1100,46408,100.0,11,87,0.05,0.8402512073516846,45409,True,False,True,17.10410708299605
baseline100k_dqn_statev1_sparse_seed43_20261010_115447_684488_624e6bba,dqn,43,v1,sparse,1101,46562,170.0,18,154,0.05,0.8501636652009827,45563,True,False,True,17.164862958015874
baseline100k_dqn_statev1_sparse_seed43_20261010_115447_684488_624e6bba,dqn,43,v1,sparse,1102,46675,80.0,9,113,0.05,0.8502145143209305,45676,True,False,True,17.207801582990214
baseline100k_dqn_statev1_sparse_seed43_20261010_115447_684488_624e6bba,dqn,43,v1,sparse,1103,46748,100.0,11,73,0.05,0.8143557136597699,45749,True,False,True,17.23622541700024
baseline100k_dqn_statev1_sparse_seed43_20261010_115447_684488_624e6bba,dqn,43,v1,sparse,1104,46792,60.0,7,44,0.05,0.7702166387303309,45793,True,False,True,17.2531925420044
baseline100k_dqn_statev1_sparse_seed43_20261010_115447_684488_624e6bba,dqn,43,v1,sparse,1105,47021,250.0,26,229,0.05,0.8129930934791482,46022,True,False,True,17.341149916988797
baseline100k_dqn_statev1_sparse_seed43_20261010_115447_684488_624e6bba,dqn,43,v1,sparse,1106,47082,60.0,7,61,0.05,0.88535831404514,46083,True,False,True,17.364308958000038
baseline100k_dqn_statev1_sparse_seed43_20261010_115447_684488_624e6bba,dqn,43,v1,sparse,1107,47139,70.0,8,57,0.05,0.8623023639645493,46140,True,False,True,17.386307750013657
baseline100k_dqn_statev1_sparse_seed43_20261010_115447_684488_624e6bba,dqn,43,v1,sparse,1108,47229,80.0,9,90,0.05,0.8885881241824892,46230,True,False,True,17.420640332973562
baseline100k_dqn_statev1_sparse_seed43_20261010_115447_684488_624e6bba,dqn,43,v1,sparse,1109,47258,30.0,4,29,0.05,0.8371117762450514,46259,True,False,True,17.431775083008688
baseline100k_dqn_statev1_sparse_seed43_20261010_115447_684488_624e6bba,dqn,43,v1,sparse,1110,47282,20.0,3,24,0.05,0.8989480237166086,46283,True,False,True,17.44083433301421
baseline100k_dqn_statev1_sparse_seed43_20261010_115447_684488_624e6bba,dqn,43,v1,sparse,1111,47435,150.0,16,153,0.05,0.8768315921032351,46436,True,False,True,17.49997624999378
baseline100k_dqn_statev1_sparse_seed43_20261010_115447_684488_624e6bba,dqn,43,v1,sparse,1112,47560,130.0,14,125,0.05,0.9194869809150695,46561,True,False,True,17.54780329199275
baseline100k_dqn_statev1_sparse_seed43_20261010_115447_684488_624e6bba,dqn,43,v1,sparse,1113,47676,120.0,13,116,0.05,0.8983839950684843,46677,True,False,True,17.59280945797218
baseline100k_dqn_statev1_sparse_seed43_20261010_115447_684488_624e6bba,dqn,43,v1,sparse,1114,47761,100.0,11,85,0.05,0.8952398577157189,46762,True,False,True,17.626034957997035
baseline100k_dqn_statev1_sparse_seed43_20261010_115447_684488_624e6bba,dqn,43,v1,sparse,1115,47898,180.0,19,137,0.05,0.9167091316767852,46899,True,False,True,17.679185332963243
baseline100k_dqn_statev1_sparse_seed43_20261010_115447_684488_624e6bba,dqn,43,v1,sparse,1116,48091,220.0,23,193,0.05,0.8833029259362987,47092,True,False,True,17.754149874963332
baseline100k_dqn_statev1_sparse_seed43_20261010_115447_684488_624e6bba,dqn,43,v1,sparse,1117,48197,120.0,13,106,0.05,0.8496149694019893,47198,True,False,True,17.795043457997963
baseline100k_dqn_statev1_sparse_seed43_20261010_115447_684488_624e6bba,dqn,43,v1,sparse,1118,48246,60.0,7,49,0.05,0.8835323805711708,47247,True,False,True,17.813860333000775
baseline100k_dqn_statev1_sparse_seed43_20261010_115447_684488_624e6bba,dqn,43,v1,sparse,1119,48346,120.0,13,100,0.05,0.9194511860609055,47347,True,False,True,17.85252416698495
baseline100k_dqn_statev1_sparse_seed43_20261010_115447_684488_624e6bba,dqn,43,v1,sparse,1120,48385,30.0,4,39,0.05,0.9242428877414801,47386,True,False,True,17.8674745419994
baseline100k_dqn_statev1_sparse_seed43_20261010_115447_684488_624e6bba,dqn,43,v1,sparse,1121,48429,30.0,4,44,0.05,0.8332000760869547,47430,True,False,True,17.884612999972887
baseline100k_dqn_statev1_sparse_seed43_20261010_115447_684488_624e6bba,dqn,43,v1,sparse,1122,48445,10.0,2,16,0.05,0.8380036689341068,47446,True,False,True,17.890737082983833
baseline100k_dqn_statev1_sparse_seed43_20261010_115447_684488_624e6bba,dqn,43,v1,sparse,1123,48632,210.0,22,187,0.05,0.8813950588358915,47633,True,False,True,17.96266174997436
baseline100k_dqn_statev1_sparse_seed43_20261010_115447_684488_624e6bba,dqn,43,v1,sparse,1124,48761,110.0,12,129,0.05,0.8679624756639318,47762,True,False,True,18.011883416969795
baseline100k_dqn_statev1_sparse_seed43_20261010_115447_684488_624e6bba,dqn,43,v1,sparse,1125,48878,180.0,19,117,0.05,0.8886591450780885,47879,True,False,True,18.05668808298651
baseline100k_dqn_statev1_sparse_seed43_20261010_115447_684488_624e6bba,dqn,43,v1,sparse,1126,49027,170.0,18,149,0.05,0.851540405678269,48028,True,False,True,18.11403795797378
baseline100k_dqn_statev1_sparse_seed43_20261010_115447_684488_624e6bba,dqn,43,v1,sparse,1127,49063,30.0,4,36,0.05,0.8286589682102203,48064,True,False,True,18.12783016700996
baseline100k_dqn_statev1_sparse_seed43_20261010_115447_684488_624e6bba,dqn,43,v1,sparse,1128,49073,-10.0,0,10,0.05,0.9689056992530822,48074,True,False,True,18.131693041999824
baseline100k_dqn_statev1_sparse_seed43_20261010_115447_684488_624e6bba,dqn,43,v1,sparse,1129,49083,-10.0,0,10,0.05,0.9993095815181732,48084,True,False,True,18.13552750000963
baseline100k_dqn_statev1_sparse_seed43_20261010_115447_684488_624e6bba,dqn,43,v1,sparse,1130,49158,70.0,8,75,0.05,0.8995618712902069,48159,True,False,True,18.164835624978878
baseline100k_dqn_statev1_sparse_seed43_20261010_115447_684488_624e6bba,dqn,43,v1,sparse,1131,49274,140.0,15,116,0.05,0.8798149353985129,48275,True,False,True,18.21033729199553
baseline100k_dqn_statev1_sparse_seed43_20261010_115447_684488_624e6bba,dqn,43,v1,sparse,1132,49291,10.0,2,17,0.05,0.8141356268349815,48292,True,False,True,18.217206207977142
baseline100k_dqn_statev1_sparse_seed43_20261010_115447_684488_624e6bba,dqn,43,v1,sparse,1133,49301,0.0,1,10,0.05,0.8709696769714356,48302,True,False,True,18.2210924999672
baseline100k_dqn_statev1_sparse_seed43_20261010_115447_684488_624e6bba,dqn,43,v1,sparse,1134,49318,10.0,2,17,0.05,0.9597807175972882,48319,True,False,True,18.227918624994345
baseline100k_dqn_statev1_sparse_seed43_20261010_115447_684488_624e6bba,dqn,43,v1,sparse,1135,49420,110.0,12,102,0.05,0.8445580341652328,48421,True,False,True,18.267499750014395
baseline100k_dqn_statev1_sparse_seed43_20261010_115447_684488_624e6bba,dqn,43,v1,sparse,1136,49547,150.0,16,127,0.05,0.908643827428968,48548,True,False,True,18.31653924996499
baseline100k_dqn_statev1_sparse_seed43_20261010_115447_684488_624e6bba,dqn,43,v1,sparse,1137,49684,140.0,15,137,0.05,0.8688842228946895,48685,True,False,True,18.369263542001136
baseline100k_dqn_statev1_sparse_seed43_20261010_115447_684488_624e6bba,dqn,43,v1,sparse,1138,49772,120.0,13,88,0.05,0.8817609386010603,48773,True,False,True,18.403225667017978
baseline100k_dqn_statev1_sparse_seed43_20261010_115447_684488_624e6bba,dqn,43,v1,sparse,1139,49841,80.0,9,69,0.05,0.8035870285137839,48842,True,False,True,18.429720500018448
baseline100k_dqn_statev1_sparse_seed43_20261010_115447_684488_624e6bba,dqn,43,v1,sparse,1140,49985,150.0,16,144,0.05,0.8933989368379116,48986,True,False,True,18.484899542003404
baseline100k_dqn_statev1_sparse_seed43_20261010_115447_684488_624e6bba,dqn,43,v1,sparse,1141,50281,330.0,34,296,0.05,0.8648689750682663,49282,True,False,True,18.599432291986886
baseline100k_dqn_statev1_sparse_seed43_20261010_115447_684488_624e6bba,dqn,43,v1,sparse,1142,50354,90.0,10,73,0.05,0.7927504614607929,49355,True,False,True,18.627931541996077
baseline100k_dqn_statev1_sparse_seed43_20261010_115447_684488_624e6bba,dqn,43,v1,sparse,1143,50477,150.0,16,123,0.05,0.8703776348412522,49478,True,False,True,18.675440291990526
baseline100k_dqn_statev1_sparse_seed43_20261010_115447_684488_624e6bba,dqn,43,v1,sparse,1144,50658,190.0,20,181,0.05,0.8482454518751544,49659,True,False,True,18.744790832977742
baseline100k_dqn_statev1_sparse_seed43_20261010_115447_684488_624e6bba,dqn,43,v1,sparse,1145,50822,200.0,21,164,0.05,0.8449491415081954,49823,True,False,True,18.80737166700419
baseline100k_dqn_statev1_sparse_seed43_20261010_115447_684488_624e6bba,dqn,43,v1,sparse,1146,50989,170.0,18,167,0.05,0.8864570115497726,49990,True,False,True,18.870821707998402
baseline100k_dqn_statev1_sparse_seed43_20261010_115447_684488_624e6bba,dqn,43,v1,sparse,1147,51054,70.0,8,65,0.05,0.8798801092001108,50055,True,False,True,18.89610666700173
baseline100k_dqn_statev1_sparse_seed43_20261010_115447_684488_624e6bba,dqn,43,v1,sparse,1148,51097,40.0,5,43,0.05,0.8466092500575754,50098,True,False,True,18.912406167015433
baseline100k_dqn_statev1_sparse_seed43_20261010_115447_684488_624e6bba,dqn,43,v1,sparse,1149,51314,240.0,25,217,0.05,0.8693560254738627,50315,True,False,True,18.99484229198424
baseline100k_dqn_statev1_sparse_seed43_20261010_115447_684488_624e6bba,dqn,43,v1,sparse,1150,51347,30.0,4,33,0.05,0.906045096390175,50348,True,False,True,19.00736779201543
baseline100k_dqn_statev1_sparse_seed43_20261010_115447_684488_624e6bba,dqn,43,v1,sparse,1151,51423,90.0,10,76,0.05,0.8704176262805337,50424,True,False,True,19.036428249964956
baseline100k_dqn_statev1_sparse_seed43_20261010_115447_684488_624e6bba,dqn,43,v1,sparse,1152,51516,90.0,10,93,0.05,0.9029644798207027,50517,True,False,True,19.071878082992043
baseline100k_dqn_statev1_sparse_seed43_20261010_115447_684488_624e6bba,dqn,43,v1,sparse,1153,51700,210.0,22,184,0.05,0.8932824003631654,50701,True,False,True,19.141948124975897
baseline100k_dqn_statev1_sparse_seed43_20261010_115447_684488_624e6bba,dqn,43,v1,sparse,1154,51835,130.0,14,135,0.05,0.8430698657477343,50836,True,False,True,19.193073874979746
baseline100k_dqn_statev1_sparse_seed43_20261010_115447_684488_624e6bba,dqn,43,v1,sparse,1155,51929,100.0,11,94,0.05,0.8642820969541022,50930,True,False,True,19.228885374963284
baseline100k_dqn_statev1_sparse_seed43_20261010_115447_684488_624e6bba,dqn,43,v1,sparse,1156,51933,10.0,2,4,0.05,0.7525474578142166,50934,True,False,True,19.230434958008118
baseline100k_dqn_statev1_sparse_seed43_20261010_115447_684488_624e6bba,dqn,43,v1,sparse,1157,51960,20.0,3,27,0.05,0.8400678822287807,50961,True,False,True,19.240704374969937
baseline100k_dqn_statev1_sparse_seed43_20261010_115447_684488_624e6bba,dqn,43,v1,sparse,1158,52015,50.0,6,55,0.05,0.8485601284287193,51016,True,False,True,19.261668832972646
baseline100k_dqn_statev1_sparse_seed43_20261010_115447_684488_624e6bba,dqn,43,v1,sparse,1159,52075,80.0,9,60,0.05,0.9642488926649093,51076,True,False,True,19.284373666974716
baseline100k_dqn_statev1_sparse_seed43_20261010_115447_684488_624e6bba,dqn,43,v1,sparse,1160,52186,120.0,13,111,0.05,0.9319278211207003,51187,True,False,True,19.326636083016638
baseline100k_dqn_statev1_sparse_seed43_20261010_115447_684488_624e6bba,dqn,43,v1,sparse,1161,52320,150.0,16,134,0.05,0.8590500939693024,51321,True,False,True,19.377564207999967
baseline100k_dqn_statev1_sparse_seed43_20261010_115447_684488_624e6bba,dqn,43,v1,sparse,1162,52438,130.0,14,118,0.05,0.9495590675180241,51439,True,False,True,19.422213624988217
baseline100k_dqn_statev1_sparse_seed43_20261010_115447_684488_624e6bba,dqn,43,v1,sparse,1163,52548,100.0,11,110,0.05,0.9195708323608746,51549,True,False,True,19.46370725001907
baseline100k_dqn_statev1_sparse_seed43_20261010_115447_684488_624e6bba,dqn,43,v1,sparse,1164,52713,210.0,22,165,0.05,0.9288870674191099,51714,True,False,True,19.526369208004326
baseline100k_dqn_statev1_sparse_seed43_20261010_115447_684488_624e6bba,dqn,43,v1,sparse,1165,52771,70.0,8,58,0.05,0.893416183775869,51772,True,False,True,19.548774708004203
baseline100k_dqn_statev1_sparse_seed43_20261010_115447_684488_624e6bba,dqn,43,v1,sparse,1166,52913,130.0,14,142,0.05,0.8824073796121168,51914,True,False,True,19.60354462498799
baseline100k_dqn_statev1_sparse_seed43_20261010_115447_684488_624e6bba,dqn,43,v1,sparse,1167,52956,40.0,5,43,0.05,0.8849228052205818,51957,True,False,True,19.620042541995645
baseline100k_dqn_statev1_sparse_seed43_20261010_115447_684488_624e6bba,dqn,43,v1,sparse,1168,53018,80.0,9,62,0.05,0.8809370691737821,52019,True,False,True,19.643776750017423
baseline100k_dqn_statev1_sparse_seed43_20261010_115447_684488_624e6bba,dqn,43,v1,sparse,1169,53181,190.0,20,163,0.05,0.8501015344828916,52182,True,False,True,19.706152917002328
baseline100k_dqn_statev1_sparse_seed43_20261010_115447_684488_624e6bba,dqn,43,v1,sparse,1170,53236,70.0,8,55,0.05,0.8216388648206537,52237,True,False,True,19.727027332992293
baseline100k_dqn_statev1_sparse_seed43_20261010_115447_684488_624e6bba,dqn,43,v1,sparse,1171,53251,10.0,2,15,0.05,0.8159992138544718,52252,True,False,True,19.732667375006713
baseline100k_dqn_statev1_sparse_seed43_20261010_115447_684488_624e6bba,dqn,43,v1,sparse,1172,53380,150.0,16,129,0.05,0.8459479640158571,52381,True,False,True,19.781860166986007
baseline100k_dqn_statev1_sparse_seed43_20261010_115447_684488_624e6bba,dqn,43,v1,sparse,1173,53498,140.0,15,118,0.05,0.8815228074031362,52499,True,False,True,19.826550416997634
baseline100k_dqn_statev1_sparse_seed43_20261010_115447_684488_624e6bba,dqn,43,v1,sparse,1174,53589,120.0,13,91,0.05,0.8930848853273706,52590,True,False,True,19.861391332990024
baseline100k_dqn_statev1_sparse_seed43_20261010_115447_684488_624e6bba,dqn,43,v1,sparse,1175,53725,160.0,17,136,0.05,0.8489464036024669,52726,True,False,True,19.91309766698396
baseline100k_dqn_statev1_sparse_seed43_20261010_115447_684488_624e6bba,dqn,43,v1,sparse,1176,53783,50.0,6,58,0.05,0.863314144570252,52784,True,False,True,19.934959792008158
baseline100k_dqn_statev1_sparse_seed43_20261010_115447_684488_624e6bba,dqn,43,v1,sparse,1177,53832,50.0,6,49,0.05,0.904452954019819,52833,True,False,True,19.9534178749891
baseline100k_dqn_statev1_sparse_seed43_20261010_115447_684488_624e6bba,dqn,43,v1,sparse,1178,53871,30.0,4,39,0.05,0.8532021481257218,52872,True,False,True,19.968169374973513
baseline100k_dqn_statev1_sparse_seed43_20261010_115447_684488_624e6bba,dqn,43,v1,sparse,1179,54009,140.0,15,138,0.05,0.8780236839168314,53010,True,False,True,20.020474207994994
baseline100k_dqn_statev1_sparse_seed43_20261010_115447_684488_624e6bba,dqn,43,v1,sparse,1180,54174,190.0,20,165,0.05,0.881968906250867,53175,True,False,True,20.0834377919673
baseline100k_dqn_statev1_sparse_seed43_20261010_115447_684488_624e6bba,dqn,43,v1,sparse,1181,54434,240.0,25,260,0.05,0.8374751120232619,53435,True,False,True,20.18276454199804
baseline100k_dqn_statev1_sparse_seed43_20261010_115447_684488_624e6bba,dqn,43,v1,sparse,1182,54467,40.0,5,33,0.05,0.8102713886535529,53468,True,False,True,20.195353124989197
baseline100k_dqn_statev1_sparse_seed43_20261010_115447_684488_624e6bba,dqn,43,v1,sparse,1183,54590,120.0,13,123,0.05,0.8463850881510634,53591,True,False,True,20.24221908301115
baseline100k_dqn_statev1_sparse_seed43_20261010_115447_684488_624e6bba,dqn,43,v1,sparse,1184,54641,70.0,8,51,0.05,0.8641478623829636,53642,True,False,True,20.261536917008925
baseline100k_dqn_statev1_sparse_seed43_20261010_115447_684488_624e6bba,dqn,43,v1,sparse,1185,54643,-10.0,0,2,0.05,0.8979377448558807,53644,True,False,True,20.262297332985327
baseline100k_dqn_statev1_sparse_seed43_20261010_115447_684488_624e6bba,dqn,43,v1,sparse,1186,54754,140.0,15,111,0.05,0.8943751604707392,53755,True,False,True,20.304754792014137
baseline100k_dqn_statev1_sparse_seed43_20261010_115447_684488_624e6bba,dqn,43,v1,sparse,1187,54985,230.0,24,231,0.05,0.8415896435836693,53986,True,False,True,20.392861916974653
baseline100k_dqn_statev1_sparse_seed43_20261010_115447_684488_624e6bba,dqn,43,v1,sparse,1188,55040,60.0,7,55,0.05,0.8750864402814345,54041,True,False,True,20.414335999987088
baseline100k_dqn_statev1_sparse_seed43_20261010_115447_684488_624e6bba,dqn,43,v1,sparse,1189,55236,200.0,21,196,0.05,0.878661497058917,54237,True,False,True,20.488725291972514
baseline100k_dqn_statev1_sparse_seed43_20261010_115447_684488_624e6bba,dqn,43,v1,sparse,1190,55425,210.0,22,189,0.05,0.8744886564829993,54426,True,False,True,20.56106766697485
baseline100k_dqn_statev1_sparse_seed43_20261010_115447_684488_624e6bba,dqn,43,v1,sparse,1191,55523,120.0,13,98,0.05,0.7941863840940048,54524,True,False,True,20.598450916993897
baseline100k_dqn_statev1_sparse_seed43_20261010_115447_684488_624e6bba,dqn,43,v1,sparse,1192,55684,150.0,16,161,0.05,0.8918254107051755,54685,True,False,True,20.659852291981224
baseline100k_dqn_statev1_sparse_seed43_20261010_115447_684488_624e6bba,dqn,43,v1,sparse,1193,55764,90.0,10,80,0.05,0.9026901874691248,54765,True,False,True,20.69015916698845
baseline100k_dqn_statev1_sparse_seed43_20261010_115447_684488_624e6bba,dqn,43,v1,sparse,1194,55865,130.0,14,101,0.05,0.8462224475818105,54866,True,False,True,20.72865245799767
baseline100k_dqn_statev1_sparse_seed43_20261010_115447_684488_624e6bba,dqn,43,v1,sparse,1195,55922,60.0,7,57,0.05,0.9635297985453355,54923,True,False,True,20.75036791700404
baseline100k_dqn_statev1_sparse_seed43_20261010_115447_684488_624e6bba,dqn,43,v1,sparse,1196,55998,100.0,11,76,0.05,0.8741963431239128,54999,True,False,True,20.779387000016868
baseline100k_dqn_statev1_sparse_seed43_20261010_115447_684488_624e6bba,dqn,43,v1,sparse,1197,56189,220.0,23,191,0.05,0.8852977442179675,55190,True,False,True,20.852202792011667
baseline100k_dqn_statev1_sparse_seed43_20261010_115447_684488_624e6bba,dqn,43,v1,sparse,1198,56268,90.0,10,79,0.05,0.8828803530976742,55269,True,False,True,20.882005749968812
baseline100k_dqn_statev1_sparse_seed43_20261010_115447_684488_624e6bba,dqn,43,v1,sparse,1199,56371,90.0,10,103,0.05,0.9344523537506177,55372,True,False,True,20.921209583000746
baseline100k_dqn_statev1_sparse_seed43_20261010_115447_684488_624e6bba,dqn,43,v1,sparse,1200,56403,30.0,4,32,0.05,0.8708590352907777,55404,True,False,True,20.93336895800894
baseline100k_dqn_statev1_sparse_seed43_20261010_115447_684488_624e6bba,dqn,43,v1,sparse,1201,56516,160.0,17,113,0.05,0.8884143365167938,55517,True,False,True,20.978171166963875
baseline100k_dqn_statev1_sparse_seed43_20261010_115447_684488_624e6bba,dqn,43,v1,sparse,1202,56703,150.0,16,187,0.05,0.9369214760428444,55704,True,False,True,21.049414874985814
baseline100k_dqn_statev1_sparse_seed43_20261010_115447_684488_624e6bba,dqn,43,v1,sparse,1203,56841,150.0,16,138,0.05,0.8917537189048269,55842,True,False,True,21.10172891698312
baseline100k_dqn_statev1_sparse_seed43_20261010_115447_684488_624e6bba,dqn,43,v1,sparse,1204,56942,110.0,12,101,0.05,0.8991476170497366,55943,True,False,True,21.141455208009575
baseline100k_dqn_statev1_sparse_seed43_20261010_115447_684488_624e6bba,dqn,43,v1,sparse,1205,57170,230.0,24,228,0.05,0.9540298711835292,56171,True,False,True,21.229083749989513
baseline100k_dqn_statev1_sparse_seed43_20261010_115447_684488_624e6bba,dqn,43,v1,sparse,1206,57259,110.0,12,89,0.05,0.961041671841332,56260,True,False,True,21.263038416975178
baseline100k_dqn_statev1_sparse_seed43_20261010_115447_684488_624e6bba,dqn,43,v1,sparse,1207,57377,140.0,15,118,0.05,0.9733910348455784,56378,True,False,True,21.308508792018984
baseline100k_dqn_statev1_sparse_seed43_20261010_115447_684488_624e6bba,dqn,43,v1,sparse,1208,57418,40.0,5,41,0.05,0.9633969650035952,56419,True,False,True,21.324239708017558
baseline100k_dqn_statev1_sparse_seed43_20261010_115447_684488_624e6bba,dqn,43,v1,sparse,1209,57472,60.0,7,54,0.05,0.9132089471375501,56473,True,False,True,21.34516258299118
baseline100k_dqn_statev1_sparse_seed43_20261010_115447_684488_624e6bba,dqn,43,v1,sparse,1210,57556,110.0,12,84,0.05,0.9615817133869443,56557,True,False,True,21.377246832998935
baseline100k_dqn_statev1_sparse_seed43_20261010_115447_684488_624e6bba,dqn,43,v1,sparse,1211,57581,20.0,3,25,0.05,0.8364902853965759,56582,True,False,True,21.38687004201347
baseline100k_dqn_statev1_sparse_seed43_20261010_115447_684488_624e6bba,dqn,43,v1,sparse,1212,57583,-10.0,0,2,0.05,0.785400003194809,56584,True,False,True,21.387695249984972
baseline100k_dqn_statev1_sparse_seed43_20261010_115447_684488_624e6bba,dqn,43,v1,sparse,1213,57653,90.0,10,70,0.05,0.9150749819619315,56654,True,False,True,21.41454170801444
baseline100k_dqn_statev1_sparse_seed43_20261010_115447_684488_624e6bba,dqn,43,v1,sparse,1214,57685,30.0,4,32,0.05,0.9891887698322535,56686,True,False,True,21.426807957992423
baseline100k_dqn_statev1_sparse_seed43_20261010_115447_684488_624e6bba,dqn,43,v1,sparse,1215,57802,110.0,12,117,0.05,0.9644620046656356,56803,True,False,True,21.471616333001293
baseline100k_dqn_statev1_sparse_seed43_20261010_115447_684488_624e6bba,dqn,43,v1,sparse,1216,57864,50.0,6,62,0.05,0.9276166183333243,56865,True,False,True,21.495357166975737
baseline100k_dqn_statev1_sparse_seed43_20261010_115447_684488_624e6bba,dqn,43,v1,sparse,1217,57929,70.0,8,65,0.05,0.9707114114211156,56930,True,False,True,21.5200819579768
baseline100k_dqn_statev1_sparse_seed43_20261010_115447_684488_624e6bba,dqn,43,v1,sparse,1218,57933,0.0,1,4,0.05,0.7050514817237854,56934,True,False,True,21.521638625010382
baseline100k_dqn_statev1_sparse_seed43_20261010_115447_684488_624e6bba,dqn,43,v1,sparse,1219,58031,120.0,13,98,0.05,0.930373280024042,57032,True,False,True,21.559530375001486
baseline100k_dqn_statev1_sparse_seed43_20261010_115447_684488_624e6bba,dqn,43,v1,sparse,1220,58166,130.0,14,135,0.05,0.960867272041462,57167,True,False,True,21.611909416969866
baseline100k_dqn_statev1_sparse_seed43_20261010_115447_684488_624e6bba,dqn,43,v1,sparse,1221,58227,90.0,10,61,0.05,1.009495059974858,57228,True,False,True,21.635891125013586
baseline100k_dqn_statev1_sparse_seed43_20261010_115447_684488_624e6bba,dqn,43,v1,sparse,1222,58228,-10.0,0,1,0.05,1.1759555339813232,57229,True,False,True,21.63629883300746
baseline100k_dqn_statev1_sparse_seed43_20261010_115447_684488_624e6bba,dqn,43,v1,sparse,1223,58287,60.0,7,59,0.05,0.9099017280643269,57288,True,False,True,21.659953291993588
baseline100k_dqn_statev1_sparse_seed43_20261010_115447_684488_624e6bba,dqn,43,v1,sparse,1224,58295,0.0,1,8,0.05,0.7669222019612789,57296,True,False,True,21.663096208008938
baseline100k_dqn_statev1_sparse_seed43_20261010_115447_684488_624e6bba,dqn,43,v1,sparse,1225,58337,50.0,6,42,0.05,0.8898795580580121,57338,True,False,True,21.694330625003204
baseline100k_dqn_statev1_sparse_seed43_20261010_115447_684488_624e6bba,dqn,43,v1,sparse,1226,58470,130.0,14,133,0.05,0.9349876536910695,57471,True,False,True,21.747046375006903
baseline100k_dqn_statev1_sparse_seed43_20261010_115447_684488_624e6bba,dqn,43,v1,sparse,1227,58498,20.0,3,28,0.05,0.9895161432879311,57499,True,False,True,21.757972583000083
baseline100k_dqn_statev1_sparse_seed43_20261010_115447_684488_624e6bba,dqn,43,v1,sparse,1228,58575,80.0,9,77,0.05,1.0090399860561667,57576,True,False,True,21.78795558301499
baseline100k_dqn_statev1_sparse_seed43_20261010_115447_684488_624e6bba,dqn,43,v1,sparse,1229,58751,180.0,19,176,0.05,0.9469237371601842,57752,True,False,True,21.856096000003163
baseline100k_dqn_statev1_sparse_seed43_20261010_115447_684488_624e6bba,dqn,43,v1,sparse,1230,58870,130.0,14,119,0.05,0.9269141847846889,57871,True,False,True,21.902121957973577
baseline100k_dqn_statev1_sparse_seed43_20261010_115447_684488_624e6bba,dqn,43,v1,sparse,1231,58950,80.0,9,80,0.05,0.9419813755899668,57951,True,False,True,21.933369625010528
baseline100k_dqn_statev1_sparse_seed43_20261010_115447_684488_624e6bba,dqn,43,v1,sparse,1232,59083,170.0,18,133,0.05,0.9055039335910539,58084,True,False,True,21.985823625000194
baseline100k_dqn_statev1_sparse_seed43_20261010_115447_684488_624e6bba,dqn,43,v1,sparse,1233,59118,20.0,3,35,0.05,0.9442565960543496,58119,True,False,True,21.99963974999264
baseline100k_dqn_statev1_sparse_seed43_20261010_115447_684488_624e6bba,dqn,43,v1,sparse,1234,59344,240.0,25,226,0.05,0.9257273703022341,58345,True,False,True,22.088865291967522
baseline100k_dqn_statev1_sparse_seed43_20261010_115447_684488_624e6bba,dqn,43,v1,sparse,1235,59517,200.0,21,173,0.05,0.9159251742624823,58518,True,False,True,22.156048625009134
baseline100k_dqn_statev1_sparse_seed43_20261010_115447_684488_624e6bba,dqn,43,v1,sparse,1236,59558,40.0,5,41,0.05,0.8928751669278959,58559,True,False,True,22.171688249974977
baseline100k_dqn_statev1_sparse_seed43_20261010_115447_684488_624e6bba,dqn,43,v1,sparse,1237,59820,220.0,23,262,0.05,0.928740868814119,58821,True,False,True,22.272416249965318
baseline100k_dqn_statev1_sparse_seed43_20261010_115447_684488_624e6bba,dqn,43,v1,sparse,1238,59946,140.0,15,126,0.05,0.9109815200642933,58947,True,False,True,22.32086579198949
baseline100k_dqn_statev1_sparse_seed43_20261010_115447_684488_624e6bba,dqn,43,v1,sparse,1239,60080,150.0,16,134,0.05,0.9590959980416653,59081,True,False,True,22.372353666985873
baseline100k_dqn_statev1_sparse_seed43_20261010_115447_684488_624e6bba,dqn,43,v1,sparse,1240,60126,40.0,5,46,0.05,0.9114922440570333,59127,True,False,True,22.389766125008464
baseline100k_dqn_statev1_sparse_seed43_20261010_115447_684488_624e6bba,dqn,43,v1,sparse,1241,60329,230.0,24,203,0.05,0.8973942934879529,59330,True,False,True,22.46718541701557
baseline100k_dqn_statev1_sparse_seed43_20261010_115447_684488_624e6bba,dqn,43,v1,sparse,1242,60386,70.0,8,57,0.05,0.8736964662869772,59387,True,False,True,22.489097957964987
baseline100k_dqn_statev1_sparse_seed43_20261010_115447_684488_624e6bba,dqn,43,v1,sparse,1243,60497,110.0,12,111,0.05,0.8913358817766378,59498,True,False,True,22.53132004197687
baseline100k_dqn_statev1_sparse_seed43_20261010_115447_684488_624e6bba,dqn,43,v1,sparse,1244,60544,40.0,5,47,0.05,0.9071166775328048,59545,True,False,True,22.5496399999829
baseline100k_dqn_statev1_sparse_seed43_20261010_115447_684488_624e6bba,dqn,43,v1,sparse,1245,60563,10.0,2,19,0.05,0.9750217983597204,59564,True,False,True,22.55706541700056
baseline100k_dqn_statev1_sparse_seed43_20261010_115447_684488_624e6bba,dqn,43,v1,sparse,1246,60621,30.0,4,58,0.05,0.8613741736987541,59622,True,False,True,22.579432416998316
baseline100k_dqn_statev1_sparse_seed43_20261010_115447_684488_624e6bba,dqn,43,v1,sparse,1247,60883,240.0,25,262,0.05,0.9194642999245011,59884,True,False,True,22.680437541974243
baseline100k_dqn_statev1_sparse_seed43_20261010_115447_684488_624e6bba,dqn,43,v1,sparse,1248,60933,70.0,8,50,0.05,0.8978069823980331,59934,True,False,True,22.69970362499589
baseline100k_dqn_statev1_sparse_seed43_20261010_115447_684488_624e6bba,dqn,43,v1,sparse,1249,60946,0.0,1,13,0.05,0.9306058700268085,59947,True,False,True,22.704730374971405
baseline100k_dqn_statev1_sparse_seed43_20261010_115447_684488_624e6bba,dqn,43,v1,sparse,1250,60982,30.0,4,36,0.05,0.9161951310104794,59983,True,False,True,22.718499750015326
baseline100k_dqn_statev1_sparse_seed43_20261010_115447_684488_624e6bba,dqn,43,v1,sparse,1251,60997,10.0,2,15,0.05,0.881740520397822,59998,True,False,True,22.7242241249769
baseline100k_dqn_statev1_sparse_seed43_20261010_115447_684488_624e6bba,dqn,43,v1,sparse,1252,61030,40.0,5,33,0.05,0.86646850994139,60031,True,False,True,22.7369213749771
baseline100k_dqn_statev1_sparse_seed43_20261010_115447_684488_624e6bba,dqn,43,v1,sparse,1253,61108,110.0,12,78,0.05,0.8982116419535416,60109,True,False,True,22.76674583298154
baseline100k_dqn_statev1_sparse_seed43_20261010_115447_684488_624e6bba,dqn,43,v1,sparse,1254,61219,140.0,15,111,0.05,0.9554878994151279,60220,True,False,True,22.80888645799132
baseline100k_dqn_statev1_sparse_seed43_20261010_115447_684488_624e6bba,dqn,43,v1,sparse,1255,61424,180.0,19,205,0.05,0.9382831848249202,60425,True,False,True,22.886918624979444
baseline100k_dqn_statev1_sparse_seed43_20261010_115447_684488_624e6bba,dqn,43,v1,sparse,1256,61485,80.0,9,61,0.05,0.9353621900081635,60486,True,False,True,22.910108832991682
baseline100k_dqn_statev1_sparse_seed43_20261010_115447_684488_624e6bba,dqn,43,v1,sparse,1257,61661,180.0,19,176,0.05,0.9206051677465439,60662,True,False,True,22.97687470796518
baseline100k_dqn_statev1_sparse_seed43_20261010_115447_684488_624e6bba,dqn,43,v1,sparse,1258,61677,0.0,1,16,0.05,0.9713148754090071,60678,True,False,True,22.98297370801447
baseline100k_dqn_statev1_sparse_seed43_20261010_115447_684488_624e6bba,dqn,43,v1,sparse,1259,61721,40.0,5,44,0.05,0.8883545967665586,60722,True,False,True,22.999743874999695
baseline100k_dqn_statev1_sparse_seed43_20261010_115447_684488_624e6bba,dqn,43,v1,sparse,1260,61874,180.0,19,153,0.05,0.9101528237068576,60875,True,False,True,23.058173583005555
baseline100k_dqn_statev1_sparse_seed43_20261010_115447_684488_624e6bba,dqn,43,v1,sparse,1261,61927,50.0,6,53,0.05,0.9370639799338467,60928,True,False,True,23.078518999973312
baseline100k_dqn_statev1_sparse_seed43_20261010_115447_684488_624e6bba,dqn,43,v1,sparse,1262,62082,160.0,17,155,0.05,0.9411605050486903,61083,True,False,True,23.138098791998345
baseline100k_dqn_statev1_sparse_seed43_20261010_115447_684488_624e6bba,dqn,43,v1,sparse,1263,62219,130.0,14,137,0.05,0.9155658296424977,61220,True,False,True,23.19077995797852
baseline100k_dqn_statev1_sparse_seed43_20261010_115447_684488_624e6bba,dqn,43,v1,sparse,1264,62262,60.0,7,43,0.05,0.8910892744397008,61263,True,False,True,23.20730499998899
baseline100k_dqn_statev1_sparse_seed43_20261010_115447_684488_624e6bba,dqn,43,v1,sparse,1265,62431,190.0,20,169,0.05,0.9832732032036641,61432,True,False,True,23.2718309169868
baseline100k_dqn_statev1_sparse_seed43_20261010_115447_684488_624e6bba,dqn,43,v1,sparse,1266,62509,80.0,9,78,0.05,0.9485036386893346,61510,True,False,True,23.301609832968097
baseline100k_dqn_statev1_sparse_seed43_20261010_115447_684488_624e6bba,dqn,43,v1,sparse,1267,62611,120.0,13,102,0.05,0.8884943583432365,61612,True,False,True,23.340614666987676
baseline100k_dqn_statev1_sparse_seed43_20261010_115447_684488_624e6bba,dqn,43,v1,sparse,1268,62720,130.0,14,109,0.05,0.9943194277242783,61721,True,False,True,23.382110541977454
baseline100k_dqn_statev1_sparse_seed43_20261010_115447_684488_624e6bba,dqn,43,v1,sparse,1269,62751,40.0,5,31,0.05,0.9237696730321453,61752,True,False,True,23.393855792004615
baseline100k_dqn_statev1_sparse_seed43_20261010_115447_684488_624e6bba,dqn,43,v1,sparse,1270,62870,150.0,16,119,0.05,0.9489266303907923,61871,True,False,True,23.439349583000876
baseline100k_dqn_statev1_sparse_seed43_20261010_115447_684488_624e6bba,dqn,43,v1,sparse,1271,63020,140.0,15,150,0.05,0.9458255124092102,62021,True,False,True,23.496899541991297
baseline100k_dqn_statev1_sparse_seed43_20261010_115447_684488_624e6bba,dqn,43,v1,sparse,1272,63048,30.0,4,28,0.05,0.8635566979646683,62049,True,False,True,23.507657542009838
baseline100k_dqn_statev1_sparse_seed43_20261010_115447_684488_624e6bba,dqn,43,v1,sparse,1273,63082,50.0,6,34,0.05,0.91683571303592,62083,True,False,True,23.520658166962676
baseline100k_dqn_statev1_sparse_seed43_20261010_115447_684488_624e6bba,dqn,43,v1,sparse,1274,63300,270.0,28,218,0.05,0.9054618875641341,62301,True,False,True,23.604713750013616
baseline100k_dqn_statev1_sparse_seed43_20261010_115447_684488_624e6bba,dqn,43,v1,sparse,1275,63374,80.0,9,74,0.05,0.937583551616282,62375,True,False,True,23.633147999993525
baseline100k_dqn_statev1_sparse_seed43_20261010_115447_684488_624e6bba,dqn,43,v1,sparse,1276,63506,140.0,15,132,0.05,0.945290042821205,62507,True,False,True,23.683760042011272
baseline100k_dqn_statev1_sparse_seed43_20261010_115447_684488_624e6bba,dqn,43,v1,sparse,1277,63581,80.0,9,75,0.05,0.8858551247914632,62582,True,False,True,23.712600332975853
baseline100k_dqn_statev1_sparse_seed43_20261010_115447_684488_624e6bba,dqn,43,v1,sparse,1278,63622,40.0,5,41,0.05,0.882827020272976,62623,True,False,True,23.728209166962188
baseline100k_dqn_statev1_sparse_seed43_20261010_115447_684488_624e6bba,dqn,43,v1,sparse,1279,63627,-10.0,0,5,0.05,0.8155229330062866,62628,True,False,True,23.730111917015165
baseline100k_dqn_statev1_sparse_seed43_20261010_115447_684488_624e6bba,dqn,43,v1,sparse,1280,63790,200.0,21,163,0.05,0.9031789822081115,62791,True,False,True,23.79235816700384
baseline100k_dqn_statev1_sparse_seed43_20261010_115447_684488_624e6bba,dqn,43,v1,sparse,1281,63853,80.0,9,63,0.05,0.9702837874018957,62854,True,False,True,23.81658270797925
baseline100k_dqn_statev1_sparse_seed43_20261010_115447_684488_624e6bba,dqn,43,v1,sparse,1282,63948,100.0,11,95,0.05,0.9224673735468011,62949,True,False,True,23.85292583296541
baseline100k_dqn_statev1_sparse_seed43_20261010_115447_684488_624e6bba,dqn,43,v1,sparse,1283,64002,70.0,8,54,0.05,0.9650264194718113,63003,True,False,True,23.87359066697536
baseline100k_dqn_statev1_sparse_seed43_20261010_115447_684488_624e6bba,dqn,43,v1,sparse,1284,64070,60.0,7,68,0.05,1.0198843492304577,63071,True,False,True,23.899405875010416
baseline100k_dqn_statev1_sparse_seed43_20261010_115447_684488_624e6bba,dqn,43,v1,sparse,1285,64137,80.0,9,67,0.05,0.9183728454717949,63138,True,False,True,23.92487154196715
baseline100k_dqn_statev1_sparse_seed43_20261010_115447_684488_624e6bba,dqn,43,v1,sparse,1286,64211,100.0,11,74,0.05,0.9036464779763609,63212,True,False,True,23.952884332975373
baseline100k_dqn_statev1_sparse_seed43_20261010_115447_684488_624e6bba,dqn,43,v1,sparse,1287,64310,110.0,12,99,0.05,0.9216870930459764,63311,True,False,True,23.990431917016394
baseline100k_dqn_statev1_sparse_seed43_20261010_115447_684488_624e6bba,dqn,43,v1,sparse,1288,64432,130.0,14,122,0.05,1.009254418802066,63433,True,False,True,24.03670699999202
baseline100k_dqn_statev1_sparse_seed43_20261010_115447_684488_624e6bba,dqn,43,v1,sparse,1289,64537,120.0,13,105,0.05,0.9225052053020114,63538,True,False,True,24.076672541967127
baseline100k_dqn_statev1_sparse_seed43_20261010_115447_684488_624e6bba,dqn,43,v1,sparse,1290,64650,130.0,14,113,0.05,0.9575146273174117,63651,True,False,True,24.119629041990265
baseline100k_dqn_statev1_sparse_seed43_20261010_115447_684488_624e6bba,dqn,43,v1,sparse,1291,64696,70.0,8,46,0.05,0.8956594188576159,63697,True,False,True,24.1372689169948
baseline100k_dqn_statev1_sparse_seed43_20261010_115447_684488_624e6bba,dqn,43,v1,sparse,1292,64787,140.0,15,91,0.05,0.9557157666473598,63788,True,False,True,24.171778000018094
baseline100k_dqn_statev1_sparse_seed43_20261010_115447_684488_624e6bba,dqn,43,v1,sparse,1293,64829,40.0,5,42,0.05,0.968222839491708,63830,True,False,True,24.18765216699103
baseline100k_dqn_statev1_sparse_seed43_20261010_115447_684488_624e6bba,dqn,43,v1,sparse,1294,64959,140.0,15,130,0.05,0.9748672492229021,63960,True,False,True,24.23707012500381
baseline100k_dqn_statev1_sparse_seed43_20261010_115447_684488_624e6bba,dqn,43,v1,sparse,1295,64972,0.0,1,13,0.05,1.013996972487523,63973,True,False,True,24.24202195799444
baseline100k_dqn_statev1_sparse_seed43_20261010_115447_684488_624e6bba,dqn,43,v1,sparse,1296,65093,110.0,12,121,0.05,0.9285787410479932,64094,True,False,True,24.28796341700945
baseline100k_dqn_statev1_sparse_seed43_20261010_115447_684488_624e6bba,dqn,43,v1,sparse,1297,65187,100.0,11,94,0.05,0.9520623975611747,64188,True,False,True,24.323656207998283
baseline100k_dqn_statev1_sparse_seed43_20261010_115447_684488_624e6bba,dqn,43,v1,sparse,1298,65206,0.0,1,19,0.05,0.9538598546856328,64207,True,False,True,24.330807999998797
baseline100k_dqn_statev1_sparse_seed43_20261010_115447_684488_624e6bba,dqn,43,v1,sparse,1299,65334,130.0,14,128,0.05,0.9500972172245383,64335,True,False,True,24.37946408300195
baseline100k_dqn_statev1_sparse_seed43_20261010_115447_684488_624e6bba,dqn,43,v1,sparse,1300,65413,90.0,10,79,0.05,0.932624669014653,64414,True,False,True,24.409310167015065
baseline100k_dqn_statev1_sparse_seed43_20261010_115447_684488_624e6bba,dqn,43,v1,sparse,1301,65557,160.0,17,144,0.05,0.9379427399900224,64558,True,False,True,24.46583645796636
baseline100k_dqn_statev1_sparse_seed43_20261010_115447_684488_624e6bba,dqn,43,v1,sparse,1302,65614,40.0,5,57,0.05,0.8797814187250639,64615,True,False,True,24.487549750017934
baseline100k_dqn_statev1_sparse_seed43_20261010_115447_684488_624e6bba,dqn,43,v1,sparse,1303,65740,160.0,17,126,0.05,0.8623398376835717,64741,True,False,True,24.535969457996543
baseline100k_dqn_statev1_sparse_seed43_20261010_115447_684488_624e6bba,dqn,43,v1,sparse,1304,65825,60.0,7,85,0.05,0.9271614032633164,64826,True,False,True,24.568863624997903
baseline100k_dqn_statev1_sparse_seed43_20261010_115447_684488_624e6bba,dqn,43,v1,sparse,1305,65835,10.0,2,10,0.05,0.9556202709674835,64836,True,False,True,24.572748792008497
baseline100k_dqn_statev1_sparse_seed43_20261010_115447_684488_624e6bba,dqn,43,v1,sparse,1306,66012,180.0,19,177,0.05,0.911263552931069,65013,True,False,True,24.640959749987815
baseline100k_dqn_statev1_sparse_seed43_20261010_115447_684488_624e6bba,dqn,43,v1,sparse,1307,66221,220.0,23,209,0.05,0.9545684210136176,65222,True,False,True,24.720414499985054
baseline100k_dqn_statev1_sparse_seed43_20261010_115447_684488_624e6bba,dqn,43,v1,sparse,1308,66246,10.0,2,25,0.05,0.8989246046543121,65247,True,False,True,24.730054625018965
baseline100k_dqn_statev1_sparse_seed43_20261010_115447_684488_624e6bba,dqn,43,v1,sparse,1309,66396,160.0,17,150,0.05,0.93247119307518,65397,True,False,True,24.78756958298618
baseline100k_dqn_statev1_sparse_seed43_20261010_115447_684488_624e6bba,dqn,43,v1,sparse,1310,66412,10.0,2,16,0.05,0.8940036594867706,65413,True,False,True,24.793694957974367
baseline100k_dqn_statev1_sparse_seed43_20261010_115447_684488_624e6bba,dqn,43,v1,sparse,1311,66597,220.0,23,185,0.05,0.9097651478406545,65598,True,False,True,24.865147250005975
baseline100k_dqn_statev1_sparse_seed43_20261010_115447_684488_624e6bba,dqn,43,v1,sparse,1312,66606,0.0,1,9,0.05,1.0465242862701416,65607,True,False,True,24.868636458006222
baseline100k_dqn_statev1_sparse_seed43_20261010_115447_684488_624e6bba,dqn,43,v1,sparse,1313,66660,50.0,6,54,0.05,0.9417432640437726,65661,True,False,True,24.889445499982685
baseline100k_dqn_statev1_sparse_seed43_20261010_115447_684488_624e6bba,dqn,43,v1,sparse,1314,66739,90.0,10,79,0.05,0.9821732085716876,65740,True,False,True,24.91978808300337
baseline100k_dqn_statev1_sparse_seed43_20261010_115447_684488_624e6bba,dqn,43,v1,sparse,1315,66862,140.0,15,123,0.05,0.948169571839697,65863,True,False,True,24.96706587501103
baseline100k_dqn_statev1_sparse_seed43_20261010_115447_684488_624e6bba,dqn,43,v1,sparse,1316,66893,20.0,3,31,0.05,0.9312317371368408,65894,True,False,True,24.97888620797312
baseline100k_dqn_statev1_sparse_seed43_20261010_115447_684488_624e6bba,dqn,43,v1,sparse,1317,67012,170.0,18,119,0.05,0.9529417683096493,66013,True,False,True,25.024424957984593
baseline100k_dqn_statev1_sparse_seed43_20261010_115447_684488_624e6bba,dqn,43,v1,sparse,1318,67140,130.0,14,128,0.05,0.9165654487442225,66141,True,False,True,25.073166457994375
baseline100k_dqn_statev1_sparse_seed43_20261010_115447_684488_624e6bba,dqn,43,v1,sparse,1319,67224,80.0,9,84,0.05,0.9878606037015006,66225,True,False,True,25.105361499998253
baseline100k_dqn_statev1_sparse_seed43_20261010_115447_684488_624e6bba,dqn,43,v1,sparse,1320,67282,70.0,8,58,0.05,1.0361921612558693,66283,True,False,True,25.127590082993265
baseline100k_dqn_statev1_sparse_seed43_20261010_115447_684488_624e6bba,dqn,43,v1,sparse,1321,67410,210.0,22,128,0.05,0.9895496366079897,66411,True,False,True,25.176999417017214
baseline100k_dqn_statev1_sparse_seed43_20261010_115447_684488_624e6bba,dqn,43,v1,sparse,1322,67508,120.0,13,98,0.05,0.9337718289117424,66509,True,False,True,25.214682457968593
baseline100k_dqn_statev1_sparse_seed43_20261010_115447_684488_624e6bba,dqn,43,v1,sparse,1323,67631,140.0,15,123,0.05,0.9523396653130771,66632,True,False,True,25.261906832980458
baseline100k_dqn_statev1_sparse_seed43_20261010_115447_684488_624e6bba,dqn,43,v1,sparse,1324,67689,50.0,6,58,0.05,0.9055266693748277,66690,True,False,True,25.284099582990166
baseline100k_dqn_statev1_sparse_seed43_20261010_115447_684488_624e6bba,dqn,43,v1,sparse,1325,67744,60.0,7,55,0.05,0.9787554583766244,66745,True,False,True,25.305336874967907
baseline100k_dqn_statev1_sparse_seed43_20261010_115447_684488_624e6bba,dqn,43,v1,sparse,1326,67766,10.0,2,22,0.05,0.9790551594712518,66767,True,False,True,25.313765582977794
baseline100k_dqn_statev1_sparse_seed43_20261010_115447_684488_624e6bba,dqn,43,v1,sparse,1327,67853,100.0,11,87,0.05,0.950003871629978,66854,True,False,True,25.347092832962517
baseline100k_dqn_statev1_sparse_seed43_20261010_115447_684488_624e6bba,dqn,43,v1,sparse,1328,67922,100.0,11,69,0.05,0.8808922121922175,66923,True,False,True,25.373731041967403
baseline100k_dqn_statev1_sparse_seed43_20261010_115447_684488_624e6bba,dqn,43,v1,sparse,1329,68117,190.0,20,195,0.05,0.9677266591634506,67118,True,False,True,25.44854937499622
baseline100k_dqn_statev1_sparse_seed43_20261010_115447_684488_624e6bba,dqn,43,v1,sparse,1330,68264,160.0,17,147,0.05,0.9420258001405366,67265,True,False,True,25.506256166961975
baseline100k_dqn_statev1_sparse_seed43_20261010_115447_684488_624e6bba,dqn,43,v1,sparse,1331,68347,90.0,10,83,0.05,0.9159166870346989,67348,True,False,True,25.53951245796634
baseline100k_dqn_statev1_sparse_seed43_20261010_115447_684488_624e6bba,dqn,43,v1,sparse,1332,68511,180.0,19,164,0.05,0.9495867063722959,67512,True,False,True,25.60320574999787
baseline100k_dqn_statev1_sparse_seed43_20261010_115447_684488_624e6bba,dqn,43,v1,sparse,1333,68527,0.0,1,16,0.05,1.0363392680883408,67528,True,False,True,25.60976620798465
baseline100k_dqn_statev1_sparse_seed43_20261010_115447_684488_624e6bba,dqn,43,v1,sparse,1334,68732,190.0,20,205,0.05,0.9742085187900357,67733,True,False,True,25.6899348750012
baseline100k_dqn_statev1_sparse_seed43_20261010_115447_684488_624e6bba,dqn,43,v1,sparse,1335,68850,120.0,13,118,0.05,0.960353280401836,67851,True,False,True,25.735761457995977
baseline100k_dqn_statev1_sparse_seed43_20261010_115447_684488_624e6bba,dqn,43,v1,sparse,1336,68890,40.0,5,40,0.05,0.8259704999625683,67891,True,False,True,25.751415374979842
baseline100k_dqn_statev1_sparse_seed43_20261010_115447_684488_624e6bba,dqn,43,v1,sparse,1337,68996,140.0,15,106,0.05,0.986229639570668,67997,True,False,True,25.79275283298921
baseline100k_dqn_statev1_sparse_seed43_20261010_115447_684488_624e6bba,dqn,43,v1,sparse,1338,69112,120.0,13,116,0.05,0.9797319047923746,68113,True,False,True,25.837798666965682
baseline100k_dqn_statev1_sparse_seed43_20261010_115447_684488_624e6bba,dqn,43,v1,sparse,1339,69287,150.0,16,175,0.05,0.953663386106491,68288,True,False,True,25.905377166986
baseline100k_dqn_statev1_sparse_seed43_20261010_115447_684488_624e6bba,dqn,43,v1,sparse,1340,69422,150.0,16,135,0.05,0.9569332526789771,68423,True,False,True,25.957599417015444
baseline100k_dqn_statev1_sparse_seed43_20261010_115447_684488_624e6bba,dqn,43,v1,sparse,1341,69625,240.0,25,203,0.05,0.9712016865097243,68626,True,False,True,26.035875750007108
baseline100k_dqn_statev1_sparse_seed43_20261010_115447_684488_624e6bba,dqn,43,v1,sparse,1342,69688,60.0,7,63,0.05,0.9696862456344423,68689,True,False,True,26.060165958013386
baseline100k_dqn_statev1_sparse_seed43_20261010_115447_684488_624e6bba,dqn,43,v1,sparse,1343,69825,150.0,16,137,0.05,0.9538602970377372,68826,True,False,True,26.113394416985102
baseline100k_dqn_statev1_sparse_seed43_20261010_115447_684488_624e6bba,dqn,43,v1,sparse,1344,69851,30.0,4,26,0.05,1.0809614921991642,68852,True,False,True,26.12355054198997
baseline100k_dqn_statev1_sparse_seed43_20261010_115447_684488_624e6bba,dqn,43,v1,sparse,1345,69880,30.0,4,29,0.05,0.9392560915700321,68881,True,False,True,26.134868666995317
baseline100k_dqn_statev1_sparse_seed43_20261010_115447_684488_624e6bba,dqn,43,v1,sparse,1346,69969,80.0,9,89,0.05,0.975324325012357,68970,True,False,True,26.169305499992333
baseline100k_dqn_statev1_sparse_seed43_20261010_115447_684488_624e6bba,dqn,43,v1,sparse,1347,70172,200.0,21,203,0.05,0.9493189321950152,69173,True,False,True,26.24806199996965
baseline100k_dqn_statev1_sparse_seed43_20261010_115447_684488_624e6bba,dqn,43,v1,sparse,1348,70285,110.0,12,113,0.05,0.9530611594693851,69286,True,False,True,26.291704416973516
baseline100k_dqn_statev1_sparse_seed43_20261010_115447_684488_624e6bba,dqn,43,v1,sparse,1349,70334,60.0,7,49,0.05,0.984067267909342,69335,True,False,True,26.310623291996308
baseline100k_dqn_statev1_sparse_seed43_20261010_115447_684488_624e6bba,dqn,43,v1,sparse,1350,70385,40.0,5,51,0.05,0.931534713974186,69386,True,False,True,26.330984207976144
baseline100k_dqn_statev1_sparse_seed43_20261010_115447_684488_624e6bba,dqn,43,v1,sparse,1351,70413,20.0,3,28,0.05,1.1468158492020197,69414,True,False,True,26.342629041988403
baseline100k_dqn_statev1_sparse_seed43_20261010_115447_684488_624e6bba,dqn,43,v1,sparse,1352,70542,130.0,14,129,0.05,0.9308305565238923,69543,True,False,True,26.39280729199527
baseline100k_dqn_statev1_sparse_seed43_20261010_115447_684488_624e6bba,dqn,43,v1,sparse,1353,70675,140.0,15,133,0.05,0.9690182719911847,69676,True,False,True,26.44404479197692
baseline100k_dqn_statev1_sparse_seed43_20261010_115447_684488_624e6bba,dqn,43,v1,sparse,1354,70840,220.0,23,165,0.05,0.9625384184447202,69841,True,False,True,26.507367082987912
baseline100k_dqn_statev1_sparse_seed43_20261010_115447_684488_624e6bba,dqn,43,v1,sparse,1355,70937,110.0,12,97,0.05,0.951357296447164,69938,True,False,True,26.544847125012893
baseline100k_dqn_statev1_sparse_seed43_20261010_115447_684488_624e6bba,dqn,43,v1,sparse,1356,71006,80.0,9,69,0.05,0.9621470384839652,70007,True,False,True,26.572003457986284
baseline100k_dqn_statev1_sparse_seed43_20261010_115447_684488_624e6bba,dqn,43,v1,sparse,1357,71042,40.0,5,36,0.05,1.0052363028128941,70043,True,False,True,26.58586920797825
baseline100k_dqn_statev1_sparse_seed43_20261010_115447_684488_624e6bba,dqn,43,v1,sparse,1358,71150,130.0,14,108,0.05,0.9448193880142989,70151,True,False,True,26.628122749971226
baseline100k_dqn_statev1_sparse_seed43_20261010_115447_684488_624e6bba,dqn,43,v1,sparse,1359,71225,80.0,9,75,0.05,0.9723480327924092,70226,True,False,True,26.657772124977782
baseline100k_dqn_statev1_sparse_seed43_20261010_115447_684488_624e6bba,dqn,43,v1,sparse,1360,71490,270.0,28,265,0.05,0.9753667813427044,70491,True,False,True,26.763817958009895
baseline100k_dqn_statev1_sparse_seed43_20261010_115447_684488_624e6bba,dqn,43,v1,sparse,1361,71532,30.0,4,42,0.05,1.0065934587092626,70533,True,False,True,26.78008137497818
baseline100k_dqn_statev1_sparse_seed43_20261010_115447_684488_624e6bba,dqn,43,v1,sparse,1362,71589,50.0,6,57,0.05,0.9659220492630675,70590,True,False,True,26.80204275000142
baseline100k_dqn_statev1_sparse_seed43_20261010_115447_684488_624e6bba,dqn,43,v1,sparse,1363,71702,130.0,14,113,0.05,0.9864234164752791,70703,True,False,True,26.84597791696433
baseline100k_dqn_statev1_sparse_seed43_20261010_115447_684488_624e6bba,dqn,43,v1,sparse,1364,71744,30.0,4,42,0.05,0.9140410579386211,70745,True,False,True,26.862344875000417
baseline100k_dqn_statev1_sparse_seed43_20261010_115447_684488_624e6bba,dqn,43,v1,sparse,1365,71884,170.0,18,140,0.05,1.0069093259317534,70885,True,False,True,26.916122791997623
baseline100k_dqn_statev1_sparse_seed43_20261010_115447_684488_624e6bba,dqn,43,v1,sparse,1366,71967,90.0,10,83,0.05,1.0206943204604,70968,True,False,True,26.948158624989446
baseline100k_dqn_statev1_sparse_seed43_20261010_115447_684488_624e6bba,dqn,43,v1,sparse,1367,72106,150.0,16,139,0.05,1.008947322908923,71107,True,False,True,27.00230679201195
baseline100k_dqn_statev1_sparse_seed43_20261010_115447_684488_624e6bba,dqn,43,v1,sparse,1368,72277,200.0,21,171,0.05,0.929447714174003,71278,True,False,True,27.068210374971386
baseline100k_dqn_statev1_sparse_seed43_20261010_115447_684488_624e6bba,dqn,43,v1,sparse,1369,72348,110.0,12,71,0.05,0.9455994086366304,71349,True,False,True,27.09567045798758
baseline100k_dqn_statev1_sparse_seed43_20261010_115447_684488_624e6bba,dqn,43,v1,sparse,1370,72421,90.0,10,73,0.05,0.9919858158451237,71422,True,False,True,27.12371933297254
baseline100k_dqn_statev1_sparse_seed43_20261010_115447_684488_624e6bba,dqn,43,v1,sparse,1371,72496,80.0,9,75,0.05,1.0112360080083211,71497,True,False,True,27.152567707991693
baseline100k_dqn_statev1_sparse_seed43_20261010_115447_684488_624e6bba,dqn,43,v1,sparse,1372,72602,140.0,15,106,0.05,0.974164550596813,71603,True,False,True,27.193278292019386
baseline100k_dqn_statev1_sparse_seed43_20261010_115447_684488_624e6bba,dqn,43,v1,sparse,1373,72744,150.0,16,142,0.05,1.0189424673436394,71745,True,False,True,27.247649332974106
baseline100k_dqn_statev1_sparse_seed43_20261010_115447_684488_624e6bba,dqn,43,v1,sparse,1374,72924,200.0,21,180,0.05,0.9816357048021422,71925,True,False,True,27.317407583002932
baseline100k_dqn_statev1_sparse_seed43_20261010_115447_684488_624e6bba,dqn,43,v1,sparse,1375,73043,160.0,17,119,0.05,0.9853280930458999,72044,True,False,True,27.363477542006876
baseline100k_dqn_statev1_sparse_seed43_20261010_115447_684488_624e6bba,dqn,43,v1,sparse,1376,73149,130.0,14,106,0.05,0.9541347071809588,72150,True,False,True,27.404162332997657
baseline100k_dqn_statev1_sparse_seed43_20261010_115447_684488_624e6bba,dqn,43,v1,sparse,1377,73284,130.0,14,135,0.05,0.9754189354402047,72285,True,False,True,27.455883332993835
baseline100k_dqn_statev1_sparse_seed43_20261010_115447_684488_624e6bba,dqn,43,v1,sparse,1378,73289,0.0,1,5,0.05,0.8822149515151978,72290,True,False,True,27.457884832983837
baseline100k_dqn_statev1_sparse_seed43_20261010_115447_684488_624e6bba,dqn,43,v1,sparse,1379,73411,170.0,18,122,0.05,0.966727294149946,72412,True,False,True,27.504699999990407
baseline100k_dqn_statev1_sparse_seed43_20261010_115447_684488_624e6bba,dqn,43,v1,sparse,1380,73465,50.0,6,54,0.05,0.9214428166548411,72466,True,False,True,27.525351791991852
baseline100k_dqn_statev1_sparse_seed43_20261010_115447_684488_624e6bba,dqn,43,v1,sparse,1381,73560,120.0,13,95,0.05,1.0195986754015873,72561,True,False,True,27.562502749962732
baseline100k_dqn_statev1_sparse_seed43_20261010_115447_684488_624e6bba,dqn,43,v1,sparse,1382,73693,150.0,16,133,0.05,0.9519447018777517,72694,True,False,True,27.613949624996167
baseline100k_dqn_statev1_sparse_seed43_20261010_115447_684488_624e6bba,dqn,43,v1,sparse,1383,73756,90.0,10,63,0.05,1.0289171139399211,72757,True,False,True,27.638227207993623
baseline100k_dqn_statev1_sparse_seed43_20261010_115447_684488_624e6bba,dqn,43,v1,sparse,1384,73854,110.0,12,98,0.05,0.995429768854258,72855,True,False,True,27.675635332998354
baseline100k_dqn_statev1_sparse_seed43_20261010_115447_684488_624e6bba,dqn,43,v1,sparse,1385,73981,130.0,14,127,0.05,0.9295190052957986,72982,True,False,True,27.724324624985456
baseline100k_dqn_statev1_sparse_seed43_20261010_115447_684488_624e6bba,dqn,43,v1,sparse,1386,74049,80.0,9,68,0.05,1.003237507360823,73050,True,False,True,27.750672707974445
baseline100k_dqn_statev1_sparse_seed43_20261010_115447_684488_624e6bba,dqn,43,v1,sparse,1387,74140,100.0,11,91,0.05,1.0207358402210278,73141,True,False,True,27.78563870798098
baseline100k_dqn_statev1_sparse_seed43_20261010_115447_684488_624e6bba,dqn,43,v1,sparse,1388,74248,100.0,11,108,0.05,1.0608044675102941,73249,True,False,True,27.82724174996838
baseline100k_dqn_statev1_sparse_seed43_20261010_115447_684488_624e6bba,dqn,43,v1,sparse,1389,74316,100.0,11,68,0.05,0.9435110447161338,73317,True,False,True,27.85335170797771
baseline100k_dqn_statev1_sparse_seed43_20261010_115447_684488_624e6bba,dqn,43,v1,sparse,1390,74439,170.0,18,123,0.05,0.9780132983758197,73440,True,False,True,27.900534541986417
baseline100k_dqn_statev1_sparse_seed43_20261010_115447_684488_624e6bba,dqn,43,v1,sparse,1391,74489,50.0,6,50,0.05,1.0283016270399095,73490,True,False,True,27.919627457973547
baseline100k_dqn_statev1_sparse_seed43_20261010_115447_684488_624e6bba,dqn,43,v1,sparse,1392,74505,0.0,1,16,0.05,1.1574519276618958,73506,True,False,True,27.92571795801632
baseline100k_dqn_statev1_sparse_seed43_20261010_115447_684488_624e6bba,dqn,43,v1,sparse,1393,74586,110.0,12,81,0.05,0.9923332050258731,73587,True,False,True,27.95646479196148
baseline100k_dqn_statev1_sparse_seed43_20261010_115447_684488_624e6bba,dqn,43,v1,sparse,1394,74648,70.0,8,62,0.05,1.0774412573345247,73649,True,False,True,27.98019887501141
baseline100k_dqn_statev1_sparse_seed43_20261010_115447_684488_624e6bba,dqn,43,v1,sparse,1395,74715,100.0,11,67,0.05,1.0175381018154657,73716,True,False,True,28.00583037501201
baseline100k_dqn_statev1_sparse_seed43_20261010_115447_684488_624e6bba,dqn,43,v1,sparse,1396,74877,200.0,21,162,0.05,0.9868379715416167,73878,True,False,True,28.067538124974817
baseline100k_dqn_statev1_sparse_seed43_20261010_115447_684488_624e6bba,dqn,43,v1,sparse,1397,75040,190.0,20,163,0.05,1.0285476568652077,74041,True,False,True,28.129867708019447
baseline100k_dqn_statev1_sparse_seed43_20261010_115447_684488_624e6bba,dqn,43,v1,sparse,1398,75145,90.0,10,105,0.05,0.9535179867630913,74146,True,False,True,28.169778916984797
baseline100k_dqn_statev1_sparse_seed43_20261010_115447_684488_624e6bba,dqn,43,v1,sparse,1399,75185,30.0,4,40,0.05,1.0351699702441692,74186,True,False,True,28.185091291961726
baseline100k_dqn_statev1_sparse_seed43_20261010_115447_684488_624e6bba,dqn,43,v1,sparse,1400,75291,110.0,12,106,0.05,0.9808627007142553,74292,True,False,True,28.22559329197975
baseline100k_dqn_statev1_sparse_seed43_20261010_115447_684488_624e6bba,dqn,43,v1,sparse,1401,75456,200.0,21,165,0.05,0.9971294285673084,74457,True,False,True,28.291102749994025
baseline100k_dqn_statev1_sparse_seed43_20261010_115447_684488_624e6bba,dqn,43,v1,sparse,1402,75473,20.0,3,17,0.05,0.9146657130297493,74474,True,False,True,28.297685917001218
baseline100k_dqn_statev1_sparse_seed43_20261010_115447_684488_624e6bba,dqn,43,v1,sparse,1403,75535,70.0,8,62,0.05,1.0495916528086509,74536,True,False,True,28.321607332967687
baseline100k_dqn_statev1_sparse_seed43_20261010_115447_684488_624e6bba,dqn,43,v1,sparse,1404,75544,-10.0,0,9,0.05,1.0292122628953722,74545,True,False,True,28.325073249987327
baseline100k_dqn_statev1_sparse_seed43_20261010_115447_684488_624e6bba,dqn,43,v1,sparse,1405,75732,180.0,19,188,0.05,0.9764019555233895,74733,True,False,True,28.396910917013884
baseline100k_dqn_statev1_sparse_seed43_20261010_115447_684488_624e6bba,dqn,43,v1,sparse,1406,75775,30.0,4,43,0.05,0.9975062608718872,74776,True,False,True,28.413326416979544
baseline100k_dqn_statev1_sparse_seed43_20261010_115447_684488_624e6bba,dqn,43,v1,sparse,1407,75839,60.0,7,64,0.05,0.9950100546702743,74840,True,False,True,28.437842125014868
baseline100k_dqn_statev1_sparse_seed43_20261010_115447_684488_624e6bba,dqn,43,v1,sparse,1408,75976,150.0,16,137,0.05,1.016895146047982,74977,True,False,True,28.48995954199927
baseline100k_dqn_statev1_sparse_seed43_20261010_115447_684488_624e6bba,dqn,43,v1,sparse,1409,76130,170.0,18,154,0.05,0.9551883171518127,75131,True,False,True,28.54904891701881
baseline100k_dqn_statev1_sparse_seed43_20261010_115447_684488_624e6bba,dqn,43,v1,sparse,1410,76311,200.0,21,181,0.05,1.0025376406657762,75312,True,False,True,28.61942416697275
baseline100k_dqn_statev1_sparse_seed43_20261010_115447_684488_624e6bba,dqn,43,v1,sparse,1411,76383,70.0,8,72,0.05,1.0117033628953829,75384,True,False,True,28.64716737496201
baseline100k_dqn_statev1_sparse_seed43_20261010_115447_684488_624e6bba,dqn,43,v1,sparse,1412,76517,150.0,16,134,0.05,1.003172961522394,75518,True,False,True,28.699126791965682
baseline100k_dqn_statev1_sparse_seed43_20261010_115447_684488_624e6bba,dqn,43,v1,sparse,1413,76602,110.0,12,85,0.05,0.9370831475538366,75603,True,False,True,28.731672666966915
baseline100k_dqn_statev1_sparse_seed43_20261010_115447_684488_624e6bba,dqn,43,v1,sparse,1414,76658,30.0,4,56,0.05,1.0232333679284369,75659,True,False,True,28.75305129197659
baseline100k_dqn_statev1_sparse_seed43_20261010_115447_684488_624e6bba,dqn,43,v1,sparse,1415,76725,80.0,9,67,0.05,0.8500257530319157,75726,True,False,True,28.77887749997899
baseline100k_dqn_statev1_sparse_seed43_20261010_115447_684488_624e6bba,dqn,43,v1,sparse,1416,76833,100.0,11,108,0.05,1.0073705329387277,75834,True,False,True,28.82019679201767
baseline100k_dqn_statev1_sparse_seed43_20261010_115447_684488_624e6bba,dqn,43,v1,sparse,1417,76845,0.0,1,12,0.05,0.9674437294403712,75846,True,False,True,28.824797666980885
baseline100k_dqn_statev1_sparse_seed43_20261010_115447_684488_624e6bba,dqn,43,v1,sparse,1418,76886,40.0,5,41,0.05,0.9922825824923631,75887,True,False,True,28.840332332998514
baseline100k_dqn_statev1_sparse_seed43_20261010_115447_684488_624e6bba,dqn,43,v1,sparse,1419,77077,180.0,19,191,0.05,1.0056736633103556,76078,True,False,True,28.91331304196501
baseline100k_dqn_statev1_sparse_seed43_20261010_115447_684488_624e6bba,dqn,43,v1,sparse,1420,77244,180.0,19,167,0.05,1.015532329053936,76245,True,False,True,28.97799316700548
baseline100k_dqn_statev1_sparse_seed43_20261010_115447_684488_624e6bba,dqn,43,v1,sparse,1421,77285,40.0,5,41,0.05,0.9362791682161936,76286,True,False,True,28.99402858299436
baseline100k_dqn_statev1_sparse_seed43_20261010_115447_684488_624e6bba,dqn,43,v1,sparse,1422,77445,170.0,18,160,0.05,0.9566846387460828,76446,True,False,True,29.055688833002932
baseline100k_dqn_statev1_sparse_seed43_20261010_115447_684488_624e6bba,dqn,43,v1,sparse,1423,77485,60.0,7,40,0.05,1.0622884586453438,76486,True,False,True,29.070899999991525
baseline100k_dqn_statev1_sparse_seed43_20261010_115447_684488_624e6bba,dqn,43,v1,sparse,1424,77781,300.0,31,296,0.05,0.9870953032293835,76782,True,False,True,29.186033041973133
baseline100k_dqn_statev1_sparse_seed43_20261010_115447_684488_624e6bba,dqn,43,v1,sparse,1425,77819,60.0,7,38,0.05,1.035453237201038,76820,True,False,True,29.200788417016156
baseline100k_dqn_statev1_sparse_seed43_20261010_115447_684488_624e6bba,dqn,43,v1,sparse,1426,77927,110.0,12,108,0.05,0.9665216447578536,76928,True,False,True,29.24247875000583
baseline100k_dqn_statev1_sparse_seed43_20261010_115447_684488_624e6bba,dqn,43,v1,sparse,1427,78014,90.0,10,87,0.05,0.9589047880693414,77015,True,False,True,29.276557750010397
baseline100k_dqn_statev1_sparse_seed43_20261010_115447_684488_624e6bba,dqn,43,v1,sparse,1428,78078,70.0,8,64,0.05,0.8829224025830626,77079,True,False,True,29.301737374975346
baseline100k_dqn_statev1_sparse_seed43_20261010_115447_684488_624e6bba,dqn,43,v1,sparse,1429,78175,120.0,13,97,0.05,0.9471984517942998,77176,True,False,True,29.34087220800575
baseline100k_dqn_statev1_sparse_seed43_20261010_115447_684488_624e6bba,dqn,43,v1,sparse,1430,78296,190.0,20,121,0.05,0.9406544957771774,77297,True,False,True,29.388693832966965
baseline100k_dqn_statev1_sparse_seed43_20261010_115447_684488_624e6bba,dqn,43,v1,sparse,1431,78460,200.0,21,164,0.05,0.9480568710260275,77461,True,False,True,29.4522023749887
baseline100k_dqn_statev1_sparse_seed43_20261010_115447_684488_624e6bba,dqn,43,v1,sparse,1432,78462,-10.0,0,2,0.05,0.9250426292419434,77463,True,False,True,29.452995333005674
baseline100k_dqn_statev1_sparse_seed43_20261010_115447_684488_624e6bba,dqn,43,v1,sparse,1433,78599,160.0,17,137,0.05,0.9328642827968527,77600,True,False,True,29.506155624985695
baseline100k_dqn_statev1_sparse_seed43_20261010_115447_684488_624e6bba,dqn,43,v1,sparse,1434,78633,20.0,3,34,0.05,0.9538775787634008,77634,True,False,True,29.519380957994144
baseline100k_dqn_statev1_sparse_seed43_20261010_115447_684488_624e6bba,dqn,43,v1,sparse,1435,78773,150.0,16,140,0.05,0.9445283140454973,77774,True,False,True,29.573823000013363
baseline100k_dqn_statev1_sparse_seed43_20261010_115447_684488_624e6bba,dqn,43,v1,sparse,1436,79017,260.0,27,244,0.05,0.9162244546364565,78018,True,False,True,29.669752999965567
baseline100k_dqn_statev1_sparse_seed43_20261010_115447_684488_624e6bba,dqn,43,v1,sparse,1437,79117,120.0,13,100,0.05,1.0223037847876548,78118,True,False,True,29.70912616699934
baseline100k_dqn_statev1_sparse_seed43_20261010_115447_684488_624e6bba,dqn,43,v1,sparse,1438,79199,80.0,9,82,0.05,0.9563430682188128,78200,True,False,True,29.741114375006873
baseline100k_dqn_statev1_sparse_seed43_20261010_115447_684488_624e6bba,dqn,43,v1,sparse,1439,79322,140.0,15,123,0.05,0.957423926853552,78323,True,False,True,29.789311666972935
baseline100k_dqn_statev1_sparse_seed43_20261010_115447_684488_624e6bba,dqn,43,v1,sparse,1440,79440,140.0,15,118,0.05,1.011750121237868,78441,True,False,True,29.834879916976206
baseline100k_dqn_statev1_sparse_seed43_20261010_115447_684488_624e6bba,dqn,43,v1,sparse,1441,79499,60.0,7,59,0.05,1.0300633573936204,78500,True,False,True,29.858218499983195
baseline100k_dqn_statev1_sparse_seed43_20261010_115447_684488_624e6bba,dqn,43,v1,sparse,1442,79595,90.0,10,96,0.05,0.9878444373607635,78596,True,False,True,29.895381000009365
baseline100k_dqn_statev1_sparse_seed43_20261010_115447_684488_624e6bba,dqn,43,v1,sparse,1443,79702,130.0,14,107,0.05,1.023554888284095,78703,True,False,True,29.93716020800639
baseline100k_dqn_statev1_sparse_seed43_20261010_115447_684488_624e6bba,dqn,43,v1,sparse,1444,79821,160.0,17,119,0.05,0.9982058954339067,78822,True,False,True,29.982812249974813
baseline100k_dqn_statev1_sparse_seed43_20261010_115447_684488_624e6bba,dqn,43,v1,sparse,1445,79940,130.0,14,119,0.05,0.9659134965984761,78941,True,False,True,30.029098582977895
baseline100k_dqn_statev1_sparse_seed43_20261010_115447_684488_624e6bba,dqn,43,v1,sparse,1446,80038,110.0,12,98,0.05,0.9929870859700807,79039,True,False,True,30.067199458018877
baseline100k_dqn_statev1_sparse_seed43_20261010_115447_684488_624e6bba,dqn,43,v1,sparse,1447,80110,70.0,8,72,0.05,1.0049186613824632,79111,True,False,True,30.095057750004344
baseline100k_dqn_statev1_sparse_seed43_20261010_115447_684488_624e6bba,dqn,43,v1,sparse,1448,80358,230.0,24,248,0.05,1.042971027714591,79359,True,False,True,30.190979167004116
baseline100k_dqn_statev1_sparse_seed43_20261010_115447_684488_624e6bba,dqn,43,v1,sparse,1449,80405,30.0,4,47,0.05,1.0514079735000084,79406,True,False,True,30.20882891700603
baseline100k_dqn_statev1_sparse_seed43_20261010_115447_684488_624e6bba,dqn,43,v1,sparse,1450,80476,110.0,12,71,0.05,1.0565358366764768,79477,True,False,True,30.23625512496801
baseline100k_dqn_statev1_sparse_seed43_20261010_115447_684488_624e6bba,dqn,43,v1,sparse,1451,80520,60.0,7,44,0.05,0.976401534947482,79521,True,False,True,30.253253625007346
baseline100k_dqn_statev1_sparse_seed43_20261010_115447_684488_624e6bba,dqn,43,v1,sparse,1452,80597,90.0,10,77,0.05,0.9993466247211803,79598,True,False,True,30.28338520799298
baseline100k_dqn_statev1_sparse_seed43_20261010_115447_684488_624e6bba,dqn,43,v1,sparse,1453,80811,240.0,25,214,0.05,1.0397407026769958,79812,True,False,True,30.36615224997513
baseline100k_dqn_statev1_sparse_seed43_20261010_115447_684488_624e6bba,dqn,43,v1,sparse,1454,80933,130.0,14,122,0.05,1.0092252185110187,79934,True,False,True,30.41295333299786
baseline100k_dqn_statev1_sparse_seed43_20261010_115447_684488_624e6bba,dqn,43,v1,sparse,1455,80973,40.0,5,40,0.05,0.9743154548108578,79974,True,False,True,30.42861887498293
baseline100k_dqn_statev1_sparse_seed43_20261010_115447_684488_624e6bba,dqn,43,v1,sparse,1456,81152,190.0,20,179,0.05,0.9611706227563613,80153,True,False,True,30.498024125001393
baseline100k_dqn_statev1_sparse_seed43_20261010_115447_684488_624e6bba,dqn,43,v1,sparse,1457,81169,20.0,3,17,0.05,1.0006552969708162,80170,True,False,True,30.504494082997553
baseline100k_dqn_statev1_sparse_seed43_20261010_115447_684488_624e6bba,dqn,43,v1,sparse,1458,81237,70.0,8,68,0.05,0.9609243015156073,80238,True,False,True,30.530870207992848
baseline100k_dqn_statev1_sparse_seed43_20261010_115447_684488_624e6bba,dqn,43,v1,sparse,1459,81393,180.0,19,156,0.05,1.0062124776916626,80394,True,False,True,30.5916694579646
baseline100k_dqn_statev1_sparse_seed43_20261010_115447_684488_624e6bba,dqn,43,v1,sparse,1460,81487,70.0,8,94,0.05,1.0267402532886951,80488,True,False,True,30.628611041989643
baseline100k_dqn_statev1_sparse_seed43_20261010_115447_684488_624e6bba,dqn,43,v1,sparse,1461,81726,270.0,28,239,0.05,1.020003312053042,80727,True,False,True,30.721167457988486
baseline100k_dqn_statev1_sparse_seed43_20261010_115447_684488_624e6bba,dqn,43,v1,sparse,1462,81795,80.0,9,69,0.05,1.0680269469385562,80796,True,False,True,30.747569833009038
baseline100k_dqn_statev1_sparse_seed43_20261010_115447_684488_624e6bba,dqn,43,v1,sparse,1463,81890,90.0,10,95,0.05,1.0115302311746697,80891,True,False,True,30.784502624999732
baseline100k_dqn_statev1_sparse_seed43_20261010_115447_684488_624e6bba,dqn,43,v1,sparse,1464,81965,70.0,8,75,0.05,1.0027053666114807,80966,True,False,True,30.813066374976188
baseline100k_dqn_statev1_sparse_seed43_20261010_115447_684488_624e6bba,dqn,43,v1,sparse,1465,82073,150.0,16,108,0.05,1.0089030928081937,81074,True,False,True,30.854515000013635
baseline100k_dqn_statev1_sparse_seed43_20261010_115447_684488_624e6bba,dqn,43,v1,sparse,1466,82144,70.0,8,71,0.05,0.9990034414009309,81145,True,False,True,30.881921124993823
baseline100k_dqn_statev1_sparse_seed43_20261010_115447_684488_624e6bba,dqn,43,v1,sparse,1467,82238,130.0,14,94,0.05,1.0544284534581163,81239,True,False,True,30.91787349997321
baseline100k_dqn_statev1_sparse_seed43_20261010_115447_684488_624e6bba,dqn,43,v1,sparse,1468,82361,130.0,14,123,0.05,1.0013602140957747,81362,True,False,True,30.96479412500048
baseline100k_dqn_statev1_sparse_seed43_20261010_115447_684488_624e6bba,dqn,43,v1,sparse,1469,82625,300.0,31,264,0.05,0.9702869160383036,81626,True,False,True,31.065441749989986
baseline100k_dqn_statev1_sparse_seed43_20261010_115447_684488_624e6bba,dqn,43,v1,sparse,1470,82794,190.0,20,169,0.05,1.0043747149980986,81795,True,False,True,31.130231124989223
baseline100k_dqn_statev1_sparse_seed43_20261010_115447_684488_624e6bba,dqn,43,v1,sparse,1471,82864,90.0,10,70,0.05,1.013959993634905,81865,True,False,True,31.156668042007368
baseline100k_dqn_statev1_sparse_seed43_20261010_115447_684488_624e6bba,dqn,43,v1,sparse,1472,82926,50.0,6,62,0.05,0.970718537126818,81927,True,False,True,31.180329916998744
baseline100k_dqn_statev1_sparse_seed43_20261010_115447_684488_624e6bba,dqn,43,v1,sparse,1473,83029,90.0,10,103,0.05,1.0151044810281216,82030,True,False,True,31.21969858300872
baseline100k_dqn_statev1_sparse_seed43_20261010_115447_684488_624e6bba,dqn,43,v1,sparse,1474,83158,130.0,14,129,0.05,0.9877931533395782,82159,True,False,True,31.268862166965846
baseline100k_dqn_statev1_sparse_seed43_20261010_115447_684488_624e6bba,dqn,43,v1,sparse,1475,83201,30.0,4,43,0.05,1.0180446075838665,82202,True,False,True,31.285181457991712
baseline100k_dqn_statev1_sparse_seed43_20261010_115447_684488_624e6bba,dqn,43,v1,sparse,1476,83369,200.0,21,168,0.05,1.0224403277749108,82370,True,False,True,31.34897833300056
baseline100k_dqn_statev1_sparse_seed43_20261010_115447_684488_624e6bba,dqn,43,v1,sparse,1477,83552,170.0,18,183,0.05,1.0071550659794626,82553,True,False,True,31.41872700001113
baseline100k_dqn_statev1_sparse_seed43_20261010_115447_684488_624e6bba,dqn,43,v1,sparse,1478,83699,150.0,16,147,0.05,1.029703373811683,82700,True,False,True,31.474594458006322
baseline100k_dqn_statev1_sparse_seed43_20261010_115447_684488_624e6bba,dqn,43,v1,sparse,1479,83858,200.0,21,159,0.05,1.0239324640927825,82859,True,False,True,31.535593250009697
baseline100k_dqn_statev1_sparse_seed43_20261010_115447_684488_624e6bba,dqn,43,v1,sparse,1480,83941,90.0,10,83,0.05,1.0125798913369697,82942,True,False,True,31.567732791998424
baseline100k_dqn_statev1_sparse_seed43_20261010_115447_684488_624e6bba,dqn,43,v1,sparse,1481,83971,40.0,5,30,0.05,1.0726484964291254,82972,True,False,True,31.579493666999042
baseline100k_dqn_statev1_sparse_seed43_20261010_115447_684488_624e6bba,dqn,43,v1,sparse,1482,84021,60.0,7,50,0.05,0.9547369712591172,83022,True,False,True,31.598914792004507
baseline100k_dqn_statev1_sparse_seed43_20261010_115447_684488_624e6bba,dqn,43,v1,sparse,1483,84196,190.0,20,175,0.05,1.0445759754521506,83197,True,False,True,31.665845083014574
baseline100k_dqn_statev1_sparse_seed43_20261010_115447_684488_624e6bba,dqn,43,v1,sparse,1484,84267,70.0,8,71,0.05,1.0250595866794316,83268,True,False,True,31.69345462496858
baseline100k_dqn_statev1_sparse_seed43_20261010_115447_684488_624e6bba,dqn,43,v1,sparse,1485,84370,110.0,12,103,0.05,0.9666339121397259,83371,True,False,True,31.73543574998621
baseline100k_dqn_statev1_sparse_seed43_20261010_115447_684488_624e6bba,dqn,43,v1,sparse,1486,84388,10.0,2,18,0.05,0.9524566117260191,83389,True,False,True,31.742663832963444
baseline100k_dqn_statev1_sparse_seed43_20261010_115447_684488_624e6bba,dqn,43,v1,sparse,1487,84588,200.0,21,200,0.05,1.021017573326826,83589,True,False,True,31.820553875004407
baseline100k_dqn_statev1_sparse_seed43_20261010_115447_684488_624e6bba,dqn,43,v1,sparse,1488,84627,40.0,5,39,0.05,0.9939274573937441,83628,True,False,True,31.835603167011868
baseline100k_dqn_statev1_sparse_seed43_20261010_115447_684488_624e6bba,dqn,43,v1,sparse,1489,84708,80.0,9,81,0.05,0.9613332663789208,83709,True,False,True,31.86667491699336
baseline100k_dqn_statev1_sparse_seed43_20261010_115447_684488_624e6bba,dqn,43,v1,sparse,1490,84793,100.0,11,85,0.05,1.0101925586952882,83794,True,False,True,31.899457541992888
baseline100k_dqn_statev1_sparse_seed43_20261010_115447_684488_624e6bba,dqn,43,v1,sparse,1491,84898,110.0,12,105,0.05,0.9856082885038285,83899,True,False,True,31.939711250015534
baseline100k_dqn_statev1_sparse_seed43_20261010_115447_684488_624e6bba,dqn,43,v1,sparse,1492,84918,10.0,2,20,0.05,1.1387418538331986,83919,True,False,True,31.947352374962065
baseline100k_dqn_statev1_sparse_seed43_20261010_115447_684488_624e6bba,dqn,43,v1,sparse,1493,84956,30.0,4,38,0.05,1.0691296348446293,83957,True,False,True,31.961857624992263
baseline100k_dqn_statev1_sparse_seed43_20261010_115447_684488_624e6bba,dqn,43,v1,sparse,1494,85120,230.0,24,164,0.05,1.0110504550904762,84121,True,False,True,32.025723583006766
baseline100k_dqn_statev1_sparse_seed43_20261010_115447_684488_624e6bba,dqn,43,v1,sparse,1495,85219,90.0,10,99,0.05,0.9606933991114298,84220,True,False,True,32.08272704196861
baseline100k_dqn_statev1_sparse_seed43_20261010_115447_684488_624e6bba,dqn,43,v1,sparse,1496,85318,110.0,12,99,0.05,0.9650305464412227,84319,True,False,True,32.12182862497866
baseline100k_dqn_statev1_sparse_seed43_20261010_115447_684488_624e6bba,dqn,43,v1,sparse,1497,85321,0.0,1,3,0.05,1.2060147722562153,84322,True,False,True,32.12300562497694
baseline100k_dqn_statev1_sparse_seed43_20261010_115447_684488_624e6bba,dqn,43,v1,sparse,1498,85388,70.0,8,67,0.05,1.034225703175388,84389,True,False,True,32.14914587500971
baseline100k_dqn_statev1_sparse_seed43_20261010_115447_684488_624e6bba,dqn,43,v1,sparse,1499,85479,110.0,12,91,0.05,0.999060753937606,84480,True,False,True,32.184656624973286
baseline100k_dqn_statev1_sparse_seed43_20261010_115447_684488_624e6bba,dqn,43,v1,sparse,1500,85592,110.0,12,113,0.05,1.0108556043257755,84593,True,False,True,32.228100583015475
baseline100k_dqn_statev1_sparse_seed43_20261010_115447_684488_624e6bba,dqn,43,v1,sparse,1501,85618,20.0,3,26,0.05,1.1026503615654433,84619,True,False,True,32.23985137499403
baseline100k_dqn_statev1_sparse_seed43_20261010_115447_684488_624e6bba,dqn,43,v1,sparse,1502,85666,40.0,5,48,0.05,1.0551813058555126,84667,True,False,True,32.25849458301673
baseline100k_dqn_statev1_sparse_seed43_20261010_115447_684488_624e6bba,dqn,43,v1,sparse,1503,85816,150.0,16,150,0.05,0.990471834341685,84817,True,False,True,32.3167163329781
baseline100k_dqn_statev1_sparse_seed43_20261010_115447_684488_624e6bba,dqn,43,v1,sparse,1504,85950,160.0,17,134,0.05,0.9808049128571553,84951,True,False,True,32.36877383297542
baseline100k_dqn_statev1_sparse_seed43_20261010_115447_684488_624e6bba,dqn,43,v1,sparse,1505,85987,30.0,4,37,0.05,0.9077830209925368,84988,True,False,True,32.38317395799095
baseline100k_dqn_statev1_sparse_seed43_20261010_115447_684488_624e6bba,dqn,43,v1,sparse,1506,86142,210.0,22,155,0.05,1.0376699689895876,85143,True,False,True,32.44302529201377
baseline100k_dqn_statev1_sparse_seed43_20261010_115447_684488_624e6bba,dqn,43,v1,sparse,1507,86176,30.0,4,34,0.05,1.0156141975346733,85177,True,False,True,32.45612612500554
baseline100k_dqn_statev1_sparse_seed43_20261010_115447_684488_624e6bba,dqn,43,v1,sparse,1508,86291,120.0,13,115,0.05,0.9738598294880079,85292,True,False,True,32.500603583001066
baseline100k_dqn_statev1_sparse_seed43_20261010_115447_684488_624e6bba,dqn,43,v1,sparse,1509,86348,60.0,7,57,0.05,0.9698641938075685,85349,True,False,True,32.52277749998029
baseline100k_dqn_statev1_sparse_seed43_20261010_115447_684488_624e6bba,dqn,43,v1,sparse,1510,86414,90.0,10,66,0.05,1.0137466801838442,85415,True,False,True,32.548686082998756
baseline100k_dqn_statev1_sparse_seed43_20261010_115447_684488_624e6bba,dqn,43,v1,sparse,1511,86453,30.0,4,39,0.05,1.0256014405152736,85454,True,False,True,32.56393116700929
baseline100k_dqn_statev1_sparse_seed43_20261010_115447_684488_624e6bba,dqn,43,v1,sparse,1512,86516,70.0,8,63,0.05,0.9871612229044475,85517,True,False,True,32.58876520796912
baseline100k_dqn_statev1_sparse_seed43_20261010_115447_684488_624e6bba,dqn,43,v1,sparse,1513,86582,70.0,8,66,0.05,0.9978169573075844,85583,True,False,True,32.61430637497688
baseline100k_dqn_statev1_sparse_seed43_20261010_115447_684488_624e6bba,dqn,43,v1,sparse,1514,86655,70.0,8,73,0.05,0.9799932265934879,85656,True,False,True,32.642541166977026
baseline100k_dqn_statev1_sparse_seed43_20261010_115447_684488_624e6bba,dqn,43,v1,sparse,1515,86722,80.0,9,67,0.05,0.960472740788958,85723,True,False,True,32.668672124971636
baseline100k_dqn_statev1_sparse_seed43_20261010_115447_684488_624e6bba,dqn,43,v1,sparse,1516,86838,130.0,14,116,0.05,1.0546834432873233,85839,True,False,True,32.71330125001259
baseline100k_dqn_statev1_sparse_seed43_20261010_115447_684488_624e6bba,dqn,43,v1,sparse,1517,87009,190.0,20,171,0.05,0.9876891036479793,86010,True,False,True,32.77920291700866
baseline100k_dqn_statev1_sparse_seed43_20261010_115447_684488_624e6bba,dqn,43,v1,sparse,1518,87142,170.0,18,133,0.05,0.9251335329355154,86143,True,False,True,32.83021350001218
baseline100k_dqn_statev1_sparse_seed43_20261010_115447_684488_624e6bba,dqn,43,v1,sparse,1519,87209,90.0,10,67,0.05,0.9771573089841586,86210,True,False,True,32.855855875008274
baseline100k_dqn_statev1_sparse_seed43_20261010_115447_684488_624e6bba,dqn,43,v1,sparse,1520,87210,-10.0,0,1,0.05,0.41903334856033325,86211,True,False,True,32.85624904197175
baseline100k_dqn_statev1_sparse_seed43_20261010_115447_684488_624e6bba,dqn,43,v1,sparse,1521,87281,70.0,8,71,0.05,1.1151223711564506,86282,True,False,True,32.88329120801063
baseline100k_dqn_statev1_sparse_seed43_20261010_115447_684488_624e6bba,dqn,43,v1,sparse,1522,87365,80.0,9,84,0.05,0.9901523905850592,86366,True,False,True,32.915535582986195
baseline100k_dqn_statev1_sparse_seed43_20261010_115447_684488_624e6bba,dqn,43,v1,sparse,1523,87385,10.0,2,20,0.05,0.9960985004901886,86386,True,False,True,32.92326637497172
baseline100k_dqn_statev1_sparse_seed43_20261010_115447_684488_624e6bba,dqn,43,v1,sparse,1524,87493,110.0,12,108,0.05,1.0106671753304977,86494,True,False,True,32.96468254196225
baseline100k_dqn_statev1_sparse_seed43_20261010_115447_684488_624e6bba,dqn,43,v1,sparse,1525,87610,160.0,17,117,0.05,1.0243320798772013,86611,True,False,True,33.00988479197258
baseline100k_dqn_statev1_sparse_seed43_20261010_115447_684488_624e6bba,dqn,43,v1,sparse,1526,87629,10.0,2,19,0.05,0.9796788692474365,86630,True,False,True,33.01709633297287
baseline100k_dqn_statev1_sparse_seed43_20261010_115447_684488_624e6bba,dqn,43,v1,sparse,1527,87666,40.0,5,37,0.05,1.0695408800163784,86667,True,False,True,33.03116166696418
baseline100k_dqn_statev1_sparse_seed43_20261010_115447_684488_624e6bba,dqn,43,v1,sparse,1528,87755,110.0,12,89,0.05,0.9416326860363564,86756,True,False,True,33.06528820801759
baseline100k_dqn_statev1_sparse_seed43_20261010_115447_684488_624e6bba,dqn,43,v1,sparse,1529,87888,150.0,16,133,0.05,0.973699706837647,86889,True,False,True,33.116420625010505
baseline100k_dqn_statev1_sparse_seed43_20261010_115447_684488_624e6bba,dqn,43,v1,sparse,1530,87958,80.0,9,70,0.05,1.0552660388605934,86959,True,False,True,33.14315600000555
baseline100k_dqn_statev1_sparse_seed43_20261010_115447_684488_624e6bba,dqn,43,v1,sparse,1531,88110,180.0,19,152,0.05,0.9975592423426477,87111,True,False,True,33.201507916965056
baseline100k_dqn_statev1_sparse_seed43_20261010_115447_684488_624e6bba,dqn,43,v1,sparse,1532,88238,150.0,16,128,0.05,1.0594262625090778,87239,True,False,True,33.25005233299453
baseline100k_dqn_statev1_sparse_seed43_20261010_115447_684488_624e6bba,dqn,43,v1,sparse,1533,88360,140.0,15,122,0.05,0.9781533484576178,87361,True,False,True,33.29800825001439
baseline100k_dqn_statev1_sparse_seed43_20261010_115447_684488_624e6bba,dqn,43,v1,sparse,1534,88538,190.0,20,178,0.05,1.0091742899980438,87539,True,False,True,33.368375332967844
baseline100k_dqn_statev1_sparse_seed43_20261010_115447_684488_624e6bba,dqn,43,v1,sparse,1535,88615,110.0,12,77,0.05,1.0649203321376404,87616,True,False,True,33.39838170801522
baseline100k_dqn_statev1_sparse_seed43_20261010_115447_684488_624e6bba,dqn,43,v1,sparse,1536,88657,30.0,4,42,0.05,0.973914568622907,87658,True,False,True,33.414474249992054
baseline100k_dqn_statev1_sparse_seed43_20261010_115447_684488_624e6bba,dqn,43,v1,sparse,1537,88748,90.0,10,91,0.05,0.9926930584095337,87749,True,False,True,33.44973079196643
baseline100k_dqn_statev1_sparse_seed43_20261010_115447_684488_624e6bba,dqn,43,v1,sparse,1538,88864,150.0,16,116,0.05,1.0452453676482727,87865,True,False,True,33.49397029198008
baseline100k_dqn_statev1_sparse_seed43_20261010_115447_684488_624e6bba,dqn,43,v1,sparse,1539,88900,30.0,4,36,0.05,1.056063203348054,87901,True,False,True,33.50773312500678
baseline100k_dqn_statev1_sparse_seed43_20261010_115447_684488_624e6bba,dqn,43,v1,sparse,1540,88937,60.0,7,37,0.05,0.9888440225575421,87938,True,False,True,33.521821332979016
baseline100k_dqn_statev1_sparse_seed43_20261010_115447_684488_624e6bba,dqn,43,v1,sparse,1541,88966,20.0,3,29,0.05,0.9612455727725193,87967,True,False,True,33.53273383300984
baseline100k_dqn_statev1_sparse_seed43_20261010_115447_684488_624e6bba,dqn,43,v1,sparse,1542,89000,10.0,2,34,0.05,1.1153307504513685,88001,True,False,True,33.54599887499353
baseline100k_dqn_statev1_sparse_seed43_20261010_115447_684488_624e6bba,dqn,43,v1,sparse,1543,89044,30.0,4,44,0.05,1.0067365074699575,88045,True,False,True,33.5631989169633
baseline100k_dqn_statev1_sparse_seed43_20261010_115447_684488_624e6bba,dqn,43,v1,sparse,1544,89140,150.0,16,96,0.05,1.0719075485443075,88141,True,False,True,33.60028983297525
baseline100k_dqn_statev1_sparse_seed43_20261010_115447_684488_624e6bba,dqn,43,v1,sparse,1545,89217,110.0,12,77,0.05,1.0534443127644526,88218,True,False,True,33.630670582992025
baseline100k_dqn_statev1_sparse_seed43_20261010_115447_684488_624e6bba,dqn,43,v1,sparse,1546,89365,150.0,16,148,0.05,1.0378086887098648,88366,True,False,True,33.688492792018224
baseline100k_dqn_statev1_sparse_seed43_20261010_115447_684488_624e6bba,dqn,43,v1,sparse,1547,89372,-10.0,0,7,0.05,0.9479938660349164,88373,True,False,True,33.6912229579757
baseline100k_dqn_statev1_sparse_seed43_20261010_115447_684488_624e6bba,dqn,43,v1,sparse,1548,89531,190.0,20,159,0.05,1.0197497267018325,88532,True,False,True,33.75309641700005
baseline100k_dqn_statev1_sparse_seed43_20261010_115447_684488_624e6bba,dqn,43,v1,sparse,1549,89540,-10.0,0,9,0.05,0.9856588509347703,88541,True,False,True,33.756677499972284
baseline100k_dqn_statev1_sparse_seed43_20261010_115447_684488_624e6bba,dqn,43,v1,sparse,1550,89620,110.0,12,80,0.05,1.0317622169852256,88621,True,False,True,33.78768633300206
baseline100k_dqn_statev1_sparse_seed43_20261010_115447_684488_624e6bba,dqn,43,v1,sparse,1551,89637,0.0,1,17,0.05,0.9310980789801654,88638,True,False,True,33.79431937501067
baseline100k_dqn_statev1_sparse_seed43_20261010_115447_684488_624e6bba,dqn,43,v1,sparse,1552,89717,90.0,10,80,0.05,0.9926453467458487,88718,True,False,True,33.82545162498718
baseline100k_dqn_statev1_sparse_seed43_20261010_115447_684488_624e6bba,dqn,43,v1,sparse,1553,89787,80.0,9,70,0.05,1.146720497097288,88788,True,False,True,33.85281945799943
baseline100k_dqn_statev1_sparse_seed43_20261010_115447_684488_624e6bba,dqn,43,v1,sparse,1554,89944,150.0,16,157,0.05,1.0306673135347426,88945,True,False,True,33.91380187496543
baseline100k_dqn_statev1_sparse_seed43_20261010_115447_684488_624e6bba,dqn,43,v1,sparse,1555,89991,30.0,4,47,0.05,1.0991232141535332,88992,True,False,True,33.932057166995946
baseline100k_dqn_statev1_sparse_seed43_20261010_115447_684488_624e6bba,dqn,43,v1,sparse,1556,90062,90.0,10,71,0.05,0.9300900995731354,89063,True,False,True,33.95957320800517
baseline100k_dqn_statev1_sparse_seed43_20261010_115447_684488_624e6bba,dqn,43,v1,sparse,1557,90075,0.0,1,13,0.05,1.0189857253661523,89076,True,False,True,33.96470316697378
baseline100k_dqn_statev1_sparse_seed43_20261010_115447_684488_624e6bba,dqn,43,v1,sparse,1558,90212,130.0,14,137,0.05,1.0058772379029406,89213,True,False,True,34.01763133297209
baseline100k_dqn_statev1_sparse_seed43_20261010_115447_684488_624e6bba,dqn,43,v1,sparse,1559,90348,150.0,16,136,0.05,1.0472268479711868,89349,True,False,True,34.070311125018634
baseline100k_dqn_statev1_sparse_seed43_20261010_115447_684488_624e6bba,dqn,43,v1,sparse,1560,90406,60.0,7,58,0.05,1.0789816615910366,89407,True,False,True,34.092767207999714
baseline100k_dqn_statev1_sparse_seed43_20261010_115447_684488_624e6bba,dqn,43,v1,sparse,1561,90440,50.0,6,34,0.05,1.0722032838007982,89441,True,False,True,34.10577279201243
baseline100k_dqn_statev1_sparse_seed43_20261010_115447_684488_624e6bba,dqn,43,v1,sparse,1562,90479,60.0,7,39,0.05,1.0521198236025298,89480,True,False,True,34.12073874997441
baseline100k_dqn_statev1_sparse_seed43_20261010_115447_684488_624e6bba,dqn,43,v1,sparse,1563,90595,100.0,11,116,0.05,1.0455031348713513,89596,True,False,True,34.16512270801468
baseline100k_dqn_statev1_sparse_seed43_20261010_115447_684488_624e6bba,dqn,43,v1,sparse,1564,90684,130.0,14,89,0.05,1.0765355627858237,89685,True,False,True,34.1991205830127
baseline100k_dqn_statev1_sparse_seed43_20261010_115447_684488_624e6bba,dqn,43,v1,sparse,1565,90712,30.0,4,28,0.05,1.0373831178460802,89713,True,False,True,34.20994008297566
baseline100k_dqn_statev1_sparse_seed43_20261010_115447_684488_624e6bba,dqn,43,v1,sparse,1566,90807,110.0,12,95,0.05,1.0686744818561955,89808,True,False,True,34.24619662499754
baseline100k_dqn_statev1_sparse_seed43_20261010_115447_684488_624e6bba,dqn,43,v1,sparse,1567,90832,20.0,3,25,0.05,1.0110321593284608,89833,True,False,True,34.255662375013344
baseline100k_dqn_statev1_sparse_seed43_20261010_115447_684488_624e6bba,dqn,43,v1,sparse,1568,90882,50.0,6,50,0.05,1.0524371576309204,89883,True,False,True,34.27478195796721
baseline100k_dqn_statev1_sparse_seed43_20261010_115447_684488_624e6bba,dqn,43,v1,sparse,1569,90911,20.0,3,29,0.05,1.1131604457723683,89912,True,False,True,34.28594454197446
baseline100k_dqn_statev1_sparse_seed43_20261010_115447_684488_624e6bba,dqn,43,v1,sparse,1570,90933,20.0,3,22,0.05,1.157556944272735,89934,True,False,True,34.29441224999027
baseline100k_dqn_statev1_sparse_seed43_20261010_115447_684488_624e6bba,dqn,43,v1,sparse,1571,90943,10.0,2,10,0.05,1.057604092359543,89944,True,False,True,34.298180208017584
baseline100k_dqn_statev1_sparse_seed43_20261010_115447_684488_624e6bba,dqn,43,v1,sparse,1572,91067,150.0,16,124,0.05,1.0272676081907364,90068,True,False,True,34.345460499986075
baseline100k_dqn_statev1_sparse_seed43_20261010_115447_684488_624e6bba,dqn,43,v1,sparse,1573,91097,30.0,4,30,0.05,1.0664650758107503,90098,True,False,True,34.356970499968156
baseline100k_dqn_statev1_sparse_seed43_20261010_115447_684488_624e6bba,dqn,43,v1,sparse,1574,91207,140.0,15,110,0.05,1.0589361922307448,90208,True,False,True,34.39889137499267
baseline100k_dqn_statev1_sparse_seed43_20261010_115447_684488_624e6bba,dqn,43,v1,sparse,1575,91371,200.0,21,164,0.05,0.9812265939828826,90372,True,False,True,34.46145662496565
baseline100k_dqn_statev1_sparse_seed43_20261010_115447_684488_624e6bba,dqn,43,v1,sparse,1576,91437,90.0,10,66,0.05,1.0505908854079968,90438,True,False,True,34.48642312496668
baseline100k_dqn_statev1_sparse_seed43_20261010_115447_684488_624e6bba,dqn,43,v1,sparse,1577,91620,240.0,25,183,0.05,1.0158687430978472,90621,True,False,True,34.5573356669629
baseline100k_dqn_statev1_sparse_seed43_20261010_115447_684488_624e6bba,dqn,43,v1,sparse,1578,91740,90.0,10,120,0.05,0.9976000969608625,90741,True,False,True,34.6040546669974
baseline100k_dqn_statev1_sparse_seed43_20261010_115447_684488_624e6bba,dqn,43,v1,sparse,1579,91849,120.0,13,109,0.05,1.0446109952182945,90850,True,False,True,34.646667875000276
baseline100k_dqn_statev1_sparse_seed43_20261010_115447_684488_624e6bba,dqn,43,v1,sparse,1580,91865,0.0,1,16,0.05,1.0493947453796864,90866,True,False,True,34.6529406249756
baseline100k_dqn_statev1_sparse_seed43_20261010_115447_684488_624e6bba,dqn,43,v1,sparse,1581,91979,140.0,15,114,0.05,1.0342532472129453,90980,True,False,True,34.696940166992135
baseline100k_dqn_statev1_sparse_seed43_20261010_115447_684488_624e6bba,dqn,43,v1,sparse,1582,92176,190.0,20,197,0.05,1.001809156939463,91177,True,False,True,34.77290250000078
baseline100k_dqn_statev1_sparse_seed43_20261010_115447_684488_624e6bba,dqn,43,v1,sparse,1583,92203,20.0,3,27,0.05,1.1113918401576854,91204,True,False,True,34.78338341700146
baseline100k_dqn_statev1_sparse_seed43_20261010_115447_684488_624e6bba,dqn,43,v1,sparse,1584,92366,180.0,19,163,0.05,0.9881412900664324,91367,True,False,True,34.846086582983844
baseline100k_dqn_statev1_sparse_seed43_20261010_115447_684488_624e6bba,dqn,43,v1,sparse,1585,92409,40.0,5,43,0.05,0.9831461074740387,91410,True,False,True,34.86254729196662
baseline100k_dqn_statev1_sparse_seed43_20261010_115447_684488_624e6bba,dqn,43,v1,sparse,1586,92459,50.0,6,50,0.05,0.9532507562637329,91460,True,False,True,34.88200754200807
baseline100k_dqn_statev1_sparse_seed43_20261010_115447_684488_624e6bba,dqn,43,v1,sparse,1587,92684,200.0,21,225,0.05,0.9725915177663167,91685,True,False,True,34.96811608300777
baseline100k_dqn_statev1_sparse_seed43_20261010_115447_684488_624e6bba,dqn,43,v1,sparse,1588,92830,170.0,18,146,0.05,1.0043580634136722,91831,True,False,True,35.024639083014335
baseline100k_dqn_statev1_sparse_seed43_20261010_115447_684488_624e6bba,dqn,43,v1,sparse,1589,92910,90.0,10,80,0.05,0.9847923498600721,91911,True,False,True,35.05532124999445
baseline100k_dqn_statev1_sparse_seed43_20261010_115447_684488_624e6bba,dqn,43,v1,sparse,1590,93044,190.0,20,134,0.05,0.980974799661494,92045,True,False,True,35.10686724999687
baseline100k_dqn_statev1_sparse_seed43_20261010_115447_684488_624e6bba,dqn,43,v1,sparse,1591,93113,80.0,9,69,0.05,0.973387032315351,92114,True,False,True,35.13345537497662
baseline100k_dqn_statev1_sparse_seed43_20261010_115447_684488_624e6bba,dqn,43,v1,sparse,1592,93200,90.0,10,87,0.05,1.0259856783795631,92201,True,False,True,35.166770457988605
baseline100k_dqn_statev1_sparse_seed43_20261010_115447_684488_624e6bba,dqn,43,v1,sparse,1593,93318,130.0,14,118,0.05,1.0888646527872248,92319,True,False,True,35.212787041964475
baseline100k_dqn_statev1_sparse_seed43_20261010_115447_684488_624e6bba,dqn,43,v1,sparse,1594,93449,150.0,16,131,0.05,0.9694058228540057,92450,True,False,True,35.26318850001553
baseline100k_dqn_statev1_sparse_seed43_20261010_115447_684488_624e6bba,dqn,43,v1,sparse,1595,93503,60.0,7,54,0.05,1.0878849691814847,92504,True,False,True,35.283952875004616
baseline100k_dqn_statev1_sparse_seed43_20261010_115447_684488_624e6bba,dqn,43,v1,sparse,1596,93610,130.0,14,107,0.05,0.9387372982836215,92611,True,False,True,35.324817417014856
baseline100k_dqn_statev1_sparse_seed43_20261010_115447_684488_624e6bba,dqn,43,v1,sparse,1597,93709,140.0,15,99,0.05,1.0009780541212872,92710,True,False,True,35.36267299996689
baseline100k_dqn_statev1_sparse_seed43_20261010_115447_684488_624e6bba,dqn,43,v1,sparse,1598,93788,60.0,7,79,0.05,1.0039052306851255,92789,True,False,True,35.39290529198479
baseline100k_dqn_statev1_sparse_seed43_20261010_115447_684488_624e6bba,dqn,43,v1,sparse,1599,93954,170.0,18,166,0.05,1.015975514628801,92955,True,False,True,35.456775708007626
baseline100k_dqn_statev1_sparse_seed43_20261010_115447_684488_624e6bba,dqn,43,v1,sparse,1600,93970,0.0,1,16,0.05,0.854210926219821,92971,True,False,True,35.462979041971266
baseline100k_dqn_statev1_sparse_seed43_20261010_115447_684488_624e6bba,dqn,43,v1,sparse,1601,94061,100.0,11,91,0.05,0.9593614713176266,93062,True,False,True,35.50028083298821
baseline100k_dqn_statev1_sparse_seed43_20261010_115447_684488_624e6bba,dqn,43,v1,sparse,1602,94114,80.0,9,53,0.05,0.9988182844980708,93115,True,False,True,35.52080283296527
baseline100k_dqn_statev1_sparse_seed43_20261010_115447_684488_624e6bba,dqn,43,v1,sparse,1603,94362,280.0,29,248,0.05,1.0102493639194197,93363,True,False,True,35.61733195796842
baseline100k_dqn_statev1_sparse_seed43_20261010_115447_684488_624e6bba,dqn,43,v1,sparse,1604,94512,150.0,16,150,0.05,1.0157221150398255,93513,True,False,True,35.674806708004326
baseline100k_dqn_statev1_sparse_seed43_20261010_115447_684488_624e6bba,dqn,43,v1,sparse,1605,94530,20.0,3,18,0.05,1.1329362491766612,93531,True,False,True,35.681815874995664
baseline100k_dqn_statev1_sparse_seed43_20261010_115447_684488_624e6bba,dqn,43,v1,sparse,1606,94638,120.0,13,108,0.05,1.0104662138554785,93639,True,False,True,35.72350804199232
baseline100k_dqn_statev1_sparse_seed43_20261010_115447_684488_624e6bba,dqn,43,v1,sparse,1607,94806,160.0,17,168,0.05,0.9901250666450887,93807,True,False,True,35.78804787498666
baseline100k_dqn_statev1_sparse_seed43_20261010_115447_684488_624e6bba,dqn,43,v1,sparse,1608,94833,20.0,3,27,0.05,1.079471574889289,93834,True,False,True,35.79839733301196
baseline100k_dqn_statev1_sparse_seed43_20261010_115447_684488_624e6bba,dqn,43,v1,sparse,1609,94873,70.0,8,40,0.05,1.0421966053545475,93874,True,False,True,35.813999750011135
baseline100k_dqn_statev1_sparse_seed43_20261010_115447_684488_624e6bba,dqn,43,v1,sparse,1610,95101,260.0,27,228,0.05,1.039147107878275,94102,True,False,True,35.90186687500682
baseline100k_dqn_statev1_sparse_seed43_20261010_115447_684488_624e6bba,dqn,43,v1,sparse,1611,95225,120.0,13,124,0.05,1.034435158054675,94226,True,False,True,35.949896042002365
baseline100k_dqn_statev1_sparse_seed43_20261010_115447_684488_624e6bba,dqn,43,v1,sparse,1612,95351,110.0,12,126,0.05,1.0099053654878858,94352,True,False,True,35.99813795799855
baseline100k_dqn_statev1_sparse_seed43_20261010_115447_684488_624e6bba,dqn,43,v1,sparse,1613,95352,-10.0,0,1,0.05,1.2172887325286865,94353,True,False,True,35.99853841698496
baseline100k_dqn_statev1_sparse_seed43_20261010_115447_684488_624e6bba,dqn,43,v1,sparse,1614,95518,180.0,19,166,0.05,0.9715020433965936,94519,True,False,True,36.062232207972556
baseline100k_dqn_statev1_sparse_seed43_20261010_115447_684488_624e6bba,dqn,43,v1,sparse,1615,95649,160.0,17,131,0.05,0.9764319385281046,94650,True,False,True,36.11243229196407
baseline100k_dqn_statev1_sparse_seed43_20261010_115447_684488_624e6bba,dqn,43,v1,sparse,1616,95895,260.0,27,246,0.05,0.9897137922121257,94896,True,False,True,36.20604054199066
baseline100k_dqn_statev1_sparse_seed43_20261010_115447_684488_624e6bba,dqn,43,v1,sparse,1617,95927,20.0,3,32,0.05,0.9869154365733266,94928,True,False,True,36.2182474170113
baseline100k_dqn_statev1_sparse_seed43_20261010_115447_684488_624e6bba,dqn,43,v1,sparse,1618,95938,10.0,2,11,0.05,0.9880385344678705,94939,True,False,True,36.22247537499061
baseline100k_dqn_statev1_sparse_seed43_20261010_115447_684488_624e6bba,dqn,43,v1,sparse,1619,95950,0.0,1,12,0.05,0.9430264929930369,94951,True,False,True,36.227043207967654
baseline100k_dqn_statev1_sparse_seed43_20261010_115447_684488_624e6bba,dqn,43,v1,sparse,1620,96144,220.0,23,194,0.05,0.9929840363485297,95145,True,False,True,36.30130691698287
baseline100k_dqn_statev1_sparse_seed43_20261010_115447_684488_624e6bba,dqn,43,v1,sparse,1621,96175,20.0,3,31,0.05,1.0851608101398713,95176,True,False,True,36.313256499997806
baseline100k_dqn_statev1_sparse_seed43_20261010_115447_684488_624e6bba,dqn,43,v1,sparse,1622,96310,160.0,17,135,0.05,1.0216930003077895,95311,True,False,True,36.36490587500157
baseline100k_dqn_statev1_sparse_seed43_20261010_115447_684488_624e6bba,dqn,43,v1,sparse,1623,96391,70.0,8,81,0.05,1.0145562957098455,95392,True,False,True,36.395714582991786
baseline100k_dqn_statev1_sparse_seed43_20261010_115447_684488_624e6bba,dqn,43,v1,sparse,1624,96565,230.0,24,174,0.05,1.0260791475402897,95566,True,False,True,36.46236520801904
baseline100k_dqn_statev1_sparse_seed43_20261010_115447_684488_624e6bba,dqn,43,v1,sparse,1625,96636,60.0,7,71,0.05,0.9741619204131651,95637,True,False,True,36.48955645796377
baseline100k_dqn_statev1_sparse_seed43_20261010_115447_684488_624e6bba,dqn,43,v1,sparse,1626,96732,120.0,13,96,0.05,0.997283646526436,95733,True,False,True,36.52669087500544
baseline100k_dqn_statev1_sparse_seed43_20261010_115447_684488_624e6bba,dqn,43,v1,sparse,1627,96843,150.0,16,111,0.05,0.9793383793250935,95844,True,False,True,36.570731792016886
baseline100k_dqn_statev1_sparse_seed43_20261010_115447_684488_624e6bba,dqn,43,v1,sparse,1628,96957,130.0,14,114,0.05,1.0107156265723078,95958,True,False,True,36.6159444579971
baseline100k_dqn_statev1_sparse_seed43_20261010_115447_684488_624e6bba,dqn,43,v1,sparse,1629,97100,140.0,15,143,0.05,1.0279778244195286,96101,True,False,True,36.67147029197076
baseline100k_dqn_statev1_sparse_seed43_20261010_115447_684488_624e6bba,dqn,43,v1,sparse,1630,97186,90.0,10,86,0.05,0.9884716643150463,96187,True,False,True,36.70468762499513
baseline100k_dqn_statev1_sparse_seed43_20261010_115447_684488_624e6bba,dqn,43,v1,sparse,1631,97304,150.0,16,118,0.05,0.9694715094263271,96305,True,False,True,36.752702124998905
baseline100k_dqn_statev1_sparse_seed43_20261010_115447_684488_624e6bba,dqn,43,v1,sparse,1632,97403,130.0,14,99,0.05,0.962386963644413,96404,True,False,True,36.79146412498085
baseline100k_dqn_statev1_sparse_seed43_20261010_115447_684488_624e6bba,dqn,43,v1,sparse,1633,97438,20.0,3,35,0.05,0.9117306070668357,96439,True,False,True,36.80510387499817
baseline100k_dqn_statev1_sparse_seed43_20261010_115447_684488_624e6bba,dqn,43,v1,sparse,1634,97479,20.0,3,41,0.05,0.9874253025869044,96480,True,False,True,36.82101016701199
baseline100k_dqn_statev1_sparse_seed43_20261010_115447_684488_624e6bba,dqn,43,v1,sparse,1635,97759,320.0,33,280,0.05,1.0092187913400785,96760,True,False,True,36.92864295799518
baseline100k_dqn_statev1_sparse_seed43_20261010_115447_684488_624e6bba,dqn,43,v1,sparse,1636,97899,160.0,17,140,0.05,0.975245729301657,96900,True,False,True,36.98263754200889
baseline100k_dqn_statev1_sparse_seed43_20261010_115447_684488_624e6bba,dqn,43,v1,sparse,1637,98054,160.0,17,155,0.05,1.0263411220042937,97055,True,False,True,37.04332608298864
baseline100k_dqn_statev1_sparse_seed43_20261010_115447_684488_624e6bba,dqn,43,v1,sparse,1638,98096,50.0,6,42,0.05,0.9109995116790136,97097,True,False,True,37.05982537497766
baseline100k_dqn_statev1_sparse_seed43_20261010_115447_684488_624e6bba,dqn,43,v1,sparse,1639,98100,-10.0,0,4,0.05,1.0744275003671646,97101,True,False,True,37.06140233296901
baseline100k_dqn_statev1_sparse_seed43_20261010_115447_684488_624e6bba,dqn,43,v1,sparse,1640,98154,50.0,6,54,0.05,0.9341112562903652,97155,True,False,True,37.08214516699081
baseline100k_dqn_statev1_sparse_seed43_20261010_115447_684488_624e6bba,dqn,43,v1,sparse,1641,98179,20.0,3,25,0.05,1.0946190905570985,97180,True,False,True,37.091751875006594
baseline100k_dqn_statev1_sparse_seed43_20261010_115447_684488_624e6bba,dqn,43,v1,sparse,1642,98218,50.0,6,39,0.05,1.0419635436473749,97219,True,False,True,37.10678191698389
baseline100k_dqn_statev1_sparse_seed43_20261010_115447_684488_624e6bba,dqn,43,v1,sparse,1643,98365,160.0,17,147,0.05,1.0182583354362824,97366,True,False,True,37.163294666970614
baseline100k_dqn_statev1_sparse_seed43_20261010_115447_684488_624e6bba,dqn,43,v1,sparse,1644,98487,110.0,12,122,0.05,1.0152686978461312,97488,True,False,True,37.209888375015
baseline100k_dqn_statev1_sparse_seed43_20261010_115447_684488_624e6bba,dqn,43,v1,sparse,1645,98562,90.0,10,75,0.05,0.9970308446884155,97563,True,False,True,37.2384795830003
baseline100k_dqn_statev1_sparse_seed43_20261010_115447_684488_624e6bba,dqn,43,v1,sparse,1646,98639,110.0,12,77,0.05,1.0632781881790656,97640,True,False,True,37.26796570798615
baseline100k_dqn_statev1_sparse_seed43_20261010_115447_684488_624e6bba,dqn,43,v1,sparse,1647,98712,80.0,9,73,0.05,1.0041583821381608,97713,True,False,True,37.296203583013266
baseline100k_dqn_statev1_sparse_seed43_20261010_115447_684488_624e6bba,dqn,43,v1,sparse,1648,98795,110.0,12,83,0.05,1.0362466509083668,97796,True,False,True,37.32860000000801
baseline100k_dqn_statev1_sparse_seed43_20261010_115447_684488_624e6bba,dqn,43,v1,sparse,1649,98822,10.0,2,27,0.05,1.0258773697747126,97823,True,False,True,37.339126457984094
baseline100k_dqn_statev1_sparse_seed43_20261010_115447_684488_624e6bba,dqn,43,v1,sparse,1650,98963,190.0,20,141,0.05,0.9997617851757834,97964,True,False,True,37.393161625019275
baseline100k_dqn_statev1_sparse_seed43_20261010_115447_684488_624e6bba,dqn,43,v1,sparse,1651,99093,130.0,14,130,0.05,1.0126528272261985,98094,True,False,True,37.443484125018585
baseline100k_dqn_statev1_sparse_seed43_20261010_115447_684488_624e6bba,dqn,43,v1,sparse,1652,99261,150.0,16,168,0.05,1.0041308557348592,98262,True,False,True,37.50779429200338
baseline100k_dqn_statev1_sparse_seed43_20261010_115447_684488_624e6bba,dqn,43,v1,sparse,1653,99333,80.0,9,72,0.05,1.0613288929065068,98334,True,False,True,37.53545483300695
baseline100k_dqn_statev1_sparse_seed43_20261010_115447_684488_624e6bba,dqn,43,v1,sparse,1654,99449,130.0,14,116,0.05,1.016600353964444,98450,True,False,True,37.580793374974746
baseline100k_dqn_statev1_sparse_seed43_20261010_115447_684488_624e6bba,dqn,43,v1,sparse,1655,99499,50.0,6,50,0.05,1.0191646027565002,98500,True,False,True,37.599978249985725
baseline100k_dqn_statev1_sparse_seed43_20261010_115447_684488_624e6bba,dqn,43,v1,sparse,1656,99570,50.0,6,71,0.05,0.9555729627609253,98571,True,False,True,37.628229875001125
baseline100k_dqn_statev1_sparse_seed43_20261010_115447_684488_624e6bba,dqn,43,v1,sparse,1657,99591,20.0,3,21,0.05,0.9791584355490548,98592,True,False,True,37.63626962498529
baseline100k_dqn_statev1_sparse_seed43_20261010_115447_684488_624e6bba,dqn,43,v1,sparse,1658,99710,160.0,17,119,0.05,0.9936408019867264,98711,True,False,True,37.68315033300314
baseline100k_dqn_statev1_sparse_seed43_20261010_115447_684488_624e6bba,dqn,43,v1,sparse,1659,99740,30.0,4,30,0.05,0.9260953545570374,98741,True,False,True,37.69488237501355
baseline100k_dqn_statev1_sparse_seed43_20261010_115447_684488_624e6bba,dqn,43,v1,sparse,1660,99844,110.0,12,104,0.05,1.041763668736586,98845,True,False,True,37.7352611249662
baseline100k_dqn_statev1_sparse_seed43_20261010_115447_684488_624e6bba,dqn,43,v1,sparse,1661,99959,110.0,12,115,0.05,1.0162958505360977,98960,True,False,True,37.779860291979276
baseline100k_dqn_statev1_sparse_seed43_20261010_115447_684488_624e6bba,dqn,43,v1,sparse,1662,100000,40.0,4,41,0.05,1.0654341367686666,99001,False,False,False,37.796148082998116
