run_id,algorithm,seed,state_mode,reward_mode,episode,global_step,episode_return,score,episode_length,epsilon,loss,update_count,terminated,truncated,episode_complete,wall_clock_time
baseline_dqn_statev1_sparse_seed42_20261010_112003_373206_62090f0a,dqn,42,v1,sparse,1,1,-10.0,0,1,0.9999,,0,True,False,True,0.4470136249437928
baseline_dqn_statev1_sparse_seed42_20261010_112003_373206_62090f0a,dqn,42,v1,sparse,2,11,-10.0,0,10,0.9989005498350332,,0,True,False,True,0.44711070897756144
baseline_dqn_statev1_sparse_seed42_20261010_112003_373206_62090f0a,dqn,42,v1,sparse,3,12,-10.0,0,1,0.9988006597800497,,0,True,False,True,0.4471348339575343
baseline_dqn_statev1_sparse_seed42_20261010_112003_373206_62090f0a,dqn,42,v1,sparse,4,14,-10.0,0,2,0.9986009096361004,,0,True,False,True,0.4471608749590814
baseline_dqn_statev1_sparse_seed42_20261010_112003_373206_62090f0a,dqn,42,v1,sparse,5,20,-10.0,0,6,0.9980018988604846,,0,True,False,True,0.44720391696318984
baseline_dqn_statev1_sparse_seed42_20261010_112003_373206_62090f0a,dqn,42,v1,sparse,6,27,-10.0,0,7,0.9973035070767544,,0,True,False,True,0.44725024997023866
baseline_dqn_statev1_sparse_seed42_20261010_112003_373206_62090f0a,dqn,42,v1,sparse,7,58,-10.0,0,31,0.9942164991863819,,0,True,False,True,0.44740191695746034
baseline_dqn_statev1_sparse_seed42_20261010_112003_373206_62090f0a,dqn,42,v1,sparse,8,76,0.0,1,18,0.9924284298281141,,0,True,False,True,0.44750337494770065
baseline_dqn_statev1_sparse_seed42_20261010_112003_373206_62090f0a,dqn,42,v1,sparse,9,93,0.0,1,17,0.9907426505254558,,0,True,False,True,0.4475987499463372
baseline_dqn_statev1_sparse_seed42_20261010_112003_373206_62090f0a,dqn,42,v1,sparse,10,108,-10.0,0,15,0.9892575763787981,,0,True,False,True,0.44768054195446894
baseline_dqn_statev1_sparse_seed42_20261010_112003_373206_62090f0a,dqn,42,v1,sparse,11,121,-10.0,0,13,0.9879723128675584,,0,True,False,True,0.452891249966342
baseline_dqn_statev1_sparse_seed42_20261010_112003_373206_62090f0a,dqn,42,v1,sparse,12,123,-10.0,0,2,0.987774728284708,,0,True,False,True,0.45294854196254164
baseline_dqn_statev1_sparse_seed42_20261010_112003_373206_62090f0a,dqn,42,v1,sparse,13,159,20.0,3,36,0.9842249551967749,,0,True,False,True,0.4531757499789819
baseline_dqn_statev1_sparse_seed42_20261010_112003_373206_62090f0a,dqn,42,v1,sparse,14,160,-10.0,0,1,0.9841265327012553,,0,True,False,True,0.4532069169799797
baseline_dqn_statev1_sparse_seed42_20261010_112003_373206_62090f0a,dqn,42,v1,sparse,15,167,-10.0,0,7,0.9834378507604954,,0,True,False,True,0.45326129195746034
baseline_dqn_statev1_sparse_seed42_20261010_112003_373206_62090f0a,dqn,42,v1,sparse,16,174,-10.0,0,7,0.9827496507524949,,0,True,False,True,0.45332524995319545
baseline_dqn_statev1_sparse_seed42_20261010_112003_373206_62090f0a,dqn,42,v1,sparse,17,183,-10.0,0,9,0.9818655297741534,,0,True,False,True,0.4533844169927761
baseline_dqn_statev1_sparse_seed42_20261010_112003_373206_62090f0a,dqn,42,v1,sparse,18,234,0.0,1,51,0.9768705139349746,,0,True,False,True,0.453652374970261
baseline_dqn_statev1_sparse_seed42_20261010_112003_373206_62090f0a,dqn,42,v1,sparse,19,243,-10.0,0,9,0.9759916820637734,,0,True,False,True,0.4537109999801032
baseline_dqn_statev1_sparse_seed42_20261010_112003_373206_62090f0a,dqn,42,v1,sparse,20,244,-10.0,0,1,0.975894082895567,,0,True,False,True,0.4537310419837013
baseline_dqn_statev1_sparse_seed42_20261010_112003_373206_62090f0a,dqn,42,v1,sparse,21,269,-10.0,0,25,0.9734572731272545,,0,True,False,True,0.45394570898497477
baseline_dqn_statev1_sparse_seed42_20261010_112003_373206_62090f0a,dqn,42,v1,sparse,22,278,-10.0,0,9,0.9725815119443002,,0,True,False,True,0.4540404589497484
baseline_dqn_statev1_sparse_seed42_20261010_112003_373206_62090f0a,dqn,42,v1,sparse,23,294,-10.0,0,16,0.971026548078535,,0,True,False,True,0.45413187495432794
baseline_dqn_statev1_sparse_seed42_20261010_112003_373206_62090f0a,dqn,42,v1,sparse,24,310,-10.0,0,16,0.969474070289869,,0,True,False,True,0.4542736249859445
baseline_dqn_statev1_sparse_seed42_20261010_112003_373206_62090f0a,dqn,42,v1,sparse,25,317,-10.0,0,7,0.9687956419962928,,0,True,False,True,0.4543208749964833
baseline_dqn_statev1_sparse_seed42_20261010_112003_373206_62090f0a,dqn,42,v1,sparse,26,341,0.0,1,24,0.9664732043716606,,0,True,False,True,0.4544552919687703
baseline_dqn_statev1_sparse_seed42_20261010_112003_373206_62090f0a,dqn,42,v1,sparse,27,349,-10.0,0,8,0.9657002963665449,,0,True,False,True,0.4545091249747202
baseline_dqn_statev1_sparse_seed42_20261010_112003_373206_62090f0a,dqn,42,v1,sparse,28,364,-10.0,0,15,0.9642527594680443,,0,True,False,True,0.4546378339873627
baseline_dqn_statev1_sparse_seed42_20261010_112003_373206_62090f0a,dqn,42,v1,sparse,29,368,-10.0,0,4,0.9638671162155658,,0,True,False,True,0.4546972089447081
baseline_dqn_statev1_sparse_seed42_20261010_112003_373206_62090f0a,dqn,42,v1,sparse,30,389,-10.0,0,21,0.9618450181110908,,0,True,False,True,0.4548072499455884
baseline_dqn_statev1_sparse_seed42_20261010_112003_373206_62090f0a,dqn,42,v1,sparse,31,420,-10.0,0,31,0.9588677668138127,,0,True,False,True,0.4550490839756094
baseline_dqn_statev1_sparse_seed42_20261010_112003_373206_62090f0a,dqn,42,v1,sparse,32,425,-10.0,0,5,0.9583884288075943,,0,True,False,True,0.4551096669747494
baseline_dqn_statev1_sparse_seed42_20261010_112003_373206_62090f0a,dqn,42,v1,sparse,33,427,-10.0,0,2,0.9581967607057171,,0,True,False,True,0.45513420895440504
baseline_dqn_statev1_sparse_seed42_20261010_112003_373206_62090f0a,dqn,42,v1,sparse,34,442,0.0,1,15,0.9567604712354087,,0,True,False,True,0.4552213749848306
baseline_dqn_statev1_sparse_seed42_20261010_112003_373206_62090f0a,dqn,42,v1,sparse,35,446,-10.0,0,4,0.9563778244487159,,0,True,False,True,0.4552564999903552
baseline_dqn_statev1_sparse_seed42_20261010_112003_373206_62090f0a,dqn,42,v1,sparse,36,452,-10.0,0,6,0.9558041411915943,,0,True,False,True,0.4553216669592075
baseline_dqn_statev1_sparse_seed42_20261010_112003_373206_62090f0a,dqn,42,v1,sparse,37,461,-10.0,0,9,0.9549442614737373,,0,True,False,True,0.45537895895540714
baseline_dqn_statev1_sparse_seed42_20261010_112003_373206_62090f0a,dqn,42,v1,sparse,38,473,-10.0,0,12,0.953798958413141,,0,True,False,True,0.4554462499800138
baseline_dqn_statev1_sparse_seed42_20261010_112003_373206_62090f0a,dqn,42,v1,sparse,39,483,0.0,1,10,0.9528455885498235,,0,True,False,True,0.45553445897530764
baseline_dqn_statev1_sparse_seed42_20261010_112003_373206_62090f0a,dqn,42,v1,sparse,40,484,-10.0,0,1,0.9527503039909685,,0,True,False,True,0.4555537919513881
baseline_dqn_statev1_sparse_seed42_20261010_112003_373206_62090f0a,dqn,42,v1,sparse,41,492,-10.0,0,8,0.9519883704645137,,0,True,False,True,0.45565012498991564
baseline_dqn_statev1_sparse_seed42_20261010_112003_373206_62090f0a,dqn,42,v1,sparse,42,493,-10.0,0,1,0.9518931716274672,,0,True,False,True,0.4556734589859843
baseline_dqn_statev1_sparse_seed42_20261010_112003_373206_62090f0a,dqn,42,v1,sparse,43,509,-10.0,0,16,0.9503712842917823,,0,True,False,True,0.4557664169697091
baseline_dqn_statev1_sparse_seed42_20261010_112003_373206_62090f0a,dqn,42,v1,sparse,44,520,-10.0,0,11,0.9493263984264878,,0,True,False,True,0.4558339999639429
baseline_dqn_statev1_sparse_seed42_20261010_112003_373206_62090f0a,dqn,42,v1,sparse,45,534,0.0,1,14,0.9479982050102536,,0,True,False,True,0.4559462499455549
baseline_dqn_statev1_sparse_seed42_20261010_112003_373206_62090f0a,dqn,42,v1,sparse,46,536,-10.0,0,2,0.9478086148492336,,0,True,False,True,0.45597516698762774
baseline_dqn_statev1_sparse_seed42_20261010_112003_373206_62090f0a,dqn,42,v1,sparse,47,559,-10.0,0,23,0.9456310513131457,,0,True,False,True,0.4561196249560453
baseline_dqn_statev1_sparse_seed42_20261010_112003_373206_62090f0a,dqn,42,v1,sparse,48,564,-10.0,0,5,0.9451583303411385,,0,True,False,True,0.45616029197117314
baseline_dqn_statev1_sparse_seed42_20261010_112003_373206_62090f0a,dqn,42,v1,sparse,49,606,-10.0,0,42,0.9411967923270838,,0,True,False,True,0.4564599169534631
baseline_dqn_statev1_sparse_seed42_20261010_112003_373206_62090f0a,dqn,42,v1,sparse,50,615,-10.0,0,9,0.940350053965786,,0,True,False,True,0.45653904194477946
baseline_dqn_statev1_sparse_seed42_20261010_112003_373206_62090f0a,dqn,42,v1,sparse,51,616,-10.0,0,1,0.9402560189603894,,0,True,False,True,0.45656624995172024
baseline_dqn_statev1_sparse_seed42_20261010_112003_373206_62090f0a,dqn,42,v1,sparse,52,657,-10.0,0,41,0.9364086693683936,,0,True,False,True,0.45685637497808784
baseline_dqn_statev1_sparse_seed42_20261010_112003_373206_62090f0a,dqn,42,v1,sparse,53,671,0.0,1,14,0.935098549022408,,0,True,False,True,0.45693870895775035
baseline_dqn_statev1_sparse_seed42_20261010_112003_373206_62090f0a,dqn,42,v1,sparse,54,687,-10.0,0,16,0.9336035129387461,,0,True,False,True,0.4570246249786578
baseline_dqn_statev1_sparse_seed42_20261010_112003_373206_62090f0a,dqn,42,v1,sparse,55,691,-10.0,0,4,0.9332301275460472,,0,True,False,True,0.4570579169667326
baseline_dqn_statev1_sparse_seed42_20261010_112003_373206_62090f0a,dqn,42,v1,sparse,56,694,-10.0,0,3,0.932950186503754,,0,True,False,True,0.45710616698488593
baseline_dqn_statev1_sparse_seed42_20261010_112003_373206_62090f0a,dqn,42,v1,sparse,57,695,-10.0,0,1,0.9328568914851036,,0,True,False,True,0.4571301669930108
baseline_dqn_statev1_sparse_seed42_20261010_112003_373206_62090f0a,dqn,42,v1,sparse,58,723,-10.0,0,28,0.9302484153338654,,0,True,False,True,0.4573122499859892
baseline_dqn_statev1_sparse_seed42_20261010_112003_373206_62090f0a,dqn,42,v1,sparse,59,750,-10.0,0,27,0.9277400070650574,,0,True,False,True,0.45748549996642396
baseline_dqn_statev1_sparse_seed42_20261010_112003_373206_62090f0a,dqn,42,v1,sparse,60,756,-10.0,0,6,0.9271835022032661,,0,True,False,True,0.45756983396131545
baseline_dqn_statev1_sparse_seed42_20261010_112003_373206_62090f0a,dqn,42,v1,sparse,61,766,-10.0,0,10,0.9262567358223963,,0,True,False,True,0.457674708974082
baseline_dqn_statev1_sparse_seed42_20261010_112003_373206_62090f0a,dqn,42,v1,sparse,62,771,-10.0,0,5,0.9257937000708967,,0,True,False,True,0.4577306249993853
baseline_dqn_statev1_sparse_seed42_20261010_112003_373206_62090f0a,dqn,42,v1,sparse,63,774,-10.0,0,3,0.9255159897337607,,0,True,False,True,0.4577593339490704
baseline_dqn_statev1_sparse_seed42_20261010_112003_373206_62090f0a,dqn,42,v1,sparse,64,811,-10.0,0,37,0.9220977373230873,,0,True,False,True,0.4579855839838274
baseline_dqn_statev1_sparse_seed42_20261010_112003_373206_62090f0a,dqn,42,v1,sparse,65,818,-10.0,0,7,0.9214524625152158,,0,True,False,True,0.45803137496113777
baseline_dqn_statev1_sparse_seed42_20261010_112003_373206_62090f0a,dqn,42,v1,sparse,66,822,-10.0,0,4,0.9210839368136717,,0,True,False,True,0.4580627499963157
baseline_dqn_statev1_sparse_seed42_20261010_112003_373206_62090f0a,dqn,42,v1,sparse,67,858,-10.0,0,36,0.9177738308988277,,0,True,False,True,0.45832062495173886
baseline_dqn_statev1_sparse_seed42_20261010_112003_373206_62090f0a,dqn,42,v1,sparse,68,861,-10.0,0,3,0.9174985262818552,,0,True,False,True,0.45837270899210125
baseline_dqn_statev1_sparse_seed42_20261010_112003_373206_62090f0a,dqn,42,v1,sparse,69,876,-10.0,0,15,0.9161232414485486,,0,True,False,True,0.4584927089745179
baseline_dqn_statev1_sparse_seed42_20261010_112003_373206_62090f0a,dqn,42,v1,sparse,70,918,-10.0,0,42,0.9122834011487255,,0,True,False,True,0.4587977089686319
baseline_dqn_statev1_sparse_seed42_20261010_112003_373206_62090f0a,dqn,42,v1,sparse,71,921,-10.0,0,3,0.9120097434959706,,0,True,False,True,0.4588337499881163
baseline_dqn_statev1_sparse_seed42_20261010_112003_373206_62090f0a,dqn,42,v1,sparse,72,932,-10.0,0,11,0.9110070342330328,,0,True,False,True,0.4589177499874495
baseline_dqn_statev1_sparse_seed42_20261010_112003_373206_62090f0a,dqn,42,v1,sparse,73,944,-10.0,0,12,0.9099144268562193,,0,True,False,True,0.45900520897703245
baseline_dqn_statev1_sparse_seed42_20261010_112003_373206_62090f0a,dqn,42,v1,sparse,74,954,-10.0,0,10,0.9090049217816846,,0,True,False,True,0.45910404197638854
baseline_dqn_statev1_sparse_seed42_20261010_112003_373206_62090f0a,dqn,42,v1,sparse,75,957,-10.0,0,3,0.9087322475743888,,0,True,False,True,0.459151666960679
baseline_dqn_statev1_sparse_seed42_20261010_112003_373206_62090f0a,dqn,42,v1,sparse,76,982,-10.0,0,25,0.9064631410632606,,0,True,False,True,0.4593498749891296
baseline_dqn_statev1_sparse_seed42_20261010_112003_373206_62090f0a,dqn,42,v1,sparse,77,995,10.0,2,13,0.9052854457619449,,0,True,False,True,0.4594881249940954
baseline_dqn_statev1_sparse_seed42_20261010_112003_373206_62090f0a,dqn,42,v1,sparse,78,1014,-10.0,0,19,0.9035669505762389,0.8119151035944621,15,True,False,True,0.48854716698406264
baseline_dqn_statev1_sparse_seed42_20261010_112003_373206_62090f0a,dqn,42,v1,sparse,79,1017,-10.0,0,3,0.903295907597171,0.7838194767634074,18,True,False,True,0.48966295894933864
baseline_dqn_statev1_sparse_seed42_20261010_112003_373206_62090f0a,dqn,42,v1,sparse,80,1035,-10.0,0,18,0.9016713562694217,0.805126835902532,36,True,False,True,0.49673816695576534
baseline_dqn_statev1_sparse_seed42_20261010_112003_373206_62090f0a,dqn,42,v1,sparse,81,1045,-10.0,0,10,0.9007700905570811,0.7338176354765892,46,True,False,True,0.5004456249880604
baseline_dqn_statev1_sparse_seed42_20261010_112003_373206_62090f0a,dqn,42,v1,sparse,82,1053,-10.0,0,8,0.9000497266498242,0.7325643859803677,54,True,False,True,0.5033477089600638
baseline_dqn_statev1_sparse_seed42_20261010_112003_373206_62090f0a,dqn,42,v1,sparse,83,1060,-10.0,0,7,0.8994198808201134,0.6835744168077197,61,True,False,True,0.5061553749837913
baseline_dqn_statev1_sparse_seed42_20261010_112003_373206_62090f0a,dqn,42,v1,sparse,84,1069,-10.0,0,9,0.8986107266429926,0.7614317999945747,70,True,False,True,0.5094952089712024
baseline_dqn_statev1_sparse_seed42_20261010_112003_373206_62090f0a,dqn,42,v1,sparse,85,1103,0.0,1,34,0.8955604860054617,0.6639421700554735,104,True,False,True,0.5220350419986062
baseline_dqn_statev1_sparse_seed42_20261010_112003_373206_62090f0a,dqn,42,v1,sparse,86,1127,-10.0,0,24,0.893413610774327,0.30119579813132685,128,True,False,True,0.5309397089877166
baseline_dqn_statev1_sparse_seed42_20261010_112003_373206_62090f0a,dqn,42,v1,sparse,87,1130,-10.0,0,3,0.8931456134926097,0.19352586567401886,131,True,False,True,0.5320644589955918
baseline_dqn_statev1_sparse_seed42_20261010_112003_373206_62090f0a,dqn,42,v1,sparse,88,1158,-10.0,0,28,0.8906481789411322,0.19466109254530498,159,True,False,True,0.5422691669664346
baseline_dqn_statev1_sparse_seed42_20261010_112003_373206_62090f0a,dqn,42,v1,sparse,89,1185,-10.0,0,27,0.8882465524295161,0.1365658391818956,186,True,False,True,0.5520059589762241
baseline_dqn_statev1_sparse_seed42_20261010_112003_373206_62090f0a,dqn,42,v1,sparse,90,1212,-10.0,0,27,0.8858514018867927,0.13716655264229136,213,True,False,True,0.5616945839719847
baseline_dqn_statev1_sparse_seed42_20261010_112003_373206_62090f0a,dqn,42,v1,sparse,91,1219,-10.0,0,7,0.8852314919032646,0.08879590333838548,220,True,False,True,0.5642184589523822
baseline_dqn_statev1_sparse_seed42_20261010_112003_373206_62090f0a,dqn,42,v1,sparse,92,1234,0.0,1,15,0.8839045737558167,0.13004428196387988,235,True,False,True,0.5699531249701977
baseline_dqn_statev1_sparse_seed42_20261010_112003_373206_62090f0a,dqn,42,v1,sparse,93,1235,-10.0,0,1,0.8838161832984411,0.1496046483516693,236,True,False,True,0.5704664999502711
baseline_dqn_statev1_sparse_seed42_20261010_112003_373206_62090f0a,dqn,42,v1,sparse,94,1263,-10.0,0,28,0.8813448359168053,0.09855404805525073,264,True,False,True,0.5817668339586817
baseline_dqn_statev1_sparse_seed42_20261010_112003_373206_62090f0a,dqn,42,v1,sparse,95,1275,-10.0,0,12,0.8802878036074449,0.14799835657080015,276,True,False,True,0.586269874998834
baseline_dqn_statev1_sparse_seed42_20261010_112003_373206_62090f0a,dqn,42,v1,sparse,96,1286,-10.0,0,11,0.8793199710365504,0.08545972804792902,287,True,False,True,0.5903065839665942
baseline_dqn_statev1_sparse_seed42_20261010_112003_373206_62090f0a,dqn,42,v1,sparse,97,1293,-10.0,0,7,0.8787046316832456,0.11151938040607742,294,True,False,True,0.5928278339561075
baseline_dqn_statev1_sparse_seed42_20261010_112003_373206_62090f0a,dqn,42,v1,sparse,98,1315,-10.0,0,22,0.8767735099486794,0.09061377303971146,316,True,False,True,0.6006897089537233
baseline_dqn_statev1_sparse_seed42_20261010_112003_373206_62090f0a,dqn,42,v1,sparse,99,1319,-10.0,0,4,0.8764228531476036,0.18782571703195572,320,True,False,True,0.6021294589736499
baseline_dqn_statev1_sparse_seed42_20261010_112003_373206_62090f0a,dqn,42,v1,sparse,100,1323,-10.0,0,4,0.8760723365882102,0.14914547046646476,324,True,False,True,0.6035604999633506
baseline_dqn_statev1_sparse_seed42_20261010_112003_373206_62090f0a,dqn,42,v1,sparse,101,1328,-10.0,0,5,0.8756343880183893,0.14556964561343194,329,True,False,True,0.6067937499610707
baseline_dqn_statev1_sparse_seed42_20261010_112003_373206_62090f0a,dqn,42,v1,sparse,102,1330,-10.0,0,2,0.8754592698971296,0.15298518305644393,331,True,False,True,0.6075260840007104
baseline_dqn_statev1_sparse_seed42_20261010_112003_373206_62090f0a,dqn,42,v1,sparse,103,1340,-10.0,0,10,0.8745842044788674,0.06252399296499789,341,True,False,True,0.611463458975777
baseline_dqn_statev1_sparse_seed42_20261010_112003_373206_62090f0a,dqn,42,v1,sparse,104,1342,-10.0,0,2,0.8744092963838137,0.14807599782943726,343,True,False,True,0.6122159169754013
baseline_dqn_statev1_sparse_seed42_20261010_112003_373206_62090f0a,dqn,42,v1,sparse,105,1343,-10.0,0,1,0.8743218554541753,0.0122413020581007,344,True,False,True,0.6126670419471338
baseline_dqn_statev1_sparse_seed42_20261010_112003_373206_62090f0a,dqn,42,v1,sparse,106,1361,-10.0,0,18,0.8727494131136175,0.10095570357387057,362,True,False,True,0.6192265839781612
baseline_dqn_statev1_sparse_seed42_20261010_112003_373206_62090f0a,dqn,42,v1,sparse,107,1377,0.0,1,16,0.8713540608633507,0.07595811267674435,378,True,False,True,0.6249540419667028
baseline_dqn_statev1_sparse_seed42_20261010_112003_373206_62090f0a,dqn,42,v1,sparse,108,1396,-10.0,0,19,0.8696999773191502,0.07088568192710609,397,True,False,True,0.6318765839678235
baseline_dqn_statev1_sparse_seed42_20261010_112003_373206_62090f0a,dqn,42,v1,sparse,109,1405,-10.0,0,9,0.8689175603585111,0.17960324050444695,406,True,False,True,0.635157291952055
baseline_dqn_statev1_sparse_seed42_20261010_112003_373206_62090f0a,dqn,42,v1,sparse,110,1414,-10.0,0,9,0.8681358472915321,0.11489261363426016,415,True,False,True,0.638496083964128
baseline_dqn_statev1_sparse_seed42_20261010_112003_373206_62090f0a,dqn,42,v1,sparse,111,1415,-10.0,0,1,0.868049033706803,0.1539735049009323,416,True,False,True,0.6389094999758527
baseline_dqn_statev1_sparse_seed42_20261010_112003_373206_62090f0a,dqn,42,v1,sparse,112,1429,-10.0,0,14,0.8668345546683512,0.12803989550697484,430,True,False,True,0.643870583968237
baseline_dqn_statev1_sparse_seed42_20261010_112003_373206_62090f0a,dqn,42,v1,sparse,113,1458,-10.0,0,29,0.8643242506427495,0.12000316076366038,459,True,False,True,0.65445654198993
baseline_dqn_statev1_sparse_seed42_20261010_112003_373206_62090f0a,dqn,42,v1,sparse,114,1541,-10.0,0,83,0.8571796930602676,0.07902484374536,542,True,False,True,0.6843471669708379
baseline_dqn_statev1_sparse_seed42_20261010_112003_373206_62090f0a,dqn,42,v1,sparse,115,1544,-10.0,0,3,0.8569225648668832,0.0500026592053473,545,True,False,True,0.6854380839504302
baseline_dqn_statev1_sparse_seed42_20261010_112003_373206_62090f0a,dqn,42,v1,sparse,116,1570,-10.0,0,26,0.854697348969847,0.12523781100753695,571,True,False,True,0.6947004999965429
baseline_dqn_statev1_sparse_seed42_20261010_112003_373206_62090f0a,dqn,42,v1,sparse,117,1573,-10.0,0,3,0.8544409654052217,0.0055482172562430305,574,True,False,True,0.6958157919580117
baseline_dqn_statev1_sparse_seed42_20261010_112003_373206_62090f0a,dqn,42,v1,sparse,118,1589,-10.0,0,16,0.8530748847114006,0.08643221786769573,590,True,False,True,0.701479583978653
baseline_dqn_statev1_sparse_seed42_20261010_112003_373206_62090f0a,dqn,42,v1,sparse,119,1593,-10.0,0,4,0.852733705938597,0.1488378718495369,594,True,False,True,0.7029067499679513
baseline_dqn_statev1_sparse_seed42_20261010_112003_373206_62090f0a,dqn,42,v1,sparse,120,1594,-10.0,0,1,0.8526484325680032,0.003637897316366434,595,True,False,True,0.7032791669480503
baseline_dqn_statev1_sparse_seed42_20261010_112003_373206_62090f0a,dqn,42,v1,sparse,121,1618,-10.0,0,24,0.8506044279146594,0.06944523494166788,619,True,False,True,0.7118744589970447
baseline_dqn_statev1_sparse_seed42_20261010_112003_373206_62090f0a,dqn,42,v1,sparse,122,1622,-10.0,0,4,0.850264237176357,0.11039669023011811,623,True,False,True,0.71346249995986
baseline_dqn_statev1_sparse_seed42_20261010_112003_373206_62090f0a,dqn,42,v1,sparse,123,1626,-10.0,0,4,0.8499241824939398,0.11086171702481806,627,True,False,True,0.7151890419772826
baseline_dqn_statev1_sparse_seed42_20261010_112003_373206_62090f0a,dqn,42,v1,sparse,124,1630,-10.0,0,4,0.8495842638129936,0.03948547877371311,631,True,False,True,0.716682874946855
baseline_dqn_statev1_sparse_seed42_20261010_112003_373206_62090f0a,dqn,42,v1,sparse,125,1635,0.0,1,5,0.849159556631018,0.08986250553280115,636,True,False,True,0.718504624965135
baseline_dqn_statev1_sparse_seed42_20261010_112003_373206_62090f0a,dqn,42,v1,sparse,126,1640,-10.0,0,5,0.8487350617601672,0.11767351338639856,641,True,False,True,0.7203264589770697
baseline_dqn_statev1_sparse_seed42_20261010_112003_373206_62090f0a,dqn,42,v1,sparse,127,1643,-10.0,0,3,0.8484804667028423,0.050108948877702154,644,True,False,True,0.7213993339682929
baseline_dqn_statev1_sparse_seed42_20261010_112003_373206_62090f0a,dqn,42,v1,sparse,128,1659,-10.0,0,16,0.8471239156576834,0.12123180685011903,660,True,False,True,0.7273490419611335
baseline_dqn_statev1_sparse_seed42_20261010_112003_373206_62090f0a,dqn,42,v1,sparse,129,1688,0.0,1,29,0.8446706925319939,0.09179268032312393,689,True,False,True,0.7379312919802032
baseline_dqn_statev1_sparse_seed42_20261010_112003_373206_62090f0a,dqn,42,v1,sparse,130,1699,-10.0,0,11,0.843742019199747,0.0670898304828866,700,True,False,True,0.7419650839874521
baseline_dqn_statev1_sparse_seed42_20261010_112003_373206_62090f0a,dqn,42,v1,sparse,131,1716,-10.0,0,17,0.84230880468271,0.08696503709207344,717,True,False,True,0.7483264170004986
baseline_dqn_statev1_sparse_seed42_20261010_112003_373206_62090f0a,dqn,42,v1,sparse,132,1757,0.0,1,41,0.8388622365452214,0.10831753882613578,758,True,False,True,0.7633154589566402
baseline_dqn_statev1_sparse_seed42_20261010_112003_373206_62090f0a,dqn,42,v1,sparse,133,1792,-10.0,0,35,0.8359312044616571,0.10970982961755778,793,True,False,True,0.775817499961704
baseline_dqn_statev1_sparse_seed42_20261010_112003_373206_62090f0a,dqn,42,v1,sparse,134,1826,-10.0,0,34,0.8330937229422068,0.06783368302550276,827,True,False,True,0.7883092089905404
baseline_dqn_statev1_sparse_seed42_20261010_112003_373206_62090f0a,dqn,42,v1,sparse,135,1872,-10.0,0,46,0.8292701017039262,0.1132256400052701,873,True,False,True,0.8048151669790968
baseline_dqn_statev1_sparse_seed42_20261010_112003_373206_62090f0a,dqn,42,v1,sparse,136,1906,0.0,1,34,0.8264552306048949,0.09275246559477904,907,True,False,True,0.8171744999708608
baseline_dqn_statev1_sparse_seed42_20261010_112003_373206_62090f0a,dqn,42,v1,sparse,137,1914,-10.0,0,8,0.8257942977816,0.05798909012810327,915,True,False,True,0.8200381249771453
baseline_dqn_statev1_sparse_seed42_20261010_112003_373206_62090f0a,dqn,42,v1,sparse,138,1918,-10.0,0,4,0.8254640296068421,0.07498996681533754,919,True,False,True,0.8214649589499459
baseline_dqn_statev1_sparse_seed42_20261010_112003_373206_62090f0a,dqn,42,v1,sparse,139,1963,0.0,1,45,0.8217576018664593,0.10007435667018096,964,True,False,True,0.8374551669694483
baseline_dqn_statev1_sparse_seed42_20261010_112003_373206_62090f0a,dqn,42,v1,sparse,140,1970,-10.0,0,7,0.8211825440854905,0.08535920565814845,971,True,False,True,0.8400103749590926
baseline_dqn_statev1_sparse_seed42_20261010_112003_373206_62090f0a,dqn,42,v1,sparse,141,1981,0.0,1,11,0.8202796948019279,0.12125214191407642,982,True,False,True,0.8440424589789473
baseline_dqn_statev1_sparse_seed42_20261010_112003_373206_62090f0a,dqn,42,v1,sparse,142,2009,-10.0,0,28,0.8179860096281714,0.11927190803024652,1010,True,False,True,0.8542122499784455
baseline_dqn_statev1_sparse_seed42_20261010_112003_373206_62090f0a,dqn,42,v1,sparse,143,2030,-10.0,0,21,0.8162699556911407,0.10710298873129345,1031,True,False,True,0.8617162919836119
baseline_dqn_statev1_sparse_seed42_20261010_112003_373206_62090f0a,dqn,42,v1,sparse,144,2037,-10.0,0,7,0.8156987381102812,0.10503617604263127,1038,True,False,True,0.8646013339748606
baseline_dqn_statev1_sparse_seed42_20261010_112003_373206_62090f0a,dqn,42,v1,sparse,145,2051,0.0,1,14,0.8145575018659459,0.06477614139605846,1052,True,False,True,0.8696408749674447
baseline_dqn_statev1_sparse_seed42_20261010_112003_373206_62090f0a,dqn,42,v1,sparse,146,2053,-10.0,0,2,0.8143945985111477,0.0027937667910009623,1054,True,False,True,0.8703892919584177
baseline_dqn_statev1_sparse_seed42_20261010_112003_373206_62090f0a,dqn,42,v1,sparse,147,2069,-10.0,0,16,0.8130925439711356,0.12062933774723206,1070,True,False,True,0.8761308749672025
baseline_dqn_statev1_sparse_seed42_20261010_112003_373206_62090f0a,dqn,42,v1,sparse,148,2073,0.0,1,4,0.8127673557358475,0.07681331573985517,1074,True,False,True,0.8776649589999579
baseline_dqn_statev1_sparse_seed42_20261010_112003_373206_62090f0a,dqn,42,v1,sparse,149,2074,-10.0,0,1,0.8126860790002739,0.01674179546535015,1075,True,False,True,0.878050249943044
baseline_dqn_statev1_sparse_seed42_20261010_112003_373206_62090f0a,dqn,42,v1,sparse,150,2081,-10.0,0,7,0.8121173693806092,0.15025695293609584,1082,True,False,True,0.8806570839951746
baseline_dqn_statev1_sparse_seed42_20261010_112003_373206_62090f0a,dqn,42,v1,sparse,151,2112,-10.0,0,31,0.8096035782333834,0.10363014012334808,1113,True,False,True,0.8919071669806726
baseline_dqn_statev1_sparse_seed42_20261010_112003_373206_62090f0a,dqn,42,v1,sparse,152,2118,-10.0,0,6,0.8091179375107892,0.10231782837460439,1119,True,False,True,0.8941174169885926
baseline_dqn_statev1_sparse_seed42_20261010_112003_373206_62090f0a,dqn,42,v1,sparse,153,2121,-10.0,0,3,0.808875226402265,0.14609339429686466,1122,True,False,True,0.8952086249482818
baseline_dqn_statev1_sparse_seed42_20261010_112003_373206_62090f0a,dqn,42,v1,sparse,154,2131,-10.0,0,10,0.8080667150726665,0.07709251437336206,1132,True,False,True,0.8992403339943849
baseline_dqn_statev1_sparse_seed42_20261010_112003_373206_62090f0a,dqn,42,v1,sparse,155,2147,-10.0,0,16,0.8067747775562383,0.13189159060129896,1148,True,False,True,0.9049929169705138
baseline_dqn_statev1_sparse_seed42_20261010_112003_373206_62090f0a,dqn,42,v1,sparse,156,2149,-10.0,0,2,0.8066134306684748,0.14777147816494107,1150,True,False,True,0.9057329169590957
baseline_dqn_statev1_sparse_seed42_20261010_112003_373206_62090f0a,dqn,42,v1,sparse,157,2160,-10.0,0,11,0.8057265993990619,0.10970169589431449,1161,True,False,True,0.9096914999536239
baseline_dqn_statev1_sparse_seed42_20261010_112003_373206_62090f0a,dqn,42,v1,sparse,158,2175,-10.0,0,15,0.8045188551463972,0.11065920693799854,1176,True,False,True,0.9151272499584593
baseline_dqn_statev1_sparse_seed42_20261010_112003_373206_62090f0a,dqn,42,v1,sparse,159,2176,-10.0,0,1,0.8044384032608826,0.004838120192289352,1177,True,False,True,0.915519374946598
baseline_dqn_statev1_sparse_seed42_20261010_112003_373206_62090f0a,dqn,42,v1,sparse,160,2178,-10.0,0,2,0.8042775236246144,0.21632497757673264,1179,True,False,True,0.9162703749607317
baseline_dqn_statev1_sparse_seed42_20261010_112003_373206_62090f0a,dqn,42,v1,sparse,161,2190,-10.0,0,12,0.8033129212425293,0.08761237158129613,1191,True,False,True,0.9205779169569723
baseline_dqn_statev1_sparse_seed42_20261010_112003_373206_62090f0a,dqn,42,v1,sparse,162,2210,0.0,1,20,0.801707820779207,0.14843229982070624,1211,True,False,True,0.9277295839856379
baseline_dqn_statev1_sparse_seed42_20261010_112003_373206_62090f0a,dqn,42,v1,sparse,163,2246,-10.0,0,36,0.7988267176641988,0.1140370292770159,1247,True,False,True,0.9411043750005774
baseline_dqn_statev1_sparse_seed42_20261010_112003_373206_62090f0a,dqn,42,v1,sparse,164,2274,-10.0,0,28,0.7965930198044103,0.11133002582937479,1275,True,False,True,0.9513592089642771
baseline_dqn_statev1_sparse_seed42_20261010_112003_373206_62090f0a,dqn,42,v1,sparse,165,2275,-10.0,0,1,0.7965133605024299,0.007579714525490999,1276,True,False,True,0.9517565839923918
baseline_dqn_statev1_sparse_seed42_20261010_112003_373206_62090f0a,dqn,42,v1,sparse,166,2288,-10.0,0,13,0.7954785141864521,0.08241549195148624,1289,True,False,True,0.9564984999597073
baseline_dqn_statev1_sparse_seed42_20261010_112003_373206_62090f0a,dqn,42,v1,sparse,167,2307,-10.0,0,19,0.7939684645072469,0.15231008379180966,1308,True,False,True,0.9631787919788621
baseline_dqn_statev1_sparse_seed42_20261010_112003_373206_62090f0a,dqn,42,v1,sparse,168,2319,-10.0,0,12,0.793016226194391,0.08948455529753119,1320,True,False,True,0.9675192089634947
baseline_dqn_statev1_sparse_seed42_20261010_112003_373206_62090f0a,dqn,42,v1,sparse,169,2325,-10.0,0,6,0.7925405353952494,0.09728002493890624,1326,True,False,True,0.9696428749593906
baseline_dqn_statev1_sparse_seed42_20261010_112003_373206_62090f0a,dqn,42,v1,sparse,170,2333,-10.0,0,8,0.7919067248339065,0.05994753076811321,1334,True,False,True,0.9724697919446044
baseline_dqn_statev1_sparse_seed42_20261010_112003_373206_62090f0a,dqn,42,v1,sparse,171,2340,-10.0,0,7,0.791352556399221,0.06577760466773595,1341,True,False,True,0.9749961249763146
baseline_dqn_statev1_sparse_seed42_20261010_112003_373206_62090f0a,dqn,42,v1,sparse,172,2360,-10.0,0,20,0.7897713539545212,0.0971229289425537,1361,True,False,True,0.9826163749676198
baseline_dqn_statev1_sparse_seed42_20261010_112003_373206_62090f0a,dqn,42,v1,sparse,173,2364,-10.0,0,4,0.7894554927960618,0.1784492462174967,1365,True,False,True,0.9840529169887304
baseline_dqn_statev1_sparse_seed42_20261010_112003_373206_62090f0a,dqn,42,v1,sparse,174,2383,0.0,1,19,0.7879568765639657,0.08742724525693216,1384,True,False,True,0.9909143339609727
baseline_dqn_statev1_sparse_seed42_20261010_112003_373206_62090f0a,dqn,42,v1,sparse,175,2391,-10.0,0,8,0.7873267316465199,0.1453137474018149,1392,True,False,True,0.9937589999753982
baseline_dqn_statev1_sparse_seed42_20261010_112003_373206_62090f0a,dqn,42,v1,sparse,176,2420,-10.0,0,29,0.785046677796253,0.08361650924680047,1421,True,False,True,1.0041042499942705
baseline_dqn_statev1_sparse_seed42_20261010_112003_373206_62090f0a,dqn,42,v1,sparse,177,2484,-10.0,0,64,0.7800381729410172,0.10742834500706522,1485,True,False,True,1.0272928339545615
baseline_dqn_statev1_sparse_seed42_20261010_112003_373206_62090f0a,dqn,42,v1,sparse,178,2487,-10.0,0,3,0.7798041848895001,0.14669319490591684,1488,True,False,True,1.028373874956742
baseline_dqn_statev1_sparse_seed42_20261010_112003_373206_62090f0a,dqn,42,v1,sparse,179,2506,0.0,1,19,0.7783238896480383,0.08821608275665264,1507,True,False,True,1.0352009999915026
baseline_dqn_statev1_sparse_seed42_20261010_112003_373206_62090f0a,dqn,42,v1,sparse,180,2514,-10.0,0,8,0.7777014484234283,0.14736680447822437,1515,True,False,True,1.0380123749491759
baseline_dqn_statev1_sparse_seed42_20261010_112003_373206_62090f0a,dqn,42,v1,sparse,181,2548,10.0,2,34,0.7750616217537537,0.10985334241516231,1549,True,False,True,1.0504735839786008
baseline_dqn_statev1_sparse_seed42_20261010_112003_373206_62090f0a,dqn,42,v1,sparse,182,2571,-10.0,0,23,0.7732809395576752,0.0984348014159047,1572,True,False,True,1.0587020419770852
baseline_dqn_statev1_sparse_seed42_20261010_112003_373206_62090f0a,dqn,42,v1,sparse,183,2585,-10.0,0,14,0.7721990496465526,0.04702253223097484,1586,True,False,True,1.0640175419976003
baseline_dqn_statev1_sparse_seed42_20261010_112003_373206_62090f0a,dqn,42,v1,sparse,184,2620,-10.0,0,35,0.7695009425071333,0.16453497022656458,1621,True,False,True,1.0767199999536388
baseline_dqn_statev1_sparse_seed42_20261010_112003_373206_62090f0a,dqn,42,v1,sparse,185,2636,-10.0,0,16,0.7682706639694725,0.09335103468038142,1637,True,False,True,1.082516124995891
baseline_dqn_statev1_sparse_seed42_20261010_112003_373206_62090f0a,dqn,42,v1,sparse,186,2641,0.0,1,5,0.767886605456872,0.1989655839279294,1642,True,False,True,1.084275291999802
baseline_dqn_statev1_sparse_seed42_20261010_112003_373206_62090f0a,dqn,42,v1,sparse,187,2662,-10.0,0,21,0.7662756551264543,0.09404743254362118,1663,True,False,True,1.0917430419940501
baseline_dqn_statev1_sparse_seed42_20261010_112003_373206_62090f0a,dqn,42,v1,sparse,188,2669,-10.0,0,7,0.7657394230589364,0.08624756036858473,1670,True,False,True,1.0942028749850579
baseline_dqn_statev1_sparse_seed42_20261010_112003_373206_62090f0a,dqn,42,v1,sparse,189,2679,10.0,2,10,0.7649740281267453,0.16397120673209428,1680,True,False,True,1.09779712499585
baseline_dqn_statev1_sparse_seed42_20261010_112003_373206_62090f0a,dqn,42,v1,sparse,190,2692,-10.0,0,13,0.7639801583511947,0.10242482933860558,1693,True,False,True,1.1023492089589126
baseline_dqn_statev1_sparse_seed42_20261010_112003_373206_62090f0a,dqn,42,v1,sparse,191,2712,-10.0,0,20,0.7624536487262261,0.10403409979771823,1713,True,False,True,1.1096201670006849
baseline_dqn_statev1_sparse_seed42_20261010_112003_373206_62090f0a,dqn,42,v1,sparse,192,2751,0.0,1,39,0.7594857223159339,0.1066512436283609,1752,True,False,True,1.1239219169947319
baseline_dqn_statev1_sparse_seed42_20261010_112003_373206_62090f0a,dqn,42,v1,sparse,193,2754,-10.0,0,3,0.7592578993830513,0.19559316569939256,1755,True,False,True,1.1250437919516116
baseline_dqn_statev1_sparse_seed42_20261010_112003_373206_62090f0a,dqn,42,v1,sparse,194,2776,10.0,2,22,0.7575892847214543,0.09042859124019742,1777,True,False,True,1.1329144169576466
baseline_dqn_statev1_sparse_seed42_20261010_112003_373206_62090f0a,dqn,42,v1,sparse,195,2790,0.0,1,14,0.7565293488534068,0.18763055805382983,1791,True,False,True,1.1378558749565855
baseline_dqn_statev1_sparse_seed42_20261010_112003_373206_62090f0a,dqn,42,v1,sparse,196,2853,-10.0,0,63,0.7517779589762875,0.12384170526638627,1854,True,False,True,1.1603585419943556
baseline_dqn_statev1_sparse_seed42_20261010_112003_373206_62090f0a,dqn,42,v1,sparse,197,2870,0.0,1,17,0.7505009583530222,0.14139852911124334,1871,True,False,True,1.1665065419510938
baseline_dqn_statev1_sparse_seed42_20261010_112003_373206_62090f0a,dqn,42,v1,sparse,198,2890,10.0,2,20,0.7490013815329295,0.1188434824696742,1891,True,False,True,1.1737068339716643
baseline_dqn_statev1_sparse_seed42_20261010_112003_373206_62090f0a,dqn,42,v1,sparse,199,2902,-10.0,0,12,0.7481030740512588,0.1505185670296972,1903,True,False,True,1.1778849169495516
baseline_dqn_statev1_sparse_seed42_20261010_112003_373206_62090f0a,dqn,42,v1,sparse,200,2911,-10.0,0,9,0.7474300505388882,0.11973600803563993,1912,True,False,True,1.1810969999642111
baseline_dqn_statev1_sparse_seed42_20261010_112003_373206_62090f0a,dqn,42,v1,sparse,201,2930,0.0,1,19,0.7460112108242809,0.15498513997973581,1931,True,False,True,1.1895814589806832
baseline_dqn_statev1_sparse_seed42_20261010_112003_373206_62090f0a,dqn,42,v1,sparse,202,3002,20.0,3,72,0.7406589537374308,0.14945424922754885,2003,True,False,True,1.215695833961945
baseline_dqn_statev1_sparse_seed42_20261010_112003_373206_62090f0a,dqn,42,v1,sparse,203,3037,-10.0,0,35,0.7380710494763875,0.1450336136456047,2038,True,False,True,1.2280917089665309
baseline_dqn_statev1_sparse_seed42_20261010_112003_373206_62090f0a,dqn,42,v1,sparse,204,3045,-10.0,0,8,0.7374807992553735,0.10294188215630129,2046,True,False,True,1.2310437089763582
baseline_dqn_statev1_sparse_seed42_20261010_112003_373206_62090f0a,dqn,42,v1,sparse,205,3055,-10.0,0,10,0.7367436502339956,0.11023599649779499,2056,True,False,True,1.2346391669707373
baseline_dqn_statev1_sparse_seed42_20261010_112003_373206_62090f0a,dqn,42,v1,sparse,206,3063,-10.0,0,8,0.736154461560778,0.1347093255026266,2064,True,False,True,1.237471749947872
baseline_dqn_statev1_sparse_seed42_20261010_112003_373206_62090f0a,dqn,42,v1,sparse,207,3083,-10.0,0,20,0.7346835504922743,0.1459348561707884,2084,True,False,True,1.2446882919757627
baseline_dqn_statev1_sparse_seed42_20261010_112003_373206_62090f0a,dqn,42,v1,sparse,208,3121,0.0,1,38,0.7318969116333933,0.13044164963311664,2122,True,False,True,1.2587140419636853
baseline_dqn_statev1_sparse_seed42_20261010_112003_373206_62090f0a,dqn,42,v1,sparse,209,3145,0.0,1,24,0.7301423776003675,0.1412639080081135,2146,True,False,True,1.2720455839880742
baseline_dqn_statev1_sparse_seed42_20261010_112003_373206_62090f0a,dqn,42,v1,sparse,210,3150,10.0,2,5,0.729777379418504,0.07255034316331148,2151,True,False,True,1.2742428749916144
baseline_dqn_statev1_sparse_seed42_20261010_112003_373206_62090f0a,dqn,42,v1,sparse,211,3190,-10.0,0,40,0.7268639549608542,0.1725303416722454,2191,True,False,True,1.291642874944955
baseline_dqn_statev1_sparse_seed42_20261010_112003_373206_62090f0a,dqn,42,v1,sparse,212,3207,-10.0,0,17,0.725629274278305,0.09759270613465239,2208,True,False,True,1.3028119999798946
baseline_dqn_statev1_sparse_seed42_20261010_112003_373206_62090f0a,dqn,42,v1,sparse,213,3226,-10.0,0,19,0.7242518187803821,0.11141536754899119,2227,True,False,True,1.310074333974626
baseline_dqn_statev1_sparse_seed42_20261010_112003_373206_62090f0a,dqn,42,v1,sparse,214,3250,-10.0,0,24,0.7225156118852127,0.13165669121857113,2251,True,False,True,1.3188584589515813
baseline_dqn_statev1_sparse_seed42_20261010_112003_373206_62090f0a,dqn,42,v1,sparse,215,3251,-10.0,0,1,0.7224433603240242,0.1483752429485321,2252,True,False,True,1.319267458980903
baseline_dqn_statev1_sparse_seed42_20261010_112003_373206_62090f0a,dqn,42,v1,sparse,216,3252,-10.0,0,1,0.7223711159879919,0.1556476652622223,2253,True,False,True,1.3196397089632228
baseline_dqn_statev1_sparse_seed42_20261010_112003_373206_62090f0a,dqn,42,v1,sparse,217,3255,-10.0,0,3,0.7221544263236067,0.2423878808816274,2256,True,False,True,1.3206992089981213
baseline_dqn_statev1_sparse_seed42_20261010_112003_373206_62090f0a,dqn,42,v1,sparse,218,3256,-10.0,0,1,0.7220822108809744,0.31608903408050537,2257,True,False,True,1.3210709169507027
baseline_dqn_statev1_sparse_seed42_20261010_112003_373206_62090f0a,dqn,42,v1,sparse,219,3327,0.0,1,71,0.7169733297261175,0.12949840437201127,2328,True,False,True,1.347215249959845
baseline_dqn_statev1_sparse_seed42_20261010_112003_373206_62090f0a,dqn,42,v1,sparse,220,3337,-10.0,0,10,0.7162566789483681,0.15364952636882662,2338,True,False,True,1.350842333980836
baseline_dqn_statev1_sparse_seed42_20261010_112003_373206_62090f0a,dqn,42,v1,sparse,221,3373,-10.0,0,36,0.7136826622113753,0.1446798171253047,2374,True,False,True,1.3643698749947362
baseline_dqn_statev1_sparse_seed42_20261010_112003_373206_62090f0a,dqn,42,v1,sparse,222,3381,0.0,1,8,0.7131119158727903,0.2013227721909061,2382,True,False,True,1.3672939169919118
baseline_dqn_statev1_sparse_seed42_20261010_112003_373206_62090f0a,dqn,42,v1,sparse,223,3390,-10.0,0,9,0.7124703718089022,0.13504364144884878,2391,True,False,True,1.3705142499529757
baseline_dqn_statev1_sparse_seed42_20261010_112003_373206_62090f0a,dqn,42,v1,sparse,224,3472,20.0,3,82,0.7066517129291625,0.16922631132893445,2473,True,False,True,1.4005617089569569
baseline_dqn_statev1_sparse_seed42_20261010_112003_373206_62090f0a,dqn,42,v1,sparse,225,3494,-10.0,0,22,0.7050987104384484,0.13739771853116425,2495,True,False,True,1.4084499169839546
baseline_dqn_statev1_sparse_seed42_20261010_112003_373206_62090f0a,dqn,42,v1,sparse,226,3579,20.0,3,85,0.6991304739236215,0.12433015838922823,2580,True,False,True,1.4377185839693993
baseline_dqn_statev1_sparse_seed42_20261010_112003_373206_62090f0a,dqn,42,v1,sparse,227,3601,10.0,2,22,0.6975940007962347,0.14033040425486185,2602,True,False,True,1.4457197089795955
baseline_dqn_statev1_sparse_seed42_20261010_112003_373206_62090f0a,dqn,42,v1,sparse,228,3619,-10.0,0,18,0.6963393983445997,0.22189097701468402,2620,True,False,True,1.4520512919989415
baseline_dqn_statev1_sparse_seed42_20261010_112003_373206_62090f0a,dqn,42,v1,sparse,229,3629,-10.0,0,10,0.6956433722154385,0.18875211887061596,2630,True,False,True,1.4556245839921758
baseline_dqn_statev1_sparse_seed42_20261010_112003_373206_62090f0a,dqn,42,v1,sparse,230,3658,10.0,2,29,0.6936288282078754,0.15695073690008501,2659,True,False,True,1.4664218749967404
baseline_dqn_statev1_sparse_seed42_20261010_112003_373206_62090f0a,dqn,42,v1,sparse,231,3693,-10.0,0,35,0.6912052498645053,0.159363971597382,2694,True,False,True,1.4794808749575168
baseline_dqn_statev1_sparse_seed42_20261010_112003_373206_62090f0a,dqn,42,v1,sparse,232,3695,-10.0,0,2,0.6910670157265849,0.2904096320271492,2696,True,False,True,1.4809403749532066
baseline_dqn_statev1_sparse_seed42_20261010_112003_373206_62090f0a,dqn,42,v1,sparse,233,3701,0.0,1,6,0.690652479163381,0.12890182373424372,2702,True,False,True,1.4836989589966834
baseline_dqn_statev1_sparse_seed42_20261010_112003_373206_62090f0a,dqn,42,v1,sparse,234,3709,-10.0,0,8,0.6901001505240728,0.25551088177599013,2710,True,False,True,1.4872308749472722
baseline_dqn_statev1_sparse_seed42_20261010_112003_373206_62090f0a,dqn,42,v1,sparse,235,3715,-10.0,0,6,0.68968619393498,0.20635860382268825,2716,True,False,True,1.4898166669881903
baseline_dqn_statev1_sparse_seed42_20261010_112003_373206_62090f0a,dqn,42,v1,sparse,236,3724,-10.0,0,9,0.6890657245895434,0.23970759111560053,2725,True,False,True,1.4932300839573145
baseline_dqn_statev1_sparse_seed42_20261010_112003_373206_62090f0a,dqn,42,v1,sparse,237,3727,-10.0,0,3,0.6888590255434492,0.21052372579773268,2728,True,False,True,1.4943159169633873
baseline_dqn_statev1_sparse_seed42_20261010_112003_373206_62090f0a,dqn,42,v1,sparse,238,3745,-10.0,0,18,0.6876201326898821,0.15285052788547343,2746,True,False,True,1.5022409169469029
baseline_dqn_statev1_sparse_seed42_20261010_112003_373206_62090f0a,dqn,42,v1,sparse,239,3746,-10.0,0,1,0.6875513706766131,0.2774209976196289,2747,True,False,True,1.5026389999547973
baseline_dqn_statev1_sparse_seed42_20261010_112003_373206_62090f0a,dqn,42,v1,sparse,240,3765,10.0,2,19,0.6862461981192007,0.16399493161588907,2766,True,False,True,1.5097134589450434
baseline_dqn_statev1_sparse_seed42_20261010_112003_373206_62090f0a,dqn,42,v1,sparse,241,3785,0.0,1,20,0.6848750088087511,0.15718442180659623,2786,True,False,True,1.5178138339542784
baseline_dqn_statev1_sparse_seed42_20261010_112003_373206_62090f0a,dqn,42,v1,sparse,242,3788,-10.0,0,3,0.6846695668516738,0.10826725450654824,2789,True,False,True,1.5189809589646757
baseline_dqn_statev1_sparse_seed42_20261010_112003_373206_62090f0a,dqn,42,v1,sparse,243,3789,-10.0,0,1,0.6846010998949886,0.14988702535629272,2790,True,False,True,1.5193674999754876
baseline_dqn_statev1_sparse_seed42_20261010_112003_373206_62090f0a,dqn,42,v1,sparse,244,3798,-10.0,0,9,0.6839852053039812,0.13949653495930964,2799,True,False,True,1.5227449169615284
baseline_dqn_statev1_sparse_seed42_20261010_112003_373206_62090f0a,dqn,42,v1,sparse,245,3803,-10.0,0,5,0.6836432810930102,0.17933157980442047,2804,True,False,True,1.5246014589793049
baseline_dqn_statev1_sparse_seed42_20261010_112003_373206_62090f0a,dqn,42,v1,sparse,246,3808,-10.0,0,5,0.6833015278099557,0.12298611104488373,2809,True,False,True,1.5264022919582203
baseline_dqn_statev1_sparse_seed42_20261010_112003_373206_62090f0a,dqn,42,v1,sparse,247,3818,-10.0,0,10,0.6826185336858515,0.16735689626075329,2819,True,False,True,1.5305469999439083
baseline_dqn_statev1_sparse_seed42_20261010_112003_373206_62090f0a,dqn,42,v1,sparse,248,3853,0.0,1,35,0.6802334259340604,0.1963362905862076,2854,True,False,True,1.5439809589879587
baseline_dqn_statev1_sparse_seed42_20261010_112003_373206_62090f0a,dqn,42,v1,sparse,249,3894,0.0,1,41,0.677450039557419,0.17120081817776692,2895,True,False,True,1.5598214589990675
baseline_dqn_statev1_sparse_seed42_20261010_112003_373206_62090f0a,dqn,42,v1,sparse,250,3930,0.0,1,36,0.6750154825172562,0.18070745972606042,2931,True,False,True,1.5730841249460354
baseline_dqn_statev1_sparse_seed42_20261010_112003_373206_62090f0a,dqn,42,v1,sparse,251,3931,-10.0,0,1,0.6749479809690044,0.012816124595701694,2932,True,False,True,1.5734903749544173
baseline_dqn_statev1_sparse_seed42_20261010_112003_373206_62090f0a,dqn,42,v1,sparse,252,3954,0.0,1,23,0.6733973070364322,0.1387349987483543,2955,True,False,True,1.581963749951683
baseline_dqn_statev1_sparse_seed42_20261010_112003_373206_62090f0a,dqn,42,v1,sparse,253,3962,-10.0,0,8,0.6728587777043438,0.09835373860551044,2963,True,False,True,1.5849140840000473
baseline_dqn_statev1_sparse_seed42_20261010_112003_373206_62090f0a,dqn,42,v1,sparse,254,3979,0.0,1,17,0.6717158324128003,0.1597403187633437,2980,True,False,True,1.5911597089725547
baseline_dqn_statev1_sparse_seed42_20261010_112003_373206_62090f0a,dqn,42,v1,sparse,255,4075,10.0,2,96,0.6652978949115693,0.15036389895734223,3076,True,False,True,1.6277487499755807
baseline_dqn_statev1_sparse_seed42_20261010_112003_373206_62090f0a,dqn,42,v1,sparse,256,4080,-10.0,0,5,0.6649653124872504,0.2604097455739975,3081,True,False,True,1.6297160419635475
baseline_dqn_statev1_sparse_seed42_20261010_112003_373206_62090f0a,dqn,42,v1,sparse,257,4081,-10.0,0,1,0.6648988159560018,0.01229324284940958,3082,True,False,True,1.6301014999626204
baseline_dqn_statev1_sparse_seed42_20261010_112003_373206_62090f0a,dqn,42,v1,sparse,258,4106,0.0,1,25,0.6632385620841333,0.17253708228468895,3107,True,False,True,1.6390686669619754
baseline_dqn_statev1_sparse_seed42_20261010_112003_373206_62090f0a,dqn,42,v1,sparse,259,4122,0.0,1,16,0.6621781758997802,0.17835100466618314,3123,True,False,True,1.6448104169685394
baseline_dqn_statev1_sparse_seed42_20261010_112003_373206_62090f0a,dqn,42,v1,sparse,260,4140,-10.0,0,18,0.6609872677756349,0.15055160710795057,3141,True,False,True,1.6512664999463595
baseline_dqn_statev1_sparse_seed42_20261010_112003_373206_62090f0a,dqn,42,v1,sparse,261,4182,0.0,1,42,0.6582168047706122,0.15226702296751596,3183,True,False,True,1.6668694589752704
baseline_dqn_statev1_sparse_seed42_20261010_112003_373206_62090f0a,dqn,42,v1,sparse,262,4216,0.0,1,34,0.6559825562949485,0.17751622868373113,3217,True,False,True,1.6793306669569574
baseline_dqn_statev1_sparse_seed42_20261010_112003_373206_62090f0a,dqn,42,v1,sparse,263,4219,-10.0,0,3,0.6557857812068808,0.1946167896191279,3220,True,False,True,1.6804752499447204
baseline_dqn_statev1_sparse_seed42_20261010_112003_373206_62090f0a,dqn,42,v1,sparse,264,4222,-10.0,0,3,0.6555890651454364,0.14463822512576976,3223,True,False,True,1.6815637089894153
baseline_dqn_statev1_sparse_seed42_20261010_112003_373206_62090f0a,dqn,42,v1,sparse,265,4226,-10.0,0,4,0.6553268688520998,0.08726439322344959,3227,True,False,True,1.6830226669553667
baseline_dqn_statev1_sparse_seed42_20261010_112003_373206_62090f0a,dqn,42,v1,sparse,266,4253,10.0,2,27,0.6535597845878273,0.15409929388099247,3254,True,False,True,1.6929971669451334
baseline_dqn_statev1_sparse_seed42_20261010_112003_373206_62090f0a,dqn,42,v1,sparse,267,4293,10.0,2,40,0.6509506367645937,0.1465531370602548,3294,True,False,True,1.7077459589927457
baseline_dqn_statev1_sparse_seed42_20261010_112003_373206_62090f0a,dqn,42,v1,sparse,268,4301,-10.0,0,8,0.6504300584849119,0.15109157375991344,3302,True,False,True,1.7106745419441722
baseline_dqn_statev1_sparse_seed42_20261010_112003_373206_62090f0a,dqn,42,v1,sparse,269,4320,-10.0,0,19,0.6491953529791762,0.13281928929255196,3321,True,False,True,1.717609041952528
baseline_dqn_statev1_sparse_seed42_20261010_112003_373206_62090f0a,dqn,42,v1,sparse,270,4330,-10.0,0,10,0.6485464496862162,0.09735812973231077,3331,True,False,True,1.7212370419874787
baseline_dqn_statev1_sparse_seed42_20261010_112003_373206_62090f0a,dqn,42,v1,sparse,271,4331,-10.0,0,1,0.6484815950412476,0.2671526372432709,3332,True,False,True,1.7216403749771416
baseline_dqn_statev1_sparse_seed42_20261010_112003_373206_62090f0a,dqn,42,v1,sparse,272,4338,0.0,1,7,0.6480277940831591,0.20798143105847494,3339,True,False,True,1.7242135839769617
baseline_dqn_statev1_sparse_seed42_20261010_112003_373206_62090f0a,dqn,42,v1,sparse,273,4349,-10.0,0,11,0.6473153198180512,0.1811963849785653,3350,True,False,True,1.7284987089806236
baseline_dqn_statev1_sparse_seed42_20261010_112003_373206_62090f0a,dqn,42,v1,sparse,274,4354,-10.0,0,5,0.6469917268832013,0.2086083322763443,3355,True,False,True,1.7303895419463515
baseline_dqn_statev1_sparse_seed42_20261010_112003_373206_62090f0a,dqn,42,v1,sparse,275,4356,-10.0,0,2,0.6468623350077418,0.15179516188800335,3357,True,False,True,1.7311531249433756
baseline_dqn_statev1_sparse_seed42_20261010_112003_373206_62090f0a,dqn,42,v1,sparse,276,4360,-10.0,0,4,0.6466036288828914,0.1868960028514266,3361,True,False,True,1.7326213339692913
baseline_dqn_statev1_sparse_seed42_20261010_112003_373206_62090f0a,dqn,42,v1,sparse,277,4378,0.0,1,18,0.6454407311270237,0.1672690787559582,3379,True,False,True,1.739263333962299
baseline_dqn_statev1_sparse_seed42_20261010_112003_373206_62090f0a,dqn,42,v1,sparse,278,4387,-10.0,0,9,0.6448600667734637,0.15313719544145796,3388,True,False,True,1.7425277499714866
baseline_dqn_statev1_sparse_seed42_20261010_112003_373206_62090f0a,dqn,42,v1,sparse,279,4408,0.0,1,21,0.6435072139821019,0.19774995646661236,3409,True,False,True,1.7501222089631483
baseline_dqn_statev1_sparse_seed42_20261010_112003_373206_62090f0a,dqn,42,v1,sparse,280,4442,0.0,1,34,0.641322895682269,0.1484960275976097,3443,True,False,True,1.7621258749859408
baseline_dqn_statev1_sparse_seed42_20261010_112003_373206_62090f0a,dqn,42,v1,sparse,281,4450,-10.0,0,8,0.6408100169002243,0.14194565534126014,3451,True,False,True,1.7649971249629743
baseline_dqn_statev1_sparse_seed42_20261010_112003_373206_62090f0a,dqn,42,v1,sparse,282,4500,0.0,1,50,0.6376138041932984,0.16865611791610718,3501,True,False,True,1.7834843749878928
baseline_dqn_statev1_sparse_seed42_20261010_112003_373206_62090f0a,dqn,42,v1,sparse,283,4525,0.0,1,25,0.6360216810585224,0.17250083819031714,3526,True,False,True,1.7926090419641696
baseline_dqn_statev1_sparse_seed42_20261010_112003_373206_62090f0a,dqn,42,v1,sparse,284,4549,-10.0,0,24,0.6344969831571895,0.14682226294341186,3550,True,False,True,1.801796416984871
baseline_dqn_statev1_sparse_seed42_20261010_112003_373206_62090f0a,dqn,42,v1,sparse,285,4572,-10.0,0,23,0.6330392442501628,0.14786645689088365,3573,True,False,True,1.810775666963309
baseline_dqn_statev1_sparse_seed42_20261010_112003_373206_62090f0a,dqn,42,v1,sparse,286,4579,-10.0,0,7,0.6325962496952748,0.0954214661781277,3580,True,False,True,1.8139675419661216
baseline_dqn_statev1_sparse_seed42_20261010_112003_373206_62090f0a,dqn,42,v1,sparse,287,4580,-10.0,0,1,0.6325329900703053,0.2879412770271301,3581,True,False,True,1.8143714589532465
baseline_dqn_statev1_sparse_seed42_20261010_112003_373206_62090f0a,dqn,42,v1,sparse,288,4581,-10.0,0,1,0.6324697367712983,0.15510991215705872,3582,True,False,True,1.814758249965962
baseline_dqn_statev1_sparse_seed42_20261010_112003_373206_62090f0a,dqn,42,v1,sparse,289,4597,-10.0,0,16,0.6314585438020803,0.18843039131024852,3598,True,False,True,1.8211117499740794
baseline_dqn_statev1_sparse_seed42_20261010_112003_373206_62090f0a,dqn,42,v1,sparse,290,4621,10.0,2,24,0.6299447848451347,0.21154606532460699,3622,True,False,True,1.83098466694355
baseline_dqn_statev1_sparse_seed42_20261010_112003_373206_62090f0a,dqn,42,v1,sparse,291,4647,0.0,1,26,0.6283089740881731,0.22849760698870972,3648,True,False,True,1.8411093749455176
baseline_dqn_statev1_sparse_seed42_20261010_112003_373206_62090f0a,dqn,42,v1,sparse,292,4679,-10.0,0,32,0.6263014986694483,0.19382410496473312,3680,True,False,True,1.855146124958992
baseline_dqn_statev1_sparse_seed42_20261010_112003_373206_62090f0a,dqn,42,v1,sparse,293,4682,-10.0,0,3,0.6261136270082661,0.1543890374402205,3683,True,False,True,1.8563256249763072
baseline_dqn_statev1_sparse_seed42_20261010_112003_373206_62090f0a,dqn,42,v1,sparse,294,4698,0.0,1,16,0.6251125961908958,0.19371046120068058,3699,True,False,True,1.8626154999947175
baseline_dqn_statev1_sparse_seed42_20261010_112003_373206_62090f0a,dqn,42,v1,sparse,295,4714,-10.0,0,16,0.6241131658221566,0.16901773563586175,3715,True,False,True,1.8685951249790378
baseline_dqn_statev1_sparse_seed42_20261010_112003_373206_62090f0a,dqn,42,v1,sparse,296,4721,-10.0,0,7,0.6236764176480042,0.13589083523090398,3722,True,False,True,1.8711409169482067
baseline_dqn_statev1_sparse_seed42_20261010_112003_373206_62090f0a,dqn,42,v1,sparse,297,4726,-10.0,0,5,0.6233646418005856,0.12875006515532733,3727,True,False,True,1.8729529589763843
baseline_dqn_statev1_sparse_seed42_20261010_112003_373206_62090f0a,dqn,42,v1,sparse,298,4791,10.0,2,65,0.6193257104270168,0.16928847296020158,3792,True,False,True,1.8964792499900796
baseline_dqn_statev1_sparse_seed42_20261010_112003_373206_62090f0a,dqn,42,v1,sparse,299,4803,0.0,1,12,0.6185829281932524,0.16544816627477607,3804,True,False,True,1.9010384999564849
baseline_dqn_statev1_sparse_seed42_20261010_112003_373206_62090f0a,dqn,42,v1,sparse,300,4805,-10.0,0,2,0.618459217793443,0.22478447062894702,3806,True,False,True,1.9017862499458715
baseline_dqn_statev1_sparse_seed42_20261010_112003_373206_62090f0a,dqn,42,v1,sparse,301,4840,0.0,1,35,0.6162982863189327,0.16085524106664317,3841,True,False,True,1.9165422089863569
baseline_dqn_statev1_sparse_seed42_20261010_112003_373206_62090f0a,dqn,42,v1,sparse,302,4875,0.0,1,35,0.6141449052611729,0.17468756714037487,3876,True,False,True,1.9299210839672014
baseline_dqn_statev1_sparse_seed42_20261010_112003_373206_62090f0a,dqn,42,v1,sparse,303,4916,10.0,2,41,0.6116319405972557,0.17090918859694063,3917,True,False,True,1.9451334589975886
baseline_dqn_statev1_sparse_seed42_20261010_112003_373206_62090f0a,dqn,42,v1,sparse,304,4923,-10.0,0,7,0.6112039266601402,0.13804360758513212,3924,True,False,True,1.9476907089701854
baseline_dqn_statev1_sparse_seed42_20261010_112003_373206_62090f0a,dqn,42,v1,sparse,305,4950,-10.0,0,27,0.6095558195972414,0.1399873780362584,3951,True,False,True,1.9575694169616327
baseline_dqn_statev1_sparse_seed42_20261010_112003_373206_62090f0a,dqn,42,v1,sparse,306,4977,20.0,3,27,0.6079121566433743,0.1837481812539476,3978,True,False,True,1.967477666970808
baseline_dqn_statev1_sparse_seed42_20261010_112003_373206_62090f0a,dqn,42,v1,sparse,307,5019,0.0,1,42,0.6053641527371083,0.2047086050290437,4020,True,False,True,1.982717374979984
baseline_dqn_statev1_sparse_seed42_20261010_112003_373206_62090f0a,dqn,42,v1,sparse,308,5032,-10.0,0,13,0.6045776513494981,0.21083972617410696,4033,True,False,True,1.9876261669560336
baseline_dqn_statev1_sparse_seed42_20261010_112003_373206_62090f0a,dqn,42,v1,sparse,309,5042,-10.0,0,10,0.6039733456855552,0.2634912410750985,4043,True,False,True,1.9913420419907197
baseline_dqn_statev1_sparse_seed42_20261010_112003_373206_62090f0a,dqn,42,v1,sparse,310,5060,-10.0,0,18,0.6028871172498828,0.2019111195889612,4061,True,False,True,1.9980417089536786
baseline_dqn_statev1_sparse_seed42_20261010_112003_373206_62090f0a,dqn,42,v1,sparse,311,5096,0.0,1,36,0.600720517515557,0.152715949057084,4097,True,False,True,2.011426208948251
baseline_dqn_statev1_sparse_seed42_20261010_112003_373206_62090f0a,dqn,42,v1,sparse,312,5136,0.0,1,40,0.598322315135899,0.17866511871106922,4137,True,False,True,2.02623679197859
baseline_dqn_statev1_sparse_seed42_20261010_112003_373206_62090f0a,dqn,42,v1,sparse,313,5141,-10.0,0,5,0.5980232138045796,0.2674968957901001,4142,True,False,True,2.02805854199687
baseline_dqn_statev1_sparse_seed42_20261010_112003_373206_62090f0a,dqn,42,v1,sparse,314,5186,0.0,1,45,0.5953380212952294,0.1870928312962254,4187,True,False,True,2.044520333991386
baseline_dqn_statev1_sparse_seed42_20261010_112003_373206_62090f0a,dqn,42,v1,sparse,315,5253,30.0,4,67,0.5913623910021086,0.1619182375690608,4254,True,False,True,2.0699558339547366
baseline_dqn_statev1_sparse_seed42_20261010_112003_373206_62090f0a,dqn,42,v1,sparse,316,5309,0.0,1,56,0.5880598522224504,0.14480564776541932,4310,True,False,True,2.090667208947707
baseline_dqn_statev1_sparse_seed42_20261010_112003_373206_62090f0a,dqn,42,v1,sparse,317,5311,-10.0,0,2,0.5879422461326045,0.22222648561000824,4312,True,False,True,2.0914372089901008
baseline_dqn_statev1_sparse_seed42_20261010_112003_373206_62090f0a,dqn,42,v1,sparse,318,5350,10.0,2,39,0.58565362265636,0.24092465734634644,4351,True,False,True,2.106062791950535
baseline_dqn_statev1_sparse_seed42_20261010_112003_373206_62090f0a,dqn,42,v1,sparse,319,5399,30.0,4,49,0.5827907964142618,0.20217851532281053,4400,True,False,True,2.1243417089572176
baseline_dqn_statev1_sparse_seed42_20261010_112003_373206_62090f0a,dqn,42,v1,sparse,320,5416,0.0,1,17,0.5818008442596816,0.19801295230932095,4417,True,False,True,2.130787291971501
baseline_dqn_statev1_sparse_seed42_20261010_112003_373206_62090f0a,dqn,42,v1,sparse,321,5498,10.0,2,82,0.5770493475201097,0.21502591390162706,4499,True,False,True,2.161727249971591
baseline_dqn_statev1_sparse_seed42_20261010_112003_373206_62090f0a,dqn,42,v1,sparse,322,5501,0.0,1,3,0.576876250026757,0.3760231037934621,4502,True,False,True,2.1629064999870025
baseline_dqn_statev1_sparse_seed42_20261010_112003_373206_62090f0a,dqn,42,v1,sparse,323,5507,0.0,1,6,0.5765302107966417,0.2665533597270648,4508,True,False,True,2.1653799589839764
baseline_dqn_statev1_sparse_seed42_20261010_112003_373206_62090f0a,dqn,42,v1,sparse,324,5606,20.0,3,99,0.5708504389787102,0.2045041040395095,4607,True,False,True,2.2018189589725807
baseline_dqn_statev1_sparse_seed42_20261010_112003_373206_62090f0a,dqn,42,v1,sparse,325,5667,0.0,1,61,0.5673786773488227,0.16068786686500075,4668,True,False,True,2.2241545419674367
baseline_dqn_statev1_sparse_seed42_20261010_112003_373206_62090f0a,dqn,42,v1,sparse,326,5696,20.0,3,29,0.5657355806700871,0.2632721945771883,4697,True,False,True,2.2346153749967925
baseline_dqn_statev1_sparse_seed42_20261010_112003_373206_62090f0a,dqn,42,v1,sparse,327,5706,0.0,1,10,0.565170099602552,0.23497560769319534,4707,True,False,True,2.238269624998793
baseline_dqn_statev1_sparse_seed42_20261010_112003_373206_62090f0a,dqn,42,v1,sparse,328,5809,20.0,3,103,0.5593784362604647,0.21970687196273536,4810,True,False,True,2.2762700419989415
baseline_dqn_statev1_sparse_seed42_20261010_112003_373206_62090f0a,dqn,42,v1,sparse,329,5814,-10.0,0,5,0.5590988029745846,0.17956329733133317,4815,True,False,True,2.2781741669750772
baseline_dqn_statev1_sparse_seed42_20261010_112003_373206_62090f0a,dqn,42,v1,sparse,330,5821,-10.0,0,7,0.5587075512036846,0.2903905880770513,4822,True,False,True,2.2808006669511087
baseline_dqn_statev1_sparse_seed42_20261010_112003_373206_62090f0a,dqn,42,v1,sparse,331,5849,10.0,2,28,0.5571452801456757,0.20022436304550087,4850,True,False,True,2.2911685839644633
baseline_dqn_statev1_sparse_seed42_20261010_112003_373206_62090f0a,dqn,42,v1,sparse,332,5854,-10.0,0,5,0.5568667632145597,0.2160982120782137,4855,True,False,True,2.293060666997917
baseline_dqn_statev1_sparse_seed42_20261010_112003_373206_62090f0a,dqn,42,v1,sparse,333,5915,10.0,2,61,0.5534800466081109,0.20012340487026778,4916,True,False,True,2.315850958984811
baseline_dqn_statev1_sparse_seed42_20261010_112003_373206_62090f0a,dqn,42,v1,sparse,334,5928,0.0,1,13,0.5527609541037009,0.21342297206417873,4929,True,False,True,2.320729583967477
baseline_dqn_statev1_sparse_seed42_20261010_112003_373206_62090f0a,dqn,42,v1,sparse,335,5939,0.0,1,11,0.5521532209815244,0.2676811514591629,4940,True,False,True,2.324916333949659
baseline_dqn_statev1_sparse_seed42_20261010_112003_373206_62090f0a,dqn,42,v1,sparse,336,5948,-10.0,0,9,0.5516564818114268,0.24423079937696457,4949,True,False,True,2.3282660839613527
baseline_dqn_statev1_sparse_seed42_20261010_112003_373206_62090f0a,dqn,42,v1,sparse,337,5975,0.0,1,27,0.5501689440121597,0.24173930121792686,4976,True,False,True,2.338204874948133
baseline_dqn_statev1_sparse_seed42_20261010_112003_373206_62090f0a,dqn,42,v1,sparse,338,5982,0.0,1,7,0.5497839412675753,0.2518766426614353,4983,True,False,True,2.3408012919826433
baseline_dqn_statev1_sparse_seed42_20261010_112003_373206_62090f0a,dqn,42,v1,sparse,339,6042,0.0,1,60,0.5464949500089036,0.23369091044490536,5043,True,False,True,2.3626119169639423
baseline_dqn_statev1_sparse_seed42_20261010_112003_373206_62090f0a,dqn,42,v1,sparse,340,6054,0.0,1,12,0.5458395166353581,0.2560360062246521,5055,True,False,True,2.3671493339934386
baseline_dqn_statev1_sparse_seed42_20261010_112003_373206_62090f0a,dqn,42,v1,sparse,341,6097,20.0,3,43,0.5434973289151867,0.2196733084355676,5098,True,False,True,2.3839078749879263
baseline_dqn_statev1_sparse_seed42_20261010_112003_373206_62090f0a,dqn,42,v1,sparse,342,6132,0.0,1,35,0.541598318518745,0.19940820136772736,5133,True,False,True,2.3973930419888347
baseline_dqn_statev1_sparse_seed42_20261010_112003_373206_62090f0a,dqn,42,v1,sparse,343,6157,0.0,1,25,0.5402459462724127,0.203601581081748,5158,True,False,True,2.4066654589842074
baseline_dqn_statev1_sparse_seed42_20261010_112003_373206_62090f0a,dqn,42,v1,sparse,344,6159,-10.0,0,2,0.5401379024856178,0.3617284595966339,5160,True,False,True,2.407419041963294
baseline_dqn_statev1_sparse_seed42_20261010_112003_373206_62090f0a,dqn,42,v1,sparse,345,6180,10.0,2,21,0.5390047464619331,0.20924323588787092,5181,True,False,True,2.415233666950371
baseline_dqn_statev1_sparse_seed42_20261010_112003_373206_62090f0a,dqn,42,v1,sparse,346,6199,-10.0,0,19,0.5379815586196854,0.23650001420786507,5200,True,False,True,2.422319291974418
baseline_dqn_statev1_sparse_seed42_20261010_112003_373206_62090f0a,dqn,42,v1,sparse,347,6215,0.0,1,16,0.5371214334025926,0.2392008932074532,5216,True,False,True,2.4283502499456517
baseline_dqn_statev1_sparse_seed42_20261010_112003_373206_62090f0a,dqn,42,v1,sparse,348,6273,20.0,3,58,0.5340149911554969,0.21228004433214664,5274,True,False,True,2.4499196249525994
baseline_dqn_statev1_sparse_seed42_20261010_112003_373206_62090f0a,dqn,42,v1,sparse,349,6296,0.0,1,23,0.5327881067884992,0.2218262678741113,5297,True,False,True,2.4584172919858247
baseline_dqn_statev1_sparse_seed42_20261010_112003_373206_62090f0a,dqn,42,v1,sparse,350,6324,10.0,2,28,0.5312983122842115,0.2467075244390539,5325,True,False,True,2.4686102499836124
baseline_dqn_statev1_sparse_seed42_20261010_112003_373206_62090f0a,dqn,42,v1,sparse,351,6337,-10.0,0,13,0.5306080387390125,0.17468610090705064,5338,True,False,True,2.473595208954066
baseline_dqn_statev1_sparse_seed42_20261010_112003_373206_62090f0a,dqn,42,v1,sparse,352,6341,-10.0,0,4,0.5303958273578768,0.1866262834519148,5342,True,False,True,2.475125999946613
baseline_dqn_statev1_sparse_seed42_20261010_112003_373206_62090f0a,dqn,42,v1,sparse,353,6351,-10.0,0,10,0.529865670145005,0.2039567194879055,5352,True,False,True,2.4787669999641366
baseline_dqn_statev1_sparse_seed42_20261010_112003_373206_62090f0a,dqn,42,v1,sparse,354,6363,-10.0,0,12,0.5292301809356291,0.21966330412154397,5364,True,False,True,2.483248749980703
baseline_dqn_statev1_sparse_seed42_20261010_112003_373206_62090f0a,dqn,42,v1,sparse,355,6392,0.0,1,29,0.5276975601528999,0.26821354288479377,5393,True,False,True,2.4938235419685952
baseline_dqn_statev1_sparse_seed42_20261010_112003_373206_62090f0a,dqn,42,v1,sparse,356,6402,-10.0,0,10,0.5271700999933366,0.15494767650961877,5403,True,False,True,2.497652833990287
baseline_dqn_statev1_sparse_seed42_20261010_112003_373206_62090f0a,dqn,42,v1,sparse,357,6403,-10.0,0,1,0.5271173829833373,0.3082989752292633,5404,True,False,True,2.498035416996572
baseline_dqn_statev1_sparse_seed42_20261010_112003_373206_62090f0a,dqn,42,v1,sparse,358,6414,-10.0,0,11,0.5265378436896593,0.2183085453103889,5415,True,False,True,2.5020559589611366
baseline_dqn_statev1_sparse_seed42_20261010_112003_373206_62090f0a,dqn,42,v1,sparse,359,6430,10.0,2,16,0.5256960146904028,0.24856072338297963,5431,True,False,True,2.507975958986208
baseline_dqn_statev1_sparse_seed42_20261010_112003_373206_62090f0a,dqn,42,v1,sparse,360,6452,10.0,2,22,0.5245406970066905,0.21520369618453764,5453,True,False,True,2.5163594170007855
baseline_dqn_statev1_sparse_seed42_20261010_112003_373206_62090f0a,dqn,42,v1,sparse,361,6474,10.0,2,22,0.5233879183548769,0.18841804343868385,5475,True,False,True,2.524708249955438
baseline_dqn_statev1_sparse_seed42_20261010_112003_373206_62090f0a,dqn,42,v1,sparse,362,6480,-10.0,0,6,0.5230739641015847,0.24014360457658768,5481,True,False,True,2.527033958991524
baseline_dqn_statev1_sparse_seed42_20261010_112003_373206_62090f0a,dqn,42,v1,sparse,363,6504,-10.0,0,24,0.5218200292137358,0.23008865281008184,5505,True,False,True,2.536001959000714
baseline_dqn_statev1_sparse_seed42_20261010_112003_373206_62090f0a,dqn,42,v1,sparse,364,6517,-10.0,0,13,0.5211420700461776,0.19520237354131845,5518,True,False,True,2.5407893339870498
baseline_dqn_statev1_sparse_seed42_20261010_112003_373206_62090f0a,dqn,42,v1,sparse,365,6518,-10.0,0,1,0.5210899558391731,0.15265296399593353,5519,True,False,True,2.541168708994519
baseline_dqn_statev1_sparse_seed42_20261010_112003_373206_62090f0a,dqn,42,v1,sparse,366,6551,10.0,2,33,0.5193731074989351,0.29007615403018217,5552,True,False,True,2.553293749981094
baseline_dqn_statev1_sparse_seed42_20261010_112003_373206_62090f0a,dqn,42,v1,sparse,367,6653,30.0,4,102,0.5141021657551306,0.2386788566341149,5654,True,False,True,2.5910042919567786
baseline_dqn_statev1_sparse_seed42_20261010_112003_373206_62090f0a,dqn,42,v1,sparse,368,6658,-10.0,0,5,0.5138451660773288,0.19902193248271943,5659,True,False,True,2.5928424999583513
baseline_dqn_statev1_sparse_seed42_20261010_112003_373206_62090f0a,dqn,42,v1,sparse,369,6679,0.0,1,21,0.5127671696203088,0.21981801181322053,5680,True,False,True,2.60055370896589
baseline_dqn_statev1_sparse_seed42_20261010_112003_373206_62090f0a,dqn,42,v1,sparse,370,6729,10.0,2,50,0.5102096051315967,0.2244973891042173,5730,True,False,True,2.6189324999577366
baseline_dqn_statev1_sparse_seed42_20261010_112003_373206_62090f0a,dqn,42,v1,sparse,371,6770,10.0,2,41,0.5081219240356483,0.22021747394124183,5771,True,False,True,2.6342867089551874
baseline_dqn_statev1_sparse_seed42_20261010_112003_373206_62090f0a,dqn,42,v1,sparse,372,6793,-10.0,0,23,0.5069545282594002,0.22047114299367304,5794,True,False,True,2.6427805419662036
baseline_dqn_statev1_sparse_seed42_20261010_112003_373206_62090f0a,dqn,42,v1,sparse,373,6813,10.0,2,20,0.5059415818388027,0.23790055261924864,5814,True,False,True,2.650274541985709
baseline_dqn_statev1_sparse_seed42_20261010_112003_373206_62090f0a,dqn,42,v1,sparse,374,6826,-10.0,0,13,0.505284252272183,0.27940083696291995,5827,True,False,True,2.6550253339810297
baseline_dqn_statev1_sparse_seed42_20261010_112003_373206_62090f0a,dqn,42,v1,sparse,375,6834,-10.0,0,8,0.5048801663216635,0.22247435944154859,5835,True,False,True,2.658037749992218
baseline_dqn_statev1_sparse_seed42_20261010_112003_373206_62090f0a,dqn,42,v1,sparse,376,6883,30.0,4,49,0.502412181606219,0.2511977110704293,5884,True,False,True,2.676164041971788
baseline_dqn_statev1_sparse_seed42_20261010_112003_373206_62090f0a,dqn,42,v1,sparse,377,6904,10.0,2,21,0.5013581704225198,0.3255330482941298,5905,True,False,True,2.68390195898246
baseline_dqn_statev1_sparse_seed42_20261010_112003_373206_62090f0a,dqn,42,v1,sparse,378,6924,10.0,2,20,0.500356406090893,0.2568117581307888,5925,True,False,True,2.691410958999768
baseline_dqn_statev1_sparse_seed42_20261010_112003_373206_62090f0a,dqn,42,v1,sparse,379,6978,30.0,4,54,0.4976616292031414,0.2575375244228376,5979,True,False,True,2.7112333339755423
baseline_dqn_statev1_sparse_seed42_20261010_112003_373206_62090f0a,dqn,42,v1,sparse,380,6979,-10.0,0,1,0.4976118630402211,0.5415821671485901,5980,True,False,True,2.711613208986819
baseline_dqn_statev1_sparse_seed42_20261010_112003_373206_62090f0a,dqn,42,v1,sparse,381,6996,0.0,1,17,0.49676659928692884,0.26382376089253845,5997,True,False,True,2.717971124977339
baseline_dqn_statev1_sparse_seed42_20261010_112003_373206_62090f0a,dqn,42,v1,sparse,382,7027,0.0,1,31,0.4952289305624225,0.29233687713501916,6028,True,False,True,2.7295690839528106
baseline_dqn_statev1_sparse_seed42_20261010_112003_373206_62090f0a,dqn,42,v1,sparse,383,7037,-10.0,0,10,0.49473392442546177,0.27838511392474174,6038,True,False,True,2.7335694169742055
baseline_dqn_statev1_sparse_seed42_20261010_112003_373206_62090f0a,dqn,42,v1,sparse,384,7062,-10.0,0,25,0.493498572678909,0.23603614985942842,6063,True,False,True,2.7430239589884877
baseline_dqn_statev1_sparse_seed42_20261010_112003_373206_62090f0a,dqn,42,v1,sparse,385,7096,30.0,4,34,0.4918234431079856,0.2700990917270674,6097,True,False,True,2.7562268339679576
baseline_dqn_statev1_sparse_seed42_20261010_112003_373206_62090f0a,dqn,42,v1,sparse,386,7141,10.0,2,45,0.4896150996944341,0.27289721477362844,6142,True,False,True,2.77282854198711
baseline_dqn_statev1_sparse_seed42_20261010_112003_373206_62090f0a,dqn,42,v1,sparse,387,7168,-10.0,0,27,0.48829485604299383,0.27504894841048455,6169,True,False,True,2.782694666995667
baseline_dqn_statev1_sparse_seed42_20261010_112003_373206_62090f0a,dqn,42,v1,sparse,388,7199,20.0,3,31,0.4867834103669916,0.28083522743996114,6200,True,False,True,2.793944541946985
baseline_dqn_statev1_sparse_seed42_20261010_112003_373206_62090f0a,dqn,42,v1,sparse,389,7232,-10.0,0,33,0.48517959267528793,0.2887350186479814,6233,True,False,True,2.8059200839488767
baseline_dqn_statev1_sparse_seed42_20261010_112003_373206_62090f0a,dqn,42,v1,sparse,390,7241,0.0,1,9,0.4847431056657845,0.30170464018980664,6242,True,False,True,2.8092020839685574
baseline_dqn_statev1_sparse_seed42_20261010_112003_373206_62090f0a,dqn,42,v1,sparse,391,7281,0.0,1,40,0.4828079094545109,0.2787333715707064,6282,True,False,True,2.823624791984912
baseline_dqn_statev1_sparse_seed42_20261010_112003_373206_62090f0a,dqn,42,v1,sparse,392,7310,10.0,2,29,0.48140972495417156,0.279332610296792,6311,True,False,True,2.83516704197973
baseline_dqn_statev1_sparse_seed42_20261010_112003_373206_62090f0a,dqn,42,v1,sparse,393,7355,10.0,2,45,0.479248140324118,0.2646387454536226,6356,True,False,True,2.8522747499519028
baseline_dqn_statev1_sparse_seed42_20261010_112003_373206_62090f0a,dqn,42,v1,sparse,394,7374,-10.0,0,19,0.47833838790761646,0.23773637110073315,6375,True,False,True,2.8593227089731954
baseline_dqn_statev1_sparse_seed42_20261010_112003_373206_62090f0a,dqn,42,v1,sparse,395,7380,-10.0,0,6,0.478051456616064,0.36151033639907837,6381,True,False,True,2.861488124995958
baseline_dqn_statev1_sparse_seed42_20261010_112003_373206_62090f0a,dqn,42,v1,sparse,396,7401,-10.0,0,21,0.4770485518297069,0.2588841659682138,6402,True,False,True,2.8691373339970596
baseline_dqn_statev1_sparse_seed42_20261010_112003_373206_62090f0a,dqn,42,v1,sparse,397,7428,10.0,2,27,0.4757621937856535,0.3617727223921705,6429,True,False,True,2.87927483394742
baseline_dqn_statev1_sparse_seed42_20261010_112003_373206_62090f0a,dqn,42,v1,sparse,398,7458,30.0,4,30,0.4743369748395483,0.2852398107449214,6459,True,False,True,2.8905224169720896
baseline_dqn_statev1_sparse_seed42_20261010_112003_373206_62090f0a,dqn,42,v1,sparse,399,7483,20.0,3,25,0.4731525543229988,0.2711855749040842,6484,True,False,True,2.8998996669542976
baseline_dqn_statev1_sparse_seed42_20261010_112003_373206_62090f0a,dqn,42,v1,sparse,400,7495,-10.0,0,12,0.472585083434427,0.33291109651327133,6496,True,False,True,2.904386791982688
baseline_dqn_statev1_sparse_seed42_20261010_112003_373206_62090f0a,dqn,42,v1,sparse,401,7514,-10.0,0,19,0.4716879794386426,0.26588806784466695,6515,True,False,True,2.915292083984241
baseline_dqn_statev1_sparse_seed42_20261010_112003_373206_62090f0a,dqn,42,v1,sparse,402,7552,10.0,2,38,0.46989887710759115,0.32018715868655007,6553,True,False,True,2.9295263339881785
baseline_dqn_statev1_sparse_seed42_20261010_112003_373206_62090f0a,dqn,42,v1,sparse,403,7572,10.0,2,20,0.4689599716257855,0.2489973039366305,6573,True,False,True,2.937273791991174
baseline_dqn_statev1_sparse_seed42_20261010_112003_373206_62090f0a,dqn,42,v1,sparse,404,7588,-10.0,0,16,0.46821019816061804,0.26082024071365595,6589,True,False,True,2.9433482919703238
baseline_dqn_statev1_sparse_seed42_20261010_112003_373206_62090f0a,dqn,42,v1,sparse,405,7591,-10.0,0,3,0.4680697491470076,0.20629609376192093,6592,True,False,True,2.9445143749471754
baseline_dqn_statev1_sparse_seed42_20261010_112003_373206_62090f0a,dqn,42,v1,sparse,406,7640,20.0,3,49,0.46578170326262885,0.2526382976876838,6641,True,False,True,2.963099833985325
baseline_dqn_statev1_sparse_seed42_20261010_112003_373206_62090f0a,dqn,42,v1,sparse,407,7686,10.0,2,46,0.4636439212052779,0.2575842477786152,6687,True,False,True,2.9800034999498166
baseline_dqn_statev1_sparse_seed42_20261010_112003_373206_62090f0a,dqn,42,v1,sparse,408,7687,-10.0,0,1,0.4635975568131574,0.17118176817893982,6688,True,False,True,2.9803803749964572
baseline_dqn_statev1_sparse_seed42_20261010_112003_373206_62090f0a,dqn,42,v1,sparse,409,7706,0.0,1,19,0.46271751375798825,0.23319738005336962,6707,True,False,True,2.9872919999761507
baseline_dqn_statev1_sparse_seed42_20261010_112003_373206_62090f0a,dqn,42,v1,sparse,410,7729,20.0,3,23,0.46165443333259176,0.28368403527723707,6730,True,False,True,2.9957502499455586
baseline_dqn_statev1_sparse_seed42_20261010_112003_373206_62090f0a,dqn,42,v1,sparse,411,7736,-10.0,0,7,0.46133137216053366,0.17762696689793042,6737,True,False,True,2.998382749967277
baseline_dqn_statev1_sparse_seed42_20261010_112003_373206_62090f0a,dqn,42,v1,sparse,412,7778,10.0,2,42,0.4593977471696494,0.2442864521983124,6779,True,False,True,3.0146502089919522
baseline_dqn_statev1_sparse_seed42_20261010_112003_373206_62090f0a,dqn,42,v1,sparse,413,7802,-10.0,0,24,0.4582964595848915,0.3222322054207325,6803,True,False,True,3.023827208962757
baseline_dqn_statev1_sparse_seed42_20261010_112003_373206_62090f0a,dqn,42,v1,sparse,414,7824,0.0,1,22,0.457289265333185,0.25091239412061195,6825,True,False,True,3.0321759169455618
baseline_dqn_statev1_sparse_seed42_20261010_112003_373206_62090f0a,dqn,42,v1,sparse,415,7833,-10.0,0,9,0.45687786958011406,0.2603294948736827,6834,True,False,True,3.035620708949864
baseline_dqn_statev1_sparse_seed42_20261010_112003_373206_62090f0a,dqn,42,v1,sparse,416,7868,10.0,2,35,0.45528151247203297,0.22929493513490473,6869,True,False,True,3.0488323339959607
baseline_dqn_statev1_sparse_seed42_20261010_112003_373206_62090f0a,dqn,42,v1,sparse,417,7881,10.0,2,13,0.4546900014952211,0.3477871297643735,6882,True,False,True,3.0538086669985205
baseline_dqn_statev1_sparse_seed42_20261010_112003_373206_62090f0a,dqn,42,v1,sparse,418,7911,20.0,3,30,0.4533279075474462,0.28270812053233385,6912,True,False,True,3.0650948749971576
baseline_dqn_statev1_sparse_seed42_20261010_112003_373206_62090f0a,dqn,42,v1,sparse,419,7916,0.0,1,5,0.45310128892193013,0.3815420925617218,6917,True,False,True,3.0669550839811563
baseline_dqn_statev1_sparse_seed42_20261010_112003_373206_62090f0a,dqn,42,v1,sparse,420,7960,40.0,5,44,0.45111192359413965,0.3066415506499735,6961,True,False,True,3.083291916991584
baseline_dqn_statev1_sparse_seed42_20261010_112003_373206_62090f0a,dqn,42,v1,sparse,421,7994,20.0,3,34,0.44958067109444816,0.23677078053793488,6995,True,False,True,3.0959901669993997
baseline_dqn_statev1_sparse_seed42_20261010_112003_373206_62090f0a,dqn,42,v1,sparse,422,8009,10.0,2,15,0.44890677194301337,0.3676646828651428,7010,True,False,True,3.1017524589551613
baseline_dqn_statev1_sparse_seed42_20261010_112003_373206_62090f0a,dqn,42,v1,sparse,423,8051,10.0,2,42,0.4470252234397302,0.35203514496485394,7052,True,False,True,3.117539541970473
baseline_dqn_statev1_sparse_seed42_20261010_112003_373206_62090f0a,dqn,42,v1,sparse,424,8066,0.0,1,15,0.4463551547777198,0.2997940344115098,7067,True,False,True,3.1230427919654176
baseline_dqn_statev1_sparse_seed42_20261010_112003_373206_62090f0a,dqn,42,v1,sparse,425,8071,-10.0,0,5,0.4461320218313831,0.40952215492725375,7072,True,False,True,3.1248697499977425
baseline_dqn_statev1_sparse_seed42_20261010_112003_373206_62090f0a,dqn,42,v1,sparse,426,8090,30.0,4,19,0.4452851334435318,0.3403641540361078,7091,True,False,True,3.1319271669490263
baseline_dqn_statev1_sparse_seed42_20261010_112003_373206_62090f0a,dqn,42,v1,sparse,427,8121,0.0,1,31,0.44390681810557125,0.31558533439472797,7122,True,False,True,3.1433132919482887
baseline_dqn_statev1_sparse_seed42_20261010_112003_373206_62090f0a,dqn,42,v1,sparse,428,8123,-10.0,0,2,0.4438180411810183,0.09702753648161888,7124,True,False,True,3.1441057499614544
baseline_dqn_statev1_sparse_seed42_20261010_112003_373206_62090f0a,dqn,42,v1,sparse,429,8126,-10.0,0,3,0.4436849090827614,0.34909411271413165,7127,True,False,True,3.145213083946146
baseline_dqn_statev1_sparse_seed42_20261010_112003_373206_62090f0a,dqn,42,v1,sparse,430,8143,0.0,1,17,0.44293124784719706,0.28538011102115407,7144,True,False,True,3.151497083948925
baseline_dqn_statev1_sparse_seed42_20261010_112003_373206_62090f0a,dqn,42,v1,sparse,431,8147,-10.0,0,4,0.4427541019221614,0.38347897306084633,7148,True,False,True,3.1530174169456586
baseline_dqn_statev1_sparse_seed42_20261010_112003_373206_62090f0a,dqn,42,v1,sparse,432,8196,20.0,3,49,0.44058980546305254,0.31425237298315883,7197,True,False,True,3.171657499973662
baseline_dqn_statev1_sparse_seed42_20261010_112003_373206_62090f0a,dqn,42,v1,sparse,433,8215,0.0,1,19,0.43975343781447934,0.2934433021827748,7216,True,False,True,3.178906916989945
baseline_dqn_statev1_sparse_seed42_20261010_112003_373206_62090f0a,dqn,42,v1,sparse,434,8284,40.0,5,69,0.43672943270673664,0.33392350626704487,7285,True,False,True,3.2045642089797184
baseline_dqn_statev1_sparse_seed42_20261010_112003_373206_62090f0a,dqn,42,v1,sparse,435,8323,0.0,1,39,0.43502942009659634,0.30097862715140367,7324,True,False,True,3.2188303339644335
baseline_dqn_statev1_sparse_seed42_20261010_112003_373206_62090f0a,dqn,42,v1,sparse,436,8352,20.0,3,29,0.4337695994091972,0.3030210827188245,7353,True,False,True,3.2295005419873632
baseline_dqn_statev1_sparse_seed42_20261010_112003_373206_62090f0a,dqn,42,v1,sparse,437,8370,0.0,1,18,0.43298947744392463,0.25264009543591076,7371,True,False,True,3.2359667919809
baseline_dqn_statev1_sparse_seed42_20261010_112003_373206_62090f0a,dqn,42,v1,sparse,438,8378,-10.0,0,8,0.4326432070747788,0.3681448921561241,7379,True,False,True,3.238899666990619
baseline_dqn_statev1_sparse_seed42_20261010_112003_373206_62090f0a,dqn,42,v1,sparse,439,8418,20.0,3,40,0.43091600459293133,0.2952587611041963,7419,True,False,True,3.253525041975081
baseline_dqn_statev1_sparse_seed42_20261010_112003_373206_62090f0a,dqn,42,v1,sparse,440,8434,0.0,1,16,0.4302270558435537,0.2887453327421099,7435,True,False,True,3.2593243749579415
baseline_dqn_statev1_sparse_seed42_20261010_112003_373206_62090f0a,dqn,42,v1,sparse,441,8490,40.0,5,56,0.4278243979173815,0.3466107544622251,7491,True,False,True,3.2806403339491226
baseline_dqn_statev1_sparse_seed42_20261010_112003_373206_62090f0a,dqn,42,v1,sparse,442,8494,-10.0,0,4,0.42765329382596723,0.5199259296059608,7495,True,False,True,3.2821423749555834
baseline_dqn_statev1_sparse_seed42_20261010_112003_373206_62090f0a,dqn,42,v1,sparse,443,8534,10.0,2,40,0.42594601212504646,0.37731421533972026,7535,True,False,True,3.296892124984879
baseline_dqn_statev1_sparse_seed42_20261010_112003_373206_62090f0a,dqn,42,v1,sparse,444,8593,20.0,3,59,0.4234402047620621,0.34620521760593026,7594,True,False,True,3.318342166952789
baseline_dqn_statev1_sparse_seed42_20261010_112003_373206_62090f0a,dqn,42,v1,sparse,445,8599,-10.0,0,6,0.4231862041467675,0.23189717965821424,7600,True,False,True,3.3205476669827476
baseline_dqn_statev1_sparse_seed42_20261010_112003_373206_62090f0a,dqn,42,v1,sparse,446,8610,-10.0,0,11,0.42272093200480676,0.3536000282249667,7611,True,False,True,3.324425041966606
baseline_dqn_statev1_sparse_seed42_20261010_112003_373206_62090f0a,dqn,42,v1,sparse,447,8630,0.0,1,20,0.421876292828871,0.3292800625786185,7631,True,False,True,3.3317191249807365
baseline_dqn_statev1_sparse_seed42_20261010_112003_373206_62090f0a,dqn,42,v1,sparse,448,8652,0.0,1,22,0.4209491388695031,0.26702622629024764,7653,True,False,True,3.3397532089729793
baseline_dqn_statev1_sparse_seed42_20261010_112003_373206_62090f0a,dqn,42,v1,sparse,449,8674,0.0,1,22,0.42002402250854737,0.2989642938429659,7675,True,False,True,3.3478658339590766
baseline_dqn_statev1_sparse_seed42_20261010_112003_373206_62090f0a,dqn,42,v1,sparse,450,8700,10.0,2,26,0.4189333240366638,0.3261300752369257,7701,True,False,True,3.357337249966804
baseline_dqn_statev1_sparse_seed42_20261010_112003_373206_62090f0a,dqn,42,v1,sparse,451,8760,10.0,2,60,0.41642712489678685,0.29922170645246904,7761,True,False,True,3.3796466669882648
baseline_dqn_statev1_sparse_seed42_20261010_112003_373206_62090f0a,dqn,42,v1,sparse,452,8784,10.0,2,24,0.41542884829349325,0.350016496454676,7785,True,False,True,3.388574874959886
baseline_dqn_statev1_sparse_seed42_20261010_112003_373206_62090f0a,dqn,42,v1,sparse,453,8786,-10.0,0,2,0.41534576667812306,0.30260470882058144,7787,True,False,True,3.3893732089782134
baseline_dqn_statev1_sparse_seed42_20261010_112003_373206_62090f0a,dqn,42,v1,sparse,454,8806,0.0,1,20,0.4145158638284305,0.29278534799814226,7807,True,False,True,3.3966799999470823
baseline_dqn_statev1_sparse_seed42_20261010_112003_373206_62090f0a,dqn,42,v1,sparse,455,8843,30.0,4,37,0.41298491258986597,0.30165101698524244,7844,True,False,True,3.4104917089571245
baseline_dqn_statev1_sparse_seed42_20261010_112003_373206_62090f0a,dqn,42,v1,sparse,456,8897,30.0,4,54,0.41076069364534995,0.3283408585659884,7898,True,False,True,3.430691208981443
baseline_dqn_statev1_sparse_seed42_20261010_112003_373206_62090f0a,dqn,42,v1,sparse,457,8910,10.0,2,13,0.41022702501950387,0.37447321988069093,7911,True,False,True,3.435516249970533
baseline_dqn_statev1_sparse_seed42_20261010_112003_373206_62090f0a,dqn,42,v1,sparse,458,8942,10.0,2,32,0.4089163312322341,0.3925810093060136,7943,True,False,True,3.4472509999759495
baseline_dqn_statev1_sparse_seed42_20261010_112003_373206_62090f0a,dqn,42,v1,sparse,459,8944,-10.0,0,2,0.40883455205515096,0.5632755160331726,7945,True,False,True,3.4479802919668145
baseline_dqn_statev1_sparse_seed42_20261010_112003_373206_62090f0a,dqn,42,v1,sparse,460,8975,10.0,2,31,0.40756906418802163,0.33637944092192956,7976,True,False,True,3.459754333947785
baseline_dqn_statev1_sparse_seed42_20261010_112003_373206_62090f0a,dqn,42,v1,sparse,461,8987,-10.0,0,12,0.4070802502169334,0.3596991151571274,7988,True,False,True,3.4642316669924185
baseline_dqn_statev1_sparse_seed42_20261010_112003_373206_62090f0a,dqn,42,v1,sparse,462,8993,-10.0,0,6,0.4068360631206998,0.2798905000090599,7994,True,False,True,3.466588333947584
baseline_dqn_statev1_sparse_seed42_20261010_112003_373206_62090f0a,dqn,42,v1,sparse,463,9008,0.0,1,15,0.40622623601883023,0.4324655810991923,8009,True,False,True,3.4723133749794215
baseline_dqn_statev1_sparse_seed42_20261010_112003_373206_62090f0a,dqn,42,v1,sparse,464,9055,10.0,2,47,0.40432135743543407,0.2895195896321155,8056,True,False,True,3.48961991694523
baseline_dqn_statev1_sparse_seed42_20261010_112003_373206_62090f0a,dqn,42,v1,sparse,465,9073,10.0,2,18,0.4035941972739247,0.29693429523872006,8074,True,False,True,3.4963546249782667
baseline_dqn_statev1_sparse_seed42_20261010_112003_373206_62090f0a,dqn,42,v1,sparse,466,9084,-10.0,0,11,0.40315046556715217,0.2797512337565422,8085,True,False,True,3.50046624999959
baseline_dqn_statev1_sparse_seed42_20261010_112003_373206_62090f0a,dqn,42,v1,sparse,467,9127,40.0,5,43,0.4014205540436092,0.3855778182488541,8128,True,False,True,3.516207124979701
baseline_dqn_statev1_sparse_seed42_20261010_112003_373206_62090f0a,dqn,42,v1,sparse,468,9155,10.0,2,28,0.4002980925477493,0.33677758489336285,8156,True,False,True,3.5264796249684878
baseline_dqn_statev1_sparse_seed42_20261010_112003_373206_62090f0a,dqn,42,v1,sparse,469,9187,10.0,2,32,0.3990191221460958,0.2873193249106407,8188,True,False,True,3.538053416996263
baseline_dqn_statev1_sparse_seed42_20261010_112003_373206_62090f0a,dqn,42,v1,sparse,470,9203,-10.0,0,16,0.39838117015023067,0.3127115012612194,8204,True,False,True,3.5439686669851653
baseline_dqn_statev1_sparse_seed42_20261010_112003_373206_62090f0a,dqn,42,v1,sparse,471,9204,-10.0,0,1,0.39834133203321564,0.2643550932407379,8205,True,False,True,3.5443778749904595
baseline_dqn_statev1_sparse_seed42_20261010_112003_373206_62090f0a,dqn,42,v1,sparse,472,9206,-10.0,0,2,0.39826166775022237,0.5668341517448425,8207,True,False,True,3.5451292919460684
baseline_dqn_statev1_sparse_seed42_20261010_112003_373206_62090f0a,dqn,42,v1,sparse,473,9211,-10.0,0,5,0.3980625767385317,0.3433860599994659,8212,True,False,True,3.547008166962769
baseline_dqn_statev1_sparse_seed42_20261010_112003_373206_62090f0a,dqn,42,v1,sparse,474,9279,30.0,4,68,0.39536479916528006,0.30767255512011404,8280,True,False,True,3.572232541977428
baseline_dqn_statev1_sparse_seed42_20261010_112003_373206_62090f0a,dqn,42,v1,sparse,475,9302,20.0,3,23,0.3944564597003008,0.25334850358574285,8303,True,False,True,3.580580708978232
baseline_dqn_statev1_sparse_seed42_20261010_112003_373206_62090f0a,dqn,42,v1,sparse,476,9311,-10.0,0,9,0.39410159085776664,0.38201498571369386,8312,True,False,True,3.5838601669529453
baseline_dqn_statev1_sparse_seed42_20261010_112003_373206_62090f0a,dqn,42,v1,sparse,477,9363,40.0,5,52,0.3920574796734153,0.34375351208906907,8364,True,False,True,3.602714208944235
baseline_dqn_statev1_sparse_seed42_20261010_112003_373206_62090f0a,dqn,42,v1,sparse,478,9371,0.0,1,8,0.39174394344381847,0.3326290054246783,8372,True,False,True,3.60573424998438
baseline_dqn_statev1_sparse_seed42_20261010_112003_373206_62090f0a,dqn,42,v1,sparse,479,9383,-10.0,0,12,0.3912741091765244,0.28343177897234756,8384,True,False,True,3.610170499945525
baseline_dqn_statev1_sparse_seed42_20261010_112003_373206_62090f0a,dqn,42,v1,sparse,480,9404,10.0,2,21,0.3904532547027225,0.3780342159526689,8405,True,False,True,3.617911708948668
baseline_dqn_statev1_sparse_seed42_20261010_112003_373206_62090f0a,dqn,42,v1,sparse,481,9416,0.0,1,12,0.3899849684103469,0.3797051211198171,8417,True,False,True,3.6224390839925036
baseline_dqn_statev1_sparse_seed42_20261010_112003_373206_62090f0a,dqn,42,v1,sparse,482,9476,20.0,3,60,0.38765194800753605,0.33300463246802486,8477,True,False,True,3.6452435839455575
baseline_dqn_statev1_sparse_seed42_20261010_112003_373206_62090f0a,dqn,42,v1,sparse,483,9484,-10.0,0,8,0.3873419349699697,0.23116908874362707,8485,True,False,True,3.648582791967783
baseline_dqn_statev1_sparse_seed42_20261010_112003_373206_62090f0a,dqn,42,v1,sparse,484,9500,10.0,2,16,0.3867226524674988,0.34200621070340276,8501,True,False,True,3.654716541990638
baseline_dqn_statev1_sparse_seed42_20261010_112003_373206_62090f0a,dqn,42,v1,sparse,485,9504,-10.0,0,4,0.38656798660832414,0.22630688175559044,8505,True,False,True,3.6562587919761427
baseline_dqn_statev1_sparse_seed42_20261010_112003_373206_62090f0a,dqn,42,v1,sparse,486,9538,20.0,3,34,0.3852558217888296,0.28432929198093276,8539,True,False,True,3.6691264169639908
baseline_dqn_statev1_sparse_seed42_20261010_112003_373206_62090f0a,dqn,42,v1,sparse,487,9551,10.0,2,13,0.3847552896098896,0.3644532183041939,8552,True,False,True,3.6739953749929555
baseline_dqn_statev1_sparse_seed42_20261010_112003_373206_62090f0a,dqn,42,v1,sparse,488,9597,0.0,1,46,0.3829893916606196,0.40797394651757635,8598,True,False,True,3.6909759999834932
baseline_dqn_statev1_sparse_seed42_20261010_112003_373206_62090f0a,dqn,42,v1,sparse,489,9626,10.0,2,29,0.38188027596320007,0.3590141414054509,8627,True,False,True,3.701664958964102
baseline_dqn_statev1_sparse_seed42_20261010_112003_373206_62090f0a,dqn,42,v1,sparse,490,9635,-10.0,0,9,0.38153672115965953,0.4579169518417782,8636,True,False,True,3.704962041985709
baseline_dqn_statev1_sparse_seed42_20261010_112003_373206_62090f0a,dqn,42,v1,sparse,491,9680,10.0,2,45,0.37982357771965475,0.39457639190885757,8681,True,False,True,3.721558458986692
baseline_dqn_statev1_sparse_seed42_20261010_112003_373206_62090f0a,dqn,42,v1,sparse,492,9681,-10.0,0,1,0.3797855953618828,0.07018518447875977,8682,True,False,True,3.7219659999827854
baseline_dqn_statev1_sparse_seed42_20261010_112003_373206_62090f0a,dqn,42,v1,sparse,493,9712,20.0,3,31,0.3786100243133375,0.3032553486766354,8713,True,False,True,3.7335749169578776
baseline_dqn_statev1_sparse_seed42_20261010_112003_373206_62090f0a,dqn,42,v1,sparse,494,9729,0.0,1,17,0.37796690192427324,0.34072522249291926,8730,True,False,True,3.7397897919872776
baseline_dqn_statev1_sparse_seed42_20261010_112003_373206_62090f0a,dqn,42,v1,sparse,495,9764,10.0,2,35,0.3766462641987891,0.40948673358985355,8765,True,False,True,3.7526748339878395
baseline_dqn_statev1_sparse_seed42_20261010_112003_373206_62090f0a,dqn,42,v1,sparse,496,9848,50.0,6,84,0.3734955296524846,0.3477152479102924,8849,True,False,True,3.783373166981619
baseline_dqn_statev1_sparse_seed42_20261010_112003_373206_62090f0a,dqn,42,v1,sparse,497,9856,0.0,1,8,0.37319683778659773,0.41602395847439766,8857,True,False,True,3.7863449589931406
baseline_dqn_statev1_sparse_seed42_20261010_112003_373206_62090f0a,dqn,42,v1,sparse,498,9963,70.0,8,107,0.36922472173317417,0.37683831385084404,8964,True,False,True,3.825176541984547
baseline_dqn_statev1_sparse_seed42_20261010_112003_373206_62090f0a,dqn,42,v1,sparse,499,9969,-10.0,0,6,0.36900324227645864,0.388257476190726,8970,True,False,True,3.8273972919560038
baseline_dqn_statev1_sparse_seed42_20261010_112003_373206_62090f0a,dqn,42,v1,sparse,500,9980,-10.0,0,11,0.3685975416008645,0.4818947640332309,8981,True,False,True,3.831445124989841
baseline_dqn_statev1_sparse_seed42_20261010_112003_373206_62090f0a,dqn,42,v1,sparse,501,10023,20.0,3,43,0.36701589606346474,0.3842971009570499,9024,True,False,True,3.8489955839468166
baseline_dqn_statev1_sparse_seed42_20261010_112003_373206_62090f0a,dqn,42,v1,sparse,502,10044,20.0,3,21,0.3662459329272018,0.3512763771272841,9045,True,False,True,3.856735041947104
baseline_dqn_statev1_sparse_seed42_20261010_112003_373206_62090f0a,dqn,42,v1,sparse,503,10055,0.0,1,11,0.3658432637758265,0.3074825826016339,9056,True,False,True,3.860877624945715
baseline_dqn_statev1_sparse_seed42_20261010_112003_373206_62090f0a,dqn,42,v1,sparse,504,10056,-10.0,0,1,0.3658066794494489,0.06202702969312668,9057,True,False,True,3.861257749958895
baseline_dqn_statev1_sparse_seed42_20261010_112003_373206_62090f0a,dqn,42,v1,sparse,505,10069,-10.0,0,13,0.3653314159907801,0.39752269249696,9070,True,False,True,3.866122583975084
baseline_dqn_statev1_sparse_seed42_20261010_112003_373206_62090f0a,dqn,42,v1,sparse,506,10099,10.0,2,30,0.36423700945222265,0.36922958083450796,9100,True,False,True,3.877058916958049
baseline_dqn_statev1_sparse_seed42_20261010_112003_373206_62090f0a,dqn,42,v1,sparse,507,10135,30.0,4,36,0.36292804831284636,0.37698677213241655,9136,True,False,True,3.89033099997323
baseline_dqn_statev1_sparse_seed42_20261010_112003_373206_62090f0a,dqn,42,v1,sparse,508,10173,10.0,2,38,0.36155147005445326,0.3460425619820231,9174,True,False,True,3.904357124993112
baseline_dqn_statev1_sparse_seed42_20261010_112003_373206_62090f0a,dqn,42,v1,sparse,509,10213,30.0,4,40,0.36010808070687533,0.3467643608339131,9214,True,False,True,3.9188987089437433
baseline_dqn_statev1_sparse_seed42_20261010_112003_373206_62090f0a,dqn,42,v1,sparse,510,10235,10.0,2,22,0.3593166742246836,0.36814212426543236,9236,True,False,True,3.9271087919478305
baseline_dqn_statev1_sparse_seed42_20261010_112003_373206_62090f0a,dqn,42,v1,sparse,511,10257,10.0,2,22,0.3585270070098219,0.3707037185403434,9258,True,False,True,3.9354248339659534
baseline_dqn_statev1_sparse_seed42_20261010_112003_373206_62090f0a,dqn,42,v1,sparse,512,10320,50.0,6,63,0.3562752746819723,0.35396522460948854,9321,True,False,True,3.958872208953835
baseline_dqn_statev1_sparse_seed42_20261010_112003_373206_62090f0a,dqn,42,v1,sparse,513,10335,0.0,1,15,0.3557412356969311,0.2766651824116707,9336,True,False,True,3.9645666669821367
baseline_dqn_statev1_sparse_seed42_20261010_112003_373206_62090f0a,dqn,42,v1,sparse,514,10344,0.0,1,9,0.35542119662177096,0.46759868661562604,9345,True,False,True,3.968058874947019
baseline_dqn_statev1_sparse_seed42_20261010_112003_373206_62090f0a,dqn,42,v1,sparse,515,10362,0.0,1,18,0.35478198197236777,0.3764887336227629,9363,True,False,True,3.974861083959695
baseline_dqn_statev1_sparse_seed42_20261010_112003_373206_62090f0a,dqn,42,v1,sparse,516,10365,-10.0,0,3,0.3546755580208808,0.30426640808582306,9366,True,False,True,3.9759898749762215
baseline_dqn_statev1_sparse_seed42_20261010_112003_373206_62090f0a,dqn,42,v1,sparse,517,10371,-10.0,0,6,0.35446280588030904,0.35975052913029987,9372,True,False,True,3.9781673749675974
baseline_dqn_statev1_sparse_seed42_20261010_112003_373206_62090f0a,dqn,42,v1,sparse,518,10415,30.0,4,44,0.35290651806288204,0.3671206398443742,9416,True,False,True,3.9944479999830946
baseline_dqn_statev1_sparse_seed42_20261010_112003_373206_62090f0a,dqn,42,v1,sparse,519,10419,-10.0,0,4,0.3527653766286364,0.5304702669382095,9420,True,False,True,3.995996124984231
baseline_dqn_statev1_sparse_seed42_20261010_112003_373206_62090f0a,dqn,42,v1,sparse,520,10439,10.0,2,20,0.3520605157276131,0.36953918933868407,9440,True,False,True,4.003488874994218
baseline_dqn_statev1_sparse_seed42_20261010_112003_373206_62090f0a,dqn,42,v1,sparse,521,10442,-10.0,0,3,0.3519549081343582,0.39673882722854614,9443,True,False,True,4.0045932089560665
baseline_dqn_statev1_sparse_seed42_20261010_112003_373206_62090f0a,dqn,42,v1,sparse,522,10449,-10.0,0,7,0.35170861359687766,0.3749488890171051,9450,True,False,True,4.007117791974451
baseline_dqn_statev1_sparse_seed42_20261010_112003_373206_62090f0a,dqn,42,v1,sparse,523,10474,0.0,1,25,0.3508303963802412,0.3795853799581528,9475,True,False,True,4.0165615839650854
baseline_dqn_statev1_sparse_seed42_20261010_112003_373206_62090f0a,dqn,42,v1,sparse,524,10506,20.0,3,32,0.34970947749173276,0.38542867288924754,9507,True,False,True,4.029166499967687
baseline_dqn_statev1_sparse_seed42_20261010_112003_373206_62090f0a,dqn,42,v1,sparse,525,10511,-10.0,0,5,0.3495346577204377,0.43719457387924193,9512,True,False,True,4.031182041973807
baseline_dqn_statev1_sparse_seed42_20261010_112003_373206_62090f0a,dqn,42,v1,sparse,526,10555,40.0,5,44,0.3480000071998342,0.4086785926060243,9556,True,False,True,4.048202374950051
baseline_dqn_statev1_sparse_seed42_20261010_112003_373206_62090f0a,dqn,42,v1,sparse,527,10558,-10.0,0,3,0.34789561763732646,0.42510078350702923,9559,True,False,True,4.049362833960913
baseline_dqn_statev1_sparse_seed42_20261010_112003_373206_62090f0a,dqn,42,v1,sparse,528,10565,-10.0,0,7,0.347652163750885,0.29023570141621996,9566,True,False,True,4.0519364169449545
baseline_dqn_statev1_sparse_seed42_20261010_112003_373206_62090f0a,dqn,42,v1,sparse,529,10607,20.0,3,42,0.34619501396110286,0.41564056720762027,9608,True,False,True,4.067644041962922
baseline_dqn_statev1_sparse_seed42_20261010_112003_373206_62090f0a,dqn,42,v1,sparse,530,10625,10.0,2,18,0.34557239233195497,0.41716614613930386,9626,True,False,True,4.074250999954529
baseline_dqn_statev1_sparse_seed42_20261010_112003_373206_62090f0a,dqn,42,v1,sparse,531,10639,0.0,1,14,0.34508890532781356,0.3928651894841875,9640,True,False,True,4.079491458949633
baseline_dqn_statev1_sparse_seed42_20261010_112003_373206_62090f0a,dqn,42,v1,sparse,532,10649,0.0,1,10,0.3447439716710897,0.4619529038667679,9650,True,False,True,4.083402208983898
baseline_dqn_statev1_sparse_seed42_20261010_112003_373206_62090f0a,dqn,42,v1,sparse,533,10691,20.0,3,42,0.3432990112818624,0.3997464509946959,9692,True,False,True,4.099371541989967
baseline_dqn_statev1_sparse_seed42_20261010_112003_373206_62090f0a,dqn,42,v1,sparse,534,10709,10.0,2,18,0.34268159802901543,0.31463154115610653,9710,True,False,True,4.106052749964874
baseline_dqn_statev1_sparse_seed42_20261010_112003_373206_62090f0a,dqn,42,v1,sparse,535,10711,-10.0,0,2,0.34261306513622564,0.3874114975333214,9712,True,False,True,4.1067897089524195
baseline_dqn_statev1_sparse_seed42_20261010_112003_373206_62090f0a,dqn,42,v1,sparse,536,10782,60.0,7,71,0.3401890067596227,0.38076790170350544,9783,True,False,True,4.1331755419960245
baseline_dqn_statev1_sparse_seed42_20261010_112003_373206_62090f0a,dqn,42,v1,sparse,537,10800,10.0,2,18,0.33957718675914567,0.35923679918050766,9801,True,False,True,4.139863749966025
baseline_dqn_statev1_sparse_seed42_20261010_112003_373206_62090f0a,dqn,42,v1,sparse,538,10809,0.0,1,9,0.3392716895103295,0.461997808681594,9810,True,False,True,4.143205208994914
baseline_dqn_statev1_sparse_seed42_20261010_112003_373206_62090f0a,dqn,42,v1,sparse,539,10836,20.0,3,27,0.3383568458005073,0.34807624267759146,9837,True,False,True,4.153181083966047
baseline_dqn_statev1_sparse_seed42_20261010_112003_373206_62090f0a,dqn,42,v1,sparse,540,10849,10.0,2,13,0.33791724572256054,0.36358626215503764,9850,True,False,True,4.1580081669962965
baseline_dqn_statev1_sparse_seed42_20261010_112003_373206_62090f0a,dqn,42,v1,sparse,541,10908,50.0,6,59,0.33592930476688276,0.39491189460633164,9909,True,False,True,4.180676874995697
baseline_dqn_statev1_sparse_seed42_20261010_112003_373206_62090f0a,dqn,42,v1,sparse,542,10926,10.0,2,18,0.33532514571612315,0.46903187098602456,9927,True,False,True,4.18750399997225
baseline_dqn_statev1_sparse_seed42_20261010_112003_373206_62090f0a,dqn,42,v1,sparse,543,10991,50.0,6,65,0.3331524924076723,0.3685785456059071,9992,True,False,True,4.211625208961777
baseline_dqn_statev1_sparse_seed42_20261010_112003_373206_62090f0a,dqn,42,v1,sparse,544,11027,20.0,3,36,0.3319552399189595,0.48317892518308425,10028,True,False,True,4.225092791952193
baseline_dqn_statev1_sparse_seed42_20261010_112003_373206_62090f0a,dqn,42,v1,sparse,545,11064,20.0,3,37,0.33072921377605613,0.44057326562501287,10065,True,False,True,4.238844041945413
baseline_dqn_statev1_sparse_seed42_20261010_112003_373206_62090f0a,dqn,42,v1,sparse,546,11102,10.0,2,38,0.32947476500248796,0.3936000321256487,10103,True,False,True,4.252636833989527
baseline_dqn_statev1_sparse_seed42_20261010_112003_373206_62090f0a,dqn,42,v1,sparse,547,11115,10.0,2,13,0.3290467047040953,0.3804810998531488,10116,True,False,True,4.257478374987841
baseline_dqn_statev1_sparse_seed42_20261010_112003_373206_62090f0a,dqn,42,v1,sparse,548,11128,-10.0,0,13,0.32861920055032584,0.4518903402181772,10129,True,False,True,4.262221333978232
baseline_dqn_statev1_sparse_seed42_20261010_112003_373206_62090f0a,dqn,42,v1,sparse,549,11168,30.0,4,40,0.32730728373413237,0.4076362644322217,10169,True,False,True,4.2768559999531135
baseline_dqn_statev1_sparse_seed42_20261010_112003_373206_62090f0a,dqn,42,v1,sparse,550,11176,-10.0,0,8,0.32704552953485755,0.4812201075255871,10177,True,False,True,4.2798197499942034
baseline_dqn_statev1_sparse_seed42_20261010_112003_373206_62090f0a,dqn,42,v1,sparse,551,11202,0.0,1,26,0.3261962732062084,0.4130339725659444,10203,True,False,True,4.28953658399405
baseline_dqn_statev1_sparse_seed42_20261010_112003_373206_62090f0a,dqn,42,v1,sparse,552,11214,-10.0,0,12,0.3258050528961543,0.4145220036928852,10215,True,False,True,4.294023041962646
baseline_dqn_statev1_sparse_seed42_20261010_112003_373206_62090f0a,dqn,42,v1,sparse,553,11278,40.0,5,64,0.32372645523382,0.4444604511372745,10279,True,False,True,4.317712374962866
baseline_dqn_statev1_sparse_seed42_20261010_112003_373206_62090f0a,dqn,42,v1,sparse,554,11295,10.0,2,17,0.32317656030784464,0.3084682782783228,10296,True,False,True,4.32407091697678
baseline_dqn_statev1_sparse_seed42_20261010_112003_373206_62090f0a,dqn,42,v1,sparse,555,11343,30.0,4,48,0.32162895266658853,0.4422683377439777,10344,True,False,True,4.341664541978389
baseline_dqn_statev1_sparse_seed42_20261010_112003_373206_62090f0a,dqn,42,v1,sparse,556,11380,30.0,4,37,0.32044106509361264,0.38950039224850164,10381,True,False,True,4.355258958996274
baseline_dqn_statev1_sparse_seed42_20261010_112003_373206_62090f0a,dqn,42,v1,sparse,557,11453,50.0,6,73,0.31811024661429715,0.444254265256124,10454,True,False,True,4.381860791996587
baseline_dqn_statev1_sparse_seed42_20261010_112003_373206_62090f0a,dqn,42,v1,sparse,558,11457,0.0,1,4,0.3179830216009939,0.4647517167031765,10458,True,False,True,4.383330916985869
baseline_dqn_statev1_sparse_seed42_20261010_112003_373206_62090f0a,dqn,42,v1,sparse,559,11499,20.0,3,42,0.3166502270971973,0.4157349697890736,10500,True,False,True,4.3987072089803405
baseline_dqn_statev1_sparse_seed42_20261010_112003_373206_62090f0a,dqn,42,v1,sparse,560,11533,20.0,3,34,0.31557539083947367,0.45935511556180086,10534,True,False,True,4.410947291995399
baseline_dqn_statev1_sparse_seed42_20261010_112003_373206_62090f0a,dqn,42,v1,sparse,561,11582,40.0,5,49,0.3140327767834759,0.45899540049080945,10583,True,False,True,4.429461041989271
baseline_dqn_statev1_sparse_seed42_20261010_112003_373206_62090f0a,dqn,42,v1,sparse,562,11612,20.0,3,30,0.31309204322159156,0.3886226999262969,10613,True,False,True,4.44058870896697
baseline_dqn_statev1_sparse_seed42_20261010_112003_373206_62090f0a,dqn,42,v1,sparse,563,11653,20.0,3,41,0.3118109298647447,0.37766406012744436,10654,True,False,True,4.455835833970923
baseline_dqn_statev1_sparse_seed42_20261010_112003_373206_62090f0a,dqn,42,v1,sparse,564,11661,-10.0,0,8,0.31156156841045396,0.4425855502486229,10662,True,False,True,4.458799624990206
baseline_dqn_statev1_sparse_seed42_20261010_112003_373206_62090f0a,dqn,42,v1,sparse,565,11678,10.0,2,17,0.3110323372561015,0.467216439983424,10679,True,False,True,4.465173499949742
baseline_dqn_statev1_sparse_seed42_20261010_112003_373206_62090f0a,dqn,42,v1,sparse,566,11695,10.0,2,17,0.31050400507531684,0.3712295854792875,10696,True,False,True,4.471480291977059
baseline_dqn_statev1_sparse_seed42_20261010_112003_373206_62090f0a,dqn,42,v1,sparse,567,11696,-10.0,0,1,0.3104729546748093,0.4510941207408905,10697,True,False,True,4.4718577089952305
baseline_dqn_statev1_sparse_seed42_20261010_112003_373206_62090f0a,dqn,42,v1,sparse,568,11698,-10.0,0,2,0.3104108631886039,0.6173604428768158,10699,True,False,True,4.472615499980748
baseline_dqn_statev1_sparse_seed42_20261010_112003_373206_62090f0a,dqn,42,v1,sparse,569,11724,20.0,3,26,0.30960480297301474,0.4635950258144966,10725,True,False,True,4.482259749958757
baseline_dqn_statev1_sparse_seed42_20261010_112003_373206_62090f0a,dqn,42,v1,sparse,570,11773,10.0,2,49,0.3080913746933252,0.4574794982160841,10774,True,False,True,4.500129458960146
baseline_dqn_statev1_sparse_seed42_20261010_112003_373206_62090f0a,dqn,42,v1,sparse,571,11782,-10.0,0,9,0.3078142033431203,0.5345570047696432,10783,True,False,True,4.503455666999798
baseline_dqn_statev1_sparse_seed42_20261010_112003_373206_62090f0a,dqn,42,v1,sparse,572,11800,0.0,1,18,0.30726060848175163,0.3676660764548514,10801,True,False,True,4.510319749999326
baseline_dqn_statev1_sparse_seed42_20261010_112003_373206_62090f0a,dqn,42,v1,sparse,573,11828,0.0,1,28,0.3064014392171459,0.39104630345744745,10829,True,False,True,4.520683333976194
baseline_dqn_statev1_sparse_seed42_20261010_112003_373206_62090f0a,dqn,42,v1,sparse,574,11968,80.0,9,140,0.30214149525741285,0.4423195415575589,10969,True,False,True,4.572414541966282
baseline_dqn_statev1_sparse_seed42_20261010_112003_373206_62090f0a,dqn,42,v1,sparse,575,11983,0.0,1,15,0.3016886001256636,0.3863355909784635,10984,True,False,True,4.578002166992519
baseline_dqn_statev1_sparse_seed42_20261010_112003_373206_62090f0a,dqn,42,v1,sparse,576,12031,10.0,2,48,0.30024389268032914,0.42018497083336115,11032,True,False,True,4.595561041962355
baseline_dqn_statev1_sparse_seed42_20261010_112003_373206_62090f0a,dqn,42,v1,sparse,577,12082,20.0,3,51,0.29871647069220825,0.3982440908165539,11083,True,False,True,4.614187749975827
baseline_dqn_statev1_sparse_seed42_20261010_112003_373206_62090f0a,dqn,42,v1,sparse,578,12094,-10.0,0,12,0.2983582080145455,0.4798642160991828,11095,True,False,True,4.618518541974481
baseline_dqn_statev1_sparse_seed42_20261010_112003_373206_62090f0a,dqn,42,v1,sparse,579,12133,40.0,5,39,0.29719681911336693,0.3571081295227393,11134,True,False,True,4.632877166965045
baseline_dqn_statev1_sparse_seed42_20261010_112003_373206_62090f0a,dqn,42,v1,sparse,580,12137,-10.0,0,4,0.297077958216342,0.3813724257051945,11138,True,False,True,4.634374333953019
baseline_dqn_statev1_sparse_seed42_20261010_112003_373206_62090f0a,dqn,42,v1,sparse,581,12154,10.0,2,17,0.2965733295114551,0.40359731500639634,11155,True,False,True,4.640706166974269
baseline_dqn_statev1_sparse_seed42_20261010_112003_373206_62090f0a,dqn,42,v1,sparse,582,12285,100.0,11,131,0.29271336387162494,0.4364265675820012,11286,True,False,True,4.689248249982484
baseline_dqn_statev1_sparse_seed42_20261010_112003_373206_62090f0a,dqn,42,v1,sparse,583,12324,40.0,5,39,0.2915739480858505,0.3991443723058089,11325,True,False,True,4.7036983339930885
baseline_dqn_statev1_sparse_seed42_20261010_112003_373206_62090f0a,dqn,42,v1,sparse,584,12335,0.0,1,11,0.29125337706052756,0.5032082782550291,11336,True,False,True,4.707746542000677
baseline_dqn_statev1_sparse_seed42_20261010_112003_373206_62090f0a,dqn,42,v1,sparse,585,12366,10.0,2,31,0.29035184461157526,0.5099694764902515,11367,True,False,True,4.7191044589853846
baseline_dqn_statev1_sparse_seed42_20261010_112003_373206_62090f0a,dqn,42,v1,sparse,586,12367,-10.0,0,1,0.2903228094271141,0.5017841458320618,11368,True,False,True,4.719488541944884
baseline_dqn_statev1_sparse_seed42_20261010_112003_373206_62090f0a,dqn,42,v1,sparse,587,12391,20.0,3,24,0.28962683538813816,0.38828906913598377,11392,True,False,True,4.728206041967496
baseline_dqn_statev1_sparse_seed42_20261010_112003_373206_62090f0a,dqn,42,v1,sparse,588,12428,20.0,3,37,0.28855714276343697,0.47601142586083023,11429,True,False,True,4.741694916971028
baseline_dqn_statev1_sparse_seed42_20261010_112003_373206_62090f0a,dqn,42,v1,sparse,589,12433,-10.0,0,5,0.2884128930448841,0.4853994190692902,11434,True,False,True,4.743523166980594
baseline_dqn_statev1_sparse_seed42_20261010_112003_373206_62090f0a,dqn,42,v1,sparse,590,12476,30.0,4,43,0.2871753184174684,0.4696534192839334,11477,True,False,True,4.759445042000152
baseline_dqn_statev1_sparse_seed42_20261010_112003_373206_62090f0a,dqn,42,v1,sparse,591,12541,90.0,10,65,0.2853146395699794,0.45029362296828856,11542,True,False,True,4.783998666971456
baseline_dqn_statev1_sparse_seed42_20261010_112003_373206_62090f0a,dqn,42,v1,sparse,592,12570,20.0,3,29,0.28448838445080077,0.440701059226332,11571,True,False,True,4.794778666982893
baseline_dqn_statev1_sparse_seed42_20261010_112003_373206_62090f0a,dqn,42,v1,sparse,593,12580,0.0,1,10,0.28420402405199036,0.4925275661051273,11581,True,False,True,4.798421874991618
baseline_dqn_statev1_sparse_seed42_20261010_112003_373206_62090f0a,dqn,42,v1,sparse,594,12620,10.0,2,40,0.28306942194182994,0.45105869732797144,11621,True,False,True,4.813167874992359
baseline_dqn_statev1_sparse_seed42_20261010_112003_373206_62090f0a,dqn,42,v1,sparse,595,12656,10.0,2,36,0.2820521533407481,0.42540641335977447,11657,True,False,True,4.826583999965806
baseline_dqn_statev1_sparse_seed42_20261010_112003_373206_62090f0a,dqn,42,v1,sparse,596,12705,30.0,4,49,0.28067340953214365,0.4793074195634346,11706,True,False,True,4.844469083996955
baseline_dqn_statev1_sparse_seed42_20261010_112003_373206_62090f0a,dqn,42,v1,sparse,597,12706,-10.0,0,1,0.2806453421911904,0.28272545337677,11707,True,False,True,4.844841583981179
baseline_dqn_statev1_sparse_seed42_20261010_112003_373206_62090f0a,dqn,42,v1,sparse,598,12778,50.0,6,72,0.27863185231350535,0.47217970186223585,11779,True,False,True,4.871371708984952
baseline_dqn_statev1_sparse_seed42_20261010_112003_373206_62090f0a,dqn,42,v1,sparse,599,12792,0.0,1,14,0.27824202117385793,0.37772626030657974,11793,True,False,True,4.876535874966066
baseline_dqn_statev1_sparse_seed42_20261010_112003_373206_62090f0a,dqn,42,v1,sparse,600,12839,30.0,4,47,0.2769372869638539,0.45895807286526297,11840,True,False,True,4.89395895897178
baseline_dqn_statev1_sparse_seed42_20261010_112003_373206_62090f0a,dqn,42,v1,sparse,601,12840,-10.0,0,1,0.2769095932351575,0.8409384489059448,11841,True,False,True,4.895820583973546
baseline_dqn_statev1_sparse_seed42_20261010_112003_373206_62090f0a,dqn,42,v1,sparse,602,12927,80.0,9,87,0.2745108096723973,0.4401869333681019,11928,True,False,True,4.928430708998349
baseline_dqn_statev1_sparse_seed42_20261010_112003_373206_62090f0a,dqn,42,v1,sparse,603,12968,40.0,5,41,0.27338756341787274,0.512766264924189,11969,True,False,True,4.943553583987523
baseline_dqn_statev1_sparse_seed42_20261010_112003_373206_62090f0a,dqn,42,v1,sparse,604,12995,30.0,4,27,0.2726503757878132,0.5585134443309572,11996,True,False,True,4.953529666992836
baseline_dqn_statev1_sparse_seed42_20261010_112003_373206_62090f0a,dqn,42,v1,sparse,605,13028,20.0,3,33,0.2717520676552323,0.4208926274017854,12029,True,False,True,4.965864792000502
baseline_dqn_statev1_sparse_seed42_20261010_112003_373206_62090f0a,dqn,42,v1,sparse,606,13051,10.0,2,23,0.2711277249513241,0.5225701186320056,12052,True,False,True,4.974440666963346
baseline_dqn_statev1_sparse_seed42_20261010_112003_373206_62090f0a,dqn,42,v1,sparse,607,13053,-10.0,0,2,0.2710735021176111,0.35113638639450073,12054,True,False,True,4.975178958964534
baseline_dqn_statev1_sparse_seed42_20261010_112003_373206_62090f0a,dqn,42,v1,sparse,608,13056,0.0,1,3,0.2709921881989098,0.4029289086659749,12057,True,False,True,4.976300083973911
baseline_dqn_statev1_sparse_seed42_20261010_112003_373206_62090f0a,dqn,42,v1,sparse,609,13083,20.0,3,27,0.2702614596811766,0.5222875089557083,12084,True,False,True,4.986336916976143
baseline_dqn_statev1_sparse_seed42_20261010_112003_373206_62090f0a,dqn,42,v1,sparse,610,13104,10.0,2,21,0.26969447780562544,0.39065517698015484,12105,True,False,True,4.994168749952223
baseline_dqn_statev1_sparse_seed42_20261010_112003_373206_62090f0a,dqn,42,v1,sparse,611,13133,0.0,1,29,0.2689134577947457,0.42383369854811964,12134,True,False,True,5.005106166994665
baseline_dqn_statev1_sparse_seed42_20261010_112003_373206_62090f0a,dqn,42,v1,sparse,612,13139,-10.0,0,6,0.26875215005170966,0.443663348754247,12140,True,False,True,5.0073741669766605
baseline_dqn_statev1_sparse_seed42_20261010_112003_373206_62090f0a,dqn,42,v1,sparse,613,13263,110.0,12,124,0.26544003533505883,0.46708833450271237,12264,True,False,True,5.053453416971024
baseline_dqn_statev1_sparse_seed42_20261010_112003_373206_62090f0a,dqn,42,v1,sparse,614,13288,30.0,4,25,0.2647772309566509,0.3285515937209129,12289,True,False,True,5.062820458959322
baseline_dqn_statev1_sparse_seed42_20261010_112003_373206_62090f0a,dqn,42,v1,sparse,615,13325,30.0,4,37,0.2637993165628982,0.5035702955682535,12326,True,False,True,5.076427499996498
baseline_dqn_statev1_sparse_seed42_20261010_112003_373206_62090f0a,dqn,42,v1,sparse,616,13387,60.0,7,62,0.26216873928309337,0.4417849631319123,12388,True,False,True,5.099132624978665
baseline_dqn_statev1_sparse_seed42_20261010_112003_373206_62090f0a,dqn,42,v1,sparse,617,13390,-10.0,0,3,0.2620900965261085,0.5636520783106486,12391,True,False,True,5.100200333981775
baseline_dqn_statev1_sparse_seed42_20261010_112003_373206_62090f0a,dqn,42,v1,sparse,618,13448,50.0,6,58,0.26057429823960837,0.48484460058911094,12449,True,False,True,5.121671541943215
baseline_dqn_statev1_sparse_seed42_20261010_112003_373206_62090f0a,dqn,42,v1,sparse,619,13450,-10.0,0,2,0.2605221859857034,0.5173881351947784,12451,True,False,True,5.122430291958153
baseline_dqn_statev1_sparse_seed42_20261010_112003_373206_62090f0a,dqn,42,v1,sparse,620,13472,10.0,2,22,0.25994963858177084,0.48845964433117345,12473,True,False,True,5.130532999988645
baseline_dqn_statev1_sparse_seed42_20261010_112003_373206_62090f0a,dqn,42,v1,sparse,621,13474,-10.0,0,2,0.25989765125355085,0.3455555737018585,12475,True,False,True,5.131285333947744
baseline_dqn_statev1_sparse_seed42_20261010_112003_373206_62090f0a,dqn,42,v1,sparse,622,13586,100.0,11,112,0.25700289372271046,0.4810621052581285,12587,True,False,True,5.172859999991488
baseline_dqn_statev1_sparse_seed42_20261010_112003_373206_62090f0a,dqn,42,v1,sparse,623,13687,70.0,8,101,0.25442010041744134,0.48656198146319624,12688,True,False,True,5.210296833945904
baseline_dqn_statev1_sparse_seed42_20261010_112003_373206_62090f0a,dqn,42,v1,sparse,624,13740,90.0,10,53,0.2530751738416102,0.4627719406249388,12741,True,False,True,5.2297396249487065
baseline_dqn_statev1_sparse_seed42_20261010_112003_373206_62090f0a,dqn,42,v1,sparse,625,13785,50.0,6,45,0.2519388374161748,0.495643244849311,12786,True,False,True,5.246362041973043
baseline_dqn_statev1_sparse_seed42_20261010_112003_373206_62090f0a,dqn,42,v1,sparse,626,13819,20.0,3,34,0.25108365723940357,0.4478011569556068,12820,True,False,True,5.258895583974663
baseline_dqn_statev1_sparse_seed42_20261010_112003_373206_62090f0a,dqn,42,v1,sparse,627,13846,10.0,2,27,0.25040661193451497,0.4460954072850722,12847,True,False,True,5.268777708988637
baseline_dqn_statev1_sparse_seed42_20261010_112003_373206_62090f0a,dqn,42,v1,sparse,628,13888,20.0,3,42,0.2493570572934515,0.442826877924658,12889,True,False,True,5.28402445896063
baseline_dqn_statev1_sparse_seed42_20261010_112003_373206_62090f0a,dqn,42,v1,sparse,629,13951,70.0,8,63,0.2477909678884495,0.4358838227769685,12952,True,False,True,5.307145333965309
baseline_dqn_statev1_sparse_seed42_20261010_112003_373206_62090f0a,dqn,42,v1,sparse,630,14012,40.0,5,61,0.24628396865396193,0.4850099626623216,13013,True,False,True,5.329625416954514
baseline_dqn_statev1_sparse_seed42_20261010_112003_373206_62090f0a,dqn,42,v1,sparse,631,14027,0.0,1,15,0.24591480118712253,0.4687449415524801,13028,True,False,True,5.335135583998635
baseline_dqn_statev1_sparse_seed42_20261010_112003_373206_62090f0a,dqn,42,v1,sparse,632,14053,0.0,1,26,0.24527622128812898,0.506357026214783,13054,True,False,True,5.3448404999799095
baseline_dqn_statev1_sparse_seed42_20261010_112003_373206_62090f0a,dqn,42,v1,sparse,633,14116,50.0,6,63,0.24373576161304472,0.5037603808773888,13117,True,False,True,5.368152916955296
baseline_dqn_statev1_sparse_seed42_20261010_112003_373206_62090f0a,dqn,42,v1,sparse,634,14152,20.0,3,36,0.2428598466676975,0.45159121457901263,13153,True,False,True,5.381514583947137
baseline_dqn_statev1_sparse_seed42_20261010_112003_373206_62090f0a,dqn,42,v1,sparse,635,14169,0.0,1,17,0.24244731505266706,0.5136762156206018,13170,True,False,True,5.387729291978758
baseline_dqn_statev1_sparse_seed42_20261010_112003_373206_62090f0a,dqn,42,v1,sparse,636,14195,10.0,2,26,0.2418177393573034,0.43203576224354595,13196,True,False,True,5.397434333979618
baseline_dqn_statev1_sparse_seed42_20261010_112003_373206_62090f0a,dqn,42,v1,sparse,637,14221,20.0,3,26,0.24118979851426262,0.5471898787296735,13222,True,False,True,5.407079958997201
baseline_dqn_statev1_sparse_seed42_20261010_112003_373206_62090f0a,dqn,42,v1,sparse,638,14331,80.0,9,110,0.2385511181443933,0.5202361250465567,13332,True,False,True,5.4474849999533035
baseline_dqn_statev1_sparse_seed42_20261010_112003_373206_62090f0a,dqn,42,v1,sparse,639,14334,-10.0,0,3,0.238479559965245,0.3205400307973226,13335,True,False,True,5.448571666958742
baseline_dqn_statev1_sparse_seed42_20261010_112003_373206_62090f0a,dqn,42,v1,sparse,640,14349,0.0,1,15,0.23812209092035946,0.5878514150778452,13350,True,False,True,5.454080208961386
baseline_dqn_statev1_sparse_seed42_20261010_112003_373206_62090f0a,dqn,42,v1,sparse,641,14391,40.0,5,42,0.23712402563871848,0.44872253991308664,13392,True,False,True,5.4700702499831095
baseline_dqn_statev1_sparse_seed42_20261010_112003_373206_62090f0a,dqn,42,v1,sparse,642,14483,80.0,9,92,0.23495238090266019,0.48150414787232876,13484,True,False,True,5.504115208983421
baseline_dqn_statev1_sparse_seed42_20261010_112003_373206_62090f0a,dqn,42,v1,sparse,643,14496,0.0,1,13,0.23464712600316429,0.5763372939366561,13497,True,False,True,5.508960208971985
baseline_dqn_statev1_sparse_seed42_20261010_112003_373206_62090f0a,dqn,42,v1,sparse,644,14521,20.0,3,25,0.23406121159014281,0.5719575268030167,13522,True,False,True,5.518327166966628
baseline_dqn_statev1_sparse_seed42_20261010_112003_373206_62090f0a,dqn,42,v1,sparse,645,14579,30.0,4,58,0.23270751838247483,0.5095868840299803,13580,True,False,True,5.540013666963205
baseline_dqn_statev1_sparse_seed42_20261010_112003_373206_62090f0a,dqn,42,v1,sparse,646,14742,130.0,14,163,0.2289449459764791,0.5228140196460156,13743,True,False,True,5.599836791981943
baseline_dqn_statev1_sparse_seed42_20261010_112003_373206_62090f0a,dqn,42,v1,sparse,647,14788,20.0,3,46,0.22789416533352697,0.4705166303269241,13789,True,False,True,5.616531084000599
baseline_dqn_statev1_sparse_seed42_20261010_112003_373206_62090f0a,dqn,42,v1,sparse,648,14864,60.0,7,76,0.2261686486689407,0.5216649291350653,13865,True,False,True,5.644566791947
baseline_dqn_statev1_sparse_seed42_20261010_112003_373206_62090f0a,dqn,42,v1,sparse,649,14931,60.0,7,67,0.22465830849438548,0.5184151611443776,13932,True,False,True,5.669100458966568
baseline_dqn_statev1_sparse_seed42_20261010_112003_373206_62090f0a,dqn,42,v1,sparse,650,14946,10.0,2,15,0.22432155682067897,0.4638950824737549,13947,True,False,True,5.674568833957892
baseline_dqn_statev1_sparse_seed42_20261010_112003_373206_62090f0a,dqn,42,v1,sparse,651,15013,50.0,6,67,0.2228235514106499,0.5694728765025068,14014,True,False,True,5.69981891696807
baseline_dqn_statev1_sparse_seed42_20261010_112003_373206_62090f0a,dqn,42,v1,sparse,652,15036,10.0,2,23,0.22231162059156728,0.5663465041181316,14037,True,False,True,5.7083854169468395
baseline_dqn_statev1_sparse_seed42_20261010_112003_373206_62090f0a,dqn,42,v1,sparse,653,15038,-10.0,0,2,0.2222671604905652,0.38241738080978394,14039,True,False,True,5.709174291987438
baseline_dqn_statev1_sparse_seed42_20261010_112003_373206_62090f0a,dqn,42,v1,sparse,654,15066,30.0,4,28,0.22164565188336607,0.5436247523341861,14067,True,False,True,5.719630084000528
baseline_dqn_statev1_sparse_seed42_20261010_112003_373206_62090f0a,dqn,42,v1,sparse,655,15071,0.0,1,5,0.22153485121977323,0.4735723316669464,14072,True,False,True,5.721487958973739
baseline_dqn_statev1_sparse_seed42_20261010_112003_373206_62090f0a,dqn,42,v1,sparse,656,15082,-10.0,0,11,0.22129128469105377,0.39023755355314776,14083,True,False,True,5.725479416956659
baseline_dqn_statev1_sparse_seed42_20261010_112003_373206_62090f0a,dqn,42,v1,sparse,657,15097,0.0,1,15,0.2209595800192088,0.5061847428480785,14098,True,False,True,5.731033666990697
baseline_dqn_statev1_sparse_seed42_20261010_112003_373206_62090f0a,dqn,42,v1,sparse,658,15117,10.0,2,20,0.22051808043058554,0.5783023186028003,14118,True,False,True,5.738554958952591
baseline_dqn_statev1_sparse_seed42_20261010_112003_373206_62090f0a,dqn,42,v1,sparse,659,15120,-10.0,0,3,0.22045193162177829,0.7162888248761495,14121,True,False,True,5.739694249990862
baseline_dqn_statev1_sparse_seed42_20261010_112003_373206_62090f0a,dqn,42,v1,sparse,660,15157,10.0,2,37,0.2196377259731859,0.522120000140087,14158,True,False,True,5.753517041972373
baseline_dqn_statev1_sparse_seed42_20261010_112003_373206_62090f0a,dqn,42,v1,sparse,661,15182,10.0,2,25,0.21908929006654193,0.5272994422912598,14183,True,False,True,5.762900999980047
baseline_dqn_statev1_sparse_seed42_20261010_112003_373206_62090f0a,dqn,42,v1,sparse,662,15218,10.0,2,36,0.2183019473218221,0.4842551483048333,14219,True,False,True,5.7763539999723434
baseline_dqn_statev1_sparse_seed42_20261010_112003_373206_62090f0a,dqn,42,v1,sparse,663,15286,50.0,6,68,0.21682245607572886,0.5467081340577673,14287,True,False,True,5.801829208969139
baseline_dqn_statev1_sparse_seed42_20261010_112003_373206_62090f0a,dqn,42,v1,sparse,664,15359,40.0,5,73,0.2152453367785995,0.5538241291699344,14360,True,False,True,5.829097374982666
baseline_dqn_statev1_sparse_seed42_20261010_112003_373206_62090f0a,dqn,42,v1,sparse,665,15390,20.0,3,31,0.21457907615855104,0.48146080826559373,14391,True,False,True,5.840519791992847
baseline_dqn_statev1_sparse_seed42_20261010_112003_373206_62090f0a,dqn,42,v1,sparse,666,15469,90.0,10,79,0.21289049570172863,0.5309184683085997,14470,True,False,True,5.8696699169813655
baseline_dqn_statev1_sparse_seed42_20261010_112003_373206_62090f0a,dqn,42,v1,sparse,667,15511,30.0,4,42,0.2119981861653478,0.5199403001793793,14512,True,False,True,5.8851136669982225
baseline_dqn_statev1_sparse_seed42_20261010_112003_373206_62090f0a,dqn,42,v1,sparse,668,15520,0.0,1,9,0.21180746409934081,0.5531068278683556,14521,True,False,True,5.888420249975752
baseline_dqn_statev1_sparse_seed42_20261010_112003_373206_62090f0a,dqn,42,v1,sparse,669,15582,50.0,6,62,0.21049825510231485,0.53442836120244,14583,True,False,True,5.911222166963853
baseline_dqn_statev1_sparse_seed42_20261010_112003_373206_62090f0a,dqn,42,v1,sparse,670,15584,-10.0,0,2,0.21045615755627692,0.6806222796440125,14585,True,False,True,5.911979541997425
baseline_dqn_statev1_sparse_seed42_20261010_112003_373206_62090f0a,dqn,42,v1,sparse,671,15643,40.0,5,59,0.2092180602993994,0.5339769152766567,14644,True,False,True,5.934485499979928
baseline_dqn_statev1_sparse_seed42_20261010_112003_373206_62090f0a,dqn,42,v1,sparse,672,15727,90.0,10,84,0.20746790203963705,0.542607903303135,14728,True,False,True,5.9662792919552885
baseline_dqn_statev1_sparse_seed42_20261010_112003_373206_62090f0a,dqn,42,v1,sparse,673,15747,0.0,1,20,0.20705336018815873,0.4837730184197426,14748,True,False,True,5.973718791967258
baseline_dqn_statev1_sparse_seed42_20261010_112003_373206_62090f0a,dqn,42,v1,sparse,674,15770,10.0,2,23,0.2065776609382191,0.5179166625375333,14771,True,False,True,5.982383958995342
baseline_dqn_statev1_sparse_seed42_20261010_112003_373206_62090f0a,dqn,42,v1,sparse,675,15848,70.0,8,78,0.2049725430238802,0.5318415357898443,14849,True,False,True,6.0123592499876395
baseline_dqn_statev1_sparse_seed42_20261010_112003_373206_62090f0a,dqn,42,v1,sparse,676,15945,90.0,10,97,0.20299382272788805,0.5584596483056078,14946,True,False,True,6.048853124957532
baseline_dqn_statev1_sparse_seed42_20261010_112003_373206_62090f0a,dqn,42,v1,sparse,677,15979,30.0,4,34,0.20230478131218452,0.5683244926964536,14980,True,False,True,6.061366999987513
baseline_dqn_statev1_sparse_seed42_20261010_112003_373206_62090f0a,dqn,42,v1,sparse,678,16026,30.0,4,47,0.20135613247793666,0.582952748904837,15027,True,False,True,6.079022374993656
baseline_dqn_statev1_sparse_seed42_20261010_112003_373206_62090f0a,dqn,42,v1,sparse,679,16042,10.0,2,16,0.20103420418060816,0.5350109999999404,15043,True,False,True,6.085006041976158
baseline_dqn_statev1_sparse_seed42_20261010_112003_373206_62090f0a,dqn,42,v1,sparse,680,16067,10.0,2,25,0.2005322213106448,0.5278025639057159,15068,True,False,True,6.094204833963886
baseline_dqn_statev1_sparse_seed42_20261010_112003_373206_62090f0a,dqn,42,v1,sparse,681,16087,10.0,2,20,0.2001315376507345,0.6174404129385949,15088,True,False,True,6.101655416947324
baseline_dqn_statev1_sparse_seed42_20261010_112003_373206_62090f0a,dqn,42,v1,sparse,682,16142,70.0,8,55,0.19903378090335747,0.5650221280076287,15143,True,False,True,6.122460583981592
baseline_dqn_statev1_sparse_seed42_20261010_112003_373206_62090f0a,dqn,42,v1,sparse,683,16242,90.0,10,100,0.19705326316061259,0.5969030964374542,15243,True,False,True,6.159792958991602
baseline_dqn_statev1_sparse_seed42_20261010_112003_373206_62090f0a,dqn,42,v1,sparse,684,16246,-10.0,0,4,0.19697445367775593,0.48357949405908585,15247,True,False,True,6.161345499975141
baseline_dqn_statev1_sparse_seed42_20261010_112003_373206_62090f0a,dqn,42,v1,sparse,685,16315,70.0,8,69,0.1956199406647896,0.5863097335981287,15316,True,False,True,6.1869559999904595
baseline_dqn_statev1_sparse_seed42_20261010_112003_373206_62090f0a,dqn,42,v1,sparse,686,16341,30.0,4,26,0.19511196407554884,0.5656881372515972,15342,True,False,True,6.196617541951127
baseline_dqn_statev1_sparse_seed42_20261010_112003_373206_62090f0a,dqn,42,v1,sparse,687,16463,160.0,17,122,0.19274594189401034,0.5631837019177733,15464,True,False,True,6.242099958995823
baseline_dqn_statev1_sparse_seed42_20261010_112003_373206_62090f0a,dqn,42,v1,sparse,688,16507,30.0,4,44,0.19189968057617418,0.6134674779393456,15508,True,False,True,6.258271374972537
baseline_dqn_statev1_sparse_seed42_20261010_112003_373206_62090f0a,dqn,42,v1,sparse,689,16545,10.0,2,38,0.19117180922728913,0.6011797728899279,15546,True,False,True,6.272230333997868
baseline_dqn_statev1_sparse_seed42_20261010_112003_373206_62090f0a,dqn,42,v1,sparse,690,16627,100.0,11,82,0.18961053231061953,0.5571564455948225,15628,True,False,True,6.302616749948356
baseline_dqn_statev1_sparse_seed42_20261010_112003_373206_62090f0a,dqn,42,v1,sparse,691,16645,10.0,2,18,0.18926952330191069,0.6594849733842744,15646,True,False,True,6.309805958997458
baseline_dqn_statev1_sparse_seed42_20261010_112003_373206_62090f0a,dqn,42,v1,sparse,692,16784,170.0,18,139,0.18665674715111877,0.57838209107411,15785,True,False,True,6.362154709000606
baseline_dqn_statev1_sparse_seed42_20261010_112003_373206_62090f0a,dqn,42,v1,sparse,693,16889,110.0,12,105,0.1847070078627992,0.6075660956757409,15890,True,False,True,6.40137091698125
baseline_dqn_statev1_sparse_seed42_20261010_112003_373206_62090f0a,dqn,42,v1,sparse,694,16920,20.0,3,31,0.18413527419633402,0.5747732731603807,15921,True,False,True,6.413084166997578
baseline_dqn_statev1_sparse_seed42_20261010_112003_373206_62090f0a,dqn,42,v1,sparse,695,16992,60.0,7,72,0.1828141957568192,0.5684186509913869,15993,True,False,True,6.43975458398927
baseline_dqn_statev1_sparse_seed42_20261010_112003_373206_62090f0a,dqn,42,v1,sparse,696,17058,50.0,6,66,0.1816115350769052,0.6258944555213957,16059,True,False,True,6.464257458981592
baseline_dqn_statev1_sparse_seed42_20261010_112003_373206_62090f0a,dqn,42,v1,sparse,697,17064,0.0,1,6,0.18150259539395738,0.603602409362793,16065,True,False,True,6.466563333990052
baseline_dqn_statev1_sparse_seed42_20261010_112003_373206_62090f0a,dqn,42,v1,sparse,698,17091,10.0,2,27,0.18101317492992688,0.6287274084709309,16092,True,False,True,6.476592583989259
baseline_dqn_statev1_sparse_seed42_20261010_112003_373206_62090f0a,dqn,42,v1,sparse,699,17121,30.0,4,30,0.18047092207803042,0.5534657299518585,16122,True,False,True,6.487717749958392
baseline_dqn_statev1_sparse_seed42_20261010_112003_373206_62090f0a,dqn,42,v1,sparse,700,17125,-10.0,0,4,0.18039874453673269,0.7769218683242798,16126,True,False,True,6.489213374967221
baseline_dqn_statev1_sparse_seed42_20261010_112003_373206_62090f0a,dqn,42,v1,sparse,701,17133,-10.0,0,8,0.18025447604265077,0.5601293258368969,16134,True,False,True,6.493692416988779
baseline_dqn_statev1_sparse_seed42_20261010_112003_373206_62090f0a,dqn,42,v1,sparse,702,17163,50.0,6,30,0.1797144959901542,0.5997515608867009,16164,True,False,True,6.505597499955911
baseline_dqn_statev1_sparse_seed42_20261010_112003_373206_62090f0a,dqn,42,v1,sparse,703,17294,100.0,11,131,0.17737547319048402,0.5555882509086878,16295,True,False,True,6.556930583959911
baseline_dqn_statev1_sparse_seed42_20261010_112003_373206_62090f0a,dqn,42,v1,sparse,704,17360,50.0,6,66,0.17620859166739308,0.5869879216858835,16361,True,False,True,6.58188579196576
baseline_dqn_statev1_sparse_seed42_20261010_112003_373206_62090f0a,dqn,42,v1,sparse,705,17437,80.0,9,77,0.1748569285090991,0.6246278436927052,16438,True,False,True,6.610598667000886
baseline_dqn_statev1_sparse_seed42_20261010_112003_373206_62090f0a,dqn,42,v1,sparse,706,17440,-10.0,0,3,0.17480447667607937,0.5339344243208567,16441,True,False,True,6.611681124952156
baseline_dqn_statev1_sparse_seed42_20261010_112003_373206_62090f0a,dqn,42,v1,sparse,707,17556,110.0,12,116,0.17278836002417308,0.5882202693871383,16557,True,False,True,6.655225041962694
baseline_dqn_statev1_sparse_seed42_20261010_112003_373206_62090f0a,dqn,42,v1,sparse,708,17571,0.0,1,15,0.17252935883331977,0.6785289486249287,16572,True,False,True,6.660852249944583
baseline_dqn_statev1_sparse_seed42_20261010_112003_373206_62090f0a,dqn,42,v1,sparse,709,17664,80.0,9,93,0.17093219426398065,0.5720530167542478,16665,True,False,True,6.695792083977722
baseline_dqn_statev1_sparse_seed42_20261010_112003_373206_62090f0a,dqn,42,v1,sparse,710,17751,100.0,11,87,0.16945146066729827,0.5847686315062403,16752,True,False,True,6.728138416947331
baseline_dqn_statev1_sparse_seed42_20261010_112003_373206_62090f0a,dqn,42,v1,sparse,711,17780,20.0,3,29,0.1689607387855201,0.617079763063069,16781,True,False,True,6.739021333982237
baseline_dqn_statev1_sparse_seed42_20261010_112003_373206_62090f0a,dqn,42,v1,sparse,712,17791,0.0,1,11,0.16877497487338938,0.5847818092866377,16792,True,False,True,6.743159583944362
baseline_dqn_statev1_sparse_seed42_20261010_112003_373206_62090f0a,dqn,42,v1,sparse,713,17829,30.0,4,38,0.16813481503440333,0.5206171403590002,16830,True,False,True,6.7576727499836124
baseline_dqn_statev1_sparse_seed42_20261010_112003_373206_62090f0a,dqn,42,v1,sparse,714,17943,160.0,17,114,0.16622886738802553,0.5782713684204378,16944,True,False,True,6.800753916963004
baseline_dqn_statev1_sparse_seed42_20261010_112003_373206_62090f0a,dqn,42,v1,sparse,715,18019,50.0,6,76,0.16497025385400393,0.6175253469693033,17020,True,False,True,6.830525083991233
baseline_dqn_statev1_sparse_seed42_20261010_112003_373206_62090f0a,dqn,42,v1,sparse,716,18034,10.0,2,15,0.16472297161695054,0.5124241689840953,17035,True,False,True,6.836488000000827
baseline_dqn_statev1_sparse_seed42_20261010_112003_373206_62090f0a,dqn,42,v1,sparse,717,18070,50.0,6,36,0.1641310054986984,0.5305108117560545,17071,True,False,True,6.850969041988719
baseline_dqn_statev1_sparse_seed42_20261010_112003_373206_62090f0a,dqn,42,v1,sparse,718,18210,140.0,15,140,0.16184906815772016,0.6117776044777461,17211,True,False,True,6.9042617089580745
baseline_dqn_statev1_sparse_seed42_20261010_112003_373206_62090f0a,dqn,42,v1,sparse,719,18212,-10.0,0,2,0.1618166999625793,0.6923000663518906,17213,True,False,True,6.905030041991267
baseline_dqn_statev1_sparse_seed42_20261010_112003_373206_62090f0a,dqn,42,v1,sparse,720,18264,60.0,7,52,0.160977395240443,0.6262079720886854,17265,True,False,True,6.924481083988212
baseline_dqn_statev1_sparse_seed42_20261010_112003_373206_62090f0a,dqn,42,v1,sparse,721,18297,30.0,4,33,0.16044701891916205,0.6418679708784277,17298,True,False,True,6.937154374958482
baseline_dqn_statev1_sparse_seed42_20261010_112003_373206_62090f0a,dqn,42,v1,sparse,722,18312,10.0,2,15,0.16020651678717168,0.6109418471654257,17313,True,False,True,6.943012083997019
baseline_dqn_statev1_sparse_seed42_20261010_112003_373206_62090f0a,dqn,42,v1,sparse,723,18362,50.0,6,50,0.15940744359670503,0.6001957479119301,17363,True,False,True,6.9623264169786125
baseline_dqn_statev1_sparse_seed42_20261010_112003_373206_62090f0a,dqn,42,v1,sparse,724,18426,40.0,5,64,0.1583904429803137,0.6499688209732994,17427,True,False,True,6.986475874960888
baseline_dqn_statev1_sparse_seed42_20261010_112003_373206_62090f0a,dqn,42,v1,sparse,725,18578,140.0,15,152,0.15600099458735833,0.6607601240669426,17579,True,False,True,7.043561708997004
baseline_dqn_statev1_sparse_seed42_20261010_112003_373206_62090f0a,dqn,42,v1,sparse,726,18673,110.0,12,95,0.1545259290398826,0.6162345631342185,17674,True,False,True,7.0791180419619195
baseline_dqn_statev1_sparse_seed42_20261010_112003_373206_62090f0a,dqn,42,v1,sparse,727,18684,0.0,1,11,0.15435603548170806,0.5306401388211683,17685,True,False,True,7.083242874999996
baseline_dqn_statev1_sparse_seed42_20261010_112003_373206_62090f0a,dqn,42,v1,sparse,728,18703,0.0,1,19,0.15406302281360232,0.6545258352631017,17704,True,False,True,7.090314249973744
baseline_dqn_statev1_sparse_seed42_20261010_112003_373206_62090f0a,dqn,42,v1,sparse,729,18714,10.0,2,11,0.1538936381977546,0.6347314390269193,17715,True,False,True,7.094407874974422
baseline_dqn_statev1_sparse_seed42_20261010_112003_373206_62090f0a,dqn,42,v1,sparse,730,18753,10.0,2,39,0.1532945919554734,0.6162314262145605,17754,True,False,True,7.10906658397289
baseline_dqn_statev1_sparse_seed42_20261010_112003_373206_62090f0a,dqn,42,v1,sparse,731,18808,50.0,6,55,0.15245374410794815,0.6418931140141053,17809,True,False,True,7.130363541946281
baseline_dqn_statev1_sparse_seed42_20261010_112003_373206_62090f0a,dqn,42,v1,sparse,732,18933,130.0,14,125,0.15055983917698196,0.6589142689704895,17934,True,False,True,7.178593249991536
baseline_dqn_statev1_sparse_seed42_20261010_112003_373206_62090f0a,dqn,42,v1,sparse,733,19014,80.0,9,81,0.14934516979768303,0.6613152126471201,18015,True,False,True,7.209683124965522
baseline_dqn_statev1_sparse_seed42_20261010_112003_373206_62090f0a,dqn,42,v1,sparse,734,19083,70.0,8,69,0.14831818395186586,0.6585376834955768,18084,True,False,True,7.235862708999775
baseline_dqn_statev1_sparse_seed42_20261010_112003_373206_62090f0a,dqn,42,v1,sparse,735,19139,50.0,6,56,0.14748988211583017,0.6048802730760404,18140,True,False,True,7.25704970897641
baseline_dqn_statev1_sparse_seed42_20261010_112003_373206_62090f0a,dqn,42,v1,sparse,736,19167,20.0,3,28,0.14707746747478526,0.6170728584485394,18168,True,False,True,7.2676862919470295
baseline_dqn_statev1_sparse_seed42_20261010_112003_373206_62090f0a,dqn,42,v1,sparse,737,19252,80.0,9,85,0.14583254516972888,0.6395665400168475,18253,True,False,True,7.299590166949201
baseline_dqn_statev1_sparse_seed42_20261010_112003_373206_62090f0a,dqn,42,v1,sparse,738,19274,20.0,3,22,0.14551205021905933,0.6989384280009703,18275,True,False,True,7.307966166990809
baseline_dqn_statev1_sparse_seed42_20261010_112003_373206_62090f0a,dqn,42,v1,sparse,739,19293,10.0,2,19,0.1452358260083042,0.5020845179495058,18294,True,False,True,7.315220083983149
baseline_dqn_statev1_sparse_seed42_20261010_112003_373206_62090f0a,dqn,42,v1,sparse,740,19299,0.0,1,6,0.14514870629516866,0.543233851591746,18300,True,False,True,7.31754345895024
baseline_dqn_statev1_sparse_seed42_20261010_112003_373206_62090f0a,dqn,42,v1,sparse,741,19378,70.0,8,79,0.14400649209063934,0.5999439700117594,18379,True,False,True,7.3483472089865245
baseline_dqn_statev1_sparse_seed42_20261010_112003_373206_62090f0a,dqn,42,v1,sparse,742,19462,90.0,10,84,0.1428018439296196,0.6537698205737841,18463,True,False,True,7.380800083978102
baseline_dqn_statev1_sparse_seed42_20261010_112003_373206_62090f0a,dqn,42,v1,sparse,743,19530,80.0,9,68,0.14183403727186045,0.641308042275555,18531,True,False,True,7.406731791968923
baseline_dqn_statev1_sparse_seed42_20261010_112003_373206_62090f0a,dqn,42,v1,sparse,744,19531,-10.0,0,1,0.14181985386813326,1.1566193103790283,18532,True,False,True,7.407133583968971
baseline_dqn_statev1_sparse_seed42_20261010_112003_373206_62090f0a,dqn,42,v1,sparse,745,19560,40.0,5,29,0.14140915156264938,0.5900984493822887,18561,True,False,True,7.418092874984723
baseline_dqn_statev1_sparse_seed42_20261010_112003_373206_62090f0a,dqn,42,v1,sparse,746,19599,30.0,4,39,0.14085870242219228,0.5597301496145053,18600,True,False,True,7.43305049999617
baseline_dqn_statev1_sparse_seed42_20261010_112003_373206_62090f0a,dqn,42,v1,sparse,747,19653,70.0,8,54,0.1401000776277352,0.6871395845104147,18654,True,False,True,7.453555708983913
baseline_dqn_statev1_sparse_seed42_20261010_112003_373206_62090f0a,dqn,42,v1,sparse,748,19741,120.0,13,88,0.1388725446341758,0.6688925904983823,18742,True,False,True,7.487005083996337
baseline_dqn_statev1_sparse_seed42_20261010_112003_373206_62090f0a,dqn,42,v1,sparse,749,19788,30.0,4,47,0.1382213426372593,0.708461268785152,18789,True,False,True,7.504723499994725
baseline_dqn_statev1_sparse_seed42_20261010_112003_373206_62090f0a,dqn,42,v1,sparse,750,19812,10.0,2,24,0.13788999262622237,0.6583725195378065,18813,True,False,True,7.513765624957159
baseline_dqn_statev1_sparse_seed42_20261010_112003_373206_62090f0a,dqn,42,v1,sparse,751,19847,20.0,3,35,0.1374081971957183,0.6490926597799573,18848,True,False,True,7.527193333953619
baseline_dqn_statev1_sparse_seed42_20261010_112003_373206_62090f0a,dqn,42,v1,sparse,752,19918,100.0,11,71,0.1364360057490969,0.642852932634488,18919,True,False,True,7.555498333997093
baseline_dqn_statev1_sparse_seed42_20261010_112003_373206_62090f0a,dqn,42,v1,sparse,753,19990,90.0,10,72,0.13545714568898437,0.6450971017281214,18991,True,False,True,7.583504541951697
baseline_dqn_statev1_sparse_seed42_20261010_112003_373206_62090f0a,dqn,42,v1,sparse,754,20052,80.0,9,62,0.13461986776489607,0.6607426087702474,19053,True,False,True,7.608135041955393
baseline_dqn_statev1_sparse_seed42_20261010_112003_373206_62090f0a,dqn,42,v1,sparse,755,20109,70.0,8,57,0.13385467911806037,0.6460735000539244,19110,True,False,True,7.629817041975912
baseline_dqn_statev1_sparse_seed42_20261010_112003_373206_62090f0a,dqn,42,v1,sparse,756,20239,160.0,17,130,0.13212574426818122,0.6189823951858741,19240,True,False,True,7.678604208980687
baseline_dqn_statev1_sparse_seed42_20261010_112003_373206_62090f0a,dqn,42,v1,sparse,757,20292,50.0,6,53,0.1314272954250034,0.6439248697375352,19293,True,False,True,7.6982395419618115
baseline_dqn_statev1_sparse_seed42_20261010_112003_373206_62090f0a,dqn,42,v1,sparse,758,20397,110.0,12,105,0.13005446017870897,0.6638488118137632,19398,True,False,True,7.73731954197865
baseline_dqn_statev1_sparse_seed42_20261010_112003_373206_62090f0a,dqn,42,v1,sparse,759,20406,-10.0,0,9,0.1299374579732309,0.6065636012289259,19407,True,False,True,7.740614541980904
baseline_dqn_statev1_sparse_seed42_20261010_112003_373206_62090f0a,dqn,42,v1,sparse,760,20466,40.0,5,60,0.129160128678267,0.6644809325536092,19467,True,False,True,7.763032458955422
baseline_dqn_statev1_sparse_seed42_20261010_112003_373206_62090f0a,dqn,42,v1,sparse,761,20484,10.0,2,18,0.12892783795628787,0.6657497237126032,19485,True,False,True,7.76984620897565
baseline_dqn_statev1_sparse_seed42_20261010_112003_373206_62090f0a,dqn,42,v1,sparse,762,20565,80.0,9,81,0.12788768875208603,0.646702230344584,19566,True,False,True,7.801077708951198
baseline_dqn_statev1_sparse_seed42_20261010_112003_373206_62090f0a,dqn,42,v1,sparse,763,20654,60.0,7,89,0.12675448191181918,0.6560539238238603,19655,True,False,True,7.834986416972242
baseline_dqn_statev1_sparse_seed42_20261010_112003_373206_62090f0a,dqn,42,v1,sparse,764,20782,160.0,17,128,0.125142284011587,0.6590980011387728,19783,True,False,True,7.883105291984975
baseline_dqn_statev1_sparse_seed42_20261010_112003_373206_62090f0a,dqn,42,v1,sparse,765,20818,30.0,4,36,0.12469255929275536,0.7042691343360477,19819,True,False,True,7.896546166972257
baseline_dqn_statev1_sparse_seed42_20261010_112003_373206_62090f0a,dqn,42,v1,sparse,766,20922,130.0,14,104,0.1234024125597935,0.6795610924466298,19923,True,False,True,7.935098166984972
baseline_dqn_statev1_sparse_seed42_20261010_112003_373206_62090f0a,dqn,42,v1,sparse,767,20953,20.0,3,31,0.12302043834777084,0.6793967533496118,19954,True,False,True,7.946670583973173
baseline_dqn_statev1_sparse_seed42_20261010_112003_373206_62090f0a,dqn,42,v1,sparse,768,21074,130.0,14,121,0.12154078700442796,0.7005127028616007,20075,True,False,True,7.991446291969623
baseline_dqn_statev1_sparse_seed42_20261010_112003_373206_62090f0a,dqn,42,v1,sparse,769,21090,0.0,1,16,0.12134646752612452,0.6327369604259729,20091,True,False,True,7.99739612499252
baseline_dqn_statev1_sparse_seed42_20261010_112003_373206_62090f0a,dqn,42,v1,sparse,770,21102,0.0,1,12,0.12120093182707155,0.6390784904360771,20103,True,False,True,8.001753374992404
baseline_dqn_statev1_sparse_seed42_20261010_112003_373206_62090f0a,dqn,42,v1,sparse,771,21147,30.0,4,45,0.12065672580503803,0.650126748614841,20148,True,False,True,8.019021249958314
baseline_dqn_statev1_sparse_seed42_20261010_112003_373206_62090f0a,dqn,42,v1,sparse,772,21216,80.0,9,69,0.11982701869249948,0.7121535712394161,20217,True,False,True,8.044853791943751
baseline_dqn_statev1_sparse_seed42_20261010_112003_373206_62090f0a,dqn,42,v1,sparse,773,21296,80.0,9,80,0.11887217925068526,0.610326167754829,20297,True,False,True,8.075068083999213
baseline_dqn_statev1_sparse_seed42_20261010_112003_373206_62090f0a,dqn,42,v1,sparse,774,21369,40.0,5,73,0.11800752892257255,0.6936177103078529,20370,True,False,True,8.102174999949057
baseline_dqn_statev1_sparse_seed42_20261010_112003_373206_62090f0a,dqn,42,v1,sparse,775,21508,160.0,17,139,0.11637849086190732,0.705337560326933,20509,True,False,True,8.153972249943763
baseline_dqn_statev1_sparse_seed42_20261010_112003_373206_62090f0a,dqn,42,v1,sparse,776,21537,40.0,5,29,0.11604146531011,0.6825158226078955,20538,True,False,True,8.164721916953567
baseline_dqn_statev1_sparse_seed42_20261010_112003_373206_62090f0a,dqn,42,v1,sparse,777,21574,40.0,5,37,0.1156128838237453,0.6399216470686165,20575,True,False,True,8.178432999993674
baseline_dqn_statev1_sparse_seed42_20261010_112003_373206_62090f0a,dqn,42,v1,sparse,778,21698,130.0,14,124,0.11418806495672101,0.6976056252756426,20699,True,False,True,8.22450679197209
baseline_dqn_statev1_sparse_seed42_20261010_112003_373206_62090f0a,dqn,42,v1,sparse,779,21771,80.0,9,73,0.11335748585525474,0.668402058825101,20772,True,False,True,8.251571791945025
baseline_dqn_statev1_sparse_seed42_20261010_112003_373206_62090f0a,dqn,42,v1,sparse,780,21844,70.0,8,73,0.11253294820517871,0.6847376798930234,20845,True,False,True,8.278778874955606
baseline_dqn_statev1_sparse_seed42_20261010_112003_373206_62090f0a,dqn,42,v1,sparse,781,22002,170.0,18,158,0.11076881278668166,0.7073314480389221,21003,True,False,True,8.338633041945286
baseline_dqn_statev1_sparse_seed42_20261010_112003_373206_62090f0a,dqn,42,v1,sparse,782,22023,20.0,3,21,0.11053643074708024,0.7229746253717513,21024,True,False,True,8.346595416951459
baseline_dqn_statev1_sparse_seed42_20261010_112003_373206_62090f0a,dqn,42,v1,sparse,783,22077,50.0,6,54,0.10994111305911668,0.6957478360445412,21078,True,False,True,8.366953749966342
baseline_dqn_statev1_sparse_seed42_20261010_112003_373206_62090f0a,dqn,42,v1,sparse,784,22118,30.0,4,41,0.10949125484184169,0.7087187897868272,21119,True,False,True,8.382323374971747
baseline_dqn_statev1_sparse_seed42_20261010_112003_373206_62090f0a,dqn,42,v1,sparse,785,22268,160.0,17,150,0.10786106152560017,0.664056698679924,21269,True,False,True,8.439939291973133
baseline_dqn_statev1_sparse_seed42_20261010_112003_373206_62090f0a,dqn,42,v1,sparse,786,22288,20.0,3,20,0.10764554421565652,0.7900881543755531,21289,True,False,True,8.447618041944224
baseline_dqn_statev1_sparse_seed42_20261010_112003_373206_62090f0a,dqn,42,v1,sparse,787,22343,80.0,9,55,0.10705508943838886,0.7245475240729072,21344,True,False,True,8.468203833966982
baseline_dqn_statev1_sparse_seed42_20261010_112003_373206_62090f0a,dqn,42,v1,sparse,788,22462,120.0,13,119,0.10578862098299864,0.7409329684842535,21463,True,False,True,8.51327624998521
baseline_dqn_statev1_sparse_seed42_20261010_112003_373206_62090f0a,dqn,42,v1,sparse,789,22537,100.0,11,75,0.10499813482932177,0.6843912172317504,21538,True,False,True,8.54147233394906
baseline_dqn_statev1_sparse_seed42_20261010_112003_373206_62090f0a,dqn,42,v1,sparse,790,22633,110.0,12,96,0.10399492568259101,0.7373671991129717,21634,True,False,True,8.577664874959737
baseline_dqn_statev1_sparse_seed42_20261010_112003_373206_62090f0a,dqn,42,v1,sparse,791,22669,50.0,6,36,0.10362119837625394,0.817194445265664,21670,True,False,True,8.59164720895933
baseline_dqn_statev1_sparse_seed42_20261010_112003_373206_62090f0a,dqn,42,v1,sparse,792,22692,10.0,2,23,0.10338313159819902,0.6682809656080992,21693,True,False,True,8.6005363749573
baseline_dqn_statev1_sparse_seed42_20261010_112003_373206_62090f0a,dqn,42,v1,sparse,793,22788,80.0,9,96,0.10239535306855582,0.67218914674595,21789,True,False,True,8.636923624959309
baseline_dqn_statev1_sparse_seed42_20261010_112003_373206_62090f0a,dqn,42,v1,sparse,794,22823,30.0,4,35,0.10203757791552494,0.7031490061964307,21824,True,False,True,8.650166999956127
baseline_dqn_statev1_sparse_seed42_20261010_112003_373206_62090f0a,dqn,42,v1,sparse,795,22934,100.0,11,111,0.10091116762230903,0.6990297882406561,21935,True,False,True,8.691849791968707
baseline_dqn_statev1_sparse_seed42_20261010_112003_373206_62090f0a,dqn,42,v1,sparse,796,23043,120.0,13,109,0.09981715439788887,0.6811286019622733,22044,True,False,True,8.732742749969475
baseline_dqn_statev1_sparse_seed42_20261010_112003_373206_62090f0a,dqn,42,v1,sparse,797,23142,120.0,13,99,0.09883379108079253,0.6856221580746198,22143,True,False,True,8.769911041948944
baseline_dqn_statev1_sparse_seed42_20261010_112003_373206_62090f0a,dqn,42,v1,sparse,798,23185,40.0,5,43,0.09840969702978954,0.6372399129146753,22186,True,False,True,8.785808374988846
baseline_dqn_statev1_sparse_seed42_20261010_112003_373206_62090f0a,dqn,42,v1,sparse,799,23271,130.0,14,86,0.09756696045937506,0.734657097088043,22272,True,False,True,8.81803179194685
baseline_dqn_statev1_sparse_seed42_20261010_112003_373206_62090f0a,dqn,42,v1,sparse,800,23353,80.0,9,82,0.09677014295887358,0.6885287512729807,22354,True,False,True,8.84850349999033
baseline_dqn_statev1_sparse_seed42_20261010_112003_373206_62090f0a,dqn,42,v1,sparse,801,23508,200.0,21,155,0.0952816965801943,0.6941175649243017,22509,True,False,True,8.909236374951433
baseline_dqn_statev1_sparse_seed42_20261010_112003_373206_62090f0a,dqn,42,v1,sparse,802,23510,-10.0,0,2,0.09526264119369522,0.8155819773674011,22511,True,False,True,8.910023124946747
baseline_dqn_statev1_sparse_seed42_20261010_112003_373206_62090f0a,dqn,42,v1,sparse,803,23542,30.0,4,32,0.09495827277241543,0.7520652506500483,22543,True,False,True,8.922140749986283
baseline_dqn_statev1_sparse_seed42_20261010_112003_373206_62090f0a,dqn,42,v1,sparse,804,23601,70.0,8,59,0.09439964061642395,0.6936767687231807,22602,True,False,True,8.944398999970872
baseline_dqn_statev1_sparse_seed42_20261010_112003_373206_62090f0a,dqn,42,v1,sparse,805,23631,30.0,4,30,0.09411685195000742,0.8414370159308115,22632,True,False,True,8.955775874957908
baseline_dqn_statev1_sparse_seed42_20261010_112003_373206_62090f0a,dqn,42,v1,sparse,806,23647,10.0,2,16,0.09396637787442144,0.7205664962530136,22648,True,False,True,8.9618622919661
baseline_dqn_statev1_sparse_seed42_20261010_112003_373206_62090f0a,dqn,42,v1,sparse,807,23795,170.0,18,148,0.09258584757884979,0.7198747080322858,22796,True,False,True,9.017210624995641
baseline_dqn_statev1_sparse_seed42_20261010_112003_373206_62090f0a,dqn,42,v1,sparse,808,23969,190.0,20,174,0.09098870937273836,0.709698967978187,22970,True,False,True,9.08220549998805
baseline_dqn_statev1_sparse_seed42_20261010_112003_373206_62090f0a,dqn,42,v1,sparse,809,24080,110.0,12,111,0.08998426943112442,0.7203540804686847,23081,True,False,True,9.123486083990429
baseline_dqn_statev1_sparse_seed42_20261010_112003_373206_62090f0a,dqn,42,v1,sparse,810,24108,30.0,4,28,0.08973265332265144,0.6820160927517074,23109,True,False,True,9.134047708997969
baseline_dqn_statev1_sparse_seed42_20261010_112003_373206_62090f0a,dqn,42,v1,sparse,811,24195,90.0,10,87,0.08895532664603314,0.7204880625352093,23196,True,False,True,9.167132333968766
baseline_dqn_statev1_sparse_seed42_20261010_112003_373206_62090f0a,dqn,42,v1,sparse,812,24250,40.0,5,55,0.08846739100536849,0.7465143452991139,23251,True,False,True,9.187760083994363
baseline_dqn_statev1_sparse_seed42_20261010_112003_373206_62090f0a,dqn,42,v1,sparse,813,24364,110.0,12,114,0.08746453971824296,0.7503134563826678,23365,True,False,True,9.23080212494824
baseline_dqn_statev1_sparse_seed42_20261010_112003_373206_62090f0a,dqn,42,v1,sparse,814,24408,30.0,4,44,0.08708052200083448,0.7518639381636273,23409,True,False,True,9.247182374994736
baseline_dqn_statev1_sparse_seed42_20261010_112003_373206_62090f0a,dqn,42,v1,sparse,815,24472,80.0,9,64,0.08652495858075608,0.7223886954598129,23473,True,False,True,9.271085499960463
baseline_dqn_statev1_sparse_seed42_20261010_112003_373206_62090f0a,dqn,42,v1,sparse,816,24505,30.0,4,33,0.08623988259749454,0.7214356940804105,23506,True,False,True,9.28343524999218
baseline_dqn_statev1_sparse_seed42_20261010_112003_373206_62090f0a,dqn,42,v1,sparse,817,24522,10.0,2,17,0.08609339202469654,0.8410665953860563,23523,True,False,True,9.289842708967626
baseline_dqn_statev1_sparse_seed42_20261010_112003_373206_62090f0a,dqn,42,v1,sparse,818,24622,90.0,10,100,0.08523670583974778,0.7476411539316178,23623,True,False,True,9.32702425000025
baseline_dqn_statev1_sparse_seed42_20261010_112003_373206_62090f0a,dqn,42,v1,sparse,819,24671,70.0,8,49,0.08482004679619702,0.7652264772629251,23672,True,False,True,9.345181041979231
baseline_dqn_statev1_sparse_seed42_20261010_112003_373206_62090f0a,dqn,42,v1,sparse,820,24708,40.0,5,37,0.08450677686607082,0.7294116664577175,23709,True,False,True,9.358865749964025
baseline_dqn_statev1_sparse_seed42_20261010_112003_373206_62090f0a,dqn,42,v1,sparse,821,24735,30.0,4,27,0.08427890494028513,0.720117305163984,23736,True,False,True,9.369053124974016
baseline_dqn_statev1_sparse_seed42_20261010_112003_373206_62090f0a,dqn,42,v1,sparse,822,25047,300.0,31,312,0.08168987258649088,0.7366442108670106,24048,True,False,True,9.486982499947771
baseline_dqn_statev1_sparse_seed42_20261010_112003_373206_62090f0a,dqn,42,v1,sparse,823,25085,30.0,4,38,0.08138002466193335,0.6877047521503348,24086,True,False,True,9.501280999975279
baseline_dqn_statev1_sparse_seed42_20261010_112003_373206_62090f0a,dqn,42,v1,sparse,824,25156,40.0,5,71,0.08080424413706777,0.7418609135587451,24157,True,False,True,9.52768004196696
baseline_dqn_statev1_sparse_seed42_20261010_112003_373206_62090f0a,dqn,42,v1,sparse,825,25181,30.0,4,25,0.08060247575370998,0.7539407444000245,24182,True,False,True,9.536998541967478
baseline_dqn_statev1_sparse_seed42_20261010_112003_373206_62090f0a,dqn,42,v1,sparse,826,25267,100.0,11,86,0.07991223225094798,0.7315231222052907,24268,True,False,True,9.569120791973546
baseline_dqn_statev1_sparse_seed42_20261010_112003_373206_62090f0a,dqn,42,v1,sparse,827,25354,90.0,10,87,0.07921997689443441,0.7271580178847258,24355,True,False,True,9.601565291988663
baseline_dqn_statev1_sparse_seed42_20261010_112003_373206_62090f0a,dqn,42,v1,sparse,828,25444,90.0,10,90,0.07851016057590371,0.7294575358430545,24445,True,False,True,9.635037958971225
baseline_dqn_statev1_sparse_seed42_20261010_112003_373206_62090f0a,dqn,42,v1,sparse,829,25518,110.0,12,74,0.07793130086675745,0.7090851596078357,24519,True,False,True,9.662518833996728
baseline_dqn_statev1_sparse_seed42_20261010_112003_373206_62090f0a,dqn,42,v1,sparse,830,25684,140.0,15,166,0.07664825585695921,0.7192326363131224,24685,True,False,True,9.724619291955605
baseline_dqn_statev1_sparse_seed42_20261010_112003_373206_62090f0a,dqn,42,v1,sparse,831,25755,80.0,9,71,0.07610595357613925,0.7469260230870314,24756,True,False,True,9.751211624999996
baseline_dqn_statev1_sparse_seed42_20261010_112003_373206_62090f0a,dqn,42,v1,sparse,832,25802,50.0,6,47,0.07574907706698786,0.7678734533330227,24803,True,False,True,9.769163249991834
baseline_dqn_statev1_sparse_seed42_20261010_112003_373206_62090f0a,dqn,42,v1,sparse,833,25899,120.0,13,97,0.0750178267542196,0.7624907117221773,24900,True,False,True,9.806052208994515
baseline_dqn_statev1_sparse_seed42_20261010_112003_373206_62090f0a,dqn,42,v1,sparse,834,26012,120.0,13,113,0.07417485492379705,0.744098072426509,25013,True,False,True,9.848776916973293
baseline_dqn_statev1_sparse_seed42_20261010_112003_373206_62090f0a,dqn,42,v1,sparse,835,26069,50.0,6,57,0.07375323991398665,0.7728784677752277,25070,True,False,True,9.870071791985538
baseline_dqn_statev1_sparse_seed42_20261010_112003_373206_62090f0a,dqn,42,v1,sparse,836,26226,170.0,18,157,0.07260429938379426,0.7765029985813579,25227,True,False,True,9.94518508395413
baseline_dqn_statev1_sparse_seed42_20261010_112003_373206_62090f0a,dqn,42,v1,sparse,837,26244,10.0,2,18,0.07247372267025856,0.7926125708553526,25245,True,False,True,9.952373624953907
baseline_dqn_statev1_sparse_seed42_20261010_112003_373206_62090f0a,dqn,42,v1,sparse,838,26406,190.0,20,162,0.0713090494539863,0.7806467250173474,25407,True,False,True,10.014369374956004
baseline_dqn_statev1_sparse_seed42_20261010_112003_373206_62090f0a,dqn,42,v1,sparse,839,26481,110.0,12,75,0.07077620560271522,0.7780146598815918,25482,True,False,True,10.04259116697358
baseline_dqn_statev1_sparse_seed42_20261010_112003_373206_62090f0a,dqn,42,v1,sparse,840,26532,40.0,5,51,0.07041614787861544,0.7738568496470358,25533,True,False,True,10.061611749988515
baseline_dqn_statev1_sparse_seed42_20261010_112003_373206_62090f0a,dqn,42,v1,sparse,841,26622,120.0,13,90,0.0697852144599032,0.8188879582617018,25623,True,False,True,10.096432958962396
baseline_dqn_statev1_sparse_seed42_20261010_112003_373206_62090f0a,dqn,42,v1,sparse,842,26811,220.0,23,189,0.06847859502472027,0.8016367069785557,25812,True,False,True,10.168041333963629
baseline_dqn_statev1_sparse_seed42_20261010_112003_373206_62090f0a,dqn,42,v1,sparse,843,26940,140.0,15,129,0.06760085088336631,0.7720946230629618,25941,True,False,True,10.216647749999538
baseline_dqn_statev1_sparse_seed42_20261010_112003_373206_62090f0a,dqn,42,v1,sparse,844,27072,140.0,15,132,0.06671433917541052,0.7799377214502204,26073,True,False,True,10.265929833985865
baseline_dqn_statev1_sparse_seed42_20261010_112003_373206_62090f0a,dqn,42,v1,sparse,845,27085,-10.0,0,13,0.06662766255259155,0.7326409037296588,26086,True,False,True,10.270816583943088
baseline_dqn_statev1_sparse_seed42_20261010_112003_373206_62090f0a,dqn,42,v1,sparse,846,27121,30.0,4,36,0.06638822224634704,0.7922209629582034,26122,True,False,True,10.28426516696345
baseline_dqn_statev1_sparse_seed42_20261010_112003_373206_62090f0a,dqn,42,v1,sparse,847,27215,110.0,12,94,0.0657670659076917,0.7958723097405536,26216,True,False,True,10.319283499964513
baseline_dqn_statev1_sparse_seed42_20261010_112003_373206_62090f0a,dqn,42,v1,sparse,848,27331,140.0,15,116,0.06500853798412352,0.7521214681709635,26332,True,False,True,10.362650291994214
baseline_dqn_statev1_sparse_seed42_20261010_112003_373206_62090f0a,dqn,42,v1,sparse,849,27379,60.0,7,48,0.06469722917498437,0.737143576455613,26380,True,False,True,10.38059874996543
baseline_dqn_statev1_sparse_seed42_20261010_112003_373206_62090f0a,dqn,42,v1,sparse,850,27397,30.0,4,18,0.0645808730964569,0.8257638431257672,26398,True,False,True,10.387334083963651
baseline_dqn_statev1_sparse_seed42_20261010_112003_373206_62090f0a,dqn,42,v1,sparse,851,27565,170.0,18,168,0.06350492391071212,0.7774510456337815,26566,True,False,True,10.45125779195223
baseline_dqn_statev1_sparse_seed42_20261010_112003_373206_62090f0a,dqn,42,v1,sparse,852,27630,70.0,8,65,0.06309346003810913,0.7178747470562274,26631,True,False,True,10.475665166974068
baseline_dqn_statev1_sparse_seed42_20261010_112003_373206_62090f0a,dqn,42,v1,sparse,853,27635,-10.0,0,5,0.06306191961680518,0.676633870601654,26636,True,False,True,10.477561333973426
baseline_dqn_statev1_sparse_seed42_20261010_112003_373206_62090f0a,dqn,42,v1,sparse,854,27755,130.0,14,120,0.062309661543837394,0.7838032945990563,26756,True,False,True,10.522555291943718
baseline_dqn_statev1_sparse_seed42_20261010_112003_373206_62090f0a,dqn,42,v1,sparse,855,27773,0.0,1,18,0.06219759943601505,0.6154575645923615,26774,True,False,True,10.536987374944147
baseline_dqn_statev1_sparse_seed42_20261010_112003_373206_62090f0a,dqn,42,v1,sparse,856,27890,130.0,14,117,0.061474092118257384,0.7351165304326603,26891,True,False,True,10.588317374989856
baseline_dqn_statev1_sparse_seed42_20261010_112003_373206_62090f0a,dqn,42,v1,sparse,857,27986,100.0,11,96,0.060886735289488444,0.728547144215554,26987,True,False,True,10.624787708977237
baseline_dqn_statev1_sparse_seed42_20261010_112003_373206_62090f0a,dqn,42,v1,sparse,858,28116,190.0,20,130,0.060100291369627384,0.8063537008487262,27117,True,False,True,10.673820833966602
baseline_dqn_statev1_sparse_seed42_20261010_112003_373206_62090f0a,dqn,42,v1,sparse,859,28185,90.0,10,69,0.05968700616830679,0.7616791327794393,27186,True,False,True,10.699768708960619
baseline_dqn_statev1_sparse_seed42_20261010_112003_373206_62090f0a,dqn,42,v1,sparse,860,28319,160.0,17,134,0.05889249566889486,0.7780414595087962,27320,True,False,True,10.749887499958277
baseline_dqn_statev1_sparse_seed42_20261010_112003_373206_62090f0a,dqn,42,v1,sparse,861,28370,50.0,6,51,0.05859289359533741,0.7830784297456929,27371,True,False,True,10.769573458994273
baseline_dqn_statev1_sparse_seed42_20261010_112003_373206_62090f0a,dqn,42,v1,sparse,862,28376,0.0,1,6,0.058557746646942486,0.9172692795594534,27377,True,False,True,10.771879374980927
baseline_dqn_statev1_sparse_seed42_20261010_112003_373206_62090f0a,dqn,42,v1,sparse,863,28479,130.0,14,103,0.05795766756475316,0.7807185782969577,27480,True,False,True,10.810846583975945
baseline_dqn_statev1_sparse_seed42_20261010_112003_373206_62090f0a,dqn,42,v1,sparse,864,28536,50.0,6,57,0.05762823217045405,0.7438172081060577,27537,True,False,True,10.832319249981083
baseline_dqn_statev1_sparse_seed42_20261010_112003_373206_62090f0a,dqn,42,v1,sparse,865,28601,80.0,9,65,0.057254844815271044,0.7854465936238949,27602,True,False,True,10.856776499946136
baseline_dqn_statev1_sparse_seed42_20261010_112003_373206_62090f0a,dqn,42,v1,sparse,866,28649,70.0,8,48,0.05698066640564058,0.8044221978634596,27650,True,False,True,10.874805166968144
baseline_dqn_statev1_sparse_seed42_20261010_112003_373206_62090f0a,dqn,42,v1,sparse,867,28762,140.0,15,113,0.05634037730721027,0.8009925819603743,27763,True,False,True,10.917004874965642
baseline_dqn_statev1_sparse_seed42_20261010_112003_373206_62090f0a,dqn,42,v1,sparse,868,28838,70.0,8,76,0.05591379218691816,0.7366658594263228,27839,True,False,True,10.945353041985072
baseline_dqn_statev1_sparse_seed42_20261010_112003_373206_62090f0a,dqn,42,v1,sparse,869,28996,140.0,15,158,0.05503725333538481,0.7811641149883028,27997,True,False,True,11.004072041949257
baseline_dqn_statev1_sparse_seed42_20261010_112003_373206_62090f0a,dqn,42,v1,sparse,870,29163,170.0,18,167,0.05412571813191169,0.8162892900719614,28164,True,False,True,11.066207208961714
baseline_dqn_statev1_sparse_seed42_20261010_112003_373206_62090f0a,dqn,42,v1,sparse,871,29288,130.0,14,125,0.05345332425229972,0.8079405722618103,28289,True,False,True,11.113769124960527
baseline_dqn_statev1_sparse_seed42_20261010_112003_373206_62090f0a,dqn,42,v1,sparse,872,29384,120.0,13,96,0.05294260219137699,0.8503866245349249,28385,True,False,True,11.149958750000224
baseline_dqn_statev1_sparse_seed42_20261010_112003_373206_62090f0a,dqn,42,v1,sparse,873,29444,70.0,8,60,0.05262588185317049,0.7862341995040576,28445,True,False,True,11.172665249963757
baseline_dqn_statev1_sparse_seed42_20261010_112003_373206_62090f0a,dqn,42,v1,sparse,874,29566,120.0,13,122,0.0519877149197506,0.7880128766181039,28567,True,False,True,11.21838958398439
baseline_dqn_statev1_sparse_seed42_20261010_112003_373206_62090f0a,dqn,42,v1,sparse,875,29717,200.0,21,151,0.051208558899264435,0.7704663795745925,28718,True,False,True,11.274851041962393
baseline_dqn_statev1_sparse_seed42_20261010_112003_373206_62090f0a,dqn,42,v1,sparse,876,29766,80.0,9,49,0.05095823823092822,0.7713649789897763,28767,True,False,True,11.293202458997257
baseline_dqn_statev1_sparse_seed42_20261010_112003_373206_62090f0a,dqn,42,v1,sparse,877,29930,180.0,19,164,0.050129297569807496,0.7941655605667974,28931,True,False,True,11.354276833997574
baseline_dqn_statev1_sparse_seed42_20261010_112003_373206_62090f0a,dqn,42,v1,sparse,878,29942,10.0,2,12,0.050069175487034163,0.6775283589959145,28943,True,False,True,11.358744333963841
baseline_dqn_statev1_sparse_seed42_20261010_112003_373206_62090f0a,dqn,42,v1,sparse,879,30039,110.0,12,97,0.05,0.8230707316668993,29040,True,False,True,11.395039166964125
baseline_dqn_statev1_sparse_seed42_20261010_112003_373206_62090f0a,dqn,42,v1,sparse,880,30143,130.0,14,104,0.05,0.8051933641903676,29144,True,False,True,11.433665958989877
baseline_dqn_statev1_sparse_seed42_20261010_112003_373206_62090f0a,dqn,42,v1,sparse,881,30188,30.0,4,45,0.05,0.7421582135889265,29189,True,False,True,11.450795083947014
baseline_dqn_statev1_sparse_seed42_20261010_112003_373206_62090f0a,dqn,42,v1,sparse,882,30400,280.0,29,212,0.05,0.817262422644867,29401,True,False,True,11.532070541987196
baseline_dqn_statev1_sparse_seed42_20261010_112003_373206_62090f0a,dqn,42,v1,sparse,883,30470,50.0,6,70,0.05,0.8022008627653122,29471,True,False,True,11.559691874950659
baseline_dqn_statev1_sparse_seed42_20261010_112003_373206_62090f0a,dqn,42,v1,sparse,884,30508,40.0,5,38,0.05,0.7918469254907808,29509,True,False,True,11.57419737498276
baseline_dqn_statev1_sparse_seed42_20261010_112003_373206_62090f0a,dqn,42,v1,sparse,885,30519,0.0,1,11,0.05,0.7317258851094679,29520,True,False,True,11.578409624984488
baseline_dqn_statev1_sparse_seed42_20261010_112003_373206_62090f0a,dqn,42,v1,sparse,886,30632,160.0,17,113,0.05,0.7774978042703814,29633,True,False,True,11.621943499951158
baseline_dqn_statev1_sparse_seed42_20261010_112003_373206_62090f0a,dqn,42,v1,sparse,887,30668,20.0,3,36,0.05,0.7417639767130216,29669,True,False,True,11.635519916948397
baseline_dqn_statev1_sparse_seed42_20261010_112003_373206_62090f0a,dqn,42,v1,sparse,888,30760,130.0,14,92,0.05,0.8290599544087182,29761,True,False,True,11.670676208974328
baseline_dqn_statev1_sparse_seed42_20261010_112003_373206_62090f0a,dqn,42,v1,sparse,889,30837,100.0,11,77,0.05,0.8156947559350497,29838,True,False,True,11.699638499994762
baseline_dqn_statev1_sparse_seed42_20261010_112003_373206_62090f0a,dqn,42,v1,sparse,890,30906,120.0,13,69,0.05,0.844640381526256,29907,True,False,True,11.725959124974906
baseline_dqn_statev1_sparse_seed42_20261010_112003_373206_62090f0a,dqn,42,v1,sparse,891,31045,170.0,18,139,0.05,0.7918109686897813,30046,True,False,True,11.7791839169804
baseline_dqn_statev1_sparse_seed42_20261010_112003_373206_62090f0a,dqn,42,v1,sparse,892,31179,150.0,16,134,0.05,0.8218631806658275,30180,True,False,True,11.830713833973277
baseline_dqn_statev1_sparse_seed42_20261010_112003_373206_62090f0a,dqn,42,v1,sparse,893,31322,160.0,17,143,0.05,0.7899028128468907,30323,True,False,True,11.888271541974973
baseline_dqn_statev1_sparse_seed42_20261010_112003_373206_62090f0a,dqn,42,v1,sparse,894,31397,90.0,10,75,0.05,0.8758903264999389,30398,True,False,True,11.916934916982427
baseline_dqn_statev1_sparse_seed42_20261010_112003_373206_62090f0a,dqn,42,v1,sparse,895,31472,110.0,12,75,0.05,0.7858882331848145,30473,True,False,True,11.945425916987006
baseline_dqn_statev1_sparse_seed42_20261010_112003_373206_62090f0a,dqn,42,v1,sparse,896,31629,180.0,19,157,0.05,0.8257508984037266,30630,True,False,True,12.004470708954614
baseline_dqn_statev1_sparse_seed42_20261010_112003_373206_62090f0a,dqn,42,v1,sparse,897,31728,100.0,11,99,0.05,0.8059705032242669,30729,True,False,True,12.041471583943348
baseline_dqn_statev1_sparse_seed42_20261010_112003_373206_62090f0a,dqn,42,v1,sparse,898,31898,160.0,17,170,0.05,0.826204395644805,30899,True,False,True,12.107273958972655
baseline_dqn_statev1_sparse_seed42_20261010_112003_373206_62090f0a,dqn,42,v1,sparse,899,31977,90.0,10,79,0.05,0.7803466022014618,30978,True,False,True,12.137250874948222
baseline_dqn_statev1_sparse_seed42_20261010_112003_373206_62090f0a,dqn,42,v1,sparse,900,32093,150.0,16,116,0.05,0.8259762381685192,31094,True,False,True,12.181478791986592
baseline_dqn_statev1_sparse_seed42_20261010_112003_373206_62090f0a,dqn,42,v1,sparse,901,32300,200.0,21,207,0.05,0.8378815590471461,31301,True,False,True,12.262919499946292
baseline_dqn_statev1_sparse_seed42_20261010_112003_373206_62090f0a,dqn,42,v1,sparse,902,32344,70.0,8,44,0.05,0.7866333059289239,31345,True,False,True,12.280014083953574
baseline_dqn_statev1_sparse_seed42_20261010_112003_373206_62090f0a,dqn,42,v1,sparse,903,32635,290.0,30,291,0.05,0.8477409135844699,31636,True,False,True,12.390504249953665
baseline_dqn_statev1_sparse_seed42_20261010_112003_373206_62090f0a,dqn,42,v1,sparse,904,32669,40.0,5,34,0.05,0.9056177034097559,31670,True,False,True,12.403237083985005
baseline_dqn_statev1_sparse_seed42_20261010_112003_373206_62090f0a,dqn,42,v1,sparse,905,32802,150.0,16,133,0.05,0.8173687974537226,31803,True,False,True,12.453922291984782
baseline_dqn_statev1_sparse_seed42_20261010_112003_373206_62090f0a,dqn,42,v1,sparse,906,32873,60.0,7,71,0.05,0.9045697320515002,31874,True,False,True,12.480464958993252
baseline_dqn_statev1_sparse_seed42_20261010_112003_373206_62090f0a,dqn,42,v1,sparse,907,32960,90.0,10,87,0.05,0.9211424685072624,31961,True,False,True,12.513592708972283
baseline_dqn_statev1_sparse_seed42_20261010_112003_373206_62090f0a,dqn,42,v1,sparse,908,33024,100.0,11,64,0.05,0.8134017866104841,32025,True,False,True,12.538340333965607
baseline_dqn_statev1_sparse_seed42_20261010_112003_373206_62090f0a,dqn,42,v1,sparse,909,33131,130.0,14,107,0.05,0.8576464302071901,32132,True,False,True,12.578766583988909
baseline_dqn_statev1_sparse_seed42_20261010_112003_373206_62090f0a,dqn,42,v1,sparse,910,33204,90.0,10,73,0.05,0.859812710383167,32205,True,False,True,12.606200874957722
baseline_dqn_statev1_sparse_seed42_20261010_112003_373206_62090f0a,dqn,42,v1,sparse,911,33341,150.0,16,137,0.05,0.836033211246024,32342,True,False,True,12.659185333992355
baseline_dqn_statev1_sparse_seed42_20261010_112003_373206_62090f0a,dqn,42,v1,sparse,912,33372,40.0,5,31,0.05,0.8258137731782852,32373,True,False,True,12.671180833945982
baseline_dqn_statev1_sparse_seed42_20261010_112003_373206_62090f0a,dqn,42,v1,sparse,913,33385,0.0,1,13,0.05,0.8156241338986617,32386,True,False,True,12.676199416979216
baseline_dqn_statev1_sparse_seed42_20261010_112003_373206_62090f0a,dqn,42,v1,sparse,914,33447,60.0,7,62,0.05,0.8751048517803992,32448,True,False,True,12.700244583946187
baseline_dqn_statev1_sparse_seed42_20261010_112003_373206_62090f0a,dqn,42,v1,sparse,915,33490,30.0,4,43,0.05,0.8487291519725045,32491,True,False,True,12.71671637496911
baseline_dqn_statev1_sparse_seed42_20261010_112003_373206_62090f0a,dqn,42,v1,sparse,916,33530,30.0,4,40,0.05,0.7562185525894165,32531,True,False,True,12.731966291961726
baseline_dqn_statev1_sparse_seed42_20261010_112003_373206_62090f0a,dqn,42,v1,sparse,917,33616,70.0,8,86,0.05,0.8208554525708043,32617,True,False,True,12.76472787495004
baseline_dqn_statev1_sparse_seed42_20261010_112003_373206_62090f0a,dqn,42,v1,sparse,918,33749,200.0,21,133,0.05,0.8687656288756463,32750,True,False,True,12.815111874951981
baseline_dqn_statev1_sparse_seed42_20261010_112003_373206_62090f0a,dqn,42,v1,sparse,919,33932,200.0,21,183,0.05,0.8359762439148022,32933,True,False,True,12.883990999951493
baseline_dqn_statev1_sparse_seed42_20261010_112003_373206_62090f0a,dqn,42,v1,sparse,920,34015,100.0,11,83,0.05,0.8629026035946535,33016,True,False,True,12.915192541957367
baseline_dqn_statev1_sparse_seed42_20261010_112003_373206_62090f0a,dqn,42,v1,sparse,921,34121,150.0,16,106,0.05,0.9160509562154986,33122,True,False,True,12.957131124974694
baseline_dqn_statev1_sparse_seed42_20261010_112003_373206_62090f0a,dqn,42,v1,sparse,922,34296,180.0,19,175,0.05,0.9272613539014544,33297,True,False,True,13.024092124949675
baseline_dqn_statev1_sparse_seed42_20261010_112003_373206_62090f0a,dqn,42,v1,sparse,923,34392,110.0,12,96,0.05,0.9053706545382738,33393,True,False,True,13.060236874967813
baseline_dqn_statev1_sparse_seed42_20261010_112003_373206_62090f0a,dqn,42,v1,sparse,924,34680,260.0,27,288,0.05,0.8846881212666631,33681,True,False,True,13.169214833993465
baseline_dqn_statev1_sparse_seed42_20261010_112003_373206_62090f0a,dqn,42,v1,sparse,925,34820,180.0,19,140,0.05,0.8905373984149524,33821,True,False,True,13.222674708988052
baseline_dqn_statev1_sparse_seed42_20261010_112003_373206_62090f0a,dqn,42,v1,sparse,926,34921,120.0,13,101,0.05,0.8571631209094925,33922,True,False,True,13.261594541952945
baseline_dqn_statev1_sparse_seed42_20261010_112003_373206_62090f0a,dqn,42,v1,sparse,927,35143,240.0,25,222,0.05,0.8565836977045815,34144,True,False,True,13.347615416976623
baseline_dqn_statev1_sparse_seed42_20261010_112003_373206_62090f0a,dqn,42,v1,sparse,928,35310,180.0,19,167,0.05,0.8537045387093892,34311,True,False,True,13.411933791998308
baseline_dqn_statev1_sparse_seed42_20261010_112003_373206_62090f0a,dqn,42,v1,sparse,929,35465,190.0,20,155,0.05,0.8752321051013086,34466,True,False,True,13.472133458999451
baseline_dqn_statev1_sparse_seed42_20261010_112003_373206_62090f0a,dqn,42,v1,sparse,930,35533,90.0,10,68,0.05,0.8737898188478807,34534,True,False,True,13.498034499993082
baseline_dqn_statev1_sparse_seed42_20261010_112003_373206_62090f0a,dqn,42,v1,sparse,931,35604,80.0,9,71,0.05,0.8854830974424389,34605,True,False,True,13.525536833971273
baseline_dqn_statev1_sparse_seed42_20261010_112003_373206_62090f0a,dqn,42,v1,sparse,932,35674,90.0,10,70,0.05,0.9062595784664154,34675,True,False,True,13.552216416981537
baseline_dqn_statev1_sparse_seed42_20261010_112003_373206_62090f0a,dqn,42,v1,sparse,933,35726,70.0,8,52,0.05,0.8704688577697828,34727,True,False,True,13.572199416987132
baseline_dqn_statev1_sparse_seed42_20261010_112003_373206_62090f0a,dqn,42,v1,sparse,934,35946,240.0,25,220,0.05,0.858608680692586,34947,True,False,True,13.655135041975882
baseline_dqn_statev1_sparse_seed42_20261010_112003_373206_62090f0a,dqn,42,v1,sparse,935,35990,60.0,7,44,0.05,0.8737096976150166,34991,True,False,True,13.671957208949607
baseline_dqn_statev1_sparse_seed42_20261010_112003_373206_62090f0a,dqn,42,v1,sparse,936,36016,10.0,2,26,0.05,0.8909550320643645,35017,True,False,True,13.68183954199776
baseline_dqn_statev1_sparse_seed42_20261010_112003_373206_62090f0a,dqn,42,v1,sparse,937,36156,140.0,15,140,0.05,0.8529530712536403,35157,True,False,True,13.734242874954361
baseline_dqn_statev1_sparse_seed42_20261010_112003_373206_62090f0a,dqn,42,v1,sparse,938,36277,130.0,14,121,0.05,0.8682079421094626,35278,True,False,True,13.779629583994392
baseline_dqn_statev1_sparse_seed42_20261010_112003_373206_62090f0a,dqn,42,v1,sparse,939,36398,100.0,11,121,0.05,0.882384372644188,35399,True,False,True,13.824635041994043
baseline_dqn_statev1_sparse_seed42_20261010_112003_373206_62090f0a,dqn,42,v1,sparse,940,36597,190.0,20,199,0.05,0.8534683915388644,35598,True,False,True,13.899400374968536
baseline_dqn_statev1_sparse_seed42_20261010_112003_373206_62090f0a,dqn,42,v1,sparse,941,36638,40.0,5,41,0.05,0.9383048691400667,35639,True,False,True,13.915216083987616
baseline_dqn_statev1_sparse_seed42_20261010_112003_373206_62090f0a,dqn,42,v1,sparse,942,36659,0.0,1,21,0.05,0.8298691284088862,35660,True,False,True,13.923369916970842
baseline_dqn_statev1_sparse_seed42_20261010_112003_373206_62090f0a,dqn,42,v1,sparse,943,36701,20.0,3,42,0.05,0.8433631509542465,35702,True,False,True,13.939532208954915
baseline_dqn_statev1_sparse_seed42_20261010_112003_373206_62090f0a,dqn,42,v1,sparse,944,36784,100.0,11,83,0.05,0.8298009874590908,35785,True,False,True,13.971221041982062
baseline_dqn_statev1_sparse_seed42_20261010_112003_373206_62090f0a,dqn,42,v1,sparse,945,36843,80.0,9,59,0.05,0.8630033140465364,35844,True,False,True,13.99360666697612
baseline_dqn_statev1_sparse_seed42_20261010_112003_373206_62090f0a,dqn,42,v1,sparse,946,36899,60.0,7,56,0.05,0.8913113096995013,35900,True,False,True,14.014887166966219
baseline_dqn_statev1_sparse_seed42_20261010_112003_373206_62090f0a,dqn,42,v1,sparse,947,36930,40.0,5,31,0.05,0.8904220183049479,35931,True,False,True,14.02657749998616
baseline_dqn_statev1_sparse_seed42_20261010_112003_373206_62090f0a,dqn,42,v1,sparse,948,37112,190.0,20,182,0.05,0.8665010428445025,36113,True,False,True,14.095121249963995
baseline_dqn_statev1_sparse_seed42_20261010_112003_373206_62090f0a,dqn,42,v1,sparse,949,37208,90.0,10,96,0.05,0.8304830224563678,36209,True,False,True,14.131093041971326
baseline_dqn_statev1_sparse_seed42_20261010_112003_373206_62090f0a,dqn,42,v1,sparse,950,37358,160.0,17,150,0.05,0.8121855648358663,36359,True,False,True,14.187155708961654
baseline_dqn_statev1_sparse_seed42_20261010_112003_373206_62090f0a,dqn,42,v1,sparse,951,37529,180.0,19,171,0.05,0.8574123551622469,36530,True,False,True,14.252477541973349
baseline_dqn_statev1_sparse_seed42_20261010_112003_373206_62090f0a,dqn,42,v1,sparse,952,37561,30.0,4,32,0.05,0.7674310691654682,36562,True,False,True,14.264586166944355
baseline_dqn_statev1_sparse_seed42_20261010_112003_373206_62090f0a,dqn,42,v1,sparse,953,37665,80.0,9,104,0.05,0.7901392607734754,36666,True,False,True,14.30384879198391
baseline_dqn_statev1_sparse_seed42_20261010_112003_373206_62090f0a,dqn,42,v1,sparse,954,37893,250.0,26,228,0.05,0.8397058802738524,36894,True,False,True,14.389158208970912
baseline_dqn_statev1_sparse_seed42_20261010_112003_373206_62090f0a,dqn,42,v1,sparse,955,38011,130.0,14,118,0.05,0.818806090597379,37012,True,False,True,14.433248749992345
baseline_dqn_statev1_sparse_seed42_20261010_112003_373206_62090f0a,dqn,42,v1,sparse,956,38094,100.0,11,83,0.05,0.8914095023310328,37095,True,False,True,14.464293124969117
baseline_dqn_statev1_sparse_seed42_20261010_112003_373206_62090f0a,dqn,42,v1,sparse,957,38182,120.0,13,88,0.05,0.9215276789936152,37183,True,False,True,14.497178708959837
baseline_dqn_statev1_sparse_seed42_20261010_112003_373206_62090f0a,dqn,42,v1,sparse,958,38344,200.0,21,162,0.05,0.9273895406060748,37345,True,False,True,14.55778824997833
baseline_dqn_statev1_sparse_seed42_20261010_112003_373206_62090f0a,dqn,42,v1,sparse,959,38438,110.0,12,94,0.05,0.9502009337252759,37439,True,False,True,14.592997666972224
baseline_dqn_statev1_sparse_seed42_20261010_112003_373206_62090f0a,dqn,42,v1,sparse,960,38580,180.0,19,142,0.05,0.8797058947909047,37581,True,False,True,14.646128666994628
baseline_dqn_statev1_sparse_seed42_20261010_112003_373206_62090f0a,dqn,42,v1,sparse,961,38739,160.0,17,159,0.05,0.924116220489238,37740,True,False,True,14.70697958394885
baseline_dqn_statev1_sparse_seed42_20261010_112003_373206_62090f0a,dqn,42,v1,sparse,962,38838,120.0,13,99,0.05,0.8900122433298766,37839,True,False,True,14.744689958984964
baseline_dqn_statev1_sparse_seed42_20261010_112003_373206_62090f0a,dqn,42,v1,sparse,963,39042,210.0,22,204,0.05,0.9463301299541604,38043,True,False,True,14.821759166952688
baseline_dqn_statev1_sparse_seed42_20261010_112003_373206_62090f0a,dqn,42,v1,sparse,964,39135,110.0,12,93,0.05,0.910799773470048,38136,True,False,True,14.856670999957714
baseline_dqn_statev1_sparse_seed42_20261010_112003_373206_62090f0a,dqn,42,v1,sparse,965,39195,70.0,8,60,0.05,0.9072634741663933,38196,True,False,True,14.87916591699468
baseline_dqn_statev1_sparse_seed42_20261010_112003_373206_62090f0a,dqn,42,v1,sparse,966,39332,190.0,20,137,0.05,0.8654328947954805,38333,True,False,True,14.93050537497038
baseline_dqn_statev1_sparse_seed42_20261010_112003_373206_62090f0a,dqn,42,v1,sparse,967,39434,150.0,16,102,0.05,0.8667059955643672,38435,True,False,True,14.96870270895306
baseline_dqn_statev1_sparse_seed42_20261010_112003_373206_62090f0a,dqn,42,v1,sparse,968,39622,200.0,21,188,0.05,0.8870644046271101,38623,True,False,True,15.039051999978255
baseline_dqn_statev1_sparse_seed42_20261010_112003_373206_62090f0a,dqn,42,v1,sparse,969,39674,50.0,6,52,0.05,0.8265436566793002,38675,True,False,True,15.058509166992735
baseline_dqn_statev1_sparse_seed42_20261010_112003_373206_62090f0a,dqn,42,v1,sparse,970,39786,100.0,11,112,0.05,0.8520495668053627,38787,True,False,True,15.100618208991364
baseline_dqn_statev1_sparse_seed42_20261010_112003_373206_62090f0a,dqn,42,v1,sparse,971,39961,200.0,21,175,0.05,0.8838225494112287,38962,True,False,True,15.167841791990213
baseline_dqn_statev1_sparse_seed42_20261010_112003_373206_62090f0a,dqn,42,v1,sparse,972,40098,180.0,19,137,0.05,0.8676061633512051,39099,True,False,True,15.220066083944403
baseline_dqn_statev1_sparse_seed42_20261010_112003_373206_62090f0a,dqn,42,v1,sparse,973,40222,150.0,16,124,0.05,0.8819724905394739,39223,True,False,True,15.267119083961006
baseline_dqn_statev1_sparse_seed42_20261010_112003_373206_62090f0a,dqn,42,v1,sparse,974,40260,50.0,6,38,0.05,0.7724760700213281,39261,True,False,True,15.281536708993372
baseline_dqn_statev1_sparse_seed42_20261010_112003_373206_62090f0a,dqn,42,v1,sparse,975,40359,150.0,16,99,0.05,0.8433517217636108,39360,True,False,True,15.318776416999754
baseline_dqn_statev1_sparse_seed42_20261010_112003_373206_62090f0a,dqn,42,v1,sparse,976,40387,10.0,2,28,0.05,0.9574743253844125,39388,True,False,True,15.329310834000353
baseline_dqn_statev1_sparse_seed42_20261010_112003_373206_62090f0a,dqn,42,v1,sparse,977,40436,40.0,5,49,0.05,0.894803238766534,39437,True,False,True,15.347762916993815
baseline_dqn_statev1_sparse_seed42_20261010_112003_373206_62090f0a,dqn,42,v1,sparse,978,40526,100.0,11,90,0.05,0.8686057921912935,39527,True,False,True,15.38149949995568
baseline_dqn_statev1_sparse_seed42_20261010_112003_373206_62090f0a,dqn,42,v1,sparse,979,40539,10.0,2,13,0.05,0.9913143515586853,39540,True,False,True,15.386379083967768
baseline_dqn_statev1_sparse_seed42_20261010_112003_373206_62090f0a,dqn,42,v1,sparse,980,40730,200.0,21,191,0.05,0.8901928408919829,39731,True,False,True,15.458571208990179
baseline_dqn_statev1_sparse_seed42_20261010_112003_373206_62090f0a,dqn,42,v1,sparse,981,41024,270.0,28,294,0.05,0.8850778073173802,40025,True,False,True,15.571554624999408
baseline_dqn_statev1_sparse_seed42_20261010_112003_373206_62090f0a,dqn,42,v1,sparse,982,41071,50.0,6,47,0.05,0.8610593556089604,40072,True,False,True,15.58933879196411
baseline_dqn_statev1_sparse_seed42_20261010_112003_373206_62090f0a,dqn,42,v1,sparse,983,41177,130.0,14,106,0.05,0.8886770603229415,40178,True,False,True,15.629499292001128
baseline_dqn_statev1_sparse_seed42_20261010_112003_373206_62090f0a,dqn,42,v1,sparse,984,41190,10.0,2,13,0.05,0.9736177073075221,40191,True,False,True,15.63445137499366
baseline_dqn_statev1_sparse_seed42_20261010_112003_373206_62090f0a,dqn,42,v1,sparse,985,41327,150.0,16,137,0.05,0.8630209334575347,40328,True,False,True,15.685864291968755
baseline_dqn_statev1_sparse_seed42_20261010_112003_373206_62090f0a,dqn,42,v1,sparse,986,41439,120.0,13,112,0.05,0.9032226867441621,40440,True,False,True,15.727952416986227
baseline_dqn_statev1_sparse_seed42_20261010_112003_373206_62090f0a,dqn,42,v1,sparse,987,41564,160.0,17,125,0.05,0.8546223282814026,40565,True,False,True,15.775035374972504
baseline_dqn_statev1_sparse_seed42_20261010_112003_373206_62090f0a,dqn,42,v1,sparse,988,41712,170.0,18,148,0.05,0.8905712035862176,40713,True,False,True,15.830731916998047
baseline_dqn_statev1_sparse_seed42_20261010_112003_373206_62090f0a,dqn,42,v1,sparse,989,41739,10.0,2,27,0.05,0.8110045724444919,40740,True,False,True,15.840847541985568
baseline_dqn_statev1_sparse_seed42_20261010_112003_373206_62090f0a,dqn,42,v1,sparse,990,41841,130.0,14,102,0.05,0.8912805312988805,40842,True,False,True,15.879169083957095
baseline_dqn_statev1_sparse_seed42_20261010_112003_373206_62090f0a,dqn,42,v1,sparse,991,41927,100.0,11,86,0.05,0.837810946065326,40928,True,False,True,15.927666749979835
baseline_dqn_statev1_sparse_seed42_20261010_112003_373206_62090f0a,dqn,42,v1,sparse,992,41941,10.0,2,14,0.05,0.9065207115241459,40942,True,False,True,15.933137249958236
baseline_dqn_statev1_sparse_seed42_20261010_112003_373206_62090f0a,dqn,42,v1,sparse,993,42013,60.0,7,72,0.05,0.8728526404334439,41014,True,False,True,15.961084833950736
baseline_dqn_statev1_sparse_seed42_20261010_112003_373206_62090f0a,dqn,42,v1,sparse,994,42061,40.0,5,48,0.05,0.9604654579112927,41062,True,False,True,15.980073749960866
baseline_dqn_statev1_sparse_seed42_20261010_112003_373206_62090f0a,dqn,42,v1,sparse,995,42176,120.0,13,115,0.05,0.940042983967325,41177,True,False,True,16.02382504194975
baseline_dqn_statev1_sparse_seed42_20261010_112003_373206_62090f0a,dqn,42,v1,sparse,996,42244,80.0,9,68,0.05,0.8812674678423825,41245,True,False,True,16.049616541946307
baseline_dqn_statev1_sparse_seed42_20261010_112003_373206_62090f0a,dqn,42,v1,sparse,997,42265,0.0,1,21,0.05,0.9507665151641482,41266,True,False,True,16.057596874947194
baseline_dqn_statev1_sparse_seed42_20261010_112003_373206_62090f0a,dqn,42,v1,sparse,998,42398,190.0,20,133,0.05,0.9020695408484093,41399,True,False,True,16.10798245895421
baseline_dqn_statev1_sparse_seed42_20261010_112003_373206_62090f0a,dqn,42,v1,sparse,999,42534,130.0,14,136,0.05,0.927105992594186,41535,True,False,True,16.158995666948613
baseline_dqn_statev1_sparse_seed42_20261010_112003_373206_62090f0a,dqn,42,v1,sparse,1000,42591,50.0,6,57,0.05,0.9653604495943638,41592,True,False,True,16.180628124973737
baseline_dqn_statev1_sparse_seed42_20261010_112003_373206_62090f0a,dqn,42,v1,sparse,1001,42651,80.0,9,60,0.05,0.9861971408128738,41652,True,False,True,16.205808333994355
baseline_dqn_statev1_sparse_seed42_20261010_112003_373206_62090f0a,dqn,42,v1,sparse,1002,42712,80.0,9,61,0.05,0.9302058586331664,41713,True,False,True,16.229401708988007
baseline_dqn_statev1_sparse_seed42_20261010_112003_373206_62090f0a,dqn,42,v1,sparse,1003,42776,70.0,8,64,0.05,0.9059149690438062,41777,True,False,True,16.253848624997772
baseline_dqn_statev1_sparse_seed42_20261010_112003_373206_62090f0a,dqn,42,v1,sparse,1004,42884,120.0,13,108,0.05,0.8994356727710476,41885,True,False,True,16.295243083965033
baseline_dqn_statev1_sparse_seed42_20261010_112003_373206_62090f0a,dqn,42,v1,sparse,1005,42984,90.0,10,100,0.05,0.9218915310502053,41985,True,False,True,16.333181833964773
baseline_dqn_statev1_sparse_seed42_20261010_112003_373206_62090f0a,dqn,42,v1,sparse,1006,43152,180.0,19,168,0.05,0.8660828398451919,42153,True,False,True,16.396595541969873
baseline_dqn_statev1_sparse_seed42_20261010_112003_373206_62090f0a,dqn,42,v1,sparse,1007,43298,180.0,19,146,0.05,0.8569247187816933,42299,True,False,True,16.451707916974556
baseline_dqn_statev1_sparse_seed42_20261010_112003_373206_62090f0a,dqn,42,v1,sparse,1008,43368,60.0,7,70,0.05,0.8563098596675055,42369,True,False,True,16.47809274995234
baseline_dqn_statev1_sparse_seed42_20261010_112003_373206_62090f0a,dqn,42,v1,sparse,1009,43383,10.0,2,15,0.05,0.9373108108838399,42384,True,False,True,16.48373024998
baseline_dqn_statev1_sparse_seed42_20261010_112003_373206_62090f0a,dqn,42,v1,sparse,1010,43510,170.0,18,127,0.05,0.8544922874668451,42511,True,False,True,16.53188762499485
baseline_dqn_statev1_sparse_seed42_20261010_112003_373206_62090f0a,dqn,42,v1,sparse,1011,43646,140.0,15,136,0.05,0.8831207090440918,42647,True,False,True,16.586614166968502
baseline_dqn_statev1_sparse_seed42_20261010_112003_373206_62090f0a,dqn,42,v1,sparse,1012,43740,110.0,12,94,0.05,0.8853371549159923,42741,True,False,True,16.623212124977726
baseline_dqn_statev1_sparse_seed42_20261010_112003_373206_62090f0a,dqn,42,v1,sparse,1013,43855,120.0,13,115,0.05,0.8943164340827776,42856,True,False,True,16.667125541949645
baseline_dqn_statev1_sparse_seed42_20261010_112003_373206_62090f0a,dqn,42,v1,sparse,1014,43907,60.0,7,52,0.05,0.8669705419586256,42908,True,False,True,16.68687895894982
baseline_dqn_statev1_sparse_seed42_20261010_112003_373206_62090f0a,dqn,42,v1,sparse,1015,44005,90.0,10,98,0.05,0.8623790268083008,43006,True,False,True,16.72417116694851
baseline_dqn_statev1_sparse_seed42_20261010_112003_373206_62090f0a,dqn,42,v1,sparse,1016,44080,100.0,11,75,0.05,0.9082650085290273,43081,True,False,True,16.752543541952036
baseline_dqn_statev1_sparse_seed42_20261010_112003_373206_62090f0a,dqn,42,v1,sparse,1017,44281,190.0,20,201,0.05,0.9126196122584651,43282,True,False,True,16.828404499974567
baseline_dqn_statev1_sparse_seed42_20261010_112003_373206_62090f0a,dqn,42,v1,sparse,1018,44407,160.0,17,126,0.05,0.8980351128275432,43408,True,False,True,16.878758209000807
baseline_dqn_statev1_sparse_seed42_20261010_112003_373206_62090f0a,dqn,42,v1,sparse,1019,44473,70.0,8,66,0.05,0.9041905497962778,43474,True,False,True,16.904420499980915
baseline_dqn_statev1_sparse_seed42_20261010_112003_373206_62090f0a,dqn,42,v1,sparse,1020,44580,100.0,11,107,0.05,0.9164980039975353,43581,True,False,True,16.945056541997474
baseline_dqn_statev1_sparse_seed42_20261010_112003_373206_62090f0a,dqn,42,v1,sparse,1021,44682,120.0,13,102,0.05,0.9138214298907448,43683,True,False,True,16.985380333964713
baseline_dqn_statev1_sparse_seed42_20261010_112003_373206_62090f0a,dqn,42,v1,sparse,1022,44719,20.0,3,37,0.05,0.9390946674991298,43720,True,False,True,16.999436708982103
baseline_dqn_statev1_sparse_seed42_20261010_112003_373206_62090f0a,dqn,42,v1,sparse,1023,44880,200.0,21,161,0.05,0.8898043656571312,43881,True,False,True,17.061038583982736
baseline_dqn_statev1_sparse_seed42_20261010_112003_373206_62090f0a,dqn,42,v1,sparse,1024,44962,70.0,8,82,0.05,0.8626500429903589,43963,True,False,True,17.09204758395208
baseline_dqn_statev1_sparse_seed42_20261010_112003_373206_62090f0a,dqn,42,v1,sparse,1025,45063,120.0,13,101,0.05,0.9138948383307693,44064,True,False,True,17.130567624990363
baseline_dqn_statev1_sparse_seed42_20261010_112003_373206_62090f0a,dqn,42,v1,sparse,1026,45102,40.0,5,39,0.05,0.8941896932247357,44103,True,False,True,17.14567524997983
baseline_dqn_statev1_sparse_seed42_20261010_112003_373206_62090f0a,dqn,42,v1,sparse,1027,45158,60.0,7,56,0.05,0.941939214510577,44159,True,False,True,17.167290041979868
baseline_dqn_statev1_sparse_seed42_20261010_112003_373206_62090f0a,dqn,42,v1,sparse,1028,45177,20.0,3,19,0.05,0.9309593690069098,44178,True,False,True,17.17465399997309
baseline_dqn_statev1_sparse_seed42_20261010_112003_373206_62090f0a,dqn,42,v1,sparse,1029,45313,150.0,16,136,0.05,0.8877108079545638,44314,True,False,True,17.227253124990966
baseline_dqn_statev1_sparse_seed42_20261010_112003_373206_62090f0a,dqn,42,v1,sparse,1030,45421,120.0,13,108,0.05,0.9444698798987601,44422,True,False,True,17.269371416943613
baseline_dqn_statev1_sparse_seed42_20261010_112003_373206_62090f0a,dqn,42,v1,sparse,1031,45444,30.0,4,23,0.05,0.9872775077819824,44445,True,False,True,17.278789291973226
baseline_dqn_statev1_sparse_seed42_20261010_112003_373206_62090f0a,dqn,42,v1,sparse,1032,45537,100.0,11,93,0.05,0.9743003867646699,44538,True,False,True,17.31719933397835
baseline_dqn_statev1_sparse_seed42_20261010_112003_373206_62090f0a,dqn,42,v1,sparse,1033,45669,130.0,14,132,0.05,0.9809098690748215,44670,True,False,True,17.368920208944473
baseline_dqn_statev1_sparse_seed42_20261010_112003_373206_62090f0a,dqn,42,v1,sparse,1034,45754,120.0,13,85,0.05,0.8888707048752729,44755,True,False,True,17.401312083995435
baseline_dqn_statev1_sparse_seed42_20261010_112003_373206_62090f0a,dqn,42,v1,sparse,1035,45828,60.0,7,74,0.05,0.9049429466595521,44829,True,False,True,17.42959804198472
baseline_dqn_statev1_sparse_seed42_20261010_112003_373206_62090f0a,dqn,42,v1,sparse,1036,45834,-10.0,0,6,0.05,0.8523938159147898,44835,True,False,True,17.43186687497655
baseline_dqn_statev1_sparse_seed42_20261010_112003_373206_62090f0a,dqn,42,v1,sparse,1037,45883,50.0,6,49,0.05,0.9629219776513626,44884,True,False,True,17.450390791986138
baseline_dqn_statev1_sparse_seed42_20261010_112003_373206_62090f0a,dqn,42,v1,sparse,1038,45996,110.0,12,113,0.05,0.9197726046617052,44997,True,False,True,17.493057041952852
baseline_dqn_statev1_sparse_seed42_20261010_112003_373206_62090f0a,dqn,42,v1,sparse,1039,46112,180.0,19,116,0.05,0.9855369737949865,45113,True,False,True,17.536968708969653
baseline_dqn_statev1_sparse_seed42_20261010_112003_373206_62090f0a,dqn,42,v1,sparse,1040,46246,160.0,17,134,0.05,0.9331986577208362,45247,True,False,True,17.587610791961197
baseline_dqn_statev1_sparse_seed42_20261010_112003_373206_62090f0a,dqn,42,v1,sparse,1041,46313,60.0,7,67,0.05,0.8608128059266219,45314,True,False,True,17.61394637497142
baseline_dqn_statev1_sparse_seed42_20261010_112003_373206_62090f0a,dqn,42,v1,sparse,1042,46363,70.0,8,50,0.05,0.9682945501804352,45364,True,False,True,17.63313729199581
baseline_dqn_statev1_sparse_seed42_20261010_112003_373206_62090f0a,dqn,42,v1,sparse,1043,46446,130.0,14,83,0.05,0.949647143662694,45447,True,False,True,17.664954541949555
baseline_dqn_statev1_sparse_seed42_20261010_112003_373206_62090f0a,dqn,42,v1,sparse,1044,46503,70.0,8,57,0.05,0.9131973129615449,45504,True,False,True,17.68672370899003
baseline_dqn_statev1_sparse_seed42_20261010_112003_373206_62090f0a,dqn,42,v1,sparse,1045,46541,50.0,6,38,0.05,0.9552867051802183,45542,True,False,True,17.701228666992392
baseline_dqn_statev1_sparse_seed42_20261010_112003_373206_62090f0a,dqn,42,v1,sparse,1046,46630,100.0,11,89,0.05,0.9479615092277527,45631,True,False,True,17.735210874991026
baseline_dqn_statev1_sparse_seed42_20261010_112003_373206_62090f0a,dqn,42,v1,sparse,1047,46837,210.0,22,207,0.05,0.8951403299967448,45838,True,False,True,17.814384958997834
baseline_dqn_statev1_sparse_seed42_20261010_112003_373206_62090f0a,dqn,42,v1,sparse,1048,46886,50.0,6,49,0.05,0.9542201939894228,45887,True,False,True,17.83314366696868
baseline_dqn_statev1_sparse_seed42_20261010_112003_373206_62090f0a,dqn,42,v1,sparse,1049,46980,110.0,12,94,0.05,0.9479225788344728,45981,True,False,True,17.869383458979428
baseline_dqn_statev1_sparse_seed42_20261010_112003_373206_62090f0a,dqn,42,v1,sparse,1050,47133,180.0,19,153,0.05,0.9608699944284227,46134,True,False,True,17.92790462495759
baseline_dqn_statev1_sparse_seed42_20261010_112003_373206_62090f0a,dqn,42,v1,sparse,1051,47244,140.0,15,111,0.05,0.9656281737056939,46245,True,False,True,17.971355999994557
baseline_dqn_statev1_sparse_seed42_20261010_112003_373206_62090f0a,dqn,42,v1,sparse,1052,47376,180.0,19,132,0.05,0.9535042824167194,46377,True,False,True,18.022481124964543
baseline_dqn_statev1_sparse_seed42_20261010_112003_373206_62090f0a,dqn,42,v1,sparse,1053,47490,150.0,16,114,0.05,0.9377823634105816,46491,True,False,True,18.066422584000975
baseline_dqn_statev1_sparse_seed42_20261010_112003_373206_62090f0a,dqn,42,v1,sparse,1054,47652,150.0,16,162,0.05,0.9864465629245028,46653,True,False,True,18.12807279196568
baseline_dqn_statev1_sparse_seed42_20261010_112003_373206_62090f0a,dqn,42,v1,sparse,1055,47717,70.0,8,65,0.05,0.9524974612089304,46718,True,False,True,18.152819333947264
baseline_dqn_statev1_sparse_seed42_20261010_112003_373206_62090f0a,dqn,42,v1,sparse,1056,47788,90.0,10,71,0.05,0.9436870360038649,46789,True,False,True,18.179856749949977
baseline_dqn_statev1_sparse_seed42_20261010_112003_373206_62090f0a,dqn,42,v1,sparse,1057,47847,60.0,7,59,0.05,0.997511564675024,46848,True,False,True,18.20202058396535
baseline_dqn_statev1_sparse_seed42_20261010_112003_373206_62090f0a,dqn,42,v1,sparse,1058,47880,40.0,5,33,0.05,0.9753913879394531,46881,True,False,True,18.214690541964956
baseline_dqn_statev1_sparse_seed42_20261010_112003_373206_62090f0a,dqn,42,v1,sparse,1059,47964,90.0,10,84,0.05,0.9720460637694314,46965,True,False,True,18.246864333981648
baseline_dqn_statev1_sparse_seed42_20261010_112003_373206_62090f0a,dqn,42,v1,sparse,1060,47965,-10.0,0,1,0.05,0.4222562611103058,46966,True,False,True,18.247252583969384
baseline_dqn_statev1_sparse_seed42_20261010_112003_373206_62090f0a,dqn,42,v1,sparse,1061,48008,60.0,7,43,0.05,0.8298478299795196,47009,True,False,True,18.264132208947558
baseline_dqn_statev1_sparse_seed42_20261010_112003_373206_62090f0a,dqn,42,v1,sparse,1062,48136,160.0,17,128,0.05,0.936726963846013,47137,True,False,True,18.313520749972668
baseline_dqn_statev1_sparse_seed42_20261010_112003_373206_62090f0a,dqn,42,v1,sparse,1063,48209,60.0,7,73,0.05,0.915152130878135,47210,True,False,True,18.341405916959047
baseline_dqn_statev1_sparse_seed42_20261010_112003_373206_62090f0a,dqn,42,v1,sparse,1064,48356,170.0,18,147,0.05,0.9538295925879965,47357,True,False,True,18.397278416960035
baseline_dqn_statev1_sparse_seed42_20261010_112003_373206_62090f0a,dqn,42,v1,sparse,1065,48476,120.0,13,120,0.05,0.9418917036304871,47477,True,False,True,18.444638041954022
baseline_dqn_statev1_sparse_seed42_20261010_112003_373206_62090f0a,dqn,42,v1,sparse,1066,48481,-10.0,0,5,0.05,0.9279664039611817,47482,True,False,True,18.446586166974157
baseline_dqn_statev1_sparse_seed42_20261010_112003_373206_62090f0a,dqn,42,v1,sparse,1067,48630,180.0,19,149,0.05,0.9552275018403994,47631,True,False,True,18.503441666951403
baseline_dqn_statev1_sparse_seed42_20261010_112003_373206_62090f0a,dqn,42,v1,sparse,1068,48767,150.0,16,137,0.05,0.9638637817689102,47768,True,False,True,18.55575333395973
baseline_dqn_statev1_sparse_seed42_20261010_112003_373206_62090f0a,dqn,42,v1,sparse,1069,48907,120.0,13,140,0.05,0.9511752701231412,47908,True,False,True,18.608846999995876
baseline_dqn_statev1_sparse_seed42_20261010_112003_373206_62090f0a,dqn,42,v1,sparse,1070,48952,60.0,7,45,0.05,0.906977328326967,47953,True,False,True,18.625815833976958
baseline_dqn_statev1_sparse_seed42_20261010_112003_373206_62090f0a,dqn,42,v1,sparse,1071,49093,180.0,19,141,0.05,0.9574067303052185,48094,True,False,True,18.680867708986625
baseline_dqn_statev1_sparse_seed42_20261010_112003_373206_62090f0a,dqn,42,v1,sparse,1072,49256,150.0,16,163,0.05,0.9401057124869224,48257,True,False,True,18.743288458965253
baseline_dqn_statev1_sparse_seed42_20261010_112003_373206_62090f0a,dqn,42,v1,sparse,1073,49373,120.0,13,117,0.05,0.9407530615472386,48374,True,False,True,18.787832833942957
baseline_dqn_statev1_sparse_seed42_20261010_112003_373206_62090f0a,dqn,42,v1,sparse,1074,49538,170.0,18,165,0.05,0.9397629268241651,48539,True,False,True,18.850707874982618
baseline_dqn_statev1_sparse_seed42_20261010_112003_373206_62090f0a,dqn,42,v1,sparse,1075,49664,110.0,12,126,0.05,0.9627727568149567,48665,True,False,True,18.89839537499938
baseline_dqn_statev1_sparse_seed42_20261010_112003_373206_62090f0a,dqn,42,v1,sparse,1076,49787,170.0,18,123,0.05,0.8972989701158632,48788,True,False,True,18.9449772919761
baseline_dqn_statev1_sparse_seed42_20261010_112003_373206_62090f0a,dqn,42,v1,sparse,1077,49804,10.0,2,17,0.05,0.9686659329077777,48805,True,False,True,18.951373749994673
baseline_dqn_statev1_sparse_seed42_20261010_112003_373206_62090f0a,dqn,42,v1,sparse,1078,49856,60.0,7,52,0.05,0.9726663340742772,48857,True,False,True,18.970768124971073
baseline_dqn_statev1_sparse_seed42_20261010_112003_373206_62090f0a,dqn,42,v1,sparse,1079,49991,120.0,13,135,0.05,0.9709887826884235,48992,True,False,True,19.021653541945852
baseline_dqn_statev1_sparse_seed42_20261010_112003_373206_62090f0a,dqn,42,v1,sparse,1080,50000,0.0,0,9,0.05,0.9078601797421774,49001,False,False,False,19.02514533395879
