run_id,algorithm,seed,state_mode,reward_mode,episode,global_step,episode_return,score,episode_length,epsilon,loss,update_count,terminated,truncated,episode_complete,wall_clock_time
baseline_dqn_statev1_sparse_seed43_20261010_112440_115825_f214191d,dqn,43,v1,sparse,1,21,-10.0,0,21,0.9979020986705985,,0,True,False,True,0.41041270800633356
baseline_dqn_statev1_sparse_seed43_20261010_112440_115825_f214191d,dqn,43,v1,sparse,2,22,-10.0,0,1,0.9978023084607315,,0,True,False,True,0.4104600829887204
baseline_dqn_statev1_sparse_seed43_20261010_112440_115825_f214191d,dqn,43,v1,sparse,3,25,-10.0,0,3,0.9975029977012647,,0,True,False,True,0.41050037497188896
baseline_dqn_statev1_sparse_seed43_20261010_112440_115825_f214191d,dqn,43,v1,sparse,4,48,-10.0,0,23,0.9952112627234414,,0,True,False,True,0.4106227909796871
baseline_dqn_statev1_sparse_seed43_20261010_112440_115825_f214191d,dqn,43,v1,sparse,5,51,-10.0,0,3,0.9949127291999671,,0,True,False,True,0.4106524579692632
baseline_dqn_statev1_sparse_seed43_20261010_112440_115825_f214191d,dqn,43,v1,sparse,6,83,-10.0,0,32,0.9917339383024733,,0,True,False,True,0.4108062500017695
baseline_dqn_statev1_sparse_seed43_20261010_112440_115825_f214191d,dqn,43,v1,sparse,7,96,-10.0,0,13,0.990445457451587,,0,True,False,True,0.41087983298348263
baseline_dqn_statev1_sparse_seed43_20261010_112440_115825_f214191d,dqn,43,v1,sparse,8,97,-10.0,0,1,0.9903464129058418,,0,True,False,True,0.4108995829592459
baseline_dqn_statev1_sparse_seed43_20261010_112440_115825_f214191d,dqn,43,v1,sparse,9,99,-10.0,0,2,0.9901483535267248,,0,True,False,True,0.4109246250009164
baseline_dqn_statev1_sparse_seed43_20261010_112440_115825_f214191d,dqn,43,v1,sparse,10,117,0.0,1,18,0.9883676006096995,,0,True,False,True,0.41102374996989965
baseline_dqn_statev1_sparse_seed43_20261010_112440_115825_f214191d,dqn,43,v1,sparse,11,133,-10.0,0,16,0.9867873979365388,,0,True,False,True,0.411127665953245
baseline_dqn_statev1_sparse_seed43_20261010_112440_115825_f214191d,dqn,43,v1,sparse,12,160,-10.0,0,27,0.9841265327012553,,0,True,False,True,0.4112596659688279
baseline_dqn_statev1_sparse_seed43_20261010_112440_115825_f214191d,dqn,43,v1,sparse,13,177,-10.0,0,17,0.982454855338776,,0,True,False,True,0.41134808299830183
baseline_dqn_statev1_sparse_seed43_20261010_112440_115825_f214191d,dqn,43,v1,sparse,14,204,0.0,1,27,0.9798056727739467,,0,True,False,True,0.41601349995471537
baseline_dqn_statev1_sparse_seed43_20261010_112440_115825_f214191d,dqn,43,v1,sparse,15,205,-10.0,0,1,0.9797076922066693,,0,True,False,True,0.41606329096248373
baseline_dqn_statev1_sparse_seed43_20261010_112440_115825_f214191d,dqn,43,v1,sparse,16,206,-10.0,0,1,0.9796097214374486,,0,True,False,True,0.41613387496909127
baseline_dqn_statev1_sparse_seed43_20261010_112440_115825_f214191d,dqn,43,v1,sparse,17,211,-10.0,0,5,0.9791200145279065,,0,True,False,True,0.4162402079673484
baseline_dqn_statev1_sparse_seed43_20261010_112440_115825_f214191d,dqn,43,v1,sparse,18,214,-10.0,0,3,0.9788263078961694,,0,True,False,True,0.416298582975287
baseline_dqn_statev1_sparse_seed43_20261010_112440_115825_f214191d,dqn,43,v1,sparse,19,228,-10.0,0,14,0.9774568414408605,,0,True,False,True,0.41644499998074025
baseline_dqn_statev1_sparse_seed43_20261010_112440_115825_f214191d,dqn,43,v1,sparse,20,253,-10.0,0,25,0.9750161294608681,,0,True,False,True,0.41659149999031797
baseline_dqn_statev1_sparse_seed43_20261010_112440_115825_f214191d,dqn,43,v1,sparse,21,259,-10.0,0,6,0.9744312660161123,,0,True,False,True,0.41665154095971957
baseline_dqn_statev1_sparse_seed43_20261010_112440_115825_f214191d,dqn,43,v1,sparse,22,262,-10.0,0,3,0.974138965868271,,0,True,False,True,0.4166846249718219
baseline_dqn_statev1_sparse_seed43_20261010_112440_115825_f214191d,dqn,43,v1,sparse,23,274,-10.0,0,12,0.9729706418266841,,0,True,False,True,0.41682874999241903
baseline_dqn_statev1_sparse_seed43_20261010_112440_115825_f214191d,dqn,43,v1,sparse,24,277,-10.0,0,3,0.9726787798222825,,0,True,False,True,0.4168623329605907
baseline_dqn_statev1_sparse_seed43_20261010_112440_115825_f214191d,dqn,43,v1,sparse,25,280,-10.0,0,3,0.9723870053677265,,0,True,False,True,0.4168929159641266
baseline_dqn_statev1_sparse_seed43_20261010_112440_115825_f214191d,dqn,43,v1,sparse,26,291,-10.0,0,11,0.9713179143142632,,0,True,False,True,0.41701379098230973
baseline_dqn_statev1_sparse_seed43_20261010_112440_115825_f214191d,dqn,43,v1,sparse,27,305,-10.0,0,14,0.9699589527800627,,0,True,False,True,0.41711795795708895
baseline_dqn_statev1_sparse_seed43_20261010_112440_115825_f214191d,dqn,43,v1,sparse,28,312,-10.0,0,7,0.9692801851705518,,0,True,False,True,0.41717316600261256
baseline_dqn_statev1_sparse_seed43_20261010_112440_115825_f214191d,dqn,43,v1,sparse,29,344,0.0,1,32,0.9661832914035788,,0,True,False,True,0.41740158299217
baseline_dqn_statev1_sparse_seed43_20261010_112440_115825_f214191d,dqn,43,v1,sparse,30,351,-10.0,0,7,0.9655071659642745,,0,True,False,True,0.4174559999955818
baseline_dqn_statev1_sparse_seed43_20261010_112440_115825_f214191d,dqn,43,v1,sparse,31,359,-10.0,0,8,0.9647350305194479,,0,True,False,True,0.417532833002042
baseline_dqn_statev1_sparse_seed43_20261010_112440_115825_f214191d,dqn,43,v1,sparse,32,363,-10.0,0,4,0.9643491943874831,,0,True,False,True,0.4175962079898454
baseline_dqn_statev1_sparse_seed43_20261010_112440_115825_f214191d,dqn,43,v1,sparse,33,364,-10.0,0,1,0.9642527594680443,,0,True,False,True,0.4176185829564929
baseline_dqn_statev1_sparse_seed43_20261010_112440_115825_f214191d,dqn,43,v1,sparse,34,369,-10.0,0,5,0.9637707295039442,,0,True,False,True,0.4176585410023108
baseline_dqn_statev1_sparse_seed43_20261010_112440_115825_f214191d,dqn,43,v1,sparse,35,372,-10.0,0,3,0.9634816271972511,,0,True,False,True,0.4176882499596104
baseline_dqn_statev1_sparse_seed43_20261010_112440_115825_f214191d,dqn,43,v1,sparse,36,384,-10.0,0,12,0.9623260849305701,,0,True,False,True,0.4177604159922339
baseline_dqn_statev1_sparse_seed43_20261010_112440_115825_f214191d,dqn,43,v1,sparse,37,446,0.0,1,62,0.9563778244487159,,0,True,False,True,0.4181525000021793
baseline_dqn_statev1_sparse_seed43_20261010_112440_115825_f214191d,dqn,43,v1,sparse,38,455,-10.0,0,9,0.9555174286224053,,0,True,False,True,0.41820933297276497
baseline_dqn_statev1_sparse_seed43_20261010_112440_115825_f214191d,dqn,43,v1,sparse,39,462,-10.0,0,7,0.95484876704759,,0,True,False,True,0.4182829159544781
baseline_dqn_statev1_sparse_seed43_20261010_112440_115825_f214191d,dqn,43,v1,sparse,40,486,-10.0,0,24,0.9525597634576733,,0,True,False,True,0.41840670799138024
baseline_dqn_statev1_sparse_seed43_20261010_112440_115825_f214191d,dqn,43,v1,sparse,41,498,-10.0,0,12,0.9514173202214522,,0,True,False,True,0.418513415963389
baseline_dqn_statev1_sparse_seed43_20261010_112440_115825_f214191d,dqn,43,v1,sparse,42,503,-10.0,0,5,0.9509417066935597,,0,True,False,True,0.4185541659826413
baseline_dqn_statev1_sparse_seed43_20261010_112440_115825_f214191d,dqn,43,v1,sparse,43,551,-10.0,0,48,0.9463878966948818,,0,True,False,True,0.4188527079531923
baseline_dqn_statev1_sparse_seed43_20261010_112440_115825_f214191d,dqn,43,v1,sparse,44,565,0.0,1,14,0.9450638145081044,,0,True,False,True,0.4189593750052154
baseline_dqn_statev1_sparse_seed43_20261010_112440_115825_f214191d,dqn,43,v1,sparse,45,568,-10.0,0,3,0.9447803237147213,,0,True,False,True,0.4189902499783784
baseline_dqn_statev1_sparse_seed43_20261010_112440_115825_f214191d,dqn,43,v1,sparse,46,611,-10.0,0,43,0.940726288041188,,0,True,False,True,0.41926012496696785
baseline_dqn_statev1_sparse_seed43_20261010_112440_115825_f214191d,dqn,43,v1,sparse,47,644,-10.0,0,33,0.9376268531966981,,0,True,False,True,0.4194505409686826
baseline_dqn_statev1_sparse_seed43_20261010_112440_115825_f214191d,dqn,43,v1,sparse,48,645,-10.0,0,1,0.9375330905113785,,0,True,False,True,0.41947399999480695
baseline_dqn_statev1_sparse_seed43_20261010_112440_115825_f214191d,dqn,43,v1,sparse,49,658,10.0,2,13,0.9363150285014568,,0,True,False,True,0.41958349995547906
baseline_dqn_statev1_sparse_seed43_20261010_112440_115825_f214191d,dqn,43,v1,sparse,50,659,-10.0,0,1,0.9362213969986066,,0,True,False,True,0.4196050830068998
baseline_dqn_statev1_sparse_seed43_20261010_112440_115825_f214191d,dqn,43,v1,sparse,51,676,-10.0,0,17,0.9346310932484012,,0,True,False,True,0.41974762495374307
baseline_dqn_statev1_sparse_seed43_20261010_112440_115825_f214191d,dqn,43,v1,sparse,52,708,-10.0,0,32,0.9316449048878183,,0,True,False,True,0.4199229579535313
baseline_dqn_statev1_sparse_seed43_20261010_112440_115825_f214191d,dqn,43,v1,sparse,53,709,-10.0,0,1,0.9315517403973295,,0,True,False,True,0.4199438329669647
baseline_dqn_statev1_sparse_seed43_20261010_112440_115825_f214191d,dqn,43,v1,sparse,54,715,-10.0,0,6,0.9309929490672225,,0,True,False,True,0.41998700000112876
baseline_dqn_statev1_sparse_seed43_20261010_112440_115825_f214191d,dqn,43,v1,sparse,55,719,-10.0,0,4,0.9306206077434487,,0,True,False,True,0.42002541600959376
baseline_dqn_statev1_sparse_seed43_20261010_112440_115825_f214191d,dqn,43,v1,sparse,56,723,-10.0,0,4,0.9302484153338654,,0,True,False,True,0.4200797909870744
baseline_dqn_statev1_sparse_seed43_20261010_112440_115825_f214191d,dqn,43,v1,sparse,57,724,-10.0,0,1,0.930155390492332,,0,True,False,True,0.4201015409780666
baseline_dqn_statev1_sparse_seed43_20261010_112440_115825_f214191d,dqn,43,v1,sparse,58,729,-10.0,0,5,0.9296904058033238,,0,True,False,True,0.4201632909826003
baseline_dqn_statev1_sparse_seed43_20261010_112440_115825_f214191d,dqn,43,v1,sparse,59,752,-10.0,0,23,0.9275544683410445,,0,True,False,True,0.4203295409679413
baseline_dqn_statev1_sparse_seed43_20261010_112440_115825_f214191d,dqn,43,v1,sparse,60,765,-10.0,0,13,0.9263493707594722,,0,True,False,True,0.42040137498406693
baseline_dqn_statev1_sparse_seed43_20261010_112440_115825_f214191d,dqn,43,v1,sparse,61,768,-10.0,0,3,0.9260714937377992,,0,True,False,True,0.4204395409906283
baseline_dqn_statev1_sparse_seed43_20261010_112440_115825_f214191d,dqn,43,v1,sparse,62,771,-10.0,0,3,0.9257937000708967,,0,True,False,True,0.4204874999704771
baseline_dqn_statev1_sparse_seed43_20261010_112440_115825_f214191d,dqn,43,v1,sparse,63,780,-10.0,0,9,0.92496081894881,,0,True,False,True,0.42056416597915813
baseline_dqn_statev1_sparse_seed43_20261010_112440_115825_f214191d,dqn,43,v1,sparse,64,793,-10.0,0,13,0.9237590910891429,,0,True,False,True,0.4206393329659477
baseline_dqn_statev1_sparse_seed43_20261010_112440_115825_f214191d,dqn,43,v1,sparse,65,795,-10.0,0,2,0.9235743485085159,,0,True,False,True,0.4206641659839079
baseline_dqn_statev1_sparse_seed43_20261010_112440_115825_f214191d,dqn,43,v1,sparse,66,817,-10.0,0,22,0.9215446169769135,,0,True,False,True,0.42085104098077863
baseline_dqn_statev1_sparse_seed43_20261010_112440_115825_f214191d,dqn,43,v1,sparse,67,840,-10.0,0,23,0.9194273942345079,,0,True,False,True,0.4210116659523919
baseline_dqn_statev1_sparse_seed43_20261010_112440_115825_f214191d,dqn,43,v1,sparse,68,869,0.0,1,29,0.9167647843090437,,0,True,False,True,0.4212197499582544
baseline_dqn_statev1_sparse_seed43_20261010_112440_115825_f214191d,dqn,43,v1,sparse,69,872,-10.0,0,3,0.9164897823757778,,0,True,False,True,0.4212672910070978
baseline_dqn_statev1_sparse_seed43_20261010_112440_115825_f214191d,dqn,43,v1,sparse,70,912,-10.0,0,40,0.9128309628200283,,0,True,False,True,0.4215750829898752
baseline_dqn_statev1_sparse_seed43_20261010_112440_115825_f214191d,dqn,43,v1,sparse,71,924,-10.0,0,12,0.9117361679323023,,0,True,False,True,0.4216700829565525
baseline_dqn_statev1_sparse_seed43_20261010_112440_115825_f214191d,dqn,43,v1,sparse,72,935,0.0,1,11,0.9107337594520628,,0,True,False,True,0.4218059579725377
baseline_dqn_statev1_sparse_seed43_20261010_112440_115825_f214191d,dqn,43,v1,sparse,73,943,-10.0,0,8,0.9100054273989592,,0,True,False,True,0.4218653329880908
baseline_dqn_statev1_sparse_seed43_20261010_112440_115825_f214191d,dqn,43,v1,sparse,74,944,-10.0,0,1,0.9099144268562193,,0,True,False,True,0.4218867910094559
baseline_dqn_statev1_sparse_seed43_20261010_112440_115825_f214191d,dqn,43,v1,sparse,75,949,0.0,1,5,0.9094595606251352,,0,True,False,True,0.42193429096369073
baseline_dqn_statev1_sparse_seed43_20261010_112440_115825_f214191d,dqn,43,v1,sparse,76,954,-10.0,0,5,0.9090049217816846,,0,True,False,True,0.42199791595339775
baseline_dqn_statev1_sparse_seed43_20261010_112440_115825_f214191d,dqn,43,v1,sparse,77,955,-10.0,0,1,0.9089140212895064,,0,True,False,True,0.42201879096683115
baseline_dqn_statev1_sparse_seed43_20261010_112440_115825_f214191d,dqn,43,v1,sparse,78,956,-10.0,0,1,0.9088231298873775,,0,True,False,True,0.4220647079637274
baseline_dqn_statev1_sparse_seed43_20261010_112440_115825_f214191d,dqn,43,v1,sparse,79,957,-10.0,0,1,0.9087322475743888,,0,True,False,True,0.42208449996542186
baseline_dqn_statev1_sparse_seed43_20261010_112440_115825_f214191d,dqn,43,v1,sparse,80,969,-10.0,0,12,0.9076423684407068,,0,True,False,True,0.42217325000092387
baseline_dqn_statev1_sparse_seed43_20261010_112440_115825_f214191d,dqn,43,v1,sparse,81,1012,-10.0,0,43,0.9037476910769774,0.9696330794921288,13,True,False,True,0.4487813329906203
baseline_dqn_statev1_sparse_seed43_20261010_112440_115825_f214191d,dqn,43,v1,sparse,82,1013,-10.0,0,1,0.9036573163078697,0.8788954019546509,14,True,False,True,0.4491869999910705
baseline_dqn_statev1_sparse_seed43_20261010_112440_115825_f214191d,dqn,43,v1,sparse,83,1022,-10.0,0,9,0.9028443499639306,0.778215659989251,23,True,False,True,0.452415082952939
baseline_dqn_statev1_sparse_seed43_20261010_112440_115825_f214191d,dqn,43,v1,sparse,84,1036,-10.0,0,14,0.9015811891337948,0.8748292922973633,37,True,False,True,0.4578199159586802
baseline_dqn_statev1_sparse_seed43_20261010_112440_115825_f214191d,dqn,43,v1,sparse,85,1056,0.0,1,20,0.899779738732421,0.8544573485851288,57,True,False,True,0.46532295795623213
baseline_dqn_statev1_sparse_seed43_20261010_112440_115825_f214191d,dqn,43,v1,sparse,86,1068,-10.0,0,12,0.8987005967026628,0.6849139481782913,69,True,False,True,0.46993679099250585
baseline_dqn_statev1_sparse_seed43_20261010_112440_115825_f214191d,dqn,43,v1,sparse,87,1084,-10.0,0,16,0.897263753685546,0.7649257555603981,85,True,False,True,0.4759987499564886
baseline_dqn_statev1_sparse_seed43_20261010_112440_115825_f214191d,dqn,43,v1,sparse,88,1114,-10.0,0,30,0.8945758618813853,0.35303555012991034,115,True,False,True,0.4870022079558112
baseline_dqn_statev1_sparse_seed43_20261010_112440_115825_f214191d,dqn,43,v1,sparse,89,1116,-10.0,0,2,0.8943969556547676,0.14847201108932495,117,True,False,True,0.4877513749524951
baseline_dqn_statev1_sparse_seed43_20261010_112440_115825_f214191d,dqn,43,v1,sparse,90,1117,-10.0,0,1,0.8943075159592021,0.4433590769767761,118,True,False,True,0.4881307499599643
baseline_dqn_statev1_sparse_seed43_20261010_112440_115825_f214191d,dqn,43,v1,sparse,91,1121,-10.0,0,4,0.8939498466076922,0.40164001658558846,122,True,False,True,0.48962000000756234
baseline_dqn_statev1_sparse_seed43_20261010_112440_115825_f214191d,dqn,43,v1,sparse,92,1156,-10.0,0,35,0.8908263352999289,0.1488260209161256,157,True,False,True,0.5022399579756893
baseline_dqn_statev1_sparse_seed43_20261010_112440_115825_f214191d,dqn,43,v1,sparse,93,1203,-10.0,0,47,0.8866490669278309,0.09355087088856925,204,True,False,True,0.5194630000041798
baseline_dqn_statev1_sparse_seed43_20261010_112440_115825_f214191d,dqn,43,v1,sparse,94,1205,-10.0,0,2,0.8864717459809359,0.08146649994887412,206,True,False,True,0.5202395409578457
baseline_dqn_statev1_sparse_seed43_20261010_112440_115825_f214191d,dqn,43,v1,sparse,95,1206,-10.0,0,1,0.8863830988063378,0.1477937251329422,207,True,False,True,0.520618749957066
baseline_dqn_statev1_sparse_seed43_20261010_112440_115825_f214191d,dqn,43,v1,sparse,96,1210,-10.0,0,4,0.886028598746256,0.04037102218717337,211,True,False,True,0.52205062500434
baseline_dqn_statev1_sparse_seed43_20261010_112440_115825_f214191d,dqn,43,v1,sparse,97,1219,-10.0,0,9,0.8852314919032646,0.056122355370057955,220,True,False,True,0.525423040962778
baseline_dqn_statev1_sparse_seed43_20261010_112440_115825_f214191d,dqn,43,v1,sparse,98,1222,-10.0,0,3,0.8849659490117532,0.056281135417521,223,True,False,True,0.5266014999942854
baseline_dqn_statev1_sparse_seed43_20261010_112440_115825_f214191d,dqn,43,v1,sparse,99,1229,-10.0,0,7,0.8843466586593235,0.15368503305528844,230,True,False,True,0.5292104159598239
baseline_dqn_statev1_sparse_seed43_20261010_112440_115825_f214191d,dqn,43,v1,sparse,100,1239,-10.0,0,10,0.8834627098505575,0.1058385593816638,240,True,False,True,0.5329747079522349
baseline_dqn_statev1_sparse_seed43_20261010_112440_115825_f214191d,dqn,43,v1,sparse,101,1263,0.0,1,24,0.8813448359168053,0.09138881015436102,264,True,False,True,0.5436304159811698
baseline_dqn_statev1_sparse_seed43_20261010_112440_115825_f214191d,dqn,43,v1,sparse,102,1269,-10.0,0,6,0.8808161611993552,0.07906790403649211,270,True,False,True,0.5459308749996126
baseline_dqn_statev1_sparse_seed43_20261010_112440_115825_f214191d,dqn,43,v1,sparse,103,1278,0.0,1,9,0.8800237436741165,0.11730614402848813,279,True,False,True,0.5493952909600921
baseline_dqn_statev1_sparse_seed43_20261010_112440_115825_f214191d,dqn,43,v1,sparse,104,1284,-10.0,0,6,0.8794958614138745,0.006740020510430138,285,True,False,True,0.5517362079699524
baseline_dqn_statev1_sparse_seed43_20261010_112440_115825_f214191d,dqn,43,v1,sparse,105,1285,-10.0,0,1,0.8794079118277331,0.00882303062826395,286,True,False,True,0.5521290409960784
baseline_dqn_statev1_sparse_seed43_20261010_112440_115825_f214191d,dqn,43,v1,sparse,106,1301,-10.0,0,16,0.8780019139659949,0.13214017008431256,302,True,False,True,0.5578649999806657
baseline_dqn_statev1_sparse_seed43_20261010_112440_115825_f214191d,dqn,43,v1,sparse,107,1317,-10.0,0,16,0.8765981640144248,0.0853173306240933,318,True,False,True,0.5635401249746792
baseline_dqn_statev1_sparse_seed43_20261010_112440_115825_f214191d,dqn,43,v1,sparse,108,1320,-10.0,0,3,0.8763352108622888,0.10164699796587229,321,True,False,True,0.564613249967806
baseline_dqn_statev1_sparse_seed43_20261010_112440_115825_f214191d,dqn,43,v1,sparse,109,1347,-10.0,0,27,0.8739721791678078,0.056179741350071574,348,True,False,True,0.5741839159745723
baseline_dqn_statev1_sparse_seed43_20261010_112440_115825_f214191d,dqn,43,v1,sparse,110,1353,-10.0,0,6,0.8734479269386559,0.07782403232219319,354,True,False,True,0.5764646659954451
baseline_dqn_statev1_sparse_seed43_20261010_112440_115825_f214191d,dqn,43,v1,sparse,111,1361,-10.0,0,8,0.8727494131136175,0.040158875432098284,362,True,False,True,0.5794280829722993
baseline_dqn_statev1_sparse_seed43_20261010_112440_115825_f214191d,dqn,43,v1,sparse,112,1362,-10.0,0,1,0.8726621381723062,0.14661261439323425,363,True,False,True,0.579807665955741
baseline_dqn_statev1_sparse_seed43_20261010_112440_115825_f214191d,dqn,43,v1,sparse,113,1368,-10.0,0,6,0.8721386717712716,0.12411167166040589,369,True,False,True,0.5819961249944754
baseline_dqn_statev1_sparse_seed43_20261010_112440_115825_f214191d,dqn,43,v1,sparse,114,1398,-10.0,0,30,0.8695260460206861,0.12766212793843199,399,True,False,True,0.5933262080070563
baseline_dqn_statev1_sparse_seed43_20261010_112440_115825_f214191d,dqn,43,v1,sparse,115,1399,-10.0,0,1,0.869439093416084,0.005079485476016998,400,True,False,True,0.5937416249653324
baseline_dqn_statev1_sparse_seed43_20261010_112440_115825_f214191d,dqn,43,v1,sparse,116,1410,-10.0,0,11,0.8684831884613992,0.02979633401529017,411,True,False,True,0.5977625829982571
baseline_dqn_statev1_sparse_seed43_20261010_112440_115825_f214191d,dqn,43,v1,sparse,117,1416,-10.0,0,6,0.8679622288034323,0.07595545751973987,417,True,False,True,0.599930124997627
baseline_dqn_statev1_sparse_seed43_20261010_112440_115825_f214191d,dqn,43,v1,sparse,118,1418,0.0,1,2,0.8677886450372939,0.1460999846458435,419,True,False,True,0.600687415979337
baseline_dqn_statev1_sparse_seed43_20261010_112440_115825_f214191d,dqn,43,v1,sparse,119,1424,-10.0,0,6,0.8672681020012138,0.14418980273573348,425,True,False,True,0.6028559999540448
baseline_dqn_statev1_sparse_seed43_20261010_112440_115825_f214191d,dqn,43,v1,sparse,120,1425,-10.0,0,1,0.8671813751910137,0.4262445867061615,426,True,False,True,0.603237374976743
baseline_dqn_statev1_sparse_seed43_20261010_112440_115825_f214191d,dqn,43,v1,sparse,121,1442,-10.0,0,17,0.8657083456303823,0.0717089152073159,443,True,False,True,0.609458957973402
baseline_dqn_statev1_sparse_seed43_20261010_112440_115825_f214191d,dqn,43,v1,sparse,122,1463,-10.0,0,21,0.8638921749412104,0.10095774354634895,464,True,False,True,0.6171919999760576
baseline_dqn_statev1_sparse_seed43_20261010_112440_115825_f214191d,dqn,43,v1,sparse,123,1469,-10.0,0,6,0.8633739692027953,0.07753321237396449,470,True,False,True,0.619357957970351
baseline_dqn_statev1_sparse_seed43_20261010_112440_115825_f214191d,dqn,43,v1,sparse,124,1493,-10.0,0,24,0.861304252842312,0.05188239003473427,494,True,False,True,0.6279462910024449
baseline_dqn_statev1_sparse_seed43_20261010_112440_115825_f214191d,dqn,43,v1,sparse,125,1509,-10.0,0,16,0.8599271991206943,0.13756488262151834,510,True,False,True,0.6336822499870323
baseline_dqn_statev1_sparse_seed43_20261010_112440_115825_f214191d,dqn,43,v1,sparse,126,1512,-10.0,0,3,0.8596692467579141,0.0964420127371947,513,True,False,True,0.6348457909771241
baseline_dqn_statev1_sparse_seed43_20261010_112440_115825_f214191d,dqn,43,v1,sparse,127,1515,-10.0,0,3,0.8594113717731046,0.007443982331703107,516,True,False,True,0.6360214159940369
baseline_dqn_statev1_sparse_seed43_20261010_112440_115825_f214191d,dqn,43,v1,sparse,128,1543,-10.0,0,28,0.8570082656934526,0.07403495407197624,544,True,False,True,0.6463612910010852
baseline_dqn_statev1_sparse_seed43_20261010_112440_115825_f214191d,dqn,43,v1,sparse,129,1546,-10.0,0,3,0.8567511889231355,0.09549178990224998,547,True,False,True,0.6474978749756701
baseline_dqn_statev1_sparse_seed43_20261010_112440_115825_f214191d,dqn,43,v1,sparse,130,1556,0.0,1,10,0.8558948231694552,0.04771930449642241,557,True,False,True,0.6511151659651659
baseline_dqn_statev1_sparse_seed43_20261010_112440_115825_f214191d,dqn,43,v1,sparse,131,1564,-10.0,0,8,0.855210346913546,0.09474757689167745,565,True,False,True,0.6539881249773316
baseline_dqn_statev1_sparse_seed43_20261010_112440_115825_f214191d,dqn,43,v1,sparse,132,1581,-10.0,0,17,0.8537576518285253,0.10252753311001203,582,True,False,True,0.6603105829562992
baseline_dqn_statev1_sparse_seed43_20261010_112440_115825_f214191d,dqn,43,v1,sparse,133,1628,0.0,1,47,0.8497542061566828,0.10444936046545256,629,True,False,True,0.677379957982339
baseline_dqn_statev1_sparse_seed43_20261010_112440_115825_f214191d,dqn,43,v1,sparse,134,1646,-10.0,0,18,0.848225948016397,0.11455316476834317,647,True,False,True,0.6841064159525558
baseline_dqn_statev1_sparse_seed43_20261010_112440_115825_f214191d,dqn,43,v1,sparse,135,1658,-10.0,0,12,0.8472086365213355,0.06446834597348546,659,True,False,True,0.6886152079678141
baseline_dqn_statev1_sparse_seed43_20261010_112440_115825_f214191d,dqn,43,v1,sparse,136,1680,-10.0,0,22,0.8453467332688572,0.07494430628139526,681,True,False,True,0.696499582962133
baseline_dqn_statev1_sparse_seed43_20261010_112440_115825_f214191d,dqn,43,v1,sparse,137,1683,-10.0,0,3,0.8450931546084332,0.05104394210502505,684,True,False,True,0.6975870410096832
baseline_dqn_statev1_sparse_seed43_20261010_112440_115825_f214191d,dqn,43,v1,sparse,138,1689,-10.0,0,6,0.8445862254627408,0.09602891517958294,690,True,False,True,0.6997808329761028
baseline_dqn_statev1_sparse_seed43_20261010_112440_115825_f214191d,dqn,43,v1,sparse,139,1744,0.0,1,55,0.8399535211992005,0.07711698439988222,745,True,False,True,0.7193140829913318
baseline_dqn_statev1_sparse_seed43_20261010_112440_115825_f214191d,dqn,43,v1,sparse,140,1755,-10.0,0,11,0.8390300341617535,0.13260596510107545,756,True,False,True,0.7232346250093542
baseline_dqn_statev1_sparse_seed43_20261010_112440_115825_f214191d,dqn,43,v1,sparse,141,1757,-10.0,0,2,0.8388622365452214,0.13976823585107923,758,True,False,True,0.7239894159720279
baseline_dqn_statev1_sparse_seed43_20261010_112440_115825_f214191d,dqn,43,v1,sparse,142,1765,-10.0,0,8,0.8381913815904412,0.12877117676544003,766,True,False,True,0.7268207909655757
baseline_dqn_statev1_sparse_seed43_20261010_112440_115825_f214191d,dqn,43,v1,sparse,143,1832,0.0,1,67,0.8325939916558395,0.10276207848757839,833,True,False,True,0.7514949580072425
baseline_dqn_statev1_sparse_seed43_20261010_112440_115825_f214191d,dqn,43,v1,sparse,144,1833,-10.0,0,1,0.8325107322566739,0.1451726108789444,834,True,False,True,0.7518919159774669
baseline_dqn_statev1_sparse_seed43_20261010_112440_115825_f214191d,dqn,43,v1,sparse,145,1839,-10.0,0,6,0.8320113506772808,0.055261994479224086,840,True,False,True,0.7540763329598121
baseline_dqn_statev1_sparse_seed43_20261010_112440_115825_f214191d,dqn,43,v1,sparse,146,1851,-10.0,0,12,0.8310134860009584,0.08693902002414688,852,True,False,True,0.7584832079592161
baseline_dqn_statev1_sparse_seed43_20261010_112440_115825_f214191d,dqn,43,v1,sparse,147,1878,-10.0,0,27,0.828772664016835,0.10376836729442908,879,True,False,True,0.7682088330038823
baseline_dqn_statev1_sparse_seed43_20261010_112440_115825_f214191d,dqn,43,v1,sparse,148,1885,10.0,2,7,0.8281926971652785,0.1508112416735717,886,True,False,True,0.7710036659846082
baseline_dqn_statev1_sparse_seed43_20261010_112440_115825_f214191d,dqn,43,v1,sparse,149,1891,0.0,1,6,0.8276959057593214,0.18590713548474014,892,True,False,True,0.7734115829807706
baseline_dqn_statev1_sparse_seed43_20261010_112440_115825_f214191d,dqn,43,v1,sparse,150,1903,-10.0,0,12,0.826703216769656,0.12150503213827808,904,True,False,True,0.777956040983554
baseline_dqn_statev1_sparse_seed43_20261010_112440_115825_f214191d,dqn,43,v1,sparse,151,1933,-10.0,0,30,0.8242266999241896,0.07397664483093346,934,True,False,True,0.7890401249751449
baseline_dqn_statev1_sparse_seed43_20261010_112440_115825_f214191d,dqn,43,v1,sparse,152,1935,-10.0,0,2,0.8240618628264719,0.07091056334320456,936,True,False,True,0.7898009580094367
baseline_dqn_statev1_sparse_seed43_20261010_112440_115825_f214191d,dqn,43,v1,sparse,153,1936,-10.0,0,1,0.8239794566401892,0.0027440348640084267,937,True,False,True,0.7901753329788335
baseline_dqn_statev1_sparse_seed43_20261010_112440_115825_f214191d,dqn,43,v1,sparse,154,1952,-10.0,0,16,0.8226620778236344,0.09226326775387861,953,True,False,True,0.7962887909961864
baseline_dqn_statev1_sparse_seed43_20261010_112440_115825_f214191d,dqn,43,v1,sparse,155,1953,-10.0,0,1,0.822579811615852,0.00265323743224144,954,True,False,True,0.7966833749669604
baseline_dqn_statev1_sparse_seed43_20261010_112440_115825_f214191d,dqn,43,v1,sparse,156,1960,-10.0,0,7,0.8220041784606941,0.12102579268892961,961,True,False,True,0.799165082979016
baseline_dqn_statev1_sparse_seed43_20261010_112440_115825_f214191d,dqn,43,v1,sparse,157,1963,-10.0,0,3,0.8217576018664593,0.10019843063006799,964,True,False,True,0.8002570829703473
baseline_dqn_statev1_sparse_seed43_20261010_112440_115825_f214191d,dqn,43,v1,sparse,158,1966,-10.0,0,3,0.8215110992378057,0.054618125703806676,967,True,False,True,0.8014189999666996
baseline_dqn_statev1_sparse_seed43_20261010_112440_115825_f214191d,dqn,43,v1,sparse,159,1974,0.0,1,8,0.8208541203355244,0.08819233730901033,975,True,False,True,0.8044159159762785
baseline_dqn_statev1_sparse_seed43_20261010_112440_115825_f214191d,dqn,43,v1,sparse,160,1981,-10.0,0,7,0.8202796948019279,0.07889761975301164,982,True,False,True,0.8069263749639504
baseline_dqn_statev1_sparse_seed43_20261010_112440_115825_f214191d,dqn,43,v1,sparse,161,1993,-10.0,0,12,0.8192959003723432,0.10698317765491083,994,True,False,True,0.8113398329587653
baseline_dqn_statev1_sparse_seed43_20261010_112440_115825_f214191d,dqn,43,v1,sparse,162,2005,-10.0,0,12,0.818313285846986,0.10018466376156236,1006,True,False,True,0.815818874980323
baseline_dqn_statev1_sparse_seed43_20261010_112440_115825_f214191d,dqn,43,v1,sparse,163,2074,-10.0,0,69,0.8126860790002739,0.09052413770847995,1075,True,False,True,0.8412094579543918
baseline_dqn_statev1_sparse_seed43_20261010_112440_115825_f214191d,dqn,43,v1,sparse,164,2096,-10.0,0,22,0.8109000456803733,0.11181274481879716,1097,True,False,True,0.8489492909866385
baseline_dqn_statev1_sparse_seed43_20261010_112440_115825_f214191d,dqn,43,v1,sparse,165,2109,-10.0,0,13,0.8098465078911652,0.17222303624909657,1110,True,False,True,0.8536648330045864
baseline_dqn_statev1_sparse_seed43_20261010_112440_115825_f214191d,dqn,43,v1,sparse,166,2170,0.0,1,61,0.8049212352799624,0.0852516565823042,1171,True,False,True,0.8756109579699114
baseline_dqn_statev1_sparse_seed43_20261010_112440_115825_f214191d,dqn,43,v1,sparse,167,2177,-10.0,0,7,0.8043579594205564,0.11104032809713058,1178,True,False,True,0.8780897499527782
baseline_dqn_statev1_sparse_seed43_20261010_112440_115825_f214191d,dqn,43,v1,sparse,168,2188,0.0,1,11,0.803473607929379,0.13601453653113407,1189,True,False,True,0.882041999953799
baseline_dqn_statev1_sparse_seed43_20261010_112440_115825_f214191d,dqn,43,v1,sparse,169,2190,-10.0,0,2,0.8033129212425293,0.014396330807358027,1191,True,False,True,0.8827566659892909
baseline_dqn_statev1_sparse_seed43_20261010_112440_115825_f214191d,dqn,43,v1,sparse,170,2222,-10.0,0,32,0.8007463003450978,0.09479552037373651,1223,True,False,True,0.8939149579964578
baseline_dqn_statev1_sparse_seed43_20261010_112440_115825_f214191d,dqn,43,v1,sparse,171,2239,-10.0,0,17,0.7993861201051627,0.1314802480971112,1240,True,False,True,0.8998998329625465
baseline_dqn_statev1_sparse_seed43_20261010_112440_115825_f214191d,dqn,43,v1,sparse,172,2240,-10.0,0,1,0.7993061814931522,0.266570121049881,1241,True,False,True,0.900277707958594
baseline_dqn_statev1_sparse_seed43_20261010_112440_115825_f214191d,dqn,43,v1,sparse,173,2249,-10.0,0,9,0.7985870936129023,0.04368868082140883,1250,True,False,True,0.9034765409887768
baseline_dqn_statev1_sparse_seed43_20261010_112440_115825_f214191d,dqn,43,v1,sparse,174,2282,-10.0,0,33,0.7959559683900088,0.11391607825785424,1283,True,False,True,0.9154855000087991
baseline_dqn_statev1_sparse_seed43_20261010_112440_115825_f214191d,dqn,43,v1,sparse,175,2294,-10.0,0,12,0.7950013463838091,0.11393051175400615,1295,True,False,True,0.9198950409772806
baseline_dqn_statev1_sparse_seed43_20261010_112440_115825_f214191d,dqn,43,v1,sparse,176,2324,-10.0,0,30,0.7926197973749869,0.07699197522985439,1325,True,False,True,0.9308245409629308
baseline_dqn_statev1_sparse_seed43_20261010_112440_115825_f214191d,dqn,43,v1,sparse,177,2335,-10.0,0,11,0.7917483514080069,0.07763949282128703,1336,True,False,True,0.9348096659523435
baseline_dqn_statev1_sparse_seed43_20261010_112440_115825_f214191d,dqn,43,v1,sparse,178,2347,-10.0,0,12,0.7907987757660838,0.12691778670220324,1348,True,False,True,0.9390164159704
baseline_dqn_statev1_sparse_seed43_20261010_112440_115825_f214191d,dqn,43,v1,sparse,179,2350,-10.0,0,3,0.7905615598565264,0.09516600177933772,1351,True,False,True,0.9400826249620877
baseline_dqn_statev1_sparse_seed43_20261010_112440_115825_f214191d,dqn,43,v1,sparse,180,2366,-10.0,0,16,0.7892976095920575,0.08989934209967032,1367,True,False,True,0.9459030409925617
baseline_dqn_statev1_sparse_seed43_20261010_112440_115825_f214191d,dqn,43,v1,sparse,181,2391,0.0,1,25,0.7873267316465199,0.08723831731826066,1392,True,False,True,0.9551619159756228
baseline_dqn_statev1_sparse_seed43_20261010_112440_115825_f214191d,dqn,43,v1,sparse,182,2398,-10.0,0,7,0.7867757682454274,0.11251072731933423,1399,True,False,True,0.9578291249927133
baseline_dqn_statev1_sparse_seed43_20261010_112440_115825_f214191d,dqn,43,v1,sparse,183,2424,-10.0,0,26,0.7847327062247952,0.09507541111312233,1425,True,False,True,0.9673227499588393
baseline_dqn_statev1_sparse_seed43_20261010_112440_115825_f214191d,dqn,43,v1,sparse,184,2462,-10.0,0,38,0.7817562319978494,0.12640274813594787,1463,True,False,True,0.9810127079836093
baseline_dqn_statev1_sparse_seed43_20261010_112440_115825_f214191d,dqn,43,v1,sparse,185,2479,-10.0,0,17,0.7804283090605204,0.09183167584021301,1480,True,False,True,0.9871613329742104
baseline_dqn_statev1_sparse_seed43_20261010_112440_115825_f214191d,dqn,43,v1,sparse,186,2481,-10.0,0,2,0.7802722312029914,0.014421377796679735,1482,True,False,True,0.9879057499929331
baseline_dqn_statev1_sparse_seed43_20261010_112440_115825_f214191d,dqn,43,v1,sparse,187,2484,0.0,1,3,0.7800381729410172,0.2739629012842973,1485,True,False,True,0.9890040409518406
baseline_dqn_statev1_sparse_seed43_20261010_112440_115825_f214191d,dqn,43,v1,sparse,188,2486,-10.0,0,2,0.7798821731068107,0.22062081564217806,1487,True,False,True,0.9897480829968117
baseline_dqn_statev1_sparse_seed43_20261010_112440_115825_f214191d,dqn,43,v1,sparse,189,2549,10.0,2,63,0.7749841155915783,0.11505728339155515,1550,True,False,True,1.0120787909836508
baseline_dqn_statev1_sparse_seed43_20261010_112440_115825_f214191d,dqn,43,v1,sparse,190,2565,-10.0,0,16,0.7737450705537205,0.13078823796240613,1566,True,False,True,1.0177008750033565
baseline_dqn_statev1_sparse_seed43_20261010_112440_115825_f214191d,dqn,43,v1,sparse,191,2573,-10.0,0,8,0.773126291102573,0.14815935224760324,1574,True,False,True,1.020549957989715
baseline_dqn_statev1_sparse_seed43_20261010_112440_115825_f214191d,dqn,43,v1,sparse,192,2574,-10.0,0,1,0.7730489784734628,0.2721334993839264,1575,True,False,True,1.0209186249994673
baseline_dqn_statev1_sparse_seed43_20261010_112440_115825_f214191d,dqn,43,v1,sparse,193,2577,-10.0,0,3,0.772817086970617,0.11492748372256756,1578,True,False,True,1.0219860000070184
baseline_dqn_statev1_sparse_seed43_20261010_112440_115825_f214191d,dqn,43,v1,sparse,194,2609,0.0,1,32,0.7703479016346673,0.11367835366399959,1610,True,False,True,1.0335521249799058
baseline_dqn_statev1_sparse_seed43_20261010_112440_115825_f214191d,dqn,43,v1,sparse,195,2612,-10.0,0,3,0.7701168203738437,0.06386867817491293,1613,True,False,True,1.034739124996122
baseline_dqn_statev1_sparse_seed43_20261010_112440_115825_f214191d,dqn,43,v1,sparse,196,2637,-10.0,0,25,0.7681938369030756,0.12998560927808284,1638,True,False,True,1.0438110409886576
baseline_dqn_statev1_sparse_seed43_20261010_112440_115825_f214191d,dqn,43,v1,sparse,197,2649,-10.0,0,12,0.7672725111377597,0.12002105882856995,1650,True,False,True,1.0481222909875214
baseline_dqn_statev1_sparse_seed43_20261010_112440_115825_f214191d,dqn,43,v1,sparse,198,2656,-10.0,0,7,0.7667355814803388,0.16795452205198153,1657,True,False,True,1.0506520409835503
baseline_dqn_statev1_sparse_seed43_20261010_112440_115825_f214191d,dqn,43,v1,sparse,199,2657,-10.0,0,1,0.7666589079221908,0.2915384769439697,1658,True,False,True,1.0510235829860903
baseline_dqn_statev1_sparse_seed43_20261010_112440_115825_f214191d,dqn,43,v1,sparse,200,2662,-10.0,0,5,0.7662756551264543,0.14732346534729004,1663,True,False,True,1.0527670829906128
baseline_dqn_statev1_sparse_seed43_20261010_112440_115825_f214191d,dqn,43,v1,sparse,201,2664,-10.0,0,2,0.7661224076581856,0.0105597167275846,1665,True,False,True,1.0550209579523653
baseline_dqn_statev1_sparse_seed43_20261010_112440_115825_f214191d,dqn,43,v1,sparse,202,2708,-10.0,0,44,0.7627587064463331,0.10599550958299502,1709,True,False,True,1.0709632909856737
baseline_dqn_statev1_sparse_seed43_20261010_112440_115825_f214191d,dqn,43,v1,sparse,203,2714,0.0,1,6,0.7623011656210174,0.1105584738155206,1715,True,False,True,1.0731331249698997
baseline_dqn_statev1_sparse_seed43_20261010_112440_115825_f214191d,dqn,43,v1,sparse,204,2720,-10.0,0,6,0.7618438992515748,0.08496187860146165,1721,True,False,True,1.0754206249839626
baseline_dqn_statev1_sparse_seed43_20261010_112440_115825_f214191d,dqn,43,v1,sparse,205,2722,-10.0,0,2,0.7616915380901634,0.12720170244574547,1723,True,False,True,1.076152916008141
baseline_dqn_statev1_sparse_seed43_20261010_112440_115825_f214191d,dqn,43,v1,sparse,206,2815,10.0,2,93,0.7546402933302592,0.09988734571723848,1816,True,False,True,1.1096110409707762
baseline_dqn_statev1_sparse_seed43_20261010_112440_115825_f214191d,dqn,43,v1,sparse,207,2843,-10.0,0,28,0.7525301505785863,0.13928421008001482,1844,True,False,True,1.119731790968217
baseline_dqn_statev1_sparse_seed43_20261010_112440_115825_f214191d,dqn,43,v1,sparse,208,2844,-10.0,0,1,0.7524548975635285,0.1269138753414154,1845,True,False,True,1.1201141659985296
baseline_dqn_statev1_sparse_seed43_20261010_112440_115825_f214191d,dqn,43,v1,sparse,209,2846,-10.0,0,2,0.7523044141085647,0.013986345613375306,1847,True,False,True,1.1208562909741886
baseline_dqn_statev1_sparse_seed43_20261010_112440_115825_f214191d,dqn,43,v1,sparse,210,2866,0.0,1,20,0.7508012338014718,0.0697717203758657,1867,True,False,True,1.1280051249777898
baseline_dqn_statev1_sparse_seed43_20261010_112440_115825_f214191d,dqn,43,v1,sparse,211,2878,0.0,1,12,0.7499007676845854,0.10565586535570522,1879,True,False,True,1.1322852909797803
baseline_dqn_statev1_sparse_seed43_20261010_112440_115825_f214191d,dqn,43,v1,sparse,212,2885,-10.0,0,7,0.7493759946001234,0.07301113887556962,1886,True,False,True,1.134786082955543
baseline_dqn_statev1_sparse_seed43_20261010_112440_115825_f214191d,dqn,43,v1,sparse,213,2891,-10.0,0,6,0.7489264813947762,0.1509100298086802,1892,True,False,True,1.1369502499583177
baseline_dqn_statev1_sparse_seed43_20261010_112440_115825_f214191d,dqn,43,v1,sparse,214,2911,-10.0,0,20,0.7474300505388882,0.11915617221966386,1912,True,False,True,1.1441567079746164
baseline_dqn_statev1_sparse_seed43_20261010_112440_115825_f214191d,dqn,43,v1,sparse,215,2917,-10.0,0,6,0.7469817046081252,0.03873573895543814,1918,True,False,True,1.1462560409563594
baseline_dqn_statev1_sparse_seed43_20261010_112440_115825_f214191d,dqn,43,v1,sparse,216,2947,0.0,1,30,0.7447440058340166,0.13784034301837286,1948,True,False,True,1.1570077909855172
baseline_dqn_statev1_sparse_seed43_20261010_112440_115825_f214191d,dqn,43,v1,sparse,217,2954,-10.0,0,7,0.7442228414001106,0.08895135604377304,1955,True,False,True,1.1595433749607764
baseline_dqn_statev1_sparse_seed43_20261010_112440_115825_f214191d,dqn,43,v1,sparse,218,2975,-10.0,0,21,0.7426615353117658,0.09452832476901156,1976,True,False,True,1.1672447909950279
baseline_dqn_statev1_sparse_seed43_20261010_112440_115825_f214191d,dqn,43,v1,sparse,219,2979,-10.0,0,4,0.7423645152543628,0.14709820575080812,1980,True,False,True,1.1687226659851149
baseline_dqn_statev1_sparse_seed43_20261010_112440_115825_f214191d,dqn,43,v1,sparse,220,2995,10.0,2,16,0.741177622451785,0.12122263049241155,1996,True,False,True,1.1745084580034018
baseline_dqn_statev1_sparse_seed43_20261010_112440_115825_f214191d,dqn,43,v1,sparse,221,2996,-10.0,0,1,0.7411035046895398,0.010283304378390312,1997,True,False,True,1.1748979580006562
baseline_dqn_statev1_sparse_seed43_20261010_112440_115825_f214191d,dqn,43,v1,sparse,222,3053,0.0,1,57,0.7368910210692992,0.1290248648443243,2054,True,False,True,1.1954949999926612
baseline_dqn_statev1_sparse_seed43_20261010_112440_115825_f214191d,dqn,43,v1,sparse,223,3068,0.0,1,15,0.7357864579380827,0.15471864410986502,2069,True,False,True,1.2009094159584492
baseline_dqn_statev1_sparse_seed43_20261010_112440_115825_f214191d,dqn,43,v1,sparse,224,3105,10.0,2,37,0.733068942669318,0.13671707961003524,2106,True,False,True,1.2142410409869626
baseline_dqn_statev1_sparse_seed43_20261010_112440_115825_f214191d,dqn,43,v1,sparse,225,3109,-10.0,0,4,0.7327757590734547,0.13729340303689241,2110,True,False,True,1.215736374957487
baseline_dqn_statev1_sparse_seed43_20261010_112440_115825_f214191d,dqn,43,v1,sparse,226,3116,-10.0,0,7,0.7322629698993681,0.1682895523096834,2117,True,False,True,1.2183771249838173
baseline_dqn_statev1_sparse_seed43_20261010_112440_115825_f214191d,dqn,43,v1,sparse,227,3131,-10.0,0,15,0.7311653439875581,0.11565980600814024,2132,True,False,True,1.2236291249864735
baseline_dqn_statev1_sparse_seed43_20261010_112440_115825_f214191d,dqn,43,v1,sparse,228,3137,-10.0,0,6,0.7307267544413448,0.13355731156965098,2138,True,False,True,1.225762207992375
baseline_dqn_statev1_sparse_seed43_20261010_112440_115825_f214191d,dqn,43,v1,sparse,229,3155,-10.0,0,18,0.7294125636992354,0.15509997825655672,2156,True,False,True,1.2324981249985285
baseline_dqn_statev1_sparse_seed43_20261010_112440_115825_f214191d,dqn,43,v1,sparse,230,3156,-10.0,0,1,0.7293396224428654,0.162502259016037,2157,True,False,True,1.2328764999983832
baseline_dqn_statev1_sparse_seed43_20261010_112440_115825_f214191d,dqn,43,v1,sparse,231,3172,-10.0,0,16,0.7281735538462065,0.18039895768743008,2173,True,False,True,1.238583665981423
baseline_dqn_statev1_sparse_seed43_20261010_112440_115825_f214191d,dqn,43,v1,sparse,232,3175,-10.0,0,3,0.7279551236245312,0.2109199712673823,2176,True,False,True,1.239668875001371
baseline_dqn_statev1_sparse_seed43_20261010_112440_115825_f214191d,dqn,43,v1,sparse,233,3178,-10.0,0,3,0.7277367589253696,0.08399496724208196,2179,True,False,True,1.2407477499800734
baseline_dqn_statev1_sparse_seed43_20261010_112440_115825_f214191d,dqn,43,v1,sparse,234,3181,-10.0,0,3,0.727518459729067,0.0325674694031477,2182,True,False,True,1.2419334579608403
baseline_dqn_statev1_sparse_seed43_20261010_112440_115825_f214191d,dqn,43,v1,sparse,235,3204,0.0,1,23,0.7258470066056023,0.11370084467141525,2205,True,False,True,1.2501148749724962
baseline_dqn_statev1_sparse_seed43_20261010_112440_115825_f214191d,dqn,43,v1,sparse,236,3221,-10.0,0,17,0.724614053352899,0.1524404040811693,2222,True,False,True,1.2563514999928884
baseline_dqn_statev1_sparse_seed43_20261010_112440_115825_f214191d,dqn,43,v1,sparse,237,3241,-10.0,0,20,0.7231662011871857,0.12332615740597248,2242,True,False,True,1.2636225409805775
baseline_dqn_statev1_sparse_seed43_20261010_112440_115825_f214191d,dqn,43,v1,sparse,238,3255,-10.0,0,14,0.7221544263236067,0.10282614334885563,2256,True,False,True,1.2685942499665543
baseline_dqn_statev1_sparse_seed43_20261010_112440_115825_f214191d,dqn,43,v1,sparse,239,3260,-10.0,0,5,0.7217934213186664,0.1396774873137474,2261,True,False,True,1.2703716249670833
baseline_dqn_statev1_sparse_seed43_20261010_112440_115825_f214191d,dqn,43,v1,sparse,240,3329,10.0,2,69,0.7168299422299056,0.1204772663127253,2330,True,False,True,1.295488582982216
baseline_dqn_statev1_sparse_seed43_20261010_112440_115825_f214191d,dqn,43,v1,sparse,241,3353,-10.0,0,24,0.715111527369092,0.16894435525561372,2354,True,False,True,1.3041987909819
baseline_dqn_statev1_sparse_seed43_20261010_112440_115825_f214191d,dqn,43,v1,sparse,242,3357,0.0,1,4,0.7148255256619758,0.23911756416782737,2358,True,False,True,1.3056878749630414
baseline_dqn_statev1_sparse_seed43_20261010_112440_115825_f214191d,dqn,43,v1,sparse,243,3377,-10.0,0,20,0.7133972319645958,0.12075528930872678,2378,True,False,True,1.3130852909525856
baseline_dqn_statev1_sparse_seed43_20261010_112440_115825_f214191d,dqn,43,v1,sparse,244,3410,0.0,1,33,0.7110467839471198,0.13269889143041588,2411,True,False,True,1.324992874986492
baseline_dqn_statev1_sparse_seed43_20261010_112440_115825_f214191d,dqn,43,v1,sparse,245,3412,-10.0,0,2,0.7109045817007983,0.0682903565466404,2413,True,False,True,1.3257226659916341
baseline_dqn_statev1_sparse_seed43_20261010_112440_115825_f214191d,dqn,43,v1,sparse,246,3416,-10.0,0,4,0.7106202625195494,0.1845441795885563,2417,True,False,True,1.3271255409927107
baseline_dqn_statev1_sparse_seed43_20261010_112440_115825_f214191d,dqn,43,v1,sparse,247,3426,-10.0,0,10,0.7099099619508884,0.1831902083940804,2427,True,False,True,1.3307046659756452
baseline_dqn_statev1_sparse_seed43_20261010_112440_115825_f214191d,dqn,43,v1,sparse,248,3471,0.0,1,45,0.7067223851676793,0.17699323855340482,2472,True,False,True,1.3472113329917192
baseline_dqn_statev1_sparse_seed43_20261010_112440_115825_f214191d,dqn,43,v1,sparse,249,3476,-10.0,0,5,0.7063690946402671,0.061708638072013856,2477,True,False,True,1.3490213750046678
baseline_dqn_statev1_sparse_seed43_20261010_112440_115825_f214191d,dqn,43,v1,sparse,250,3477,-10.0,0,1,0.706298457730803,0.0210284274071455,2478,True,False,True,1.3493915409781039
baseline_dqn_statev1_sparse_seed43_20261010_112440_115825_f214191d,dqn,43,v1,sparse,251,3478,-10.0,0,1,0.7062278278850299,0.02496683970093727,2479,True,False,True,1.3497830409905873
baseline_dqn_statev1_sparse_seed43_20261010_112440_115825_f214191d,dqn,43,v1,sparse,252,3504,0.0,1,26,0.7043939289378328,0.11743318432798752,2505,True,False,True,1.3592609579791315
baseline_dqn_statev1_sparse_seed43_20261010_112440_115825_f214191d,dqn,43,v1,sparse,253,3509,-10.0,0,5,0.7040418024057132,0.22729898393154144,2510,True,False,True,1.3610852909623645
baseline_dqn_statev1_sparse_seed43_20261010_112440_115825_f214191d,dqn,43,v1,sparse,254,3539,10.0,2,30,0.7019327367238553,0.12016763892024755,2540,True,False,True,1.3718188749626279
baseline_dqn_statev1_sparse_seed43_20261010_112440_115825_f214191d,dqn,43,v1,sparse,255,3542,-10.0,0,3,0.7017221779601183,0.1509166583418846,2543,True,False,True,1.3729057909804396
baseline_dqn_statev1_sparse_seed43_20261010_112440_115825_f214191d,dqn,43,v1,sparse,256,3567,-10.0,0,25,0.6999699760686784,0.13462329722940922,2568,True,False,True,1.3816924580023624
baseline_dqn_statev1_sparse_seed43_20261010_112440_115825_f214191d,dqn,43,v1,sparse,257,3587,-10.0,0,20,0.6985713652618688,0.15473253633826972,2588,True,False,True,1.3890078329714015
baseline_dqn_statev1_sparse_seed43_20261010_112440_115825_f214191d,dqn,43,v1,sparse,258,3593,-10.0,0,6,0.6981523272144462,0.14193295066555342,2594,True,False,True,1.391242665995378
baseline_dqn_statev1_sparse_seed43_20261010_112440_115825_f214191d,dqn,43,v1,sparse,259,3598,-10.0,0,5,0.6978033208590906,0.18445286452770232,2599,True,False,True,1.3930401249672286
baseline_dqn_statev1_sparse_seed43_20261010_112440_115825_f214191d,dqn,43,v1,sparse,260,3601,-10.0,0,3,0.6975940007962347,0.10960469394922256,2602,True,False,True,1.3941669999621809
baseline_dqn_statev1_sparse_seed43_20261010_112440_115825_f214191d,dqn,43,v1,sparse,261,3684,0.0,1,83,0.6918276457458287,0.13845243428396173,2685,True,False,True,1.4240080409799702
baseline_dqn_statev1_sparse_seed43_20261010_112440_115825_f214191d,dqn,43,v1,sparse,262,3705,0.0,1,21,0.6903762596081019,0.20488976172748066,2706,True,False,True,1.4315802499768324
baseline_dqn_statev1_sparse_seed43_20261010_112440_115825_f214191d,dqn,43,v1,sparse,263,3711,-10.0,0,6,0.6899621373949695,0.10715974991520245,2712,True,False,True,1.4337554579833522
baseline_dqn_statev1_sparse_seed43_20261010_112440_115825_f214191d,dqn,43,v1,sparse,264,3734,10.0,2,23,0.6883769688618566,0.111461926413619,2735,True,False,True,1.4420046659652144
baseline_dqn_statev1_sparse_seed43_20261010_112440_115825_f214191d,dqn,43,v1,sparse,265,3736,-10.0,0,2,0.688239300351854,0.047903914004564285,2737,True,False,True,1.442727790970821
baseline_dqn_statev1_sparse_seed43_20261010_112440_115825_f214191d,dqn,43,v1,sparse,266,3748,-10.0,0,12,0.6874138672779916,0.15531517192721367,2749,True,False,True,1.4470349999610335
baseline_dqn_statev1_sparse_seed43_20261010_112440_115825_f214191d,dqn,43,v1,sparse,267,3771,0.0,1,23,0.6858345533235352,0.1473278945878796,2772,True,False,True,1.4554552499903366
baseline_dqn_statev1_sparse_seed43_20261010_112440_115825_f214191d,dqn,43,v1,sparse,268,3793,-10.0,0,22,0.6843273005283582,0.14959603912112387,2794,True,False,True,1.4635983749758452
baseline_dqn_statev1_sparse_seed43_20261010_112440_115825_f214191d,dqn,43,v1,sparse,269,3794,-10.0,0,1,0.6842588677983054,0.4461517333984375,2795,True,False,True,1.4639821659657173
baseline_dqn_statev1_sparse_seed43_20261010_112440_115825_f214191d,dqn,43,v1,sparse,270,3799,0.0,1,5,0.6839168067834508,0.19973100423812867,2800,True,False,True,1.4658065409748815
baseline_dqn_statev1_sparse_seed43_20261010_112440_115825_f214191d,dqn,43,v1,sparse,271,3819,10.0,2,20,0.6825502718324828,0.16060207784175873,2820,True,False,True,1.4732112499768846
baseline_dqn_statev1_sparse_seed43_20261010_112440_115825_f214191d,dqn,43,v1,sparse,272,3848,-10.0,0,29,0.6805736447058544,0.13635453080822682,2849,True,False,True,1.483754290966317
baseline_dqn_statev1_sparse_seed43_20261010_112440_115825_f214191d,dqn,43,v1,sparse,273,3849,-10.0,0,1,0.6805055873413838,0.017511432990431786,2850,True,False,True,1.4841571249999106
baseline_dqn_statev1_sparse_seed43_20261010_112440_115825_f214191d,dqn,43,v1,sparse,274,3887,10.0,2,38,0.6779244443280403,0.13508257010069333,2888,True,False,True,1.497878915979527
baseline_dqn_statev1_sparse_seed43_20261010_112440_115825_f214191d,dqn,43,v1,sparse,275,3940,-10.0,0,53,0.6743407707107183,0.1611161785165094,2941,True,False,True,1.5172751659993082
baseline_dqn_statev1_sparse_seed43_20261010_112440_115825_f214191d,dqn,43,v1,sparse,276,3970,20.0,3,30,0.6723206790449627,0.15709002458800872,2971,True,False,True,1.5285802909638733
baseline_dqn_statev1_sparse_seed43_20261010_112440_115825_f214191d,dqn,43,v1,sparse,277,3999,-10.0,0,29,0.6703736762426258,0.16144396801447047,3000,True,False,True,1.5389500829624012
baseline_dqn_statev1_sparse_seed43_20261010_112440_115825_f214191d,dqn,43,v1,sparse,278,4008,-10.0,0,9,0.669770581212228,0.19384941417309973,3009,True,False,True,1.5422493749647401
baseline_dqn_statev1_sparse_seed43_20261010_112440_115825_f214191d,dqn,43,v1,sparse,279,4009,-10.0,0,1,0.6697036041541068,0.36257004737854004,3010,True,False,True,1.5426442499738187
baseline_dqn_statev1_sparse_seed43_20261010_112440_115825_f214191d,dqn,43,v1,sparse,280,4011,-10.0,0,2,0.6695696701303121,0.22236961871385574,3012,True,False,True,1.543388290971052
baseline_dqn_statev1_sparse_seed43_20261010_112440_115825_f214191d,dqn,43,v1,sparse,281,4014,-10.0,0,3,0.6693688193156936,0.21567307164271673,3015,True,False,True,1.5445015410077758
baseline_dqn_statev1_sparse_seed43_20261010_112440_115825_f214191d,dqn,43,v1,sparse,282,4032,-10.0,0,18,0.668164979029219,0.1748068504449394,3033,True,False,True,1.5512149999849498
baseline_dqn_statev1_sparse_seed43_20261010_112440_115825_f214191d,dqn,43,v1,sparse,283,4076,10.0,2,44,0.6652313651220781,0.18268820783123374,3077,True,False,True,1.5678672079811804
baseline_dqn_statev1_sparse_seed43_20261010_112440_115825_f214191d,dqn,43,v1,sparse,284,4084,-10.0,0,8,0.6646993662575146,0.1395084010437131,3085,True,False,True,1.5707729159621522
baseline_dqn_statev1_sparse_seed43_20261010_112440_115825_f214191d,dqn,43,v1,sparse,285,4091,-10.0,0,7,0.6642342162647391,0.10161066108516284,3092,True,False,True,1.5733251249766909
baseline_dqn_statev1_sparse_seed43_20261010_112440_115825_f214191d,dqn,43,v1,sparse,286,4092,-10.0,0,1,0.6641677928431127,0.06340107321739197,3093,True,False,True,1.573717332968954
baseline_dqn_statev1_sparse_seed43_20261010_112440_115825_f214191d,dqn,43,v1,sparse,287,4139,10.0,2,47,0.6610533731129462,0.19285065617333066,3140,True,False,True,1.5915278749889694
baseline_dqn_statev1_sparse_seed43_20261010_112440_115825_f214191d,dqn,43,v1,sparse,288,4145,0.0,1,6,0.6606568402338643,0.10616373146573703,3146,True,False,True,1.5938378329738043
baseline_dqn_statev1_sparse_seed43_20261010_112440_115825_f214191d,dqn,43,v1,sparse,289,4148,-10.0,0,3,0.6604586630008388,0.17652914052208266,3149,True,False,True,1.5949566249619238
baseline_dqn_statev1_sparse_seed43_20261010_112440_115825_f214191d,dqn,43,v1,sparse,290,4149,-10.0,0,1,0.6603926171345387,0.10237649828195572,3150,True,False,True,1.5953302079578862
baseline_dqn_statev1_sparse_seed43_20261010_112440_115825_f214191d,dqn,43,v1,sparse,291,4167,10.0,2,18,0.6592049202857224,0.17195627383059925,3168,True,False,True,1.602034832991194
baseline_dqn_statev1_sparse_seed43_20261010_112440_115825_f214191d,dqn,43,v1,sparse,292,4175,-10.0,0,8,0.6586777408899608,0.20321945939213037,3176,True,False,True,1.6049758329754695
baseline_dqn_statev1_sparse_seed43_20261010_112440_115825_f214191d,dqn,43,v1,sparse,293,4229,10.0,2,54,0.6551302904505948,0.15541464869898777,3230,True,False,True,1.624670082994271
baseline_dqn_statev1_sparse_seed43_20261010_112440_115825_f214191d,dqn,43,v1,sparse,294,4238,-10.0,0,9,0.6545409089810712,0.13700922744141686,3239,True,False,True,1.6278860829770565
baseline_dqn_statev1_sparse_seed43_20261010_112440_115825_f214191d,dqn,43,v1,sparse,295,4247,-10.0,0,9,0.6539520577427422,0.198880425757832,3248,True,False,True,1.6311260410002433
baseline_dqn_statev1_sparse_seed43_20261010_112440_115825_f214191d,dqn,43,v1,sparse,296,4248,-10.0,0,1,0.6538866625369679,0.39986658096313477,3249,True,False,True,1.631507790996693
baseline_dqn_statev1_sparse_seed43_20261010_112440_115825_f214191d,dqn,43,v1,sparse,297,4326,10.0,2,78,0.6488059331337088,0.178700833581388,3327,True,False,True,1.6595919159590267
baseline_dqn_statev1_sparse_seed43_20261010_112440_115825_f214191d,dqn,43,v1,sparse,298,4352,-10.0,0,26,0.6471211446409181,0.22327299903218562,3353,True,False,True,1.6690354159800336
baseline_dqn_statev1_sparse_seed43_20261010_112440_115825_f214191d,dqn,43,v1,sparse,299,4383,0.0,1,31,0.6451180752990792,0.23891810652229092,3384,True,False,True,1.6801187910023145
baseline_dqn_statev1_sparse_seed43_20261010_112440_115825_f214191d,dqn,43,v1,sparse,300,4409,-10.0,0,26,0.6434428632607037,0.19162977057007644,3410,True,False,True,1.6893573749694042
baseline_dqn_statev1_sparse_seed43_20261010_112440_115825_f214191d,dqn,43,v1,sparse,301,4470,10.0,2,61,0.639529613675243,0.20422639569542447,3471,True,False,True,1.713814040995203
baseline_dqn_statev1_sparse_seed43_20261010_112440_115825_f214191d,dqn,43,v1,sparse,302,4503,10.0,2,33,0.637422539179817,0.1592856380298282,3504,True,False,True,1.7260080829728395
baseline_dqn_statev1_sparse_seed43_20261010_112440_115825_f214191d,dqn,43,v1,sparse,303,4521,0.0,1,18,0.6362761533458366,0.1598629756934113,3522,True,False,True,1.7327466249698773
baseline_dqn_statev1_sparse_seed43_20261010_112440_115825_f214191d,dqn,43,v1,sparse,304,4532,-10.0,0,11,0.6355765994240761,0.16003748554397712,3533,True,False,True,1.7367921249824576
baseline_dqn_statev1_sparse_seed43_20261010_112440_115825_f214191d,dqn,43,v1,sparse,305,4578,30.0,4,46,0.6326595156468395,0.2130318693411739,3579,True,False,True,1.753401457972359
baseline_dqn_statev1_sparse_seed43_20261010_112440_115825_f214191d,dqn,43,v1,sparse,306,4591,-10.0,0,13,0.6318375515700254,0.22697948693082884,3592,True,False,True,1.7581629159976728
baseline_dqn_statev1_sparse_seed43_20261010_112440_115825_f214191d,dqn,43,v1,sparse,307,4608,10.0,2,17,0.6307642866019273,0.14281454386518283,3609,True,False,True,1.7642758329748176
baseline_dqn_statev1_sparse_seed43_20261010_112440_115825_f214191d,dqn,43,v1,sparse,308,4691,10.0,2,83,0.6255503500922789,0.18392470963748106,3692,True,False,True,1.7941502499743365
baseline_dqn_statev1_sparse_seed43_20261010_112440_115825_f214191d,dqn,43,v1,sparse,309,4699,-10.0,0,8,0.6250500849312767,0.27971463184803724,3700,True,False,True,1.7970421659993008
baseline_dqn_statev1_sparse_seed43_20261010_112440_115825_f214191d,dqn,43,v1,sparse,310,4716,0.0,1,17,0.6239883494301238,0.1909322552382946,3717,True,False,True,1.8036282079992816
baseline_dqn_statev1_sparse_seed43_20261010_112440_115825_f214191d,dqn,43,v1,sparse,311,4760,30.0,4,44,0.6212486953667795,0.21480905391614546,3761,True,False,True,1.8200944159762003
baseline_dqn_statev1_sparse_seed43_20261010_112440_115825_f214191d,dqn,43,v1,sparse,312,4769,0.0,1,9,0.6206897951383026,0.25928376283910537,3770,True,False,True,1.8233219159883447
baseline_dqn_statev1_sparse_seed43_20261010_112440_115825_f214191d,dqn,43,v1,sparse,313,4785,-10.0,0,16,0.6196974359463622,0.16131944465450943,3786,True,False,True,1.8293174160062335
baseline_dqn_statev1_sparse_seed43_20261010_112440_115825_f214191d,dqn,43,v1,sparse,314,4791,0.0,1,6,0.6193257104270168,0.2210117975870768,3792,True,False,True,1.8316207909956574
baseline_dqn_statev1_sparse_seed43_20261010_112440_115825_f214191d,dqn,43,v1,sparse,315,4814,-10.0,0,23,0.6179028270908045,0.22682852103658344,3815,True,False,True,1.8399748329538852
baseline_dqn_statev1_sparse_seed43_20261010_112440_115825_f214191d,dqn,43,v1,sparse,316,4825,-10.0,0,11,0.617223473725626,0.22917678139426492,3826,True,False,True,1.8439633749658242
baseline_dqn_statev1_sparse_seed43_20261010_112440_115825_f214191d,dqn,43,v1,sparse,317,4842,-10.0,0,17,0.6161750328246518,0.18404641418772585,3843,True,False,True,1.8499877499998547
baseline_dqn_statev1_sparse_seed43_20261010_112440_115825_f214191d,dqn,43,v1,sparse,318,4856,0.0,1,14,0.6153129482737512,0.22458365027393615,3857,True,False,True,1.85499974997947
baseline_dqn_statev1_sparse_seed43_20261010_112440_115825_f214191d,dqn,43,v1,sparse,319,4943,10.0,2,87,0.6099826793978044,0.2049691932297301,3944,True,False,True,1.8864779999712482
baseline_dqn_statev1_sparse_seed43_20261010_112440_115825_f214191d,dqn,43,v1,sparse,320,4946,-10.0,0,3,0.6097997028928555,0.1382367635766665,3947,True,False,True,1.8876025829813443
baseline_dqn_statev1_sparse_seed43_20261010_112440_115825_f214191d,dqn,43,v1,sparse,321,4986,10.0,2,40,0.6073652544997147,0.22597352778539062,3987,True,False,True,1.9021652909577824
baseline_dqn_statev1_sparse_seed43_20261010_112440_115825_f214191d,dqn,43,v1,sparse,322,5098,10.0,2,112,0.6006003794192591,0.2568328822297709,4099,True,False,True,1.9429105409653857
baseline_dqn_statev1_sparse_seed43_20261010_112440_115825_f214191d,dqn,43,v1,sparse,323,5112,-10.0,0,14,0.5997600852158591,0.2604899225490434,4113,True,False,True,1.947809540957678
baseline_dqn_statev1_sparse_seed43_20261010_112440_115825_f214191d,dqn,43,v1,sparse,324,5115,-10.0,0,3,0.5995801751824972,0.2043368617693583,4116,True,False,True,1.9488717499771155
baseline_dqn_statev1_sparse_seed43_20261010_112440_115825_f214191d,dqn,43,v1,sparse,325,5125,-10.0,0,10,0.5989808647464566,0.24578671865165233,4126,True,False,True,1.9523454579757527
baseline_dqn_statev1_sparse_seed43_20261010_112440_115825_f214191d,dqn,43,v1,sparse,326,5136,-10.0,0,11,0.598322315135899,0.24749876016920264,4137,True,False,True,1.956341540964786
baseline_dqn_statev1_sparse_seed43_20261010_112440_115825_f214191d,dqn,43,v1,sparse,327,5207,10.0,2,71,0.5940890608689109,0.2745768081029536,4208,True,False,True,1.981803749979008
baseline_dqn_statev1_sparse_seed43_20261010_112440_115825_f214191d,dqn,43,v1,sparse,328,5220,-10.0,0,13,0.5933172083093821,0.2750838100910187,4221,True,False,True,1.9865992079721764
baseline_dqn_statev1_sparse_seed43_20261010_112440_115825_f214191d,dqn,43,v1,sparse,329,5254,20.0,3,34,0.5913032547630084,0.2192635989802725,4255,True,False,True,1.9989177910028957
baseline_dqn_statev1_sparse_seed43_20261010_112440_115825_f214191d,dqn,43,v1,sparse,330,5266,0.0,1,12,0.5905940809873835,0.2878961618989706,4267,True,False,True,2.003212124982383
baseline_dqn_statev1_sparse_seed43_20261010_112440_115825_f214191d,dqn,43,v1,sparse,331,5297,10.0,2,31,0.5887659829459361,0.2763836689053043,4298,True,False,True,2.0147240829537623
baseline_dqn_statev1_sparse_seed43_20261010_112440_115825_f214191d,dqn,43,v1,sparse,332,5355,0.0,1,58,0.5853608544045379,0.28898644884084834,4356,True,False,True,2.0358553329715505
baseline_dqn_statev1_sparse_seed43_20261010_112440_115825_f214191d,dqn,43,v1,sparse,333,5373,-10.0,0,18,0.5843080999912418,0.3202089507960611,4374,True,False,True,2.042599457956385
baseline_dqn_statev1_sparse_seed43_20261010_112440_115825_f214191d,dqn,43,v1,sparse,334,5400,10.0,2,27,0.5827325173346204,0.27770949458634414,4401,True,False,True,2.0526950829662383
baseline_dqn_statev1_sparse_seed43_20261010_112440_115825_f214191d,dqn,43,v1,sparse,335,5402,-10.0,0,2,0.5826159766584786,0.24673405289649963,4403,True,False,True,2.053451124986168
baseline_dqn_statev1_sparse_seed43_20261010_112440_115825_f214191d,dqn,43,v1,sparse,336,5411,-10.0,0,9,0.5820918319723052,0.26573996659782195,4412,True,False,True,2.056898374983575
baseline_dqn_statev1_sparse_seed43_20261010_112440_115825_f214191d,dqn,43,v1,sparse,337,5454,20.0,3,43,0.5795940862076501,0.24638280887589897,4455,True,False,True,2.0725979160051793
baseline_dqn_statev1_sparse_seed43_20261010_112440_115825_f214191d,dqn,43,v1,sparse,338,5460,-10.0,0,6,0.5792464166834475,0.27650205542643863,4461,True,False,True,2.074940708000213
baseline_dqn_statev1_sparse_seed43_20261010_112440_115825_f214191d,dqn,43,v1,sparse,339,5484,10.0,2,24,0.5778578228317378,0.2265404500067234,4485,True,False,True,2.083606250002049
baseline_dqn_statev1_sparse_seed43_20261010_112440_115825_f214191d,dqn,43,v1,sparse,340,5485,-10.0,0,1,0.5778000370494546,0.23288646340370178,4486,True,False,True,2.083981333009433
baseline_dqn_statev1_sparse_seed43_20261010_112440_115825_f214191d,dqn,43,v1,sparse,341,5499,0.0,1,14,0.5769916425853577,0.3001666100961821,4500,True,False,True,2.089120290998835
baseline_dqn_statev1_sparse_seed43_20261010_112440_115825_f214191d,dqn,43,v1,sparse,342,5517,-10.0,0,18,0.5759539399552686,0.2572414795350697,4518,True,False,True,2.095914040983189
baseline_dqn_statev1_sparse_seed43_20261010_112440_115825_f214191d,dqn,43,v1,sparse,343,5534,-10.0,0,17,0.5749756011631912,0.24504048026659908,4535,True,False,True,2.1021822500042617
baseline_dqn_statev1_sparse_seed43_20261010_112440_115825_f214191d,dqn,43,v1,sparse,344,5535,-10.0,0,1,0.5749181036030749,0.5021125674247742,4536,True,False,True,2.1025693329866044
baseline_dqn_statev1_sparse_seed43_20261010_112440_115825_f214191d,dqn,43,v1,sparse,345,5580,20.0,3,45,0.5723366556765581,0.2600938369002607,4581,True,False,True,2.118857332970947
baseline_dqn_statev1_sparse_seed43_20261010_112440_115825_f214191d,dqn,43,v1,sparse,346,5603,-10.0,0,23,0.5710217283671395,0.2961854487657547,4604,True,False,True,2.1273082499974407
baseline_dqn_statev1_sparse_seed43_20261010_112440_115825_f214191d,dqn,43,v1,sparse,347,5627,-10.0,0,24,0.5696528510838874,0.26166200047979754,4628,True,False,True,2.1360234579769894
baseline_dqn_statev1_sparse_seed43_20261010_112440_115825_f214191d,dqn,43,v1,sparse,348,5667,10.0,2,40,0.5673786773488227,0.3017602266743779,4668,True,False,True,2.1506572910002433
baseline_dqn_statev1_sparse_seed43_20261010_112440_115825_f214191d,dqn,43,v1,sparse,349,5683,-10.0,0,16,0.5664715520018488,0.2734872163273394,4684,True,False,True,2.1565061659784988
baseline_dqn_statev1_sparse_seed43_20261010_112440_115825_f214191d,dqn,43,v1,sparse,350,5705,10.0,2,22,0.5652266222647785,0.23783421956680037,4706,True,False,True,2.170053582987748
baseline_dqn_statev1_sparse_seed43_20261010_112440_115825_f214191d,dqn,43,v1,sparse,351,5770,30.0,4,65,0.5615643812829237,0.28800045773386956,4771,True,False,True,2.1972698330064304
baseline_dqn_statev1_sparse_seed43_20261010_112440_115825_f214191d,dqn,43,v1,sparse,352,5810,30.0,4,40,0.5593224984168387,0.28249211218208076,4811,True,False,True,2.2135524159530178
baseline_dqn_statev1_sparse_seed43_20261010_112440_115825_f214191d,dqn,43,v1,sparse,353,5836,10.0,2,26,0.5578700762656723,0.2538182483269618,4837,True,False,True,2.2232223749742843
baseline_dqn_statev1_sparse_seed43_20261010_112440_115825_f214191d,dqn,43,v1,sparse,354,5865,-10.0,0,29,0.5562545159598788,0.25822107904943925,4866,True,False,True,2.2343306659604423
baseline_dqn_statev1_sparse_seed43_20261010_112440_115825_f214191d,dqn,43,v1,sparse,355,5901,0.0,1,36,0.5542555001374916,0.3047950683782498,4902,True,False,True,2.2476849159575067
baseline_dqn_statev1_sparse_seed43_20261010_112440_115825_f214191d,dqn,43,v1,sparse,356,5911,0.0,1,10,0.5537014939858304,0.28857141062617303,4912,True,False,True,2.25153612496797
baseline_dqn_statev1_sparse_seed43_20261010_112440_115825_f214191d,dqn,43,v1,sparse,357,5927,0.0,1,16,0.5528162357272736,0.3117791647091508,4928,True,False,True,2.257597916002851
baseline_dqn_statev1_sparse_seed43_20261010_112440_115825_f214191d,dqn,43,v1,sparse,358,5947,10.0,2,20,0.5517116529767244,0.2768704632297158,4948,True,False,True,2.2652952499920502
baseline_dqn_statev1_sparse_seed43_20261010_112440_115825_f214191d,dqn,43,v1,sparse,359,5973,10.0,2,26,0.5502789943082314,0.2879891412762495,4974,True,False,True,2.2751597079914063
baseline_dqn_statev1_sparse_seed43_20261010_112440_115825_f214191d,dqn,43,v1,sparse,360,5997,10.0,2,24,0.5489598423787357,0.27975040798385936,4998,True,False,True,2.2843120409525
baseline_dqn_statev1_sparse_seed43_20261010_112440_115825_f214191d,dqn,43,v1,sparse,361,6022,0.0,1,25,0.5475890883904024,0.3297634595632553,5023,True,False,True,2.293995999963954
baseline_dqn_statev1_sparse_seed43_20261010_112440_115825_f214191d,dqn,43,v1,sparse,362,6031,0.0,1,9,0.5470964552969325,0.2896127932601505,5032,True,False,True,2.2975142499781214
baseline_dqn_statev1_sparse_seed43_20261010_112440_115825_f214191d,dqn,43,v1,sparse,363,6057,-10.0,0,26,0.5456757811550071,0.30063274760658926,5058,True,False,True,2.3072969999630004
baseline_dqn_statev1_sparse_seed43_20261010_112440_115825_f214191d,dqn,43,v1,sparse,364,6086,10.0,2,29,0.544095534840725,0.29762236311517914,5087,True,False,True,2.3184077499900013
baseline_dqn_statev1_sparse_seed43_20261010_112440_115825_f214191d,dqn,43,v1,sparse,365,6111,10.0,2,25,0.5427369270394965,0.3575685727596283,5112,True,False,True,2.3279564999975264
baseline_dqn_statev1_sparse_seed43_20261010_112440_115825_f214191d,dqn,43,v1,sparse,366,6152,-10.0,0,41,0.5405161503013532,0.3123926825639678,5153,True,False,True,2.343677958007902
baseline_dqn_statev1_sparse_seed43_20261010_112440_115825_f214191d,dqn,43,v1,sparse,367,6169,-10.0,0,17,0.5395980075803832,0.2777792200007859,5170,True,False,True,2.350097165966872
baseline_dqn_statev1_sparse_seed43_20261010_112440_115825_f214191d,dqn,43,v1,sparse,368,6170,-10.0,0,1,0.5395440477796252,0.08317821472883224,5171,True,False,True,2.3504993329988793
baseline_dqn_statev1_sparse_seed43_20261010_112440_115825_f214191d,dqn,43,v1,sparse,369,6191,-10.0,0,21,0.5384121376045177,0.2962224980195363,5192,True,False,True,2.3584888330078684
baseline_dqn_statev1_sparse_seed43_20261010_112440_115825_f214191d,dqn,43,v1,sparse,370,6220,-10.0,0,29,0.5368529263926637,0.2584767658905736,5221,True,False,True,2.369218290958088
baseline_dqn_statev1_sparse_seed43_20261010_112440_115825_f214191d,dqn,43,v1,sparse,371,6239,0.0,1,19,0.5358338233310193,0.29742612650519923,5240,True,False,True,2.3763571250019595
baseline_dqn_statev1_sparse_seed43_20261010_112440_115825_f214191d,dqn,43,v1,sparse,372,6258,-10.0,0,19,0.5348166548235131,0.3152943406450121,5259,True,False,True,2.3833786659524776
baseline_dqn_statev1_sparse_seed43_20261010_112440_115825_f214191d,dqn,43,v1,sparse,373,6265,-10.0,0,7,0.5344423954579175,0.31995013994829996,5266,True,False,True,2.3859526659944095
baseline_dqn_statev1_sparse_seed43_20261010_112440_115825_f214191d,dqn,43,v1,sparse,374,6292,-10.0,0,27,0.5330012753206828,0.3300253285302056,5293,True,False,True,2.396267000003718
baseline_dqn_statev1_sparse_seed43_20261010_112440_115825_f214191d,dqn,43,v1,sparse,375,6300,-10.0,0,8,0.5325750235109391,0.227683967910707,5301,True,False,True,2.39929408300668
baseline_dqn_statev1_sparse_seed43_20261010_112440_115825_f214191d,dqn,43,v1,sparse,376,6356,30.0,4,56,0.5296007902912011,0.2979957118098225,5357,True,False,True,2.420290499983821
baseline_dqn_statev1_sparse_seed43_20261010_112440_115825_f214191d,dqn,43,v1,sparse,377,6377,-10.0,0,21,0.5284897400891972,0.2747518466342063,5378,True,False,True,2.4281629999750294
baseline_dqn_statev1_sparse_seed43_20261010_112440_115825_f214191d,dqn,43,v1,sparse,378,6421,10.0,2,44,0.5261693777535967,0.2752313854342157,5422,True,False,True,2.4445088749635033
baseline_dqn_statev1_sparse_seed43_20261010_112440_115825_f214191d,dqn,43,v1,sparse,379,6441,-10.0,0,20,0.5251180381203291,0.28696462847292425,5442,True,False,True,2.4518729579867795
baseline_dqn_statev1_sparse_seed43_20261010_112440_115825_f214191d,dqn,43,v1,sparse,380,6458,0.0,1,17,0.524226051259101,0.2604434523074066,5459,True,False,True,2.4582367499824613
baseline_dqn_statev1_sparse_seed43_20261010_112440_115825_f214191d,dqn,43,v1,sparse,381,6486,0.0,1,28,0.5227601981737576,0.30998963569956167,5487,True,False,True,2.468639999977313
baseline_dqn_statev1_sparse_seed43_20261010_112440_115825_f214191d,dqn,43,v1,sparse,382,6490,-10.0,0,4,0.5225511254580091,0.292532991617918,5491,True,False,True,2.4701659999554977
baseline_dqn_statev1_sparse_seed43_20261010_112440_115825_f214191d,dqn,43,v1,sparse,383,6521,-10.0,0,31,0.5209336444845989,0.29271531032939113,5522,True,False,True,2.4819367500022054
baseline_dqn_statev1_sparse_seed43_20261010_112440_115825_f214191d,dqn,43,v1,sparse,384,6576,30.0,4,55,0.5180762316556089,0.3130728605118665,5577,True,False,True,2.502607000002172
baseline_dqn_statev1_sparse_seed43_20261010_112440_115825_f214191d,dqn,43,v1,sparse,385,6622,20.0,3,46,0.5156984352230408,0.3204405497273673,5623,True,False,True,2.5197479159687646
baseline_dqn_statev1_sparse_seed43_20261010_112440_115825_f214191d,dqn,43,v1,sparse,386,6665,0.0,1,43,0.5134855823505768,0.3340747817311176,5666,True,False,True,2.53585020796163
baseline_dqn_statev1_sparse_seed43_20261010_112440_115825_f214191d,dqn,43,v1,sparse,387,6709,20.0,3,44,0.5112310965682053,0.2724756291982802,5710,True,False,True,2.5519723749603145
baseline_dqn_statev1_sparse_seed43_20261010_112440_115825_f214191d,dqn,43,v1,sparse,388,6733,-10.0,0,24,0.5100055519000798,0.27355077893783647,5734,True,False,True,2.560584624996409
baseline_dqn_statev1_sparse_seed43_20261010_112440_115825_f214191d,dqn,43,v1,sparse,389,6784,0.0,1,51,0.507411015548044,0.29575007576860635,5785,True,False,True,2.579698499990627
baseline_dqn_statev1_sparse_seed43_20261010_112440_115825_f214191d,dqn,43,v1,sparse,390,6825,0.0,1,41,0.5053347857507581,0.3445224692908729,5826,True,False,True,2.59510949999094
baseline_dqn_statev1_sparse_seed43_20261010_112440_115825_f214191d,dqn,43,v1,sparse,391,6826,-10.0,0,1,0.505284252272183,0.2906799912452698,5827,True,False,True,2.595529624959454
baseline_dqn_statev1_sparse_seed43_20261010_112440_115825_f214191d,dqn,43,v1,sparse,392,6827,-10.0,0,1,0.5052337238469558,0.42060038447380066,5828,True,False,True,2.5959129160037264
baseline_dqn_statev1_sparse_seed43_20261010_112440_115825_f214191d,dqn,43,v1,sparse,393,6830,-10.0,0,3,0.5050821688863082,0.3674984574317932,5831,True,False,True,2.5970308329560794
baseline_dqn_statev1_sparse_seed43_20261010_112440_115825_f214191d,dqn,43,v1,sparse,394,6849,0.0,1,19,0.5041233759667042,0.3419344707539207,5850,True,False,True,2.6040316249709576
baseline_dqn_statev1_sparse_seed43_20261010_112440_115825_f214191d,dqn,43,v1,sparse,395,6875,0.0,1,26,0.5028142922801955,0.2973535920564945,5876,True,False,True,2.614294165978208
baseline_dqn_statev1_sparse_seed43_20261010_112440_115825_f214191d,dqn,43,v1,sparse,396,6880,10.0,2,5,0.5025629354104567,0.39424302577972414,5881,True,False,True,2.6162833749549463
baseline_dqn_statev1_sparse_seed43_20261010_112440_115825_f214191d,dqn,43,v1,sparse,397,6882,-10.0,0,2,0.502462427849004,0.295939102768898,5883,True,False,True,2.617077499977313
baseline_dqn_statev1_sparse_seed43_20261010_112440_115825_f214191d,dqn,43,v1,sparse,398,6906,10.0,2,24,0.5012579038020171,0.30425283157577115,5907,True,False,True,2.626343749987427
baseline_dqn_statev1_sparse_seed43_20261010_112440_115825_f214191d,dqn,43,v1,sparse,399,6931,-10.0,0,25,0.500006261663964,0.3207119205594063,5932,True,False,True,2.6357649579877034
baseline_dqn_statev1_sparse_seed43_20261010_112440_115825_f214191d,dqn,43,v1,sparse,400,6958,10.0,2,27,0.4986579983178087,0.31676876089639133,5959,True,False,True,2.6459923749789596
baseline_dqn_statev1_sparse_seed43_20261010_112440_115825_f214191d,dqn,43,v1,sparse,401,6968,0.0,1,10,0.4981595646557616,0.36142450422048567,5969,True,False,True,2.6512250829837285
baseline_dqn_statev1_sparse_seed43_20261010_112440_115825_f214191d,dqn,43,v1,sparse,402,7006,30.0,4,38,0.49627005617301,0.34054875197379214,6007,True,False,True,2.6661158750066534
baseline_dqn_statev1_sparse_seed43_20261010_112440_115825_f214191d,dqn,43,v1,sparse,403,7033,0.0,1,27,0.4949318674785208,0.33649293471265723,6034,True,False,True,2.676391415996477
baseline_dqn_statev1_sparse_seed43_20261010_112440_115825_f214191d,dqn,43,v1,sparse,404,7038,-10.0,0,5,0.4946844510330192,0.35708682537078856,6039,True,False,True,2.678306582965888
baseline_dqn_statev1_sparse_seed43_20261010_112440_115825_f214191d,dqn,43,v1,sparse,405,7063,10.0,2,25,0.4934492228216411,0.33693295285105707,6064,True,False,True,2.6878240410005674
baseline_dqn_statev1_sparse_seed43_20261010_112440_115825_f214191d,dqn,43,v1,sparse,406,7078,0.0,1,15,0.4927095668846406,0.40374601582686104,6079,True,False,True,2.6934249159530737
baseline_dqn_statev1_sparse_seed43_20261010_112440_115825_f214191d,dqn,43,v1,sparse,407,7091,0.0,1,13,0.49206942862027325,0.3963097288058354,6092,True,False,True,2.698290582979098
baseline_dqn_statev1_sparse_seed43_20261010_112440_115825_f214191d,dqn,43,v1,sparse,408,7111,20.0,3,20,0.4910862241342265,0.3269004750996828,6112,True,False,True,2.7057534159976058
baseline_dqn_statev1_sparse_seed43_20261010_112440_115825_f214191d,dqn,43,v1,sparse,409,7130,-10.0,0,19,0.4901539995901426,0.35147029122239665,6131,True,False,True,2.7126523329643533
baseline_dqn_statev1_sparse_seed43_20261010_112440_115825_f214191d,dqn,43,v1,sparse,410,7140,0.0,1,10,0.48966406610104424,0.2880301669239998,6141,True,False,True,2.716335250006523
baseline_dqn_statev1_sparse_seed43_20261010_112440_115825_f214191d,dqn,43,v1,sparse,411,7161,0.0,1,21,0.4886367992058106,0.3087057792359874,6162,True,False,True,2.724546624987852
baseline_dqn_statev1_sparse_seed43_20261010_112440_115825_f214191d,dqn,43,v1,sparse,412,7195,10.0,2,34,0.48697817241921676,0.33368737754576344,6196,True,False,True,2.737716250005178
baseline_dqn_statev1_sparse_seed43_20261010_112440_115825_f214191d,dqn,43,v1,sparse,413,7218,0.0,1,23,0.4858593538154216,0.3263006864682488,6219,True,False,True,2.7464462500065565
baseline_dqn_statev1_sparse_seed43_20261010_112440_115825_f214191d,dqn,43,v1,sparse,414,7264,10.0,2,46,0.48362942206475973,0.34802171498861,6265,True,False,True,2.7634336249902844
baseline_dqn_statev1_sparse_seed43_20261010_112440_115825_f214191d,dqn,43,v1,sparse,415,7275,0.0,1,11,0.4830976956168878,0.3439466817812486,6276,True,False,True,2.7675217500072904
baseline_dqn_statev1_sparse_seed43_20261010_112440_115825_f214191d,dqn,43,v1,sparse,416,7292,-10.0,0,17,0.48227708621881393,0.33019327766755047,6293,True,False,True,2.7737916659680195
baseline_dqn_statev1_sparse_seed43_20261010_112440_115825_f214191d,dqn,43,v1,sparse,417,7307,10.0,2,15,0.4815541767610561,0.31829027136166893,6308,True,False,True,2.779328999982681
baseline_dqn_statev1_sparse_seed43_20261010_112440_115825_f214191d,dqn,43,v1,sparse,418,7316,-10.0,0,9,0.48112095132103044,0.3249177402920193,6317,True,False,True,2.7826141249970533
baseline_dqn_statev1_sparse_seed43_20261010_112440_115825_f214191d,dqn,43,v1,sparse,419,7327,10.0,2,11,0.4805919828117315,0.38943725417960773,6328,True,False,True,2.786886540998239
baseline_dqn_statev1_sparse_seed43_20261010_112440_115825_f214191d,dqn,43,v1,sparse,420,7352,0.0,1,25,0.47939194352589687,0.35575084388256073,6353,True,False,True,2.796470750006847
baseline_dqn_statev1_sparse_seed43_20261010_112440_115825_f214191d,dqn,43,v1,sparse,421,7353,-10.0,0,1,0.4793440043315443,0.13729798793792725,6354,True,False,True,2.79689012496965
baseline_dqn_statev1_sparse_seed43_20261010_112440_115825_f214191d,dqn,43,v1,sparse,422,7379,-10.0,0,26,0.4780992665427183,0.33396200893016964,6380,True,False,True,2.8070331659982912
baseline_dqn_statev1_sparse_seed43_20261010_112440_115825_f214191d,dqn,43,v1,sparse,423,7418,20.0,3,39,0.4762382177533474,0.363034589550434,6419,True,False,True,2.82160374999512
baseline_dqn_statev1_sparse_seed43_20261010_112440_115825_f214191d,dqn,43,v1,sparse,424,7421,-10.0,0,3,0.4760953605746917,0.2145351121822993,6422,True,False,True,2.8228044160059653
baseline_dqn_statev1_sparse_seed43_20261010_112440_115825_f214191d,dqn,43,v1,sparse,425,7443,0.0,1,22,0.47504904982887175,0.3014259690588171,6444,True,False,True,2.8308600829914212
baseline_dqn_statev1_sparse_seed43_20261010_112440_115825_f214191d,dqn,43,v1,sparse,426,7458,-10.0,0,15,0.4743369748395483,0.3538562387228012,6459,True,False,True,2.8362558750086464
baseline_dqn_statev1_sparse_seed43_20261010_112440_115825_f214191d,dqn,43,v1,sparse,427,7476,-10.0,0,18,0.4734838936334948,0.2888258240289158,6477,True,False,True,2.842889415973332
baseline_dqn_statev1_sparse_seed43_20261010_112440_115825_f214191d,dqn,43,v1,sparse,428,7500,10.0,2,24,0.4723488381464926,0.3557724679509799,6501,True,False,True,2.8517019159626216
baseline_dqn_statev1_sparse_seed43_20261010_112440_115825_f214191d,dqn,43,v1,sparse,429,7576,60.0,7,76,0.4687724157728577,0.346962402574718,6577,True,False,True,2.8794811249827035
baseline_dqn_statev1_sparse_seed43_20261010_112440_115825_f214191d,dqn,43,v1,sparse,430,7578,-10.0,0,2,0.46867866597742736,0.2526218593120575,6579,True,False,True,2.8802442079759203
baseline_dqn_statev1_sparse_seed43_20261010_112440_115825_f214191d,dqn,43,v1,sparse,431,7619,10.0,2,41,0.4667609216206093,0.3388662923399995,6620,True,False,True,2.8957632909878157
baseline_dqn_statev1_sparse_seed43_20261010_112440_115825_f214191d,dqn,43,v1,sparse,432,7667,40.0,5,48,0.4645257261960039,0.32799180891985696,6668,True,False,True,2.9138167909695767
baseline_dqn_statev1_sparse_seed43_20261010_112440_115825_f214191d,dqn,43,v1,sparse,433,7717,10.0,2,50,0.462208778911154,0.3556669096648693,6718,True,False,True,2.9323141659842804
baseline_dqn_statev1_sparse_seed43_20261010_112440_115825_f214191d,dqn,43,v1,sparse,434,7745,10.0,2,28,0.4609163399661372,0.3768232448824814,6746,True,False,True,2.942785791005008
baseline_dqn_statev1_sparse_seed43_20261010_112440_115825_f214191d,dqn,43,v1,sparse,435,7754,-10.0,0,9,0.4605016811513389,0.3006773789723714,6755,True,False,True,2.9461013329564594
baseline_dqn_statev1_sparse_seed43_20261010_112440_115825_f214191d,dqn,43,v1,sparse,436,7765,-10.0,0,11,0.4599953825020294,0.4123415838588368,6766,True,False,True,2.9501204160042107
baseline_dqn_statev1_sparse_seed43_20261010_112440_115825_f214191d,dqn,43,v1,sparse,437,7819,20.0,3,54,0.45751797857524973,0.35134553605759583,6820,True,False,True,2.9699848750024103
baseline_dqn_statev1_sparse_seed43_20261010_112440_115825_f214191d,dqn,43,v1,sparse,438,7912,20.0,3,93,0.4532825747566914,0.36216966062784195,6913,True,False,True,3.004082333005499
baseline_dqn_statev1_sparse_seed43_20261010_112440_115825_f214191d,dqn,43,v1,sparse,439,7933,10.0,2,21,0.4523316326405148,0.3687280629362379,6934,True,False,True,3.0119654579903
baseline_dqn_statev1_sparse_seed43_20261010_112440_115825_f214191d,dqn,43,v1,sparse,440,7995,20.0,3,62,0.44953571302733875,0.3360008390680436,6996,True,False,True,3.0346426659962162
baseline_dqn_statev1_sparse_seed43_20261010_112440_115825_f214191d,dqn,43,v1,sparse,441,8035,10.0,2,40,0.4477410721164835,0.41313691437244415,7036,True,False,True,3.050212125002872
baseline_dqn_statev1_sparse_seed43_20261010_112440_115825_f214191d,dqn,43,v1,sparse,442,8067,0.0,1,32,0.446310519262242,0.36366495303809643,7068,True,False,True,3.062386083009187
baseline_dqn_statev1_sparse_seed43_20261010_112440_115825_f214191d,dqn,43,v1,sparse,443,8110,0.0,1,43,0.4443954087109891,0.3998723892971527,7111,True,False,True,3.078503415978048
baseline_dqn_statev1_sparse_seed43_20261010_112440_115825_f214191d,dqn,43,v1,sparse,444,8112,-10.0,0,2,0.44430653407320103,0.2820828892290592,7113,True,False,True,3.0792881659581326
baseline_dqn_statev1_sparse_seed43_20261010_112440_115825_f214191d,dqn,43,v1,sparse,445,8125,0.0,1,13,0.4437292820109625,0.47217640509972203,7126,True,False,True,3.0840785409673117
baseline_dqn_statev1_sparse_seed43_20261010_112440_115825_f214191d,dqn,43,v1,sparse,446,8142,10.0,2,17,0.4429755454017372,0.3673897508312674,7143,True,False,True,3.090298165974673
baseline_dqn_statev1_sparse_seed43_20261010_112440_115825_f214191d,dqn,43,v1,sparse,447,8161,-10.0,0,19,0.4421346489245851,0.44821079781180934,7162,True,False,True,3.097386249981355
baseline_dqn_statev1_sparse_seed43_20261010_112440_115825_f214191d,dqn,43,v1,sparse,448,8171,0.0,1,10,0.4416927131832057,0.43049168586730957,7172,True,False,True,3.101155665994156
baseline_dqn_statev1_sparse_seed43_20261010_112440_115825_f214191d,dqn,43,v1,sparse,449,8190,-10.0,0,19,0.44085425189486804,0.3816596614687066,7191,True,False,True,3.108153582958039
baseline_dqn_statev1_sparse_seed43_20261010_112440_115825_f214191d,dqn,43,v1,sparse,450,8210,-10.0,0,20,0.4399733805117967,0.32332060523331163,7211,True,False,True,3.115396457957104
baseline_dqn_statev1_sparse_seed43_20261010_112440_115825_f214191d,dqn,43,v1,sparse,451,8234,0.0,1,24,0.4389186578350599,0.41453128432234126,7235,True,False,True,3.124292249965947
baseline_dqn_statev1_sparse_seed43_20261010_112440_115825_f214191d,dqn,43,v1,sparse,452,8264,0.0,1,30,0.43760380937690885,0.3396956853568554,7265,True,False,True,3.135523040953558
baseline_dqn_statev1_sparse_seed43_20261010_112440_115825_f214191d,dqn,43,v1,sparse,453,8266,-10.0,0,2,0.4375162929910716,0.30022578686475754,7267,True,False,True,3.1362931659677997
baseline_dqn_statev1_sparse_seed43_20261010_112440_115825_f214191d,dqn,43,v1,sparse,454,8271,-10.0,0,5,0.43729757859183044,0.579809045791626,7272,True,False,True,3.138157749956008
baseline_dqn_statev1_sparse_seed43_20261010_112440_115825_f214191d,dqn,43,v1,sparse,455,8274,-10.0,0,3,0.437166402436743,0.3495693504810333,7275,True,False,True,3.139266082958784
baseline_dqn_statev1_sparse_seed43_20261010_112440_115825_f214191d,dqn,43,v1,sparse,456,8289,10.0,2,15,0.4365111116589595,0.46047671834627785,7290,True,False,True,3.144909208000172
baseline_dqn_statev1_sparse_seed43_20261010_112440_115825_f214191d,dqn,43,v1,sparse,457,8299,-10.0,0,10,0.43607479692492873,0.3915195405483246,7300,True,False,True,3.1485719159827568
baseline_dqn_statev1_sparse_seed43_20261010_112440_115825_f214191d,dqn,43,v1,sparse,458,8331,10.0,2,32,0.43468151834439817,0.40023524034768343,7332,True,False,True,3.1603721659630537
baseline_dqn_statev1_sparse_seed43_20261010_112440_115825_f214191d,dqn,43,v1,sparse,459,8339,-10.0,0,8,0.4343338948162087,0.2910380158573389,7340,True,False,True,3.163354915974196
baseline_dqn_statev1_sparse_seed43_20261010_112440_115825_f214191d,dqn,43,v1,sparse,460,8355,0.0,1,16,0.4336394815420287,0.39082939689978957,7356,True,False,True,3.169367207970936
baseline_dqn_statev1_sparse_seed43_20261010_112440_115825_f214191d,dqn,43,v1,sparse,461,8361,-10.0,0,6,0.43337936289035367,0.4959079970916112,7362,True,False,True,3.1716329579940066
baseline_dqn_statev1_sparse_seed43_20261010_112440_115825_f214191d,dqn,43,v1,sparse,462,8388,0.0,1,27,0.43221075850523927,0.38302341545069657,7389,True,False,True,3.181884290999733
baseline_dqn_statev1_sparse_seed43_20261010_112440_115825_f214191d,dqn,43,v1,sparse,463,8396,-10.0,0,8,0.4318651108932467,0.423194982111454,7397,True,False,True,3.1849406249821186
baseline_dqn_statev1_sparse_seed43_20261010_112440_115825_f214191d,dqn,43,v1,sparse,464,8438,20.0,3,42,0.43005499083311877,0.4150497539057618,7439,True,False,True,3.200645249977242
baseline_dqn_statev1_sparse_seed43_20261010_112440_115825_f214191d,dqn,43,v1,sparse,465,8445,-10.0,0,7,0.4297540426360333,0.4236674564225333,7446,True,False,True,3.2033474579802714
baseline_dqn_statev1_sparse_seed43_20261010_112440_115825_f214191d,dqn,43,v1,sparse,466,8454,0.0,1,9,0.42936741867302225,0.41897550225257874,7455,True,False,True,3.2067686659866013
baseline_dqn_statev1_sparse_seed43_20261010_112440_115825_f214191d,dqn,43,v1,sparse,467,8471,-10.0,0,17,0.42863807770909995,0.37224044606966133,7472,True,False,True,3.212979790987447
baseline_dqn_statev1_sparse_seed43_20261010_112440_115825_f214191d,dqn,43,v1,sparse,468,8498,10.0,2,27,0.42748225816592395,0.4035530322127872,7499,True,False,True,3.22306662495248
baseline_dqn_statev1_sparse_seed43_20261010_112440_115825_f214191d,dqn,43,v1,sparse,469,8508,-10.0,0,10,0.42705496822348543,0.46636817157268523,7509,True,False,True,3.226752665999811
baseline_dqn_statev1_sparse_seed43_20261010_112440_115825_f214191d,dqn,43,v1,sparse,470,8509,-10.0,0,1,0.4270122627266631,0.3677438795566559,7510,True,False,True,3.2271355409757234
baseline_dqn_statev1_sparse_seed43_20261010_112440_115825_f214191d,dqn,43,v1,sparse,471,8564,10.0,2,55,0.42467002522565017,0.41152297895063056,7565,True,False,True,3.248185125004966
baseline_dqn_statev1_sparse_seed43_20261010_112440_115825_f214191d,dqn,43,v1,sparse,472,8629,20.0,3,65,0.4219184846773387,0.3938877229507153,7630,True,False,True,3.2730900829774328
baseline_dqn_statev1_sparse_seed43_20261010_112440_115825_f214191d,dqn,43,v1,sparse,473,8644,0.0,1,15,0.42128604977281636,0.3517118453979492,7645,True,False,True,3.278772833000403
baseline_dqn_statev1_sparse_seed43_20261010_112440_115825_f214191d,dqn,43,v1,sparse,474,8682,0.0,1,38,0.41968812087374857,0.4195501749452792,7683,True,False,True,3.292832749953959
baseline_dqn_statev1_sparse_seed43_20261010_112440_115825_f214191d,dqn,43,v1,sparse,475,8699,0.0,1,17,0.41897522155881967,0.4834933351067936,7700,True,False,True,3.2990116250002757
baseline_dqn_statev1_sparse_seed43_20261010_112440_115825_f214191d,dqn,43,v1,sparse,476,8724,10.0,2,25,0.4179290394674741,0.38606264561414716,7725,True,False,True,3.3083597499644384
baseline_dqn_statev1_sparse_seed43_20261010_112440_115825_f214191d,dqn,43,v1,sparse,477,8725,-10.0,0,1,0.4178872465635274,0.451528936624527,7726,True,False,True,3.3087477079825476
baseline_dqn_statev1_sparse_seed43_20261010_112440_115825_f214191d,dqn,43,v1,sparse,478,8757,10.0,2,32,0.41655207802404826,0.3730675058905035,7758,True,False,True,3.3206281659659
baseline_dqn_statev1_sparse_seed43_20261010_112440_115825_f214191d,dqn,43,v1,sparse,479,8763,-10.0,0,6,0.4163022092517151,0.34530091285705566,7764,True,False,True,3.322816875006538
baseline_dqn_statev1_sparse_seed43_20261010_112440_115825_f214191d,dqn,43,v1,sparse,480,8809,10.0,2,46,0.41439152150434333,0.3747130400784638,7810,True,False,True,3.339792207989376
baseline_dqn_statev1_sparse_seed43_20261010_112440_115825_f214191d,dqn,43,v1,sparse,481,8861,40.0,5,52,0.4122421712772513,0.398250380387673,7862,True,False,True,3.3592146249720827
baseline_dqn_statev1_sparse_seed43_20261010_112440_115825_f214191d,dqn,43,v1,sparse,482,8875,-10.0,0,14,0.4116654072278242,0.47558635260377613,7876,True,False,True,3.364345540991053
baseline_dqn_statev1_sparse_seed43_20261010_112440_115825_f214191d,dqn,43,v1,sparse,483,8877,-10.0,0,2,0.4115830782630327,0.4071046710014343,7878,True,False,True,3.3651151249650866
baseline_dqn_statev1_sparse_seed43_20261010_112440_115825_f214191d,dqn,43,v1,sparse,484,8925,10.0,2,48,0.4096121150337536,0.36090354962895316,7926,True,False,True,3.3826590409735218
baseline_dqn_statev1_sparse_seed43_20261010_112440_115825_f214191d,dqn,43,v1,sparse,485,8986,10.0,2,61,0.4071209623131647,0.36952528552930863,7987,True,False,True,3.40530108299572
baseline_dqn_statev1_sparse_seed43_20261010_112440_115825_f214191d,dqn,43,v1,sparse,486,8990,-10.0,0,4,0.40695813835386874,0.4608045667409897,7991,True,False,True,3.4068004160071723
baseline_dqn_statev1_sparse_seed43_20261010_112440_115825_f214191d,dqn,43,v1,sparse,487,9075,40.0,5,85,0.40351348247041186,0.4154412708738271,8076,True,False,True,3.438182624988258
baseline_dqn_statev1_sparse_seed43_20261010_112440_115825_f214191d,dqn,43,v1,sparse,488,9100,0.0,1,25,0.40250590837711264,0.38563474535942077,8101,True,False,True,3.4471988329896703
baseline_dqn_statev1_sparse_seed43_20261010_112440_115825_f214191d,dqn,43,v1,sparse,489,9114,-10.0,0,14,0.40194276623928943,0.37704895968948093,8115,True,False,True,3.452261665952392
baseline_dqn_statev1_sparse_seed43_20261010_112440_115825_f214191d,dqn,43,v1,sparse,490,9143,10.0,2,29,0.40077876263708184,0.39813217366563863,8144,True,False,True,3.463112832978368
baseline_dqn_statev1_sparse_seed43_20261010_112440_115825_f214191d,dqn,43,v1,sparse,491,9170,0.0,1,27,0.3996980655398439,0.3927041270114757,8171,True,False,True,3.473194499965757
baseline_dqn_statev1_sparse_seed43_20261010_112440_115825_f214191d,dqn,43,v1,sparse,492,9192,0.0,1,22,0.39881965248294504,0.33054355531930923,8193,True,False,True,3.4816127499798313
baseline_dqn_statev1_sparse_seed43_20261010_112440_115825_f214191d,dqn,43,v1,sparse,493,9274,50.0,6,82,0.39556254088342313,0.3765970523946169,8275,True,False,True,3.512013957952149
baseline_dqn_statev1_sparse_seed43_20261010_112440_115825_f214191d,dqn,43,v1,sparse,494,9282,-10.0,0,8,0.3952462015860791,0.41700316965579987,8283,True,False,True,3.5150181659846567
baseline_dqn_statev1_sparse_seed43_20261010_112440_115825_f214191d,dqn,43,v1,sparse,495,9284,-10.0,0,2,0.3951671562982239,0.2824275493621826,8285,True,False,True,3.515755040978547
baseline_dqn_statev1_sparse_seed43_20261010_112440_115825_f214191d,dqn,43,v1,sparse,496,9315,-10.0,0,31,0.39394397386594265,0.3894513230169973,8316,True,False,True,3.527220290969126
baseline_dqn_statev1_sparse_seed43_20261010_112440_115825_f214191d,dqn,43,v1,sparse,497,9395,30.0,4,80,0.39080483840036373,0.4109424227382988,8396,True,False,True,3.5567101659835316
baseline_dqn_statev1_sparse_seed43_20261010_112440_115825_f214191d,dqn,43,v1,sparse,498,9409,0.0,1,14,0.39025806711679223,0.47644899945173946,8410,True,False,True,3.561870582983829
baseline_dqn_statev1_sparse_seed43_20261010_112440_115825_f214191d,dqn,43,v1,sparse,499,9422,-10.0,0,13,0.38975103591924687,0.4000571828622084,8423,True,False,True,3.5666391659760848
baseline_dqn_statev1_sparse_seed43_20261010_112440_115825_f214191d,dqn,43,v1,sparse,500,9432,0.0,1,10,0.38936146022453194,0.38961547911167144,8433,True,False,True,3.5702595409820788
baseline_dqn_statev1_sparse_seed43_20261010_112440_115825_f214191d,dqn,43,v1,sparse,501,9433,-10.0,0,1,0.3893225240785095,0.12382872402667999,8434,True,False,True,3.572119832970202
baseline_dqn_statev1_sparse_seed43_20261010_112440_115825_f214191d,dqn,43,v1,sparse,502,9477,30.0,4,44,0.3876131828127353,0.3446218623695048,8478,True,False,True,3.5884298749733716
baseline_dqn_statev1_sparse_seed43_20261010_112440_115825_f214191d,dqn,43,v1,sparse,503,9505,20.0,3,28,0.3865293298096633,0.4114634336105415,8506,True,False,True,3.5990674999775365
baseline_dqn_statev1_sparse_seed43_20261010_112440_115825_f214191d,dqn,43,v1,sparse,504,9521,-10.0,0,16,0.3859113465007776,0.4062561779282987,8522,True,False,True,3.6050679159816355
baseline_dqn_statev1_sparse_seed43_20261010_112440_115825_f214191d,dqn,43,v1,sparse,505,9634,40.0,5,113,0.38157487864752426,0.37479073356474396,8635,True,False,True,3.64711866597645
baseline_dqn_statev1_sparse_seed43_20261010_112440_115825_f214191d,dqn,43,v1,sparse,506,9682,10.0,2,48,0.3797476168023466,0.38201310640821856,8683,True,False,True,3.664869332977105
baseline_dqn_statev1_sparse_seed43_20261010_112440_115825_f214191d,dqn,43,v1,sparse,507,9745,30.0,4,63,0.37736260822988393,0.3487452693165295,8746,True,False,True,3.688056457962375
baseline_dqn_statev1_sparse_seed43_20261010_112440_115825_f214191d,dqn,43,v1,sparse,508,9791,40.0,5,46,0.3756306402128103,0.39328893549416377,8792,True,False,True,3.705766125000082
baseline_dqn_statev1_sparse_seed43_20261010_112440_115825_f214191d,dqn,43,v1,sparse,509,9823,10.0,2,32,0.3744304834303268,0.42944743833504617,8824,True,False,True,3.718056915968191
baseline_dqn_statev1_sparse_seed43_20261010_112440_115825_f214191d,dqn,43,v1,sparse,510,9916,80.0,9,93,0.37096424959128943,0.3776678529477889,8917,True,False,True,3.7542380829690956
baseline_dqn_statev1_sparse_seed43_20261010_112440_115825_f214191d,dqn,43,v1,sparse,511,9926,0.0,1,10,0.37059345223110257,0.4444032907485962,8927,True,False,True,3.758144124993123
baseline_dqn_statev1_sparse_seed43_20261010_112440_115825_f214191d,dqn,43,v1,sparse,512,9945,0.0,1,19,0.3698899580277053,0.39466811206779984,8946,True,False,True,3.765315124997869
baseline_dqn_statev1_sparse_seed43_20261010_112440_115825_f214191d,dqn,43,v1,sparse,513,9966,10.0,2,21,0.36911396539302666,0.39316607337622417,8967,True,False,True,3.7733935409924015
baseline_dqn_statev1_sparse_seed43_20261010_112440_115825_f214191d,dqn,43,v1,sparse,514,9989,10.0,2,23,0.36826593647758116,0.40894670201384503,8990,True,False,True,3.782280290964991
baseline_dqn_statev1_sparse_seed43_20261010_112440_115825_f214191d,dqn,43,v1,sparse,515,9996,-10.0,0,7,0.3680082276450055,0.39446317723819185,8997,True,False,True,3.784915208001621
baseline_dqn_statev1_sparse_seed43_20261010_112440_115825_f214191d,dqn,43,v1,sparse,516,10034,10.0,2,38,0.36661238037599236,0.4376758244868956,9035,True,False,True,3.7992756660096347
baseline_dqn_statev1_sparse_seed43_20261010_112440_115825_f214191d,dqn,43,v1,sparse,517,10036,-10.0,0,2,0.366539061566041,0.22496408969163895,9037,True,False,True,3.800068874959834
baseline_dqn_statev1_sparse_seed43_20261010_112440_115825_f214191d,dqn,43,v1,sparse,518,10089,30.0,4,53,0.3646014468721882,0.35980462564050025,9090,True,False,True,3.8200912500033155
baseline_dqn_statev1_sparse_seed43_20261010_112440_115825_f214191d,dqn,43,v1,sparse,519,10136,30.0,4,47,0.36289175550801506,0.399392324559232,9137,True,False,True,3.8376406659954228
baseline_dqn_statev1_sparse_seed43_20261010_112440_115825_f214191d,dqn,43,v1,sparse,520,10156,-10.0,0,20,0.3621666610778136,0.3338546402752399,9157,True,False,True,3.8454869159613736
baseline_dqn_statev1_sparse_seed43_20261010_112440_115825_f214191d,dqn,43,v1,sparse,521,10164,0.0,1,8,0.36187702913533765,0.3274714155122638,9165,True,False,True,3.8486058749840595
baseline_dqn_statev1_sparse_seed43_20261010_112440_115825_f214191d,dqn,43,v1,sparse,522,10191,0.0,1,27,0.3609012302871891,0.3524814695119858,9192,True,False,True,3.8592051659943536
baseline_dqn_statev1_sparse_seed43_20261010_112440_115825_f214191d,dqn,43,v1,sparse,523,10255,60.0,7,64,0.35859872316846836,0.4305529755074531,9256,True,False,True,3.883575457963161
baseline_dqn_statev1_sparse_seed43_20261010_112440_115825_f214191d,dqn,43,v1,sparse,524,10298,20.0,3,43,0.3570599823842695,0.37573924279490184,9299,True,False,True,3.8998377499519847
baseline_dqn_statev1_sparse_seed43_20261010_112440_115825_f214191d,dqn,43,v1,sparse,525,10311,-10.0,0,13,0.35659608281186267,0.4282869261044722,9312,True,False,True,3.9047111249528825
baseline_dqn_statev1_sparse_seed43_20261010_112440_115825_f214191d,dqn,43,v1,sparse,526,10341,0.0,1,30,0.355527844309584,0.36976524790128074,9342,True,False,True,3.9158654579659924
baseline_dqn_statev1_sparse_seed43_20261010_112440_115825_f214191d,dqn,43,v1,sparse,527,10360,0.0,1,19,0.354852949013641,0.323278058124216,9361,True,False,True,3.922893082955852
baseline_dqn_statev1_sparse_seed43_20261010_112440_115825_f214191d,dqn,43,v1,sparse,528,10372,-10.0,0,12,0.354427359599721,0.36568047975500423,9373,True,False,True,3.9273609159863554
baseline_dqn_statev1_sparse_seed43_20261010_112440_115825_f214191d,dqn,43,v1,sparse,529,10396,-10.0,0,24,0.35357771143920974,0.34104988041023415,9397,True,False,True,3.9362170409876853
baseline_dqn_statev1_sparse_seed43_20261010_112440_115825_f214191d,dqn,43,v1,sparse,530,10439,20.0,3,43,0.3520605157276131,0.38560030973234843,9440,True,False,True,3.9520886249956675
baseline_dqn_statev1_sparse_seed43_20261010_112440_115825_f214191d,dqn,43,v1,sparse,531,10457,0.0,1,18,0.35142734516471885,0.3513003546330664,9458,True,False,True,3.958721707982477
baseline_dqn_statev1_sparse_seed43_20261010_112440_115825_f214191d,dqn,43,v1,sparse,532,10539,60.0,7,82,0.34855728077546666,0.38621058860203117,9540,True,False,True,3.9892602909822017
baseline_dqn_statev1_sparse_seed43_20261010_112440_115825_f214191d,dqn,43,v1,sparse,533,10587,50.0,6,48,0.3468881315320013,0.39331849043567974,9588,True,False,True,4.007270374975633
baseline_dqn_statev1_sparse_seed43_20261010_112440_115825_f214191d,dqn,43,v1,sparse,534,10650,60.0,7,63,0.34470949727392264,0.38882897126059685,9651,True,False,True,4.03212424996309
baseline_dqn_statev1_sparse_seed43_20261010_112440_115825_f214191d,dqn,43,v1,sparse,535,10706,50.0,6,56,0.3427844230727473,0.3712191781295197,9707,True,False,True,4.053298832965083
baseline_dqn_statev1_sparse_seed43_20261010_112440_115825_f214191d,dqn,43,v1,sparse,536,10752,30.0,4,46,0.34121115734751317,0.3910196148183035,9753,True,False,True,4.070369082968682
baseline_dqn_statev1_sparse_seed43_20261010_112440_115825_f214191d,dqn,43,v1,sparse,537,10766,-10.0,0,14,0.3407337721052133,0.36345947054880007,9767,True,False,True,4.075570332992356
baseline_dqn_statev1_sparse_seed43_20261010_112440_115825_f214191d,dqn,43,v1,sparse,538,10786,0.0,1,20,0.3400529515668986,0.39184090569615365,9787,True,False,True,4.083132665953599
baseline_dqn_statev1_sparse_seed43_20261010_112440_115825_f214191d,dqn,43,v1,sparse,539,10788,-10.0,0,2,0.33998494437711474,0.19514038786292076,9789,True,False,True,4.083888082997873
baseline_dqn_statev1_sparse_seed43_20261010_112440_115825_f214191d,dqn,43,v1,sparse,540,10816,0.0,1,28,0.33903427056285373,0.43199044918375357,9817,True,False,True,4.095183375000488
baseline_dqn_statev1_sparse_seed43_20261010_112440_115825_f214191d,dqn,43,v1,sparse,541,10817,-10.0,0,1,0.33900036713579745,0.29762107133865356,9818,True,False,True,4.095618165971246
baseline_dqn_statev1_sparse_seed43_20261010_112440_115825_f214191d,dqn,43,v1,sparse,542,10854,40.0,5,37,0.33774832088804485,0.422172874212265,9855,True,False,True,4.109953874954954
baseline_dqn_statev1_sparse_seed43_20261010_112440_115825_f214191d,dqn,43,v1,sparse,543,10874,-10.0,0,20,0.3370734655832091,0.3933926418423653,9875,True,False,True,4.117461665999144
baseline_dqn_statev1_sparse_seed43_20261010_112440_115825_f214191d,dqn,43,v1,sparse,544,10886,0.0,1,12,0.33666919981885707,0.4597116510073344,9887,True,False,True,4.122017415997107
baseline_dqn_statev1_sparse_seed43_20261010_112440_115825_f214191d,dqn,43,v1,sparse,545,10917,20.0,3,31,0.3356270892989284,0.43331705850939595,9918,True,False,True,4.133666540961713
baseline_dqn_statev1_sparse_seed43_20261010_112440_115825_f214191d,dqn,43,v1,sparse,546,10943,30.0,4,26,0.33475554878266267,0.37654193261495006,9944,True,False,True,4.143743374967016
baseline_dqn_statev1_sparse_seed43_20261010_112440_115825_f214191d,dqn,43,v1,sparse,547,10963,0.0,1,20,0.3340866733391809,0.3702856469899416,9964,True,False,True,4.151343832956627
baseline_dqn_statev1_sparse_seed43_20261010_112440_115825_f214191d,dqn,43,v1,sparse,548,11070,80.0,9,107,0.3305308258505585,0.43668333615098043,10071,True,False,True,4.1933205829700455
baseline_dqn_statev1_sparse_seed43_20261010_112440_115825_f214191d,dqn,43,v1,sparse,549,11096,20.0,3,26,0.3296725190696448,0.4621639291827495,10097,True,False,True,4.203233540989459
baseline_dqn_statev1_sparse_seed43_20261010_112440_115825_f214191d,dqn,43,v1,sparse,550,11129,10.0,2,33,0.3285863386302708,0.4578782031030366,10130,True,False,True,4.215794415969867
baseline_dqn_statev1_sparse_seed43_20261010_112440_115825_f214191d,dqn,43,v1,sparse,551,11198,50.0,6,69,0.3263267843416433,0.424789452250453,10199,True,False,True,4.243474915972911
baseline_dqn_statev1_sparse_seed43_20261010_112440_115825_f214191d,dqn,43,v1,sparse,552,11212,0.0,1,14,0.3258702236821885,0.5286170403872218,10213,True,False,True,4.248806790972594
baseline_dqn_statev1_sparse_seed43_20261010_112440_115825_f214191d,dqn,43,v1,sparse,553,11228,0.0,1,16,0.3253492221861375,0.4713321262970567,10229,True,False,True,4.255070540995803
baseline_dqn_statev1_sparse_seed43_20261010_112440_115825_f214191d,dqn,43,v1,sparse,554,11249,10.0,2,21,0.3246666716203934,0.4041370004415512,10250,True,False,True,4.263076040952001
baseline_dqn_statev1_sparse_seed43_20261010_112440_115825_f214191d,dqn,43,v1,sparse,555,11250,-10.0,0,1,0.32463420495323136,0.4204234480857849,10251,True,False,True,4.263474290957674
baseline_dqn_statev1_sparse_seed43_20261010_112440_115825_f214191d,dqn,43,v1,sparse,556,11272,0.0,1,22,0.32392075910764856,0.47384459186684,10273,True,False,True,4.2718002909678034
baseline_dqn_statev1_sparse_seed43_20261010_112440_115825_f214191d,dqn,43,v1,sparse,557,11327,20.0,3,55,0.3221439966688046,0.4728045710108497,10328,True,False,True,4.292530125007033
baseline_dqn_statev1_sparse_seed43_20261010_112440_115825_f214191d,dqn,43,v1,sparse,558,11369,40.0,5,42,0.32079376184799685,0.4409663453698158,10370,True,False,True,4.308292749978136
baseline_dqn_statev1_sparse_seed43_20261010_112440_115825_f214191d,dqn,43,v1,sparse,559,11383,-10.0,0,14,0.32034494238699607,0.5314428699868066,10384,True,False,True,4.313449540990405
baseline_dqn_statev1_sparse_seed43_20261010_112440_115825_f214191d,dqn,43,v1,sparse,560,11385,-10.0,0,2,0.3202808766019681,0.47104284167289734,10386,True,False,True,4.314178875007201
baseline_dqn_statev1_sparse_seed43_20261010_112440_115825_f214191d,dqn,43,v1,sparse,561,11425,20.0,3,40,0.31900224812494765,0.47479177713394166,10426,True,False,True,4.32927008299157
baseline_dqn_statev1_sparse_seed43_20261010_112440_115825_f214191d,dqn,43,v1,sparse,562,11441,-10.0,0,16,0.31849222715206227,0.44575557578355074,10442,True,False,True,4.335345291008707
baseline_dqn_statev1_sparse_seed43_20261010_112440_115825_f214191d,dqn,43,v1,sparse,563,11509,30.0,4,68,0.31633371932471094,0.45249667697969603,10510,True,False,True,4.361067791003734
baseline_dqn_statev1_sparse_seed43_20261010_112440_115825_f214191d,dqn,43,v1,sparse,564,11523,-10.0,0,14,0.31589113986622724,0.6170406852449689,10524,True,False,True,4.3664088329533115
baseline_dqn_statev1_sparse_seed43_20261010_112440_115825_f214191d,dqn,43,v1,sparse,565,11536,10.0,2,13,0.31548072768916796,0.4680424298231418,10537,True,False,True,4.371252665994689
baseline_dqn_statev1_sparse_seed43_20261010_112440_115825_f214191d,dqn,43,v1,sparse,566,11540,-10.0,0,4,0.31535455432567405,0.7075257897377014,10541,True,False,True,4.372768083005212
baseline_dqn_statev1_sparse_seed43_20261010_112440_115825_f214191d,dqn,43,v1,sparse,567,11544,-10.0,0,4,0.3152284314239557,0.3547141067683697,10545,True,False,True,4.374338041001465
baseline_dqn_statev1_sparse_seed43_20261010_112440_115825_f214191d,dqn,43,v1,sparse,568,11571,10.0,2,27,0.31437842018941514,0.4648048408605434,10572,True,False,True,4.384336915973108
baseline_dqn_statev1_sparse_seed43_20261010_112440_115825_f214191d,dqn,43,v1,sparse,569,11579,-10.0,0,8,0.31412700546161837,0.4946577921509743,10580,True,False,True,4.387249999970663
baseline_dqn_statev1_sparse_seed43_20261010_112440_115825_f214191d,dqn,43,v1,sparse,570,11584,-10.0,0,5,0.31396997336844695,0.6196463346481323,10585,True,False,True,4.389073624974117
baseline_dqn_statev1_sparse_seed43_20261010_112440_115825_f214191d,dqn,43,v1,sparse,571,11624,40.0,5,40,0.31271653934160953,0.4052112564444542,10625,True,False,True,4.40425233298447
baseline_dqn_statev1_sparse_seed43_20261010_112440_115825_f214191d,dqn,43,v1,sparse,572,11637,-10.0,0,13,0.3123102516699516,0.49615370998015773,10638,True,False,True,4.409306582994759
baseline_dqn_statev1_sparse_seed43_20261010_112440_115825_f214191d,dqn,43,v1,sparse,573,11689,30.0,4,52,0.3106903727015953,0.46860396489501,10690,True,False,True,4.429353999963496
baseline_dqn_statev1_sparse_seed43_20261010_112440_115825_f214191d,dqn,43,v1,sparse,574,11707,10.0,2,18,0.3101316051335744,0.500088299314181,10708,True,False,True,4.4362883329740725
baseline_dqn_statev1_sparse_seed43_20261010_112440_115825_f214191d,dqn,43,v1,sparse,575,11735,30.0,4,28,0.3092644079213116,0.4808387687163694,10736,True,False,True,4.447023540968075
baseline_dqn_statev1_sparse_seed43_20261010_112440_115825_f214191d,dqn,43,v1,sparse,576,11778,20.0,3,43,0.30793735981203524,0.5008628798085589,10779,True,False,True,4.463224707986228
baseline_dqn_statev1_sparse_seed43_20261010_112440_115825_f214191d,dqn,43,v1,sparse,577,11793,10.0,2,15,0.3074757769664756,0.5948662857214609,10794,True,False,True,4.469005749968346
baseline_dqn_statev1_sparse_seed43_20261010_112440_115825_f214191d,dqn,43,v1,sparse,578,11824,30.0,4,31,0.30652403043910575,0.48254100858203824,10825,True,False,True,4.480567416001577
baseline_dqn_statev1_sparse_seed43_20261010_112440_115825_f214191d,dqn,43,v1,sparse,579,11859,20.0,3,35,0.3054530181459542,0.4622645556926727,10860,True,False,True,4.493564207979944
baseline_dqn_statev1_sparse_seed43_20261010_112440_115825_f214191d,dqn,43,v1,sparse,580,11878,0.0,1,19,0.30487317944027226,0.4935774756105323,10879,True,False,True,4.500582624983508
baseline_dqn_statev1_sparse_seed43_20261010_112440_115825_f214191d,dqn,43,v1,sparse,581,11893,0.0,1,15,0.30441618964927464,0.4236633708079656,10894,True,False,True,4.506242249975912
baseline_dqn_statev1_sparse_seed43_20261010_112440_115825_f214191d,dqn,43,v1,sparse,582,11924,10.0,2,31,0.3034739136292505,0.4907163703633893,10925,True,False,True,4.518096457992215
baseline_dqn_statev1_sparse_seed43_20261010_112440_115825_f214191d,dqn,43,v1,sparse,583,11935,0.0,1,11,0.3031402591848477,0.5253738219087775,10936,True,False,True,4.522220957966056
baseline_dqn_statev1_sparse_seed43_20261010_112440_115825_f214191d,dqn,43,v1,sparse,584,11936,-10.0,0,1,0.30310994515892925,0.6745558977127075,10937,True,False,True,4.522596207971219
baseline_dqn_statev1_sparse_seed43_20261010_112440_115825_f214191d,dqn,43,v1,sparse,585,11964,10.0,2,28,0.30226238207570927,0.4274749117238181,10965,True,False,True,4.53318158298498
baseline_dqn_statev1_sparse_seed43_20261010_112440_115825_f214191d,dqn,43,v1,sparse,586,11970,-10.0,0,6,0.3020810699797763,0.36568425595760345,10971,True,False,True,4.535517249954864
baseline_dqn_statev1_sparse_seed43_20261010_112440_115825_f214191d,dqn,43,v1,sparse,587,12011,20.0,3,41,0.300845011440506,0.497444913881581,11012,True,False,True,4.551238332991488
baseline_dqn_statev1_sparse_seed43_20261010_112440_115825_f214191d,dqn,43,v1,sparse,588,12067,50.0,6,56,0.2991649040612299,0.49432716571858953,11068,True,False,True,4.572293999954127
baseline_dqn_statev1_sparse_seed43_20261010_112440_115825_f214191d,dqn,43,v1,sparse,589,12068,-10.0,0,1,0.2991349875708238,0.5140633583068848,11069,True,False,True,4.572671665984672
baseline_dqn_statev1_sparse_seed43_20261010_112440_115825_f214191d,dqn,43,v1,sparse,590,12074,-10.0,0,6,0.29895555144254726,0.5751390606164932,11075,True,False,True,4.5749031659797765
baseline_dqn_statev1_sparse_seed43_20261010_112440_115825_f214191d,dqn,43,v1,sparse,591,12077,-10.0,0,3,0.2988658737454821,0.4612920532623927,11078,True,False,True,4.576050582982134
baseline_dqn_statev1_sparse_seed43_20261010_112440_115825_f214191d,dqn,43,v1,sparse,592,12083,0.0,1,6,0.29868659904513906,0.4882342802981536,11084,True,False,True,4.578289249970112
baseline_dqn_statev1_sparse_seed43_20261010_112440_115825_f214191d,dqn,43,v1,sparse,593,12089,0.0,1,6,0.29850743188272855,0.5275913824637731,11090,True,False,True,4.580510290979873
baseline_dqn_statev1_sparse_seed43_20261010_112440_115825_f214191d,dqn,43,v1,sparse,594,12094,-10.0,0,5,0.2983582080145455,0.508108502626419,11095,True,False,True,4.582471875008196
baseline_dqn_statev1_sparse_seed43_20261010_112440_115825_f214191d,dqn,43,v1,sparse,595,12130,20.0,3,36,0.2972859959938825,0.4787668068375852,11131,True,False,True,4.596045290993061
baseline_dqn_statev1_sparse_seed43_20261010_112440_115825_f214191d,dqn,43,v1,sparse,596,12135,-10.0,0,5,0.29713738272151247,0.35970146059989927,11136,True,False,True,4.597896665974986
baseline_dqn_statev1_sparse_seed43_20261010_112440_115825_f214191d,dqn,43,v1,sparse,597,12144,0.0,1,9,0.2968700660215651,0.4569997390111287,11145,True,False,True,4.601237374998163
baseline_dqn_statev1_sparse_seed43_20261010_112440_115825_f214191d,dqn,43,v1,sparse,598,12156,0.0,1,12,0.2965140178112861,0.4407658080259959,11157,True,False,True,4.605879707960412
baseline_dqn_statev1_sparse_seed43_20261010_112440_115825_f214191d,dqn,43,v1,sparse,599,12176,10.0,2,20,0.295921552814415,0.41420209109783174,11177,True,False,True,4.613639249990229
baseline_dqn_statev1_sparse_seed43_20261010_112440_115825_f214191d,dqn,43,v1,sparse,600,12179,-10.0,0,3,0.2958327852259213,0.5315187275409698,11180,True,False,True,4.614817707973998
baseline_dqn_statev1_sparse_seed43_20261010_112440_115825_f214191d,dqn,43,v1,sparse,601,12205,10.0,2,26,0.29506458067216285,0.44144736058436906,11206,True,False,True,4.6263563329703175
baseline_dqn_statev1_sparse_seed43_20261010_112440_115825_f214191d,dqn,43,v1,sparse,602,12251,30.0,4,46,0.2937103330452116,0.44450236241454666,11252,True,False,True,4.644097790995147
baseline_dqn_statev1_sparse_seed43_20261010_112440_115825_f214191d,dqn,43,v1,sparse,603,12253,-10.0,0,2,0.2936515939157059,0.7816999554634094,11254,True,False,True,4.644868790986948
baseline_dqn_statev1_sparse_seed43_20261010_112440_115825_f214191d,dqn,43,v1,sparse,604,12256,0.0,1,3,0.29356350724678537,0.5209282239278158,11257,True,False,True,4.645980749977753
baseline_dqn_statev1_sparse_seed43_20261010_112440_115825_f214191d,dqn,43,v1,sparse,605,12295,10.0,2,39,0.29242078219364764,0.45832385963354355,11296,True,False,True,4.660724290995859
baseline_dqn_statev1_sparse_seed43_20261010_112440_115825_f214191d,dqn,43,v1,sparse,606,12308,0.0,1,13,0.29204086318139455,0.4552845794420976,11309,True,False,True,4.666169665986672
baseline_dqn_statev1_sparse_seed43_20261010_112440_115825_f214191d,dqn,43,v1,sparse,607,12318,0.0,1,10,0.2917489537015629,0.43474585115909575,11319,True,False,True,4.670434415980708
baseline_dqn_statev1_sparse_seed43_20261010_112440_115825_f214191d,dqn,43,v1,sparse,608,12320,-10.0,0,2,0.29169060682831216,0.4115504026412964,11321,True,False,True,4.671722290979233
baseline_dqn_statev1_sparse_seed43_20261010_112440_115825_f214191d,dqn,43,v1,sparse,609,12368,10.0,2,48,0.2902937771461714,0.45857379818335176,11369,True,False,True,4.693045457999688
baseline_dqn_statev1_sparse_seed43_20261010_112440_115825_f214191d,dqn,43,v1,sparse,610,12389,20.0,3,21,0.28968476944517946,0.4496709406375885,11390,True,False,True,4.70092333300272
baseline_dqn_statev1_sparse_seed43_20261010_112440_115825_f214191d,dqn,43,v1,sparse,611,12413,0.0,1,24,0.2889903249424605,0.40618485243370134,11414,True,False,True,4.710530374955852
baseline_dqn_statev1_sparse_seed43_20261010_112440_115825_f214191d,dqn,43,v1,sparse,612,12448,30.0,4,35,0.287980576407666,0.48022486099175044,11449,True,False,True,4.724126332963351
baseline_dqn_statev1_sparse_seed43_20261010_112440_115825_f214191d,dqn,43,v1,sparse,613,12456,0.0,1,8,0.2877502725649764,0.4539520088583231,11457,True,False,True,4.727393790963106
baseline_dqn_statev1_sparse_seed43_20261010_112440_115825_f214191d,dqn,43,v1,sparse,614,12494,10.0,2,38,0.28665884198830704,0.5241776355787328,11495,True,False,True,4.741715207986999
baseline_dqn_statev1_sparse_seed43_20261010_112440_115825_f214191d,dqn,43,v1,sparse,615,12543,30.0,4,49,0.2852575794952118,0.5201263354749096,11544,True,False,True,4.7601849579950795
baseline_dqn_statev1_sparse_seed43_20261010_112440_115825_f214191d,dqn,43,v1,sparse,616,12608,30.0,4,65,0.2834093261453851,0.4533220820702039,11609,True,False,True,4.784161957970355
baseline_dqn_statev1_sparse_seed43_20261010_112440_115825_f214191d,dqn,43,v1,sparse,617,12635,0.0,1,27,0.2826451149030523,0.479121337334315,11636,True,False,True,4.79417624999769
baseline_dqn_statev1_sparse_seed43_20261010_112440_115825_f214191d,dqn,43,v1,sparse,618,12650,0.0,1,15,0.2822214438795033,0.4444826602935791,11651,True,False,True,4.799901457969099
baseline_dqn_statev1_sparse_seed43_20261010_112440_115825_f214191d,dqn,43,v1,sparse,619,12700,20.0,3,50,0.2808137883477466,0.4789228104054928,11701,True,False,True,4.81877341598738
baseline_dqn_statev1_sparse_seed43_20261010_112440_115825_f214191d,dqn,43,v1,sparse,620,12701,-10.0,0,1,0.28078570696891186,0.5387411713600159,11702,True,False,True,4.819226416002493
baseline_dqn_statev1_sparse_seed43_20261010_112440_115825_f214191d,dqn,43,v1,sparse,621,12702,-10.0,0,1,0.280757628398215,0.8737891912460327,11703,True,False,True,4.819644290953875
baseline_dqn_statev1_sparse_seed43_20261010_112440_115825_f214191d,dqn,43,v1,sparse,622,12751,20.0,3,49,0.27938521256203835,0.5091918627826535,11752,True,False,True,4.837869165989105
baseline_dqn_statev1_sparse_seed43_20261010_112440_115825_f214191d,dqn,43,v1,sparse,623,12752,-10.0,0,1,0.27935727404078214,0.4652249813079834,11753,True,False,True,4.838252499990631
baseline_dqn_statev1_sparse_seed43_20261010_112440_115825_f214191d,dqn,43,v1,sparse,624,12769,-10.0,0,17,0.2788827464109091,0.5217005838366116,11770,True,False,True,4.844770958006848
baseline_dqn_statev1_sparse_seed43_20261010_112440_115825_f214191d,dqn,43,v1,sparse,625,12783,10.0,2,14,0.27849256424774765,0.5072224714926311,11784,True,False,True,4.850043457990978
baseline_dqn_statev1_sparse_seed43_20261010_112440_115825_f214191d,dqn,43,v1,sparse,626,12816,0.0,1,33,0.27757500770815297,0.4908760232907353,11817,True,False,True,4.862925082969014
baseline_dqn_statev1_sparse_seed43_20261010_112440_115825_f214191d,dqn,43,v1,sparse,627,12829,10.0,2,13,0.27721437662727166,0.569222418161539,11830,True,False,True,4.867819125007372
baseline_dqn_statev1_sparse_seed43_20261010_112440_115825_f214191d,dqn,43,v1,sparse,628,12897,40.0,5,68,0.275335619939377,0.488919530502137,11898,True,False,True,4.893996500002686
baseline_dqn_statev1_sparse_seed43_20261010_112440_115825_f214191d,dqn,43,v1,sparse,629,12922,10.0,2,25,0.27464810626346475,0.4613431143760681,11923,True,False,True,4.903588707966264
baseline_dqn_statev1_sparse_seed43_20261010_112440_115825_f214191d,dqn,43,v1,sparse,630,12930,-10.0,0,8,0.27442846466454535,0.4931340590119362,11931,True,False,True,4.9065925409668125
baseline_dqn_statev1_sparse_seed43_20261010_112440_115825_f214191d,dqn,43,v1,sparse,631,12932,0.0,1,2,0.2743735817158971,0.1910317912697792,11933,True,False,True,4.907367082952987
baseline_dqn_statev1_sparse_seed43_20261010_112440_115825_f214191d,dqn,43,v1,sparse,632,12941,0.0,1,9,0.27412674424379835,0.4935671223534478,11942,True,False,True,4.910792290989775
baseline_dqn_statev1_sparse_seed43_20261010_112440_115825_f214191d,dqn,43,v1,sparse,633,12963,10.0,2,22,0.27352429821728663,0.45364939827810635,11964,True,False,True,4.919006290961988
baseline_dqn_statev1_sparse_seed43_20261010_112440_115825_f214191d,dqn,43,v1,sparse,634,12964,-10.0,0,1,0.2734969457874649,0.22191452980041504,11965,True,False,True,4.919388957961928
baseline_dqn_statev1_sparse_seed43_20261010_112440_115825_f214191d,dqn,43,v1,sparse,635,13075,90.0,10,111,0.2704777661754873,0.4827952689684189,12076,True,False,True,4.962195375002921
baseline_dqn_statev1_sparse_seed43_20261010_112440_115825_f214191d,dqn,43,v1,sparse,636,13170,70.0,8,95,0.2679202668768514,0.46097951037319085,12171,True,False,True,4.999873207998462
baseline_dqn_statev1_sparse_seed43_20261010_112440_115825_f214191d,dqn,43,v1,sparse,637,13215,30.0,4,45,0.2667172742887477,0.5377904140286975,12216,True,False,True,5.017064915969968
baseline_dqn_statev1_sparse_seed43_20261010_112440_115825_f214191d,dqn,43,v1,sparse,638,13241,20.0,3,26,0.266024675513672,0.5251075556645026,12242,True,False,True,5.026845832995605
baseline_dqn_statev1_sparse_seed43_20261010_112440_115825_f214191d,dqn,43,v1,sparse,639,13259,10.0,2,18,0.2655462378985061,0.4910590549310048,12260,True,False,True,5.0335441249771975
baseline_dqn_statev1_sparse_seed43_20261010_112440_115825_f214191d,dqn,43,v1,sparse,640,13374,110.0,12,115,0.2625097973370486,0.49976584166288374,12375,True,False,True,5.076890832977369
baseline_dqn_statev1_sparse_seed43_20261010_112440_115825_f214191d,dqn,43,v1,sparse,641,13384,10.0,2,10,0.2622474056376247,0.48251862078905106,12385,True,False,True,5.080662583000958
baseline_dqn_statev1_sparse_seed43_20261010_112440_115825_f214191d,dqn,43,v1,sparse,642,13403,20.0,3,19,0.2617495837559608,0.46392668077820226,12404,True,False,True,5.087862874963321
baseline_dqn_statev1_sparse_seed43_20261010_112440_115825_f214191d,dqn,43,v1,sparse,643,13445,40.0,5,42,0.2606524861661443,0.48224661499261856,12446,True,False,True,5.104338332952466
baseline_dqn_statev1_sparse_seed43_20261010_112440_115825_f214191d,dqn,43,v1,sparse,644,13498,20.0,3,53,0.2592746136823031,0.4678863615922208,12499,True,False,True,5.124506291002035
baseline_dqn_statev1_sparse_seed43_20261010_112440_115825_f214191d,dqn,43,v1,sparse,645,13540,10.0,2,42,0.2581878896856888,0.5034999112997737,12541,True,False,True,5.140341582999099
baseline_dqn_statev1_sparse_seed43_20261010_112440_115825_f214191d,dqn,43,v1,sparse,646,13557,10.0,2,17,0.2577493212332468,0.5436680772725273,12558,True,False,True,5.146698332973756
baseline_dqn_statev1_sparse_seed43_20261010_112440_115825_f214191d,dqn,43,v1,sparse,647,13559,-10.0,0,2,0.2576977739464934,0.5572144091129303,12560,True,False,True,5.147459333005827
baseline_dqn_statev1_sparse_seed43_20261010_112440_115825_f214191d,dqn,43,v1,sparse,648,13574,-10.0,0,15,0.25731149775101897,0.4858076721429825,12575,True,False,True,5.153007749991957
baseline_dqn_statev1_sparse_seed43_20261010_112440_115825_f214191d,dqn,43,v1,sparse,649,13653,70.0,8,79,0.25528664437669907,0.4927860083459299,12654,True,False,True,5.182735290960409
baseline_dqn_statev1_sparse_seed43_20261010_112440_115825_f214191d,dqn,43,v1,sparse,650,13690,20.0,3,37,0.25434378201966473,0.49262124098636006,12691,True,False,True,5.196442499989644
baseline_dqn_statev1_sparse_seed43_20261010_112440_115825_f214191d,dqn,43,v1,sparse,651,13760,30.0,4,70,0.25256950404837414,0.5098955771752767,12761,True,False,True,5.223311207955703
baseline_dqn_statev1_sparse_seed43_20261010_112440_115825_f214191d,dqn,43,v1,sparse,652,13788,20.0,3,28,0.25186326332286313,0.47975479119590353,12789,True,False,True,5.234499499958474
baseline_dqn_statev1_sparse_seed43_20261010_112440_115825_f214191d,dqn,43,v1,sparse,653,13849,40.0,5,61,0.2503314974628825,0.5203046195331167,12850,True,False,True,5.257584832957946
baseline_dqn_statev1_sparse_seed43_20261010_112440_115825_f214191d,dqn,43,v1,sparse,654,13882,20.0,3,33,0.24950672390677672,0.4998566973390001,12883,True,False,True,5.270268332969863
baseline_dqn_statev1_sparse_seed43_20261010_112440_115825_f214191d,dqn,43,v1,sparse,655,13918,20.0,3,36,0.24861006981306377,0.5207565493053861,12919,True,False,True,5.283959332969971
baseline_dqn_statev1_sparse_seed43_20261010_112440_115825_f214191d,dqn,43,v1,sparse,656,13928,0.0,1,10,0.24836157158795413,0.5205073922872543,12929,True,False,True,5.287800457968842
baseline_dqn_statev1_sparse_seed43_20261010_112440_115825_f214191d,dqn,43,v1,sparse,657,13993,50.0,6,65,0.24675237646168277,0.5257791846990585,12994,True,False,True,5.3122778329998255
baseline_dqn_statev1_sparse_seed43_20261010_112440_115825_f214191d,dqn,43,v1,sparse,658,14040,30.0,4,47,0.24559530368881022,0.4993286627404233,13041,True,False,True,5.329976249951869
baseline_dqn_statev1_sparse_seed43_20261010_112440_115825_f214191d,dqn,43,v1,sparse,659,14055,-10.0,0,15,0.24522716849663356,0.4548044423262278,13056,True,False,True,5.335544832982123
baseline_dqn_statev1_sparse_seed43_20261010_112440_115825_f214191d,dqn,43,v1,sparse,660,14128,40.0,5,73,0.24344343951110195,0.5460069546960804,13129,True,False,True,5.362444124999456
baseline_dqn_statev1_sparse_seed43_20261010_112440_115825_f214191d,dqn,43,v1,sparse,661,14130,-10.0,0,2,0.24339475325763413,0.48243777453899384,13131,True,False,True,5.363211499992758
baseline_dqn_statev1_sparse_seed43_20261010_112440_115825_f214191d,dqn,43,v1,sparse,662,14151,10.0,2,21,0.24288413508120563,0.5730439452897935,13152,True,False,True,5.371316999953706
baseline_dqn_statev1_sparse_seed43_20261010_112440_115825_f214191d,dqn,43,v1,sparse,663,14171,0.0,1,20,0.2423988280141297,0.4472123958170414,13172,True,False,True,5.379192249965854
baseline_dqn_statev1_sparse_seed43_20261010_112440_115825_f214191d,dqn,43,v1,sparse,664,14239,40.0,5,68,0.24075602570059165,0.5373563979040173,13240,True,False,True,5.404691832954995
baseline_dqn_statev1_sparse_seed43_20261010_112440_115825_f214191d,dqn,43,v1,sparse,665,14278,40.0,5,39,0.23981885900421943,0.4820339039732248,13279,True,False,True,5.419250125007238
baseline_dqn_statev1_sparse_seed43_20261010_112440_115825_f214191d,dqn,43,v1,sparse,666,14362,60.0,7,84,0.23781271786930802,0.5236152085874762,13363,True,False,True,5.4508938329527155
baseline_dqn_statev1_sparse_seed43_20261010_112440_115825_f214191d,dqn,43,v1,sparse,667,14373,-10.0,0,11,0.2375512546374154,0.3772164928642186,13374,True,False,True,5.454979582980741
baseline_dqn_statev1_sparse_seed43_20261010_112440_115825_f214191d,dqn,43,v1,sparse,668,14416,30.0,4,43,0.23653192640161322,0.5286960227544918,13417,True,False,True,5.470791166007984
baseline_dqn_statev1_sparse_seed43_20261010_112440_115825_f214191d,dqn,43,v1,sparse,669,14424,-10.0,0,8,0.2363427670761872,0.49278805404901505,13425,True,False,True,5.473769499978516
baseline_dqn_statev1_sparse_seed43_20261010_112440_115825_f214191d,dqn,43,v1,sparse,670,14565,80.0,9,141,0.2330335533814762,0.5340795834542166,13566,True,False,True,5.526075707981363
baseline_dqn_statev1_sparse_seed43_20261010_112440_115825_f214191d,dqn,43,v1,sparse,671,14629,60.0,7,64,0.23154682690194983,0.4985257397638634,13630,True,False,True,5.54995204100851
baseline_dqn_statev1_sparse_seed43_20261010_112440_115825_f214191d,dqn,43,v1,sparse,672,14673,30.0,4,44,0.23053020823309844,0.5200281522490762,13674,True,False,True,5.566363707999699
baseline_dqn_statev1_sparse_seed43_20261010_112440_115825_f214191d,dqn,43,v1,sparse,673,14679,-10.0,0,6,0.23039192468307956,0.5445772806803385,13680,True,False,True,5.568620790960267
baseline_dqn_statev1_sparse_seed43_20261010_112440_115825_f214191d,dqn,43,v1,sparse,674,14737,40.0,5,58,0.2290594527992239,0.4884094359545872,13738,True,False,True,5.590384582988918
baseline_dqn_statev1_sparse_seed43_20261010_112440_115825_f214191d,dqn,43,v1,sparse,675,14761,30.0,4,24,0.22851034185322255,0.540217132307589,13762,True,False,True,5.599265291006304
baseline_dqn_statev1_sparse_seed43_20261010_112440_115825_f214191d,dqn,43,v1,sparse,676,14834,50.0,6,73,0.22684820742188636,0.536037011199618,13835,True,False,True,5.6262254159664735
baseline_dqn_statev1_sparse_seed43_20261010_112440_115825_f214191d,dqn,43,v1,sparse,677,14927,80.0,9,93,0.22474819428810802,0.5613034585470794,13928,True,False,True,5.661148957966361
baseline_dqn_statev1_sparse_seed43_20261010_112440_115825_f214191d,dqn,43,v1,sparse,678,14977,50.0,6,50,0.22362720208215423,0.5281839534640312,13978,True,False,True,5.679677249980159
baseline_dqn_statev1_sparse_seed43_20261010_112440_115825_f214191d,dqn,43,v1,sparse,679,14996,10.0,2,19,0.22320269258410566,0.5487715060773649,13997,True,False,True,5.686645124980714
baseline_dqn_statev1_sparse_seed43_20261010_112440_115825_f214191d,dqn,43,v1,sparse,680,15002,0.0,1,6,0.22306880444449537,0.7273403157790502,14003,True,False,True,5.6889664579648525
baseline_dqn_statev1_sparse_seed43_20261010_112440_115825_f214191d,dqn,43,v1,sparse,681,15065,60.0,7,63,0.2216678186652326,0.5122445594696772,14066,True,False,True,5.713400832959451
baseline_dqn_statev1_sparse_seed43_20261010_112440_115825_f214191d,dqn,43,v1,sparse,682,15144,80.0,9,79,0.21992345498725677,0.5343060322766062,14145,True,False,True,5.744489415956195
baseline_dqn_statev1_sparse_seed43_20261010_112440_115825_f214191d,dqn,43,v1,sparse,683,15147,-10.0,0,3,0.21985748454824433,0.4326382130384445,14148,True,False,True,5.745612665952649
baseline_dqn_statev1_sparse_seed43_20261010_112440_115825_f214191d,dqn,43,v1,sparse,684,15192,40.0,5,45,0.21887029934036978,0.51553436352147,14193,True,False,True,5.762462999962736
baseline_dqn_statev1_sparse_seed43_20261010_112440_115825_f214191d,dqn,43,v1,sparse,685,15207,10.0,2,15,0.21854222360561748,0.5035489281018575,14208,True,False,True,5.768213625007775
baseline_dqn_statev1_sparse_seed43_20261010_112440_115825_f214191d,dqn,43,v1,sparse,686,15288,60.0,7,81,0.2167790937527383,0.5028981746714792,14289,True,False,True,5.798616749991197
baseline_dqn_statev1_sparse_seed43_20261010_112440_115825_f214191d,dqn,43,v1,sparse,687,15298,-10.0,0,10,0.21656241218356886,0.4935743510723114,14299,True,False,True,5.802261499979068
baseline_dqn_statev1_sparse_seed43_20261010_112440_115825_f214191d,dqn,43,v1,sparse,688,15397,70.0,8,99,0.21442891585933657,0.5162964695782373,14398,True,False,True,5.83912783296546
baseline_dqn_statev1_sparse_seed43_20261010_112440_115825_f214191d,dqn,43,v1,sparse,689,15463,40.0,5,66,0.21301827471807833,0.5599414911685567,14464,True,False,True,5.863658374990337
baseline_dqn_statev1_sparse_seed43_20261010_112440_115825_f214191d,dqn,43,v1,sparse,690,15499,20.0,3,36,0.21225274942452763,0.5234853087200059,14500,True,False,True,5.877234790998045
baseline_dqn_statev1_sparse_seed43_20261010_112440_115825_f214191d,dqn,43,v1,sparse,691,15525,30.0,4,26,0.21170158154591961,0.572584351667991,14526,True,False,True,5.887100749998353
baseline_dqn_statev1_sparse_seed43_20261010_112440_115825_f214191d,dqn,43,v1,sparse,692,15599,70.0,8,74,0.2101406942031791,0.49951772331386,14600,True,False,True,5.914832165988628
baseline_dqn_statev1_sparse_seed43_20261010_112440_115825_f214191d,dqn,43,v1,sparse,693,15632,30.0,4,33,0.20944833830950585,0.44174479535131744,14633,True,False,True,5.927089332952164
baseline_dqn_statev1_sparse_seed43_20261010_112440_115825_f214191d,dqn,43,v1,sparse,694,15678,40.0,5,46,0.2084870405675729,0.5593941833661951,14679,True,False,True,5.9442236659815535
baseline_dqn_statev1_sparse_seed43_20261010_112440_115825_f214191d,dqn,43,v1,sparse,695,15806,130.0,14,128,0.20583528132435713,0.5196672640740871,14807,True,False,True,5.992011207970791
baseline_dqn_statev1_sparse_seed43_20261010_112440_115825_f214191d,dqn,43,v1,sparse,696,15844,30.0,4,38,0.20505455254244423,0.5710051922421706,14845,True,False,True,6.0060469579766504
baseline_dqn_statev1_sparse_seed43_20261010_112440_115825_f214191d,dqn,43,v1,sparse,697,15887,50.0,6,43,0.2041746670810716,0.5224370807409286,14888,True,False,True,6.022082165989559
baseline_dqn_statev1_sparse_seed43_20261010_112440_115825_f214191d,dqn,43,v1,sparse,698,15888,-10.0,0,1,0.2041542496143635,0.8164661526679993,14889,True,False,True,6.022480207961053
baseline_dqn_statev1_sparse_seed43_20261010_112440_115825_f214191d,dqn,43,v1,sparse,699,15920,30.0,4,32,0.20350196760880443,0.5739281098358333,14921,True,False,True,6.034430750005413
baseline_dqn_statev1_sparse_seed43_20261010_112440_115825_f214191d,dqn,43,v1,sparse,700,15934,0.0,1,14,0.20321724996688828,0.654850606407438,14935,True,False,True,6.039586999977473
baseline_dqn_statev1_sparse_seed43_20261010_112440_115825_f214191d,dqn,43,v1,sparse,701,15953,10.0,2,19,0.20283148449660984,0.5104454371489977,14954,True,False,True,6.048340749985073
baseline_dqn_statev1_sparse_seed43_20261010_112440_115825_f214191d,dqn,43,v1,sparse,702,16008,50.0,6,55,0.20171891806505,0.5111875930970365,15009,True,False,True,6.0691650829976425
baseline_dqn_statev1_sparse_seed43_20261010_112440_115825_f214191d,dqn,43,v1,sparse,703,16024,0.0,1,16,0.20139640974592174,0.5897524878382683,15025,True,False,True,6.075293582980521
baseline_dqn_statev1_sparse_seed43_20261010_112440_115825_f214191d,dqn,43,v1,sparse,704,16083,40.0,5,59,0.20021161028295187,0.5169397823638835,15084,True,False,True,6.097173332993407
baseline_dqn_statev1_sparse_seed43_20261010_112440_115825_f214191d,dqn,43,v1,sparse,705,16094,0.0,1,11,0.19999148759499802,0.5479262335733934,15095,True,False,True,6.101356374972966
baseline_dqn_statev1_sparse_seed43_20261010_112440_115825_f214191d,dqn,43,v1,sparse,706,16115,20.0,3,21,0.1995719251873035,0.6142510161513374,15116,True,False,True,6.109234415984247
baseline_dqn_statev1_sparse_seed43_20261010_112440_115825_f214191d,dqn,43,v1,sparse,707,16146,10.0,2,31,0.1989541793322269,0.5676119308317861,15147,True,False,True,6.120904082956258
baseline_dqn_statev1_sparse_seed43_20261010_112440_115825_f214191d,dqn,43,v1,sparse,708,16166,0.0,1,20,0.1985566487597918,0.54756178855896,15167,True,False,True,6.128409374970943
baseline_dqn_statev1_sparse_seed43_20261010_112440_115825_f214191d,dqn,43,v1,sparse,709,16206,40.0,5,40,0.19776396894668666,0.5842518221586943,15207,True,False,True,6.1433207909576595
baseline_dqn_statev1_sparse_seed43_20261010_112440_115825_f214191d,dqn,43,v1,sparse,710,16253,30.0,4,47,0.19683661291792334,0.5707515265713347,15254,True,False,True,6.16071608295897
baseline_dqn_statev1_sparse_seed43_20261010_112440_115825_f214191d,dqn,43,v1,sparse,711,16262,0.0,1,9,0.19665953081094611,0.8178538348939683,15263,True,False,True,6.164138040971011
baseline_dqn_statev1_sparse_seed43_20261010_112440_115825_f214191d,dqn,43,v1,sparse,712,16288,0.0,1,26,0.19614885466329193,0.5612872002216486,15289,True,False,True,6.174085290986113
baseline_dqn_statev1_sparse_seed43_20261010_112440_115825_f214191d,dqn,43,v1,sparse,713,16370,100.0,11,82,0.19454693082182803,0.5964082320470635,15371,True,False,True,6.20538724999642
baseline_dqn_statev1_sparse_seed43_20261010_112440_115825_f214191d,dqn,43,v1,sparse,714,16439,70.0,8,69,0.19320911089385948,0.6068498688763466,15440,True,False,True,6.231128290994093
baseline_dqn_statev1_sparse_seed43_20261010_112440_115825_f214191d,dqn,43,v1,sparse,715,16475,20.0,3,36,0.1925147739336646,0.580879989390572,15476,True,False,True,6.244488333002664
baseline_dqn_statev1_sparse_seed43_20261010_112440_115825_f214191d,dqn,43,v1,sparse,716,16488,10.0,2,13,0.192264654834029,0.6465782270981715,15489,True,False,True,6.249401915993076
baseline_dqn_statev1_sparse_seed43_20261010_112440_115825_f214191d,dqn,43,v1,sparse,717,16503,10.0,2,15,0.19197645964221138,0.5665123462677002,15504,True,False,True,6.254985999956261
baseline_dqn_statev1_sparse_seed43_20261010_112440_115825_f214191d,dqn,43,v1,sparse,718,16605,100.0,11,102,0.1900281555803613,0.6051637585840973,15606,True,False,True,6.293174332997296
baseline_dqn_statev1_sparse_seed43_20261010_112440_115825_f214191d,dqn,43,v1,sparse,719,16647,20.0,3,42,0.18923167128994553,0.5988130321105322,15648,True,False,True,6.308702749956865
baseline_dqn_statev1_sparse_seed43_20261010_112440_115825_f214191d,dqn,43,v1,sparse,720,16695,40.0,5,48,0.18832549053173386,0.5938304069762429,15696,True,False,True,6.326200124982279
baseline_dqn_statev1_sparse_seed43_20261010_112440_115825_f214191d,dqn,43,v1,sparse,721,16841,140.0,15,146,0.18559577727983095,0.5849356294086535,15842,True,False,True,6.380949457990937
baseline_dqn_statev1_sparse_seed43_20261010_112440_115825_f214191d,dqn,43,v1,sparse,722,16877,20.0,3,36,0.18492880041095924,0.60953246222602,15878,True,False,True,6.394281290995423
baseline_dqn_statev1_sparse_seed43_20261010_112440_115825_f214191d,dqn,43,v1,sparse,723,16974,140.0,15,97,0.1831435741299739,0.5950544098603356,15975,True,False,True,6.4309962499537505
baseline_dqn_statev1_sparse_seed43_20261010_112440_115825_f214191d,dqn,43,v1,sparse,724,17071,70.0,8,97,0.1813755816863747,0.5892180695976179,16072,True,False,True,6.467081582988612
baseline_dqn_statev1_sparse_seed43_20261010_112440_115825_f214191d,dqn,43,v1,sparse,725,17139,50.0,6,68,0.18014635039159177,0.5924446098506451,16140,True,False,True,6.492529707960784
baseline_dqn_statev1_sparse_seed43_20261010_112440_115825_f214191d,dqn,43,v1,sparse,726,17196,20.0,3,57,0.17912238606613826,0.5714344222817505,16197,True,False,True,6.5135274159838445
baseline_dqn_statev1_sparse_seed43_20261010_112440_115825_f214191d,dqn,43,v1,sparse,727,17232,20.0,3,36,0.17847867266945305,0.5612731122722229,16233,True,False,True,6.5268731249962
baseline_dqn_statev1_sparse_seed43_20261010_112440_115825_f214191d,dqn,43,v1,sparse,728,17247,0.0,1,15,0.17821114198187177,0.625975568095843,16248,True,False,True,6.532354291004594
baseline_dqn_statev1_sparse_seed43_20261010_112440_115825_f214191d,dqn,43,v1,sparse,729,17253,-10.0,0,6,0.17810424202478997,0.8639342983563741,16254,True,False,True,6.53456008300418
baseline_dqn_statev1_sparse_seed43_20261010_112440_115825_f214191d,dqn,43,v1,sparse,730,17267,10.0,2,14,0.17785505809600338,0.5899537674018315,16268,True,False,True,6.5397147499606945
baseline_dqn_statev1_sparse_seed43_20261010_112440_115825_f214191d,dqn,43,v1,sparse,731,17306,40.0,5,39,0.17716273965145393,0.6190588103655057,16307,True,False,True,6.554638625006191
baseline_dqn_statev1_sparse_seed43_20261010_112440_115825_f214191d,dqn,43,v1,sparse,732,17371,50.0,6,65,0.17601485910221581,0.60799480676651,16372,True,False,True,6.579185415990651
baseline_dqn_statev1_sparse_seed43_20261010_112440_115825_f214191d,dqn,43,v1,sparse,733,17453,70.0,8,82,0.17457736715391067,0.604918451570883,16454,True,False,True,6.610161249991506
baseline_dqn_statev1_sparse_seed43_20261010_112440_115825_f214191d,dqn,43,v1,sparse,734,17515,40.0,5,62,0.1734982821427808,0.6200975174865415,16516,True,False,True,6.633107832982205
baseline_dqn_statev1_sparse_seed43_20261010_112440_115825_f214191d,dqn,43,v1,sparse,735,17534,0.0,1,19,0.17316893192071942,0.591004867302744,16535,True,False,True,6.65408716595266
baseline_dqn_statev1_sparse_seed43_20261010_112440_115825_f214191d,dqn,43,v1,sparse,736,17630,80.0,9,96,0.17151438199261967,0.6130538509848217,16631,True,False,True,6.694762624974828
baseline_dqn_statev1_sparse_seed43_20261010_112440_115825_f214191d,dqn,43,v1,sparse,737,17756,70.0,8,126,0.16936675188041628,0.5917348855781177,16757,True,False,True,6.742614582995884
baseline_dqn_statev1_sparse_seed43_20261010_112440_115825_f214191d,dqn,43,v1,sparse,738,17774,0.0,1,18,0.16906215072001046,0.6398110522164239,16775,True,False,True,6.749358624976594
baseline_dqn_statev1_sparse_seed43_20261010_112440_115825_f214191d,dqn,43,v1,sparse,739,17781,-10.0,0,7,0.16894384271164153,0.5513550341129303,16782,True,False,True,6.751941540976986
baseline_dqn_statev1_sparse_seed43_20261010_112440_115825_f214191d,dqn,43,v1,sparse,740,17801,10.0,2,20,0.16860627582700524,0.6531622320413589,16802,True,False,True,6.759415874956176
baseline_dqn_statev1_sparse_seed43_20261010_112440_115825_f214191d,dqn,43,v1,sparse,741,17818,0.0,1,17,0.1683198743480224,0.639767488136011,16819,True,False,True,6.765853499993682
baseline_dqn_statev1_sparse_seed43_20261010_112440_115825_f214191d,dqn,43,v1,sparse,742,17860,30.0,4,42,0.16761437817944946,0.5838959479615802,16861,True,False,True,6.7822718329844065
baseline_dqn_statev1_sparse_seed43_20261010_112440_115825_f214191d,dqn,43,v1,sparse,743,17884,-10.0,0,24,0.1672125659484291,0.6122465003281832,16885,True,False,True,6.791389915975742
baseline_dqn_statev1_sparse_seed43_20261010_112440_115825_f214191d,dqn,43,v1,sparse,744,17957,50.0,6,73,0.16599629818146097,0.608681978632326,16958,True,False,True,6.818785832962021
baseline_dqn_statev1_sparse_seed43_20261010_112440_115825_f214191d,dqn,43,v1,sparse,745,17989,20.0,3,32,0.16546593254617425,0.5417527938261628,16990,True,False,True,6.830739957978949
baseline_dqn_statev1_sparse_seed43_20261010_112440_115825_f214191d,dqn,43,v1,sparse,746,18043,30.0,4,54,0.1645747802289304,0.5909535479214456,17044,True,False,True,6.850718415982556
baseline_dqn_statev1_sparse_seed43_20261010_112440_115825_f214191d,dqn,43,v1,sparse,747,18087,70.0,8,44,0.16385220589594812,0.5864251567558809,17088,True,False,True,6.86719658295624
baseline_dqn_statev1_sparse_seed43_20261010_112440_115825_f214191d,dqn,43,v1,sparse,748,18146,70.0,8,59,0.16288827607318274,0.545214691657131,17147,True,False,True,6.889292082982138
baseline_dqn_statev1_sparse_seed43_20261010_112440_115825_f214191d,dqn,43,v1,sparse,749,18183,40.0,5,37,0.16228667302306385,0.5527223046566989,17184,True,False,True,6.902897665975615
baseline_dqn_statev1_sparse_seed43_20261010_112440_115825_f214191d,dqn,43,v1,sparse,750,18201,0.0,1,18,0.16199480517785583,0.5471460604005389,17202,True,False,True,6.909574249992147
baseline_dqn_statev1_sparse_seed43_20261010_112440_115825_f214191d,dqn,43,v1,sparse,751,18214,0.0,1,13,0.16178433824075378,0.6746897651599004,17215,True,False,True,6.914435540966224
baseline_dqn_statev1_sparse_seed43_20261010_112440_115825_f214191d,dqn,43,v1,sparse,752,18270,20.0,3,56,0.1608808329466887,0.613044877669641,17271,True,False,True,6.935815915989224
baseline_dqn_statev1_sparse_seed43_20261010_112440_115825_f214191d,dqn,43,v1,sparse,753,18323,60.0,7,53,0.16003037770586123,0.5566799089593707,17324,True,False,True,6.955620958004147
baseline_dqn_statev1_sparse_seed43_20261010_112440_115825_f214191d,dqn,43,v1,sparse,754,18359,20.0,3,36,0.15945527539582496,0.5917618440257179,17360,True,False,True,6.969277790980414
baseline_dqn_statev1_sparse_seed43_20261010_112440_115825_f214191d,dqn,43,v1,sparse,755,18416,50.0,6,57,0.15854892057289485,0.5899541150582465,17417,True,False,True,6.99044933298137
baseline_dqn_statev1_sparse_seed43_20261010_112440_115825_f214191d,dqn,43,v1,sparse,756,18469,40.0,5,53,0.1577107923884553,0.5486780433159955,17470,True,False,True,7.0098825409659185
baseline_dqn_statev1_sparse_seed43_20261010_112440_115825_f214191d,dqn,43,v1,sparse,757,18470,-10.0,0,1,0.15769502130921648,0.935335099697113,17471,True,False,True,7.010259207978379
baseline_dqn_statev1_sparse_seed43_20261010_112440_115825_f214191d,dqn,43,v1,sparse,758,18483,10.0,2,13,0.15749014073854162,0.5995098409744409,17484,True,False,True,7.015112624969333
baseline_dqn_statev1_sparse_seed43_20261010_112440_115825_f214191d,dqn,43,v1,sparse,759,18495,10.0,2,12,0.1573012564785082,0.4980383689204852,17496,True,False,True,7.0196142079657875
baseline_dqn_statev1_sparse_seed43_20261010_112440_115825_f214191d,dqn,43,v1,sparse,760,18517,20.0,3,22,0.1569555568380291,0.5826033719561317,17518,True,False,True,7.027868457953446
baseline_dqn_statev1_sparse_seed43_20261010_112440_115825_f214191d,dqn,43,v1,sparse,761,18546,20.0,3,29,0.1565010223896166,0.5999824332779852,17547,True,False,True,7.03877104097046
baseline_dqn_statev1_sparse_seed43_20261010_112440_115825_f214191d,dqn,43,v1,sparse,762,18630,70.0,8,84,0.1551918545452897,0.5875857525638172,17631,True,False,True,7.070444832963403
baseline_dqn_statev1_sparse_seed43_20261010_112440_115825_f214191d,dqn,43,v1,sparse,763,18738,100.0,11,108,0.1535247179012042,0.5714945231598837,17739,True,False,True,7.1110797909786925
baseline_dqn_statev1_sparse_seed43_20261010_112440_115825_f214191d,dqn,43,v1,sparse,764,18779,10.0,2,41,0.15289652382547617,0.5759872383460766,17780,True,False,True,7.126528790977318
baseline_dqn_statev1_sparse_seed43_20261010_112440_115825_f214191d,dqn,43,v1,sparse,765,18796,10.0,2,17,0.15263680757031206,0.6579336778205984,17797,True,False,True,7.133123707957566
baseline_dqn_statev1_sparse_seed43_20261010_112440_115825_f214191d,dqn,43,v1,sparse,766,18828,20.0,3,32,0.1521491261081227,0.5441393381915987,17829,True,False,True,7.145793790987227
baseline_dqn_statev1_sparse_seed43_20261010_112440_115825_f214191d,dqn,43,v1,sparse,767,18922,110.0,12,94,0.15072555441264565,0.5687006456737823,17923,True,False,True,7.181972916005179
baseline_dqn_statev1_sparse_seed43_20261010_112440_115825_f214191d,dqn,43,v1,sparse,768,18990,60.0,7,68,0.14970404662926654,0.5351471985854647,17991,True,False,True,7.207315707986709
baseline_dqn_statev1_sparse_seed43_20261010_112440_115825_f214191d,dqn,43,v1,sparse,769,18999,0.0,1,9,0.14956936686818373,0.6987988220320808,18000,True,False,True,7.210724332951941
baseline_dqn_statev1_sparse_seed43_20261010_112440_115825_f214191d,dqn,43,v1,sparse,770,19016,10.0,2,17,0.1493153022571752,0.5795486061012044,18017,True,False,True,7.216988540953025
baseline_dqn_statev1_sparse_seed43_20261010_112440_115825_f214191d,dqn,43,v1,sparse,771,19037,20.0,3,21,0.14900205348606982,0.6895490558374495,18038,True,False,True,7.2250524159753695
baseline_dqn_statev1_sparse_seed43_20261010_112440_115825_f214191d,dqn,43,v1,sparse,772,19059,0.0,1,22,0.14867459293378987,0.6114447394555266,18060,True,False,True,7.233351250004489
baseline_dqn_statev1_sparse_seed43_20261010_112440_115825_f214191d,dqn,43,v1,sparse,773,19146,100.0,11,87,0.14738667016606272,0.6080344502610722,18147,True,False,True,7.2667174999951385
baseline_dqn_statev1_sparse_seed43_20261010_112440_115825_f214191d,dqn,43,v1,sparse,774,19221,70.0,8,75,0.1462853501855182,0.6300770779450734,18222,True,False,True,7.294961207953747
baseline_dqn_statev1_sparse_seed43_20261010_112440_115825_f214191d,dqn,43,v1,sparse,775,19243,20.0,3,22,0.14596386010909654,0.7115530561317097,18244,True,False,True,7.303132125001866
baseline_dqn_statev1_sparse_seed43_20261010_112440_115825_f214191d,dqn,43,v1,sparse,776,19278,30.0,4,35,0.1454538541291127,0.6522952990872519,18279,True,False,True,7.316124957986176
baseline_dqn_statev1_sparse_seed43_20261010_112440_115825_f214191d,dqn,43,v1,sparse,777,19392,100.0,11,114,0.1438050139952163,0.6049955087272745,18393,True,False,True,7.358201499970164
baseline_dqn_statev1_sparse_seed43_20261010_112440_115825_f214191d,dqn,43,v1,sparse,778,19414,10.0,2,22,0.14348897493265464,0.6850071867758577,18415,True,False,True,7.366339040978346
baseline_dqn_statev1_sparse_seed43_20261010_112440_115825_f214191d,dqn,43,v1,sparse,779,19451,0.0,1,37,0.14295902024801474,0.6723669042458406,18452,True,False,True,7.380207665963098
baseline_dqn_statev1_sparse_seed43_20261010_112440_115825_f214191d,dqn,43,v1,sparse,780,19557,80.0,9,106,0.14145158279408157,0.6367979347705841,18558,True,False,True,7.419407374982256
baseline_dqn_statev1_sparse_seed43_20261010_112440_115825_f214191d,dqn,43,v1,sparse,781,19571,0.0,1,14,0.14125367924763602,0.5867294498852321,18572,True,False,True,7.424626082996838
baseline_dqn_statev1_sparse_seed43_20261010_112440_115825_f214191d,dqn,43,v1,sparse,782,19619,40.0,5,48,0.14057725248837186,0.7117437552660704,18620,True,False,True,7.443054790957831
baseline_dqn_statev1_sparse_seed43_20261010_112440_115825_f214191d,dqn,43,v1,sparse,783,19689,60.0,7,70,0.1395965989792747,0.6763505629130773,18690,True,False,True,7.469177624967415
baseline_dqn_statev1_sparse_seed43_20261010_112440_115825_f214191d,dqn,43,v1,sparse,784,19701,-10.0,0,12,0.13942917516355058,0.6751091529925665,18702,True,False,True,7.473635540984105
baseline_dqn_statev1_sparse_seed43_20261010_112440_115825_f214191d,dqn,43,v1,sparse,785,19723,20.0,3,22,0.13912275284496647,0.669966499236497,18724,True,False,True,7.482158166007139
baseline_dqn_statev1_sparse_seed43_20261010_112440_115825_f214191d,dqn,43,v1,sparse,786,19777,30.0,4,54,0.1383734773797915,0.5760725306140052,18778,True,False,True,7.50218633300392
baseline_dqn_statev1_sparse_seed43_20261010_112440_115825_f214191d,dqn,43,v1,sparse,787,19885,100.0,11,108,0.13688701086783897,0.6069986540134307,18886,True,False,True,7.542546082986519
baseline_dqn_statev1_sparse_seed43_20261010_112440_115825_f214191d,dqn,43,v1,sparse,788,19992,110.0,12,107,0.135430055614418,0.5958805584183363,18993,True,False,True,7.58203287498327
baseline_dqn_statev1_sparse_seed43_20261010_112440_115825_f214191d,dqn,43,v1,sparse,789,20017,20.0,3,25,0.13509188645423093,0.6836828243732452,19018,True,False,True,7.591390790999867
baseline_dqn_statev1_sparse_seed43_20261010_112440_115825_f214191d,dqn,43,v1,sparse,790,20034,-10.0,0,17,0.13486241388039397,0.6628875565879485,19035,True,False,True,7.597781665972434
baseline_dqn_statev1_sparse_seed43_20261010_112440_115825_f214191d,dqn,43,v1,sparse,791,20094,40.0,5,60,0.13405562185341457,0.6489365299542745,19095,True,False,True,7.620686124952044
baseline_dqn_statev1_sparse_seed43_20261010_112440_115825_f214191d,dqn,43,v1,sparse,792,20256,150.0,16,162,0.1319013101041234,0.6641709154218803,19257,True,False,True,7.682075624994468
baseline_dqn_statev1_sparse_seed43_20261010_112440_115825_f214191d,dqn,43,v1,sparse,793,20299,20.0,3,43,0.13133532391333846,0.6328192360179369,19300,True,False,True,7.698387374985032
baseline_dqn_statev1_sparse_seed43_20261010_112440_115825_f214191d,dqn,43,v1,sparse,794,20317,-10.0,0,18,0.1310991211662106,0.6159693333837721,19318,True,False,True,7.705118332989514
baseline_dqn_statev1_sparse_seed43_20261010_112440_115825_f214191d,dqn,43,v1,sparse,795,20415,50.0,6,98,0.12982056102762674,0.6964070054949546,19416,True,False,True,7.74347108299844
baseline_dqn_statev1_sparse_seed43_20261010_112440_115825_f214191d,dqn,43,v1,sparse,796,20543,100.0,11,128,0.12816936548219962,0.685796169214882,19544,True,False,True,7.794523915974423
baseline_dqn_statev1_sparse_seed43_20261010_112440_115825_f214191d,dqn,43,v1,sparse,797,20629,80.0,9,86,0.1270717804396815,0.6901033090990644,19630,True,False,True,7.82818445796147
baseline_dqn_statev1_sparse_seed43_20261010_112440_115825_f214191d,dqn,43,v1,sparse,798,20682,30.0,4,53,0.12640004807941957,0.6545602544298712,19683,True,False,True,7.848876999982167
baseline_dqn_statev1_sparse_seed43_20261010_112440_115825_f214191d,dqn,43,v1,sparse,799,20835,110.0,12,153,0.12448075143907711,0.6210399087932374,19836,True,False,True,7.913445915968623
baseline_dqn_statev1_sparse_seed43_20261010_112440_115825_f214191d,dqn,43,v1,sparse,800,20862,10.0,2,27,0.12414508997374135,0.6842982023954391,19863,True,False,True,7.9240010829526
baseline_dqn_statev1_sparse_seed43_20261010_112440_115825_f214191d,dqn,43,v1,sparse,801,20931,50.0,6,69,0.12329139480299399,0.6277107203352279,19932,True,False,True,7.954782374959905
baseline_dqn_statev1_sparse_seed43_20261010_112440_115825_f214191d,dqn,43,v1,sparse,802,20957,0.0,1,26,0.12297123755316595,0.6678547607018397,19958,True,False,True,7.965239249984734
baseline_dqn_statev1_sparse_seed43_20261010_112440_115825_f214191d,dqn,43,v1,sparse,803,21044,70.0,8,87,0.12190597513344077,0.6471626924714823,20045,True,False,True,7.999553499976173
baseline_dqn_statev1_sparse_seed43_20261010_112440_115825_f214191d,dqn,43,v1,sparse,804,21150,110.0,12,106,0.12062053240687765,0.6197639865414152,20151,True,False,True,8.04158841597382
baseline_dqn_statev1_sparse_seed43_20261010_112440_115825_f214191d,dqn,43,v1,sparse,805,21214,50.0,6,64,0.11985098769152791,0.6674222275614738,20215,True,False,True,8.06615916598821
baseline_dqn_statev1_sparse_seed43_20261010_112440_115825_f214191d,dqn,43,v1,sparse,806,21257,20.0,3,43,0.11933670922127014,0.6446475414342658,20258,True,False,True,8.083185957977548
baseline_dqn_statev1_sparse_seed43_20261010_112440_115825_f214191d,dqn,43,v1,sparse,807,21271,0.0,1,14,0.11916974638133916,0.5881568895918983,20272,True,False,True,8.088720707979519
baseline_dqn_statev1_sparse_seed43_20261010_112440_115825_f214191d,dqn,43,v1,sparse,808,21347,70.0,8,76,0.11826744428424696,0.6765661145511427,20348,True,False,True,8.118354415986687
baseline_dqn_statev1_sparse_seed43_20261010_112440_115825_f214191d,dqn,43,v1,sparse,809,21408,60.0,7,61,0.11754817291806301,0.6281585087541675,20409,True,False,True,8.142134749970865
baseline_dqn_statev1_sparse_seed43_20261010_112440_115825_f214191d,dqn,43,v1,sparse,810,21430,10.0,2,22,0.1172898382929845,0.6318311975760893,20431,True,False,True,8.150721290963702
baseline_dqn_statev1_sparse_seed43_20261010_112440_115825_f214191d,dqn,43,v1,sparse,811,21479,40.0,5,49,0.11671649525538218,0.6344622136378775,20480,True,False,True,8.170560333004687
baseline_dqn_statev1_sparse_seed43_20261010_112440_115825_f214191d,dqn,43,v1,sparse,812,21601,120.0,13,122,0.11530113450067855,0.5831250149573459,20602,True,False,True,8.21780087496154
baseline_dqn_statev1_sparse_seed43_20261010_112440_115825_f214191d,dqn,43,v1,sparse,813,21679,80.0,9,78,0.11440523938941585,0.5580680116246908,20680,True,False,True,8.247631083009765
baseline_dqn_statev1_sparse_seed43_20261010_112440_115825_f214191d,dqn,43,v1,sparse,814,21753,50.0,6,74,0.1135617233003904,0.5958570980945149,20754,True,False,True,8.276623207959346
baseline_dqn_statev1_sparse_seed43_20261010_112440_115825_f214191d,dqn,43,v1,sparse,815,21829,80.0,9,76,0.11270188274358117,0.6314171834995872,20830,True,False,True,8.306252249982208
baseline_dqn_statev1_sparse_seed43_20261010_112440_115825_f214191d,dqn,43,v1,sparse,816,21886,40.0,5,57,0.11206127744078141,0.6374062260514811,20887,True,False,True,8.327944665972609
baseline_dqn_statev1_sparse_seed43_20261010_112440_115825_f214191d,dqn,43,v1,sparse,817,22043,100.0,11,157,0.11031556777884653,0.6347128150949053,21044,True,False,True,8.3877178329858
baseline_dqn_statev1_sparse_seed43_20261010_112440_115825_f214191d,dqn,43,v1,sparse,818,22060,0.0,1,17,0.11012818126780637,0.6110151077018064,21061,True,False,True,8.394320040999446
baseline_dqn_statev1_sparse_seed43_20261010_112440_115825_f214191d,dqn,43,v1,sparse,819,22105,20.0,3,45,0.10963369316001645,0.5738812184996075,21106,True,False,True,8.411224582989234
baseline_dqn_statev1_sparse_seed43_20261010_112440_115825_f214191d,dqn,43,v1,sparse,820,22162,80.0,9,57,0.10901052765919142,0.620040609909777,21163,True,False,True,8.433120250003412
baseline_dqn_statev1_sparse_seed43_20261010_112440_115825_f214191d,dqn,43,v1,sparse,821,22247,70.0,8,85,0.10808781910499261,0.6856622243628783,21248,True,False,True,8.466123915975913
baseline_dqn_statev1_sparse_seed43_20261010_112440_115825_f214191d,dqn,43,v1,sparse,822,22320,80.0,9,73,0.10730161186253079,0.5910529816803867,21321,True,False,True,8.494247749971692
baseline_dqn_statev1_sparse_seed43_20261010_112440_115825_f214191d,dqn,43,v1,sparse,823,22357,40.0,5,37,0.10690530969434918,0.6296992048218444,21358,True,False,True,8.508423416002188
baseline_dqn_statev1_sparse_seed43_20261010_112440_115825_f214191d,dqn,43,v1,sparse,824,22379,10.0,2,22,0.10667036479973101,0.6449615958739411,21380,True,False,True,8.517170124978293
baseline_dqn_statev1_sparse_seed43_20261010_112440_115825_f214191d,dqn,43,v1,sparse,825,22411,20.0,3,32,0.10632954818867964,0.5456756437197328,21412,True,False,True,8.529801915981807
baseline_dqn_statev1_sparse_seed43_20261010_112440_115825_f214191d,dqn,43,v1,sparse,826,22503,110.0,12,92,0.1053557539770243,0.6280800243434699,21504,True,False,True,8.565626624971628
baseline_dqn_statev1_sparse_seed43_20261010_112440_115825_f214191d,dqn,43,v1,sparse,827,22582,100.0,11,79,0.1045266812157643,0.6896164011728915,21583,True,False,True,8.59557116596261
baseline_dqn_statev1_sparse_seed43_20261010_112440_115825_f214191d,dqn,43,v1,sparse,828,22598,0.0,1,16,0.10435956389932062,0.6389982402324677,21599,True,False,True,8.601551749976352
baseline_dqn_statev1_sparse_seed43_20261010_112440_115825_f214191d,dqn,43,v1,sparse,829,22613,0.0,1,15,0.10420313408354442,0.595397969086965,21614,True,False,True,8.607248165993951
baseline_dqn_statev1_sparse_seed43_20261010_112440_115825_f214191d,dqn,43,v1,sparse,830,22629,10.0,2,16,0.10403653405443689,0.578639168292284,21630,True,False,True,8.613202332984656
baseline_dqn_statev1_sparse_seed43_20261010_112440_115825_f214191d,dqn,43,v1,sparse,831,22695,70.0,8,66,0.10335211976011013,0.6509331058372151,21696,True,False,True,8.639076332969125
baseline_dqn_statev1_sparse_seed43_20261010_112440_115825_f214191d,dqn,43,v1,sparse,832,22844,150.0,16,149,0.10182351314516705,0.6536822854072456,21845,True,False,True,8.696154332952574
baseline_dqn_statev1_sparse_seed43_20261010_112440_115825_f214191d,dqn,43,v1,sparse,833,22862,0.0,1,18,0.10164038652842407,0.6328540212578244,21863,True,False,True,8.703316374972928
baseline_dqn_statev1_sparse_seed43_20261010_112440_115825_f214191d,dqn,43,v1,sparse,834,22891,10.0,2,29,0.1013460416963083,0.7328926581760933,21892,True,False,True,8.71483733295463
baseline_dqn_statev1_sparse_seed43_20261010_112440_115825_f214191d,dqn,43,v1,sparse,835,22970,70.0,8,79,0.10054852243931306,0.6454050082571899,21971,True,False,True,8.745154874981381
baseline_dqn_statev1_sparse_seed43_20261010_112440_115825_f214191d,dqn,43,v1,sparse,836,23030,40.0,5,60,0.09994700757765161,0.666985763112704,22031,True,False,True,8.767878707963973
baseline_dqn_statev1_sparse_seed43_20261010_112440_115825_f214191d,dqn,43,v1,sparse,837,23078,60.0,7,48,0.09946838761678403,0.6620616487537822,22079,True,False,True,8.786004207970109
baseline_dqn_statev1_sparse_seed43_20261010_112440_115825_f214191d,dqn,43,v1,sparse,838,23132,40.0,5,54,0.09893267925220892,0.6398017138794616,22133,True,False,True,8.806248665961903
baseline_dqn_statev1_sparse_seed43_20261010_112440_115825_f214191d,dqn,43,v1,sparse,839,23149,0.0,1,17,0.09876462817867326,0.5548551179030362,22150,True,False,True,8.81263812497491
baseline_dqn_statev1_sparse_seed43_20261010_112440_115825_f214191d,dqn,43,v1,sparse,840,23222,70.0,8,73,0.09804623579536774,0.6018161314399275,22223,True,False,True,8.839900624996517
baseline_dqn_statev1_sparse_seed43_20261010_112440_115825_f214191d,dqn,43,v1,sparse,841,23302,80.0,9,80,0.09726495613006055,0.6767822789028287,22303,True,False,True,8.870912832964677
baseline_dqn_statev1_sparse_seed43_20261010_112440_115825_f214191d,dqn,43,v1,sparse,842,23303,-10.0,0,1,0.09725522963444753,0.48342883586883545,22304,True,False,True,8.871326165972278
baseline_dqn_statev1_sparse_seed43_20261010_112440_115825_f214191d,dqn,43,v1,sparse,843,23350,40.0,5,47,0.09679917980893768,0.6619901181535518,22351,True,False,True,8.889063207956497
baseline_dqn_statev1_sparse_seed43_20261010_112440_115825_f214191d,dqn,43,v1,sparse,844,23406,30.0,4,56,0.09625859242965516,0.6743228116205761,22407,True,False,True,8.910402374982368
baseline_dqn_statev1_sparse_seed43_20261010_112440_115825_f214191d,dqn,43,v1,sparse,845,23460,50.0,6,54,0.09574017110643578,0.6870182233828085,22461,True,False,True,8.930825874966104
baseline_dqn_statev1_sparse_seed43_20261010_112440_115825_f214191d,dqn,43,v1,sparse,846,23574,90.0,10,114,0.09465487682192492,0.6163252829982523,22575,True,False,True,8.974251165986061
baseline_dqn_statev1_sparse_seed43_20261010_112440_115825_f214191d,dqn,43,v1,sparse,847,23642,50.0,6,68,0.09401337516160482,0.6503683188382317,22643,True,False,True,8.999938624969218
baseline_dqn_statev1_sparse_seed43_20261010_112440_115825_f214191d,dqn,43,v1,sparse,848,23683,20.0,3,41,0.09362869023188737,0.6345906104983353,22684,True,False,True,9.015178290952463
baseline_dqn_statev1_sparse_seed43_20261010_112440_115825_f214191d,dqn,43,v1,sparse,849,23771,70.0,8,88,0.09280833161146754,0.6578632073307579,22772,True,False,True,9.049298249999993
baseline_dqn_statev1_sparse_seed43_20261010_112440_115825_f214191d,dqn,43,v1,sparse,850,23919,130.0,14,148,0.09144481503916417,0.6531151471709883,22920,True,False,True,9.104908665991388
baseline_dqn_statev1_sparse_seed43_20261010_112440_115825_f214191d,dqn,43,v1,sparse,851,23944,10.0,2,25,0.09121647712580398,0.6275104331970215,22945,True,False,True,9.114854665996972
baseline_dqn_statev1_sparse_seed43_20261010_112440_115825_f214191d,dqn,43,v1,sparse,852,24075,150.0,16,131,0.09002927506663047,0.6700677089108765,23076,True,False,True,9.164825207961258
baseline_dqn_statev1_sparse_seed43_20261010_112440_115825_f214191d,dqn,43,v1,sparse,853,24109,20.0,3,34,0.08972368005731918,0.7393222100594464,23110,True,False,True,9.177848082967103
baseline_dqn_statev1_sparse_seed43_20261010_112440_115825_f214191d,dqn,43,v1,sparse,854,24218,100.0,11,109,0.08875095429426255,0.7293666144576642,23219,True,False,True,9.218937499972526
baseline_dqn_statev1_sparse_seed43_20261010_112440_115825_f214191d,dqn,43,v1,sparse,855,24253,10.0,2,35,0.08844085344200014,0.7030615525586265,23254,True,False,True,9.231919082987588
baseline_dqn_statev1_sparse_seed43_20261010_112440_115825_f214191d,dqn,43,v1,sparse,856,24296,30.0,4,43,0.08806135530274822,0.7100206946217736,23297,True,False,True,9.247884915967006
baseline_dqn_statev1_sparse_seed43_20261010_112440_115825_f214191d,dqn,43,v1,sparse,857,24445,130.0,14,149,0.08675890334966702,0.6601216999076357,23446,True,False,True,9.303644041006919
baseline_dqn_statev1_sparse_seed43_20261010_112440_115825_f214191d,dqn,43,v1,sparse,858,24573,110.0,12,128,0.08565541162537349,0.675056671956554,23574,True,False,True,9.35118075000355
baseline_dqn_statev1_sparse_seed43_20261010_112440_115825_f214191d,dqn,43,v1,sparse,859,24589,10.0,2,16,0.0855184657053154,0.6448678225278854,23590,True,False,True,9.35724395798752
baseline_dqn_statev1_sparse_seed43_20261010_112440_115825_f214191d,dqn,43,v1,sparse,860,24726,150.0,16,137,0.08435479389414878,0.705686988512965,23727,True,False,True,9.408007790974807
baseline_dqn_statev1_sparse_seed43_20261010_112440_115825_f214191d,dqn,43,v1,sparse,861,24751,10.0,2,25,0.08414415977988576,0.645374413728714,23752,True,False,True,9.41767383296974
baseline_dqn_statev1_sparse_seed43_20261010_112440_115825_f214191d,dqn,43,v1,sparse,862,24806,60.0,7,55,0.08368261423721395,0.6635453202507713,23807,True,False,True,9.43867591599701
baseline_dqn_statev1_sparse_seed43_20261010_112440_115825_f214191d,dqn,43,v1,sparse,863,24859,50.0,6,53,0.08324024757028005,0.670447550292285,23860,True,False,True,9.458899457997177
baseline_dqn_statev1_sparse_seed43_20261010_112440_115825_f214191d,dqn,43,v1,sparse,864,24891,20.0,3,32,0.08297429123711068,0.6209456846117973,23892,True,False,True,9.470953249954619
baseline_dqn_statev1_sparse_seed43_20261010_112440_115825_f214191d,dqn,43,v1,sparse,865,25044,110.0,12,153,0.0817143844504762,0.6613296165185816,24045,True,False,True,9.528163915965706
baseline_dqn_statev1_sparse_seed43_20261010_112440_115825_f214191d,dqn,43,v1,sparse,866,25049,0.0,1,5,0.0816735354288723,0.5260850489139557,24050,True,False,True,9.530058207979891
baseline_dqn_statev1_sparse_seed43_20261010_112440_115825_f214191d,dqn,43,v1,sparse,867,25079,10.0,2,30,0.081428869771094,0.6851394563913346,24080,True,False,True,9.541341374977492
baseline_dqn_statev1_sparse_seed43_20261010_112440_115825_f214191d,dqn,43,v1,sparse,868,25148,60.0,7,69,0.08086891663160449,0.6576100976570792,24149,True,False,True,9.567345916002523
baseline_dqn_statev1_sparse_seed43_20261010_112440_115825_f214191d,dqn,43,v1,sparse,869,25195,40.0,5,47,0.0804897056065765,0.5724900475841888,24196,True,False,True,9.584720999991987
baseline_dqn_statev1_sparse_seed43_20261010_112440_115825_f214191d,dqn,43,v1,sparse,870,25240,30.0,4,45,0.08012829763848184,0.6733085069391462,24241,True,False,True,9.601505291007925
baseline_dqn_statev1_sparse_seed43_20261010_112440_115825_f214191d,dqn,43,v1,sparse,871,25309,90.0,10,69,0.07957728800331508,0.7227326476055643,24310,True,False,True,9.628327665966935
baseline_dqn_statev1_sparse_seed43_20261010_112440_115825_f214191d,dqn,43,v1,sparse,872,25394,100.0,11,85,0.07890371412070658,0.6988100228940739,24395,True,False,True,9.660559290961828
baseline_dqn_statev1_sparse_seed43_20261010_112440_115825_f214191d,dqn,43,v1,sparse,873,25434,30.0,4,40,0.07858871393434579,0.7339405238628387,24435,True,False,True,9.675807124993298
baseline_dqn_statev1_sparse_seed43_20261010_112440_115825_f214191d,dqn,43,v1,sparse,874,25540,80.0,9,106,0.0777600319061984,0.6465046200549828,24541,True,False,True,9.717641290975735
baseline_dqn_statev1_sparse_seed43_20261010_112440_115825_f214191d,dqn,43,v1,sparse,875,25702,130.0,14,162,0.07651040620572662,0.6948869521787138,24703,True,False,True,9.778757374966517
baseline_dqn_statev1_sparse_seed43_20261010_112440_115825_f214191d,dqn,43,v1,sparse,876,25817,90.0,10,115,0.07563553295346284,0.6505276523206545,24818,True,False,True,9.822197957953904
baseline_dqn_statev1_sparse_seed43_20261010_112440_115825_f214191d,dqn,43,v1,sparse,877,25846,20.0,3,29,0.07541649671196887,0.7540377399017071,24847,True,False,True,9.833029041008558
baseline_dqn_statev1_sparse_seed43_20261010_112440_115825_f214191d,dqn,43,v1,sparse,878,25861,10.0,2,15,0.07530345111991828,0.6730179687341055,24862,True,False,True,9.838632458006032
baseline_dqn_statev1_sparse_seed43_20261010_112440_115825_f214191d,dqn,43,v1,sparse,879,25972,110.0,12,111,0.07447216342974611,0.6815778156658551,24973,True,False,True,9.88030516600702
baseline_dqn_statev1_sparse_seed43_20261010_112440_115825_f214191d,dqn,43,v1,sparse,880,26028,60.0,7,56,0.07405626412422046,0.6850657734487738,25029,True,False,True,9.901178165979218
baseline_dqn_statev1_sparse_seed43_20261010_112440_115825_f214191d,dqn,43,v1,sparse,881,26111,70.0,8,83,0.07344411047588134,0.7477906572531505,25112,True,False,True,9.933145332965069
baseline_dqn_statev1_sparse_seed43_20261010_112440_115825_f214191d,dqn,43,v1,sparse,882,26287,190.0,20,176,0.07216273920698765,0.6862471375445073,25288,True,False,True,10.000464624958113
baseline_dqn_statev1_sparse_seed43_20261010_112440_115825_f214191d,dqn,43,v1,sparse,883,26302,0.0,1,15,0.07205457083622917,0.641935932636261,25303,True,False,True,10.006641082989518
baseline_dqn_statev1_sparse_seed43_20261010_112440_115825_f214191d,dqn,43,v1,sparse,884,26365,60.0,7,63,0.07160203140865734,0.7434425089094374,25366,True,False,True,10.031163207953796
baseline_dqn_statev1_sparse_seed43_20261010_112440_115825_f214191d,dqn,43,v1,sparse,885,26454,110.0,12,89,0.07096756915071005,0.7090703501795115,25455,True,False,True,10.06488649995299
baseline_dqn_statev1_sparse_seed43_20261010_112440_115825_f214191d,dqn,43,v1,sparse,886,26564,90.0,10,110,0.07019116512048641,0.7375361372124065,25565,True,False,True,10.105969499971252
baseline_dqn_statev1_sparse_seed43_20261010_112440_115825_f214191d,dqn,43,v1,sparse,887,26598,30.0,4,34,0.06995290851181449,0.6736195407369557,25599,True,False,True,10.118900374975055
baseline_dqn_statev1_sparse_seed43_20261010_112440_115825_f214191d,dqn,43,v1,sparse,888,26617,20.0,3,19,0.0698201175373583,0.6957464327937678,25618,True,False,True,10.126064832962584
baseline_dqn_statev1_sparse_seed43_20261010_112440_115825_f214191d,dqn,43,v1,sparse,889,26665,50.0,6,48,0.0694857673378534,0.6323030063261589,25666,True,False,True,10.143918540969025
baseline_dqn_statev1_sparse_seed43_20261010_112440_115825_f214191d,dqn,43,v1,sparse,890,26738,60.0,7,73,0.0689803430080686,0.6731070004505654,25739,True,False,True,10.171262415999081
baseline_dqn_statev1_sparse_seed43_20261010_112440_115825_f214191d,dqn,43,v1,sparse,891,26815,60.0,7,77,0.06845120769515217,0.7194982662603453,25816,True,False,True,10.201316665974446
baseline_dqn_statev1_sparse_seed43_20261010_112440_115825_f214191d,dqn,43,v1,sparse,892,26836,10.0,2,21,0.06830760381552936,0.8234380455244155,25837,True,False,True,10.209548332961276
baseline_dqn_statev1_sparse_seed43_20261010_112440_115825_f214191d,dqn,43,v1,sparse,893,27016,180.0,19,180,0.06708900629722364,0.711853279504511,26017,True,False,True,10.277930999989621
baseline_dqn_statev1_sparse_seed43_20261010_112440_115825_f214191d,dqn,43,v1,sparse,894,27203,170.0,18,187,0.06584603770904052,0.7090276674153333,26204,True,False,True,10.349504415993579
baseline_dqn_statev1_sparse_seed43_20261010_112440_115825_f214191d,dqn,43,v1,sparse,895,27255,40.0,5,52,0.06550450997799702,0.6874976221185464,26256,True,False,True,10.369444749958348
baseline_dqn_statev1_sparse_seed43_20261010_112440_115825_f214191d,dqn,43,v1,sparse,896,27263,-10.0,0,8,0.06545212470760961,0.6981470137834549,26264,True,False,True,10.372588415979408
baseline_dqn_statev1_sparse_seed43_20261010_112440_115825_f214191d,dqn,43,v1,sparse,897,27322,50.0,6,59,0.06506707493288096,0.6779840651710155,26323,True,False,True,10.394871082971804
baseline_dqn_statev1_sparse_seed43_20261010_112440_115825_f214191d,dqn,43,v1,sparse,898,27448,100.0,11,126,0.0642523327065126,0.7351039724335784,26449,True,False,True,10.442998665967025
baseline_dqn_statev1_sparse_seed43_20261010_112440_115825_f214191d,dqn,43,v1,sparse,899,27471,30.0,4,23,0.0641047147859554,0.7325193350729735,26472,True,False,True,10.45165670796996
baseline_dqn_statev1_sparse_seed43_20261010_112440_115825_f214191d,dqn,43,v1,sparse,900,27562,80.0,9,91,0.0635239791988159,0.6861625543007484,26563,True,False,True,10.485737665963825
baseline_dqn_statev1_sparse_seed43_20261010_112440_115825_f214191d,dqn,43,v1,sparse,901,27579,10.0,2,17,0.06341607478360847,0.6753266769296983,26580,True,False,True,10.494296499993652
baseline_dqn_statev1_sparse_seed43_20261010_112440_115825_f214191d,dqn,43,v1,sparse,902,27590,0.0,1,11,0.06334635196972607,0.6990048099647869,26591,True,False,True,10.498931957990862
baseline_dqn_statev1_sparse_seed43_20261010_112440_115825_f214191d,dqn,43,v1,sparse,903,27635,30.0,4,45,0.06306191961680518,0.7003707044654423,26636,True,False,True,10.516704290988855
baseline_dqn_statev1_sparse_seed43_20261010_112440_115825_f214191d,dqn,43,v1,sparse,904,27743,70.0,8,108,0.062384481761915224,0.7025123132323777,26744,True,False,True,10.558577707968652
baseline_dqn_statev1_sparse_seed43_20261010_112440_115825_f214191d,dqn,43,v1,sparse,905,27836,120.0,13,93,0.06180696681245682,0.6908233463764191,26837,True,False,True,10.594496665988117
baseline_dqn_statev1_sparse_seed43_20261010_112440_115825_f214191d,dqn,43,v1,sparse,906,27872,20.0,3,36,0.061584850674885026,0.7405255519681506,26873,True,False,True,10.608654499985278
baseline_dqn_statev1_sparse_seed43_20261010_112440_115825_f214191d,dqn,43,v1,sparse,907,27989,100.0,11,117,0.06086847109544277,0.6909499298303555,26990,True,False,True,10.653109915961977
baseline_dqn_statev1_sparse_seed43_20261010_112440_115825_f214191d,dqn,43,v1,sparse,908,28079,100.0,11,90,0.060323085502549556,0.712465062406328,27080,True,False,True,10.687234415963758
baseline_dqn_statev1_sparse_seed43_20261010_112440_115825_f214191d,dqn,43,v1,sparse,909,28108,10.0,2,29,0.06014839324604198,0.7012001029376326,27109,True,False,True,10.6982758329832
baseline_dqn_statev1_sparse_seed43_20261010_112440_115825_f214191d,dqn,43,v1,sparse,910,28200,90.0,10,92,0.05959753830326138,0.7388391219403433,27201,True,False,True,10.733357874967624
baseline_dqn_statev1_sparse_seed43_20261010_112440_115825_f214191d,dqn,43,v1,sparse,911,28258,50.0,6,58,0.05925285589199483,0.6868781000375748,27259,True,False,True,10.756634833000135
baseline_dqn_statev1_sparse_seed43_20261010_112440_115825_f214191d,dqn,43,v1,sparse,912,28310,50.0,6,52,0.058945525426340094,0.7378756111631026,27311,True,False,True,10.776438208005857
baseline_dqn_statev1_sparse_seed43_20261010_112440_115825_f214191d,dqn,43,v1,sparse,913,28358,50.0,6,48,0.058663250791444625,0.7022863272577524,27359,True,False,True,10.79492533300072
baseline_dqn_statev1_sparse_seed43_20261010_112440_115825_f214191d,dqn,43,v1,sparse,914,28447,100.0,11,89,0.05814343846456746,0.6436825235573094,27448,True,False,True,10.829061415977776
baseline_dqn_statev1_sparse_seed43_20261010_112440_115825_f214191d,dqn,43,v1,sparse,915,28466,10.0,2,19,0.0580330653004461,0.7531500772426003,27467,True,False,True,10.836307707999367
baseline_dqn_statev1_sparse_seed43_20261010_112440_115825_f214191d,dqn,43,v1,sparse,916,28508,30.0,4,42,0.05778982542530597,0.6976044277350107,27509,True,False,True,10.852381790988147
baseline_dqn_statev1_sparse_seed43_20261010_112440_115825_f214191d,dqn,43,v1,sparse,917,28617,120.0,13,109,0.0571633057373281,0.7450012895492238,27618,True,False,True,10.894050832954235
baseline_dqn_statev1_sparse_seed43_20261010_112440_115825_f214191d,dqn,43,v1,sparse,918,28760,150.0,16,143,0.05635164707310841,0.7044693133630953,27761,True,False,True,10.948059374990407
baseline_dqn_statev1_sparse_seed43_20261010_112440_115825_f214191d,dqn,43,v1,sparse,919,28915,180.0,19,155,0.05548488794210005,0.6999309235042142,27916,True,False,True,11.006827582954429
baseline_dqn_statev1_sparse_seed43_20261010_112440_115825_f214191d,dqn,43,v1,sparse,920,28951,20.0,3,36,0.05528549150446707,0.7297805713282691,27952,True,False,True,11.020201832987368
baseline_dqn_statev1_sparse_seed43_20261010_112440_115825_f214191d,dqn,43,v1,sparse,921,28969,0.0,1,18,0.05518606216146498,0.7076757765478559,27970,True,False,True,11.027200249955058
baseline_dqn_statev1_sparse_seed43_20261010_112440_115825_f214191d,dqn,43,v1,sparse,922,29046,50.0,6,77,0.05476274019759744,0.6395808676040018,28047,True,False,True,11.057284915994387
baseline_dqn_statev1_sparse_seed43_20261010_112440_115825_f214191d,dqn,43,v1,sparse,923,29063,10.0,2,17,0.05466971797936256,0.6695886675049277,28064,True,False,True,11.063819915987551
baseline_dqn_statev1_sparse_seed43_20261010_112440_115825_f214191d,dqn,43,v1,sparse,924,29265,190.0,20,202,0.05357641455227754,0.6517422588744967,28266,True,False,True,11.16055987495929
baseline_dqn_statev1_sparse_seed43_20261010_112440_115825_f214191d,dqn,43,v1,sparse,925,29289,30.0,4,24,0.05344797891987449,0.5905403134723505,28290,True,False,True,11.169711207970977
baseline_dqn_statev1_sparse_seed43_20261010_112440_115825_f214191d,dqn,43,v1,sparse,926,29405,140.0,15,116,0.05283153383585772,0.6567942608019401,28406,True,False,True,11.21406308299629
baseline_dqn_statev1_sparse_seed43_20261010_112440_115825_f214191d,dqn,43,v1,sparse,927,29514,130.0,14,109,0.0522587687193232,0.6838819537687739,28515,True,False,True,11.255914499983191
baseline_dqn_statev1_sparse_seed43_20261010_112440_115825_f214191d,dqn,43,v1,sparse,928,29573,60.0,7,59,0.05195133443490753,0.6851940109568128,28574,True,False,True,11.278213415993378
baseline_dqn_statev1_sparse_seed43_20261010_112440_115825_f214191d,dqn,43,v1,sparse,929,29669,90.0,10,96,0.051454963199602334,0.6242636916382859,28670,True,False,True,11.31423412496224
baseline_dqn_statev1_sparse_seed43_20261010_112440_115825_f214191d,dqn,43,v1,sparse,930,29718,50.0,6,49,0.05120343804337451,0.6741897229637418,28719,True,False,True,11.333147707977332
baseline_dqn_statev1_sparse_seed43_20261010_112440_115825_f214191d,dqn,43,v1,sparse,931,29725,0.0,1,7,0.0511676063876742,0.645004859992436,28726,True,False,True,11.335812582983635
baseline_dqn_statev1_sparse_seed43_20261010_112440_115825_f214191d,dqn,43,v1,sparse,932,29823,110.0,12,98,0.050668588077466846,0.6507448599654801,28824,True,False,True,11.37381291599013
baseline_dqn_statev1_sparse_seed43_20261010_112440_115825_f214191d,dqn,43,v1,sparse,933,29825,0.0,1,2,0.050658454866537236,0.852027177810669,28826,True,False,True,11.37469049997162
baseline_dqn_statev1_sparse_seed43_20261010_112440_115825_f214191d,dqn,43,v1,sparse,934,29945,120.0,13,120,0.050054156236413246,0.6787227860341469,28946,True,False,True,11.421363166009542
baseline_dqn_statev1_sparse_seed43_20261010_112440_115825_f214191d,dqn,43,v1,sparse,935,30067,130.0,14,122,0.05,0.7060050111813624,29068,True,False,True,11.46784687496256
baseline_dqn_statev1_sparse_seed43_20261010_112440_115825_f214191d,dqn,43,v1,sparse,936,30268,180.0,19,201,0.05,0.7129420804147103,29269,True,False,True,11.54468662495492
baseline_dqn_statev1_sparse_seed43_20261010_112440_115825_f214191d,dqn,43,v1,sparse,937,30437,180.0,19,169,0.05,0.6731471151289855,29438,True,False,True,11.610538165958133
baseline_dqn_statev1_sparse_seed43_20261010_112440_115825_f214191d,dqn,43,v1,sparse,938,30461,10.0,2,24,0.05,0.639013102898995,29462,True,False,True,11.619836375000887
baseline_dqn_statev1_sparse_seed43_20261010_112440_115825_f214191d,dqn,43,v1,sparse,939,30509,40.0,5,48,0.05,0.7241542637348175,29510,True,False,True,11.638057832955383
baseline_dqn_statev1_sparse_seed43_20261010_112440_115825_f214191d,dqn,43,v1,sparse,940,30625,130.0,14,116,0.05,0.7385732137180608,29626,True,False,True,11.682746749953367
baseline_dqn_statev1_sparse_seed43_20261010_112440_115825_f214191d,dqn,43,v1,sparse,941,30703,70.0,8,78,0.05,0.7018971981910559,29704,True,False,True,11.713153249991592
baseline_dqn_statev1_sparse_seed43_20261010_112440_115825_f214191d,dqn,43,v1,sparse,942,30920,280.0,29,217,0.05,0.7199466542302189,29921,True,False,True,11.79628008295549
baseline_dqn_statev1_sparse_seed43_20261010_112440_115825_f214191d,dqn,43,v1,sparse,943,31008,110.0,12,88,0.05,0.7289438671009107,30009,True,False,True,11.829809582966845
baseline_dqn_statev1_sparse_seed43_20261010_112440_115825_f214191d,dqn,43,v1,sparse,944,31034,40.0,5,26,0.05,0.9945961053554828,30035,True,False,True,11.839576500002295
baseline_dqn_statev1_sparse_seed43_20261010_112440_115825_f214191d,dqn,43,v1,sparse,945,31214,200.0,21,180,0.05,0.7456768266028828,30215,True,False,True,11.907461999973748
baseline_dqn_statev1_sparse_seed43_20261010_112440_115825_f214191d,dqn,43,v1,sparse,946,31422,180.0,19,208,0.05,0.7471419071348814,30423,True,False,True,11.98584545799531
baseline_dqn_statev1_sparse_seed43_20261010_112440_115825_f214191d,dqn,43,v1,sparse,947,31430,0.0,1,8,0.05,0.7891679406166077,30431,True,False,True,11.988955290988088
baseline_dqn_statev1_sparse_seed43_20261010_112440_115825_f214191d,dqn,43,v1,sparse,948,31576,150.0,16,146,0.05,0.7492870941554031,30577,True,False,True,12.044120499980636
baseline_dqn_statev1_sparse_seed43_20261010_112440_115825_f214191d,dqn,43,v1,sparse,949,31700,110.0,12,124,0.05,0.7450721117277299,30701,True,False,True,12.09094170795288
baseline_dqn_statev1_sparse_seed43_20261010_112440_115825_f214191d,dqn,43,v1,sparse,950,31884,150.0,16,184,0.05,0.7644114986709927,30885,True,False,True,12.160519458004273
baseline_dqn_statev1_sparse_seed43_20261010_112440_115825_f214191d,dqn,43,v1,sparse,951,31906,20.0,3,22,0.05,0.692925407805226,30907,True,False,True,12.169540332979523
baseline_dqn_statev1_sparse_seed43_20261010_112440_115825_f214191d,dqn,43,v1,sparse,952,31951,30.0,4,45,0.05,0.7352110193835364,30952,True,False,True,12.186980040976778
baseline_dqn_statev1_sparse_seed43_20261010_112440_115825_f214191d,dqn,43,v1,sparse,953,32151,180.0,19,200,0.05,0.7570006347447634,31152,True,False,True,12.26425929099787
baseline_dqn_statev1_sparse_seed43_20261010_112440_115825_f214191d,dqn,43,v1,sparse,954,32165,0.0,1,14,0.05,0.6927538514137268,31166,True,False,True,12.269628082984127
baseline_dqn_statev1_sparse_seed43_20261010_112440_115825_f214191d,dqn,43,v1,sparse,955,32260,90.0,10,95,0.05,0.7304518793758593,31261,True,False,True,12.305977082985919
baseline_dqn_statev1_sparse_seed43_20261010_112440_115825_f214191d,dqn,43,v1,sparse,956,32408,130.0,14,148,0.05,0.7142193160347037,31409,True,False,True,12.361773415992502
baseline_dqn_statev1_sparse_seed43_20261010_112440_115825_f214191d,dqn,43,v1,sparse,957,32439,40.0,5,31,0.05,0.6724595533263299,31440,True,False,True,12.373679832962807
baseline_dqn_statev1_sparse_seed43_20261010_112440_115825_f214191d,dqn,43,v1,sparse,958,32492,70.0,8,53,0.05,0.7200228029264594,31493,True,False,True,12.393690874974709
baseline_dqn_statev1_sparse_seed43_20261010_112440_115825_f214191d,dqn,43,v1,sparse,959,32626,160.0,17,134,0.05,0.7659847693545605,31627,True,False,True,12.444155540957581
baseline_dqn_statev1_sparse_seed43_20261010_112440_115825_f214191d,dqn,43,v1,sparse,960,32651,30.0,4,25,0.05,0.7430783236026763,31652,True,False,True,12.453660083003342
baseline_dqn_statev1_sparse_seed43_20261010_112440_115825_f214191d,dqn,43,v1,sparse,961,32725,90.0,10,74,0.05,0.7570722356841371,31726,True,False,True,12.482381915964652
baseline_dqn_statev1_sparse_seed43_20261010_112440_115825_f214191d,dqn,43,v1,sparse,962,32821,130.0,14,96,0.05,0.7626842269673944,31822,True,False,True,12.519103915954474
baseline_dqn_statev1_sparse_seed43_20261010_112440_115825_f214191d,dqn,43,v1,sparse,963,32991,210.0,22,170,0.05,0.7697373207439394,31992,True,False,True,12.583712874969933
baseline_dqn_statev1_sparse_seed43_20261010_112440_115825_f214191d,dqn,43,v1,sparse,964,33110,120.0,13,119,0.05,0.7420478723630184,32111,True,False,True,12.628229624999221
baseline_dqn_statev1_sparse_seed43_20261010_112440_115825_f214191d,dqn,43,v1,sparse,965,33163,50.0,6,53,0.05,0.7235575936875254,32164,True,False,True,12.648453790985513
baseline_dqn_statev1_sparse_seed43_20261010_112440_115825_f214191d,dqn,43,v1,sparse,966,33253,130.0,14,90,0.05,0.681082777844535,32254,True,False,True,12.681877625000197
baseline_dqn_statev1_sparse_seed43_20261010_112440_115825_f214191d,dqn,43,v1,sparse,967,33336,120.0,13,83,0.05,0.7031803138284798,32337,True,False,True,12.71334224997554
baseline_dqn_statev1_sparse_seed43_20261010_112440_115825_f214191d,dqn,43,v1,sparse,968,33367,20.0,3,31,0.05,0.7460964697022592,32368,True,False,True,12.725073249952402
baseline_dqn_statev1_sparse_seed43_20261010_112440_115825_f214191d,dqn,43,v1,sparse,969,33435,80.0,9,68,0.05,0.6946705408832606,32436,True,False,True,12.750197707966436
baseline_dqn_statev1_sparse_seed43_20261010_112440_115825_f214191d,dqn,43,v1,sparse,970,33518,90.0,10,83,0.05,0.6705017098820353,32519,True,False,True,12.781111207965296
baseline_dqn_statev1_sparse_seed43_20261010_112440_115825_f214191d,dqn,43,v1,sparse,971,33574,80.0,9,56,0.05,0.6772406811692885,32575,True,False,True,12.803429665975273
baseline_dqn_statev1_sparse_seed43_20261010_112440_115825_f214191d,dqn,43,v1,sparse,972,33586,10.0,2,12,0.05,0.8177880818645159,32587,True,False,True,12.808025415986776
baseline_dqn_statev1_sparse_seed43_20261010_112440_115825_f214191d,dqn,43,v1,sparse,973,33620,30.0,4,34,0.05,0.7077822939437979,32621,True,False,True,12.821067749988288
baseline_dqn_statev1_sparse_seed43_20261010_112440_115825_f214191d,dqn,43,v1,sparse,974,33750,130.0,14,130,0.05,0.6511512022752028,32751,True,False,True,12.870198040967807
baseline_dqn_statev1_sparse_seed43_20261010_112440_115825_f214191d,dqn,43,v1,sparse,975,33967,190.0,20,217,0.05,0.6933284473309319,32968,True,False,True,12.951972124981694
baseline_dqn_statev1_sparse_seed43_20261010_112440_115825_f214191d,dqn,43,v1,sparse,976,34006,50.0,6,39,0.05,0.6237222873247587,33007,True,False,True,12.96704008296365
baseline_dqn_statev1_sparse_seed43_20261010_112440_115825_f214191d,dqn,43,v1,sparse,977,34062,70.0,8,56,0.05,0.7355178488152367,33063,True,False,True,12.9886653329595
baseline_dqn_statev1_sparse_seed43_20261010_112440_115825_f214191d,dqn,43,v1,sparse,978,34100,30.0,4,38,0.05,0.7207687740263186,33101,True,False,True,13.002944082953036
baseline_dqn_statev1_sparse_seed43_20261010_112440_115825_f214191d,dqn,43,v1,sparse,979,34215,120.0,13,115,0.05,0.7596100882343624,33216,True,False,True,13.045851250004489
baseline_dqn_statev1_sparse_seed43_20261010_112440_115825_f214191d,dqn,43,v1,sparse,980,34303,100.0,11,88,0.05,0.8132359671660445,33304,True,False,True,13.079002790967934
baseline_dqn_statev1_sparse_seed43_20261010_112440_115825_f214191d,dqn,43,v1,sparse,981,34358,50.0,6,55,0.05,0.7271925823255019,33359,True,False,True,13.100268332986161
baseline_dqn_statev1_sparse_seed43_20261010_112440_115825_f214191d,dqn,43,v1,sparse,982,34520,160.0,17,162,0.05,0.735540665778113,33521,True,False,True,13.161999582953285
baseline_dqn_statev1_sparse_seed43_20261010_112440_115825_f214191d,dqn,43,v1,sparse,983,34592,80.0,9,72,0.05,0.8107856834928194,33593,True,False,True,13.189152707986068
baseline_dqn_statev1_sparse_seed43_20261010_112440_115825_f214191d,dqn,43,v1,sparse,984,34711,130.0,14,119,0.05,0.7869079961997121,33712,True,False,True,13.234322290983982
baseline_dqn_statev1_sparse_seed43_20261010_112440_115825_f214191d,dqn,43,v1,sparse,985,34957,260.0,27,246,0.05,0.7187604242708625,33958,True,False,True,13.326549916004296
baseline_dqn_statev1_sparse_seed43_20261010_112440_115825_f214191d,dqn,43,v1,sparse,986,34994,20.0,3,37,0.05,0.7118691451646186,33995,True,False,True,13.340437499980908
baseline_dqn_statev1_sparse_seed43_20261010_112440_115825_f214191d,dqn,43,v1,sparse,987,35107,120.0,13,113,0.05,0.7401305988299108,34108,True,False,True,13.382774207973853
baseline_dqn_statev1_sparse_seed43_20261010_112440_115825_f214191d,dqn,43,v1,sparse,988,35209,140.0,15,102,0.05,0.7515502382142871,34210,True,False,True,13.421213499968871
baseline_dqn_statev1_sparse_seed43_20261010_112440_115825_f214191d,dqn,43,v1,sparse,989,35242,50.0,6,33,0.05,0.7402708295619849,34243,True,False,True,13.433514125004876
baseline_dqn_statev1_sparse_seed43_20261010_112440_115825_f214191d,dqn,43,v1,sparse,990,35388,130.0,14,146,0.05,0.819482315688917,34389,True,False,True,13.488253582967445
baseline_dqn_statev1_sparse_seed43_20261010_112440_115825_f214191d,dqn,43,v1,sparse,991,35460,80.0,9,72,0.05,0.7291400246322155,34461,True,False,True,13.516592915984802
baseline_dqn_statev1_sparse_seed43_20261010_112440_115825_f214191d,dqn,43,v1,sparse,992,35532,120.0,13,72,0.05,0.7469288208004501,34533,True,False,True,13.544145833002403
baseline_dqn_statev1_sparse_seed43_20261010_112440_115825_f214191d,dqn,43,v1,sparse,993,35696,210.0,22,164,0.05,0.7731092386856312,34697,True,False,True,13.606595665973146
baseline_dqn_statev1_sparse_seed43_20261010_112440_115825_f214191d,dqn,43,v1,sparse,994,35748,60.0,7,52,0.05,0.7969857563193028,34749,True,False,True,13.626159125007689
baseline_dqn_statev1_sparse_seed43_20261010_112440_115825_f214191d,dqn,43,v1,sparse,995,35858,140.0,15,110,0.05,0.7762498304247856,34859,True,False,True,13.667454540962353
baseline_dqn_statev1_sparse_seed43_20261010_112440_115825_f214191d,dqn,43,v1,sparse,996,35865,-10.0,0,7,0.05,0.6722059845924377,34866,True,False,True,13.670017124968581
baseline_dqn_statev1_sparse_seed43_20261010_112440_115825_f214191d,dqn,43,v1,sparse,997,35936,80.0,9,71,0.05,0.7517081870579384,34937,True,False,True,13.697072999959346
baseline_dqn_statev1_sparse_seed43_20261010_112440_115825_f214191d,dqn,43,v1,sparse,998,36060,170.0,18,124,0.05,0.7501223221901925,35061,True,False,True,13.745886415999848
baseline_dqn_statev1_sparse_seed43_20261010_112440_115825_f214191d,dqn,43,v1,sparse,999,36125,70.0,8,65,0.05,0.7933953702449799,35126,True,False,True,13.771070957998745
baseline_dqn_statev1_sparse_seed43_20261010_112440_115825_f214191d,dqn,43,v1,sparse,1000,36337,230.0,24,212,0.05,0.752836110105492,35338,True,False,True,13.851541457988787
baseline_dqn_statev1_sparse_seed43_20261010_112440_115825_f214191d,dqn,43,v1,sparse,1001,36543,210.0,22,206,0.05,0.7827740812185898,35544,True,False,True,13.933319624979049
baseline_dqn_statev1_sparse_seed43_20261010_112440_115825_f214191d,dqn,43,v1,sparse,1002,36661,100.0,11,118,0.05,0.7900284703000117,35662,True,False,True,13.979667082952801
baseline_dqn_statev1_sparse_seed43_20261010_112440_115825_f214191d,dqn,43,v1,sparse,1003,36704,50.0,6,43,0.05,0.7538845358892928,35705,True,False,True,13.996145832992624
baseline_dqn_statev1_sparse_seed43_20261010_112440_115825_f214191d,dqn,43,v1,sparse,1004,36864,180.0,19,160,0.05,0.7669883741065859,35865,True,False,True,14.05693441600306
baseline_dqn_statev1_sparse_seed43_20261010_112440_115825_f214191d,dqn,43,v1,sparse,1005,37012,190.0,20,148,0.05,0.7299109113377493,36013,True,False,True,14.1132409159909
baseline_dqn_statev1_sparse_seed43_20261010_112440_115825_f214191d,dqn,43,v1,sparse,1006,37258,290.0,30,246,0.05,0.7941729593567732,36259,True,False,True,14.205882749985904
baseline_dqn_statev1_sparse_seed43_20261010_112440_115825_f214191d,dqn,43,v1,sparse,1007,37457,250.0,26,199,0.05,0.7594743125402748,36458,True,False,True,14.280730290978681
baseline_dqn_statev1_sparse_seed43_20261010_112440_115825_f214191d,dqn,43,v1,sparse,1008,37477,20.0,3,20,0.05,0.800933264195919,36478,True,False,True,14.288310625008307
baseline_dqn_statev1_sparse_seed43_20261010_112440_115825_f214191d,dqn,43,v1,sparse,1009,37635,170.0,18,158,0.05,0.7756151504154447,36636,True,False,True,14.347718749952037
baseline_dqn_statev1_sparse_seed43_20261010_112440_115825_f214191d,dqn,43,v1,sparse,1010,37672,20.0,3,37,0.05,0.7729424632884361,36673,True,False,True,14.361618374998216
baseline_dqn_statev1_sparse_seed43_20261010_112440_115825_f214191d,dqn,43,v1,sparse,1011,37771,100.0,11,99,0.05,0.7786083383993669,36772,True,False,True,14.400379207974765
baseline_dqn_statev1_sparse_seed43_20261010_112440_115825_f214191d,dqn,43,v1,sparse,1012,37836,60.0,7,65,0.05,0.773063966861138,36837,True,False,True,14.425163582956884
baseline_dqn_statev1_sparse_seed43_20261010_112440_115825_f214191d,dqn,43,v1,sparse,1013,38039,170.0,18,203,0.05,0.7488471745270227,37040,True,False,True,14.50436608295422
baseline_dqn_statev1_sparse_seed43_20261010_112440_115825_f214191d,dqn,43,v1,sparse,1014,38243,250.0,26,204,0.05,0.8001437090045097,37244,True,False,True,14.582217791001312
baseline_dqn_statev1_sparse_seed43_20261010_112440_115825_f214191d,dqn,43,v1,sparse,1015,38309,90.0,10,66,0.05,0.8316857232288881,37310,True,False,True,14.607480707985815
baseline_dqn_statev1_sparse_seed43_20261010_112440_115825_f214191d,dqn,43,v1,sparse,1016,38350,50.0,6,41,0.05,0.785037735613381,37351,True,False,True,14.623011874966323
baseline_dqn_statev1_sparse_seed43_20261010_112440_115825_f214191d,dqn,43,v1,sparse,1017,38491,160.0,17,141,0.05,0.7950058809831633,37492,True,False,True,14.676610291004181
baseline_dqn_statev1_sparse_seed43_20261010_112440_115825_f214191d,dqn,43,v1,sparse,1018,38776,340.0,35,285,0.05,0.8069537502108959,37777,True,False,True,14.787813832983375
baseline_dqn_statev1_sparse_seed43_20261010_112440_115825_f214191d,dqn,43,v1,sparse,1019,38975,220.0,23,199,0.05,0.7991931955868276,37976,True,False,True,14.86440187500557
baseline_dqn_statev1_sparse_seed43_20261010_112440_115825_f214191d,dqn,43,v1,sparse,1020,39078,90.0,10,103,0.05,0.8059611796464735,38079,True,False,True,14.904254749999382
baseline_dqn_statev1_sparse_seed43_20261010_112440_115825_f214191d,dqn,43,v1,sparse,1021,39212,170.0,18,134,0.05,0.7990101662589543,38213,True,False,True,14.958456708001904
baseline_dqn_statev1_sparse_seed43_20261010_112440_115825_f214191d,dqn,43,v1,sparse,1022,39254,50.0,6,42,0.05,0.8105812541076115,38255,True,False,True,14.974948790972121
baseline_dqn_statev1_sparse_seed43_20261010_112440_115825_f214191d,dqn,43,v1,sparse,1023,39291,40.0,5,37,0.05,0.8216002511011588,38292,True,False,True,14.989723624952603
baseline_dqn_statev1_sparse_seed43_20261010_112440_115825_f214191d,dqn,43,v1,sparse,1024,39423,150.0,16,132,0.05,0.7967193029595144,38424,True,False,True,15.04274899995653
baseline_dqn_statev1_sparse_seed43_20261010_112440_115825_f214191d,dqn,43,v1,sparse,1025,39511,110.0,12,88,0.05,0.8301881301132116,38512,True,False,True,15.076841832953505
baseline_dqn_statev1_sparse_seed43_20261010_112440_115825_f214191d,dqn,43,v1,sparse,1026,39636,150.0,16,125,0.05,0.794396348118782,38637,True,False,True,15.124761999992188
baseline_dqn_statev1_sparse_seed43_20261010_112440_115825_f214191d,dqn,43,v1,sparse,1027,39736,120.0,13,100,0.05,0.7888854619860649,38737,True,False,True,15.162927332974505
baseline_dqn_statev1_sparse_seed43_20261010_112440_115825_f214191d,dqn,43,v1,sparse,1028,39834,100.0,11,98,0.05,0.8301535907144449,38835,True,False,True,15.199870957992971
baseline_dqn_statev1_sparse_seed43_20261010_112440_115825_f214191d,dqn,43,v1,sparse,1029,39866,20.0,3,32,0.05,0.7831598147749901,38867,True,False,True,15.212126958009321
baseline_dqn_statev1_sparse_seed43_20261010_112440_115825_f214191d,dqn,43,v1,sparse,1030,39917,70.0,8,51,0.05,0.7933069338985518,38918,True,False,True,15.231648457993288
baseline_dqn_statev1_sparse_seed43_20261010_112440_115825_f214191d,dqn,43,v1,sparse,1031,40052,110.0,12,135,0.05,0.8364334928768652,39053,True,False,True,15.284169165999629
baseline_dqn_statev1_sparse_seed43_20261010_112440_115825_f214191d,dqn,43,v1,sparse,1032,40067,10.0,2,15,0.05,0.8259730875492096,39068,True,False,True,15.289957124972716
baseline_dqn_statev1_sparse_seed43_20261010_112440_115825_f214191d,dqn,43,v1,sparse,1033,40112,30.0,4,45,0.05,0.8955737458335029,39113,True,False,True,15.30786179099232
baseline_dqn_statev1_sparse_seed43_20261010_112440_115825_f214191d,dqn,43,v1,sparse,1034,40201,110.0,12,89,0.05,0.8012103398194473,39202,True,False,True,15.34260454098694
baseline_dqn_statev1_sparse_seed43_20261010_112440_115825_f214191d,dqn,43,v1,sparse,1035,40258,90.0,10,57,0.05,0.7873561531305313,39259,True,False,True,15.364282833004836
baseline_dqn_statev1_sparse_seed43_20261010_112440_115825_f214191d,dqn,43,v1,sparse,1036,40460,200.0,21,202,0.05,0.8126527430987595,39461,True,False,True,15.44120204099454
baseline_dqn_statev1_sparse_seed43_20261010_112440_115825_f214191d,dqn,43,v1,sparse,1037,40563,130.0,14,103,0.05,0.7937616251626061,39564,True,False,True,15.48049737495603
baseline_dqn_statev1_sparse_seed43_20261010_112440_115825_f214191d,dqn,43,v1,sparse,1038,40572,0.0,1,9,0.05,0.7236759828196632,39573,True,False,True,15.483965832972899
baseline_dqn_statev1_sparse_seed43_20261010_112440_115825_f214191d,dqn,43,v1,sparse,1039,40624,70.0,8,52,0.05,0.8052753880620003,39625,True,False,True,15.503565207996871
baseline_dqn_statev1_sparse_seed43_20261010_112440_115825_f214191d,dqn,43,v1,sparse,1040,40642,0.0,1,18,0.05,0.780452185206943,39643,True,False,True,15.510351040982641
baseline_dqn_statev1_sparse_seed43_20261010_112440_115825_f214191d,dqn,43,v1,sparse,1041,40681,30.0,4,39,0.05,0.8818111450244219,39682,True,False,True,15.52606687496882
baseline_dqn_statev1_sparse_seed43_20261010_112440_115825_f214191d,dqn,43,v1,sparse,1042,40752,70.0,8,71,0.05,0.8518104872233431,39753,True,False,True,15.5538703330094
baseline_dqn_statev1_sparse_seed43_20261010_112440_115825_f214191d,dqn,43,v1,sparse,1043,40896,150.0,16,144,0.05,0.8378123312981592,39897,True,False,True,15.609110624995083
baseline_dqn_statev1_sparse_seed43_20261010_112440_115825_f214191d,dqn,43,v1,sparse,1044,41037,170.0,18,141,0.05,0.7593485998346451,40038,True,False,True,15.663186082965694
baseline_dqn_statev1_sparse_seed43_20261010_112440_115825_f214191d,dqn,43,v1,sparse,1045,41075,40.0,5,38,0.05,0.9078445403199447,40076,True,False,True,15.677870457991958
baseline_dqn_statev1_sparse_seed43_20261010_112440_115825_f214191d,dqn,43,v1,sparse,1046,41174,100.0,11,99,0.05,0.8158790511314316,40175,True,False,True,15.715188500005752
baseline_dqn_statev1_sparse_seed43_20261010_112440_115825_f214191d,dqn,43,v1,sparse,1047,41192,30.0,4,18,0.05,0.8934670488039652,40193,True,False,True,15.721983624971472
baseline_dqn_statev1_sparse_seed43_20261010_112440_115825_f214191d,dqn,43,v1,sparse,1048,41246,60.0,7,54,0.05,0.8197156295732215,40247,True,False,True,15.742479790991638
baseline_dqn_statev1_sparse_seed43_20261010_112440_115825_f214191d,dqn,43,v1,sparse,1049,41292,30.0,4,46,0.05,0.8586356756479844,40293,True,False,True,15.760003375005908
baseline_dqn_statev1_sparse_seed43_20261010_112440_115825_f214191d,dqn,43,v1,sparse,1050,41402,120.0,13,110,0.05,0.8423258809880777,40403,True,False,True,15.801391957968008
baseline_dqn_statev1_sparse_seed43_20261010_112440_115825_f214191d,dqn,43,v1,sparse,1051,41472,50.0,6,70,0.05,0.8219959608146122,40473,True,False,True,15.828977999975905
baseline_dqn_statev1_sparse_seed43_20261010_112440_115825_f214191d,dqn,43,v1,sparse,1052,41631,190.0,20,159,0.05,0.8499842286109924,40632,True,False,True,15.88983741600532
baseline_dqn_statev1_sparse_seed43_20261010_112440_115825_f214191d,dqn,43,v1,sparse,1053,41755,170.0,18,124,0.05,0.8563953796702046,40756,True,False,True,15.937388374994043
baseline_dqn_statev1_sparse_seed43_20261010_112440_115825_f214191d,dqn,43,v1,sparse,1054,41921,180.0,19,166,0.05,0.8189255135605135,40922,True,False,True,16.000164999975823
baseline_dqn_statev1_sparse_seed43_20261010_112440_115825_f214191d,dqn,43,v1,sparse,1055,42054,130.0,14,133,0.05,0.8279205352292025,41055,True,False,True,16.050609625002835
baseline_dqn_statev1_sparse_seed43_20261010_112440_115825_f214191d,dqn,43,v1,sparse,1056,42160,100.0,11,106,0.05,0.811659426902825,41161,True,False,True,16.090370040968992
baseline_dqn_statev1_sparse_seed43_20261010_112440_115825_f214191d,dqn,43,v1,sparse,1057,42244,130.0,14,84,0.05,0.8286606041448457,41245,True,False,True,16.122202624974307
baseline_dqn_statev1_sparse_seed43_20261010_112440_115825_f214191d,dqn,43,v1,sparse,1058,42346,120.0,13,102,0.05,0.8370142339491377,41347,True,False,True,16.16073612496257
baseline_dqn_statev1_sparse_seed43_20261010_112440_115825_f214191d,dqn,43,v1,sparse,1059,42455,120.0,13,109,0.05,0.7838185277827289,41456,True,False,True,16.20192500000121
baseline_dqn_statev1_sparse_seed43_20261010_112440_115825_f214191d,dqn,43,v1,sparse,1060,42636,180.0,19,181,0.05,0.8240056161393118,41637,True,False,True,16.270164749992546
baseline_dqn_statev1_sparse_seed43_20261010_112440_115825_f214191d,dqn,43,v1,sparse,1061,42852,240.0,25,216,0.05,0.8232647931134259,41853,True,False,True,16.353870332997758
baseline_dqn_statev1_sparse_seed43_20261010_112440_115825_f214191d,dqn,43,v1,sparse,1062,42881,30.0,4,29,0.05,0.9288924994139836,41882,True,False,True,16.364846999989823
baseline_dqn_statev1_sparse_seed43_20261010_112440_115825_f214191d,dqn,43,v1,sparse,1063,42949,90.0,10,68,0.05,0.9066518041140893,41950,True,False,True,16.3906864579767
baseline_dqn_statev1_sparse_seed43_20261010_112440_115825_f214191d,dqn,43,v1,sparse,1064,43102,140.0,15,153,0.05,0.8323404079948376,42103,True,False,True,16.448766832996625
baseline_dqn_statev1_sparse_seed43_20261010_112440_115825_f214191d,dqn,43,v1,sparse,1065,43184,60.0,7,82,0.05,0.809569182192407,42185,True,False,True,16.479972874978557
baseline_dqn_statev1_sparse_seed43_20261010_112440_115825_f214191d,dqn,43,v1,sparse,1066,43259,80.0,9,75,0.05,0.8278945159912109,42260,True,False,True,16.507934624969494
baseline_dqn_statev1_sparse_seed43_20261010_112440_115825_f214191d,dqn,43,v1,sparse,1067,43365,80.0,9,106,0.05,0.8565905153189065,42366,True,False,True,16.548752082977444
baseline_dqn_statev1_sparse_seed43_20261010_112440_115825_f214191d,dqn,43,v1,sparse,1068,43644,310.0,32,279,0.05,0.8287083486288679,42645,True,False,True,16.654236707952805
baseline_dqn_statev1_sparse_seed43_20261010_112440_115825_f214191d,dqn,43,v1,sparse,1069,43673,20.0,3,29,0.05,0.7850234364641124,42674,True,False,True,16.665342958003748
baseline_dqn_statev1_sparse_seed43_20261010_112440_115825_f214191d,dqn,43,v1,sparse,1070,43738,100.0,11,65,0.05,0.7743492717926319,42739,True,False,True,16.690018207998946
baseline_dqn_statev1_sparse_seed43_20261010_112440_115825_f214191d,dqn,43,v1,sparse,1071,43845,120.0,13,107,0.05,0.861722761504004,42846,True,False,True,16.731949874956626
baseline_dqn_statev1_sparse_seed43_20261010_112440_115825_f214191d,dqn,43,v1,sparse,1072,43948,120.0,13,103,0.05,0.8935358906255185,42949,True,False,True,16.77160283300327
baseline_dqn_statev1_sparse_seed43_20261010_112440_115825_f214191d,dqn,43,v1,sparse,1073,44036,90.0,10,88,0.05,0.7858513983135874,43037,True,False,True,16.805312374955975
baseline_dqn_statev1_sparse_seed43_20261010_112440_115825_f214191d,dqn,43,v1,sparse,1074,44153,120.0,13,117,0.05,0.83148394843452,43154,True,False,True,16.849246624973603
baseline_dqn_statev1_sparse_seed43_20261010_112440_115825_f214191d,dqn,43,v1,sparse,1075,44199,60.0,7,46,0.05,0.8252449230007504,43200,True,False,True,16.86645479098661
baseline_dqn_statev1_sparse_seed43_20261010_112440_115825_f214191d,dqn,43,v1,sparse,1076,44331,120.0,13,132,0.05,0.8275953463532708,43332,True,False,True,16.916123208007775
baseline_dqn_statev1_sparse_seed43_20261010_112440_115825_f214191d,dqn,43,v1,sparse,1077,44363,30.0,4,32,0.05,0.7915285676717758,43364,True,False,True,16.9279974999954
baseline_dqn_statev1_sparse_seed43_20261010_112440_115825_f214191d,dqn,43,v1,sparse,1078,44466,70.0,8,103,0.05,0.8018713032157676,43467,True,False,True,16.967084750009235
baseline_dqn_statev1_sparse_seed43_20261010_112440_115825_f214191d,dqn,43,v1,sparse,1079,44524,70.0,8,58,0.05,0.7753395278906,43525,True,False,True,16.988924374978524
baseline_dqn_statev1_sparse_seed43_20261010_112440_115825_f214191d,dqn,43,v1,sparse,1080,44659,180.0,19,135,0.05,0.8170191584913818,43660,True,False,True,17.03958016599063
baseline_dqn_statev1_sparse_seed43_20261010_112440_115825_f214191d,dqn,43,v1,sparse,1081,44774,150.0,16,115,0.05,0.7742212772369385,43775,True,False,True,17.08882366598118
baseline_dqn_statev1_sparse_seed43_20261010_112440_115825_f214191d,dqn,43,v1,sparse,1082,44904,140.0,15,130,0.05,0.817520404778994,43905,True,False,True,17.139220499957446
baseline_dqn_statev1_sparse_seed43_20261010_112440_115825_f214191d,dqn,43,v1,sparse,1083,44949,50.0,6,45,0.05,0.8239048520723978,43950,True,False,True,17.156100749969482
baseline_dqn_statev1_sparse_seed43_20261010_112440_115825_f214191d,dqn,43,v1,sparse,1084,45059,130.0,14,110,0.05,0.8395168434489857,44060,True,False,True,17.19739695795579
baseline_dqn_statev1_sparse_seed43_20261010_112440_115825_f214191d,dqn,43,v1,sparse,1085,45232,150.0,16,173,0.05,0.857709894462817,44233,True,False,True,17.262418625003193
baseline_dqn_statev1_sparse_seed43_20261010_112440_115825_f214191d,dqn,43,v1,sparse,1086,45334,90.0,10,102,0.05,0.8451156692177642,44335,True,False,True,17.301005290995818
baseline_dqn_statev1_sparse_seed43_20261010_112440_115825_f214191d,dqn,43,v1,sparse,1087,45485,160.0,17,151,0.05,0.8088421385414553,44486,True,False,True,17.375327624962665
baseline_dqn_statev1_sparse_seed43_20261010_112440_115825_f214191d,dqn,43,v1,sparse,1088,45627,170.0,18,142,0.05,0.8359488544749542,44628,True,False,True,17.429310375009663
baseline_dqn_statev1_sparse_seed43_20261010_112440_115825_f214191d,dqn,43,v1,sparse,1089,45645,10.0,2,18,0.05,0.9048418634467654,44646,True,False,True,17.43605320795905
baseline_dqn_statev1_sparse_seed43_20261010_112440_115825_f214191d,dqn,43,v1,sparse,1090,45730,80.0,9,85,0.05,0.8709709121900446,44731,True,False,True,17.468469749961514
baseline_dqn_statev1_sparse_seed43_20261010_112440_115825_f214191d,dqn,43,v1,sparse,1091,45786,50.0,6,56,0.05,0.8192718204643045,44787,True,False,True,17.49001041596057
baseline_dqn_statev1_sparse_seed43_20261010_112440_115825_f214191d,dqn,43,v1,sparse,1092,45897,130.0,14,111,0.05,0.8605789832166724,44898,True,False,True,17.53334637498483
baseline_dqn_statev1_sparse_seed43_20261010_112440_115825_f214191d,dqn,43,v1,sparse,1093,45914,20.0,3,17,0.05,0.8248565267114079,44915,True,False,True,17.5398001249996
baseline_dqn_statev1_sparse_seed43_20261010_112440_115825_f214191d,dqn,43,v1,sparse,1094,46025,110.0,12,111,0.05,0.8801682798175124,45026,True,False,True,17.582529082952533
baseline_dqn_statev1_sparse_seed43_20261010_112440_115825_f214191d,dqn,43,v1,sparse,1095,46169,160.0,17,144,0.05,0.8078827476128936,45170,True,False,True,17.63664849998895
baseline_dqn_statev1_sparse_seed43_20261010_112440_115825_f214191d,dqn,43,v1,sparse,1096,46221,40.0,5,52,0.05,0.8568845179218513,45222,True,False,True,17.65640783298295
baseline_dqn_statev1_sparse_seed43_20261010_112440_115825_f214191d,dqn,43,v1,sparse,1097,46268,50.0,6,47,0.05,0.8082431897203973,45269,True,False,True,17.674030207970645
baseline_dqn_statev1_sparse_seed43_20261010_112440_115825_f214191d,dqn,43,v1,sparse,1098,46283,0.0,1,15,0.05,0.8351244846979777,45284,True,False,True,17.679642665956635
baseline_dqn_statev1_sparse_seed43_20261010_112440_115825_f214191d,dqn,43,v1,sparse,1099,46321,30.0,4,38,0.05,0.776577826393278,45322,True,False,True,17.694271124957595
baseline_dqn_statev1_sparse_seed43_20261010_112440_115825_f214191d,dqn,43,v1,sparse,1100,46408,100.0,11,87,0.05,0.8402512073516846,45409,True,False,True,17.72712508297991
baseline_dqn_statev1_sparse_seed43_20261010_112440_115825_f214191d,dqn,43,v1,sparse,1101,46562,170.0,18,154,0.05,0.8501636652009827,45563,True,False,True,17.788880040985532
baseline_dqn_statev1_sparse_seed43_20261010_112440_115825_f214191d,dqn,43,v1,sparse,1102,46675,80.0,9,113,0.05,0.8502145143209305,45676,True,False,True,17.83192358299857
baseline_dqn_statev1_sparse_seed43_20261010_112440_115825_f214191d,dqn,43,v1,sparse,1103,46748,100.0,11,73,0.05,0.8143557136597699,45749,True,False,True,17.859762457956094
baseline_dqn_statev1_sparse_seed43_20261010_112440_115825_f214191d,dqn,43,v1,sparse,1104,46792,60.0,7,44,0.05,0.7702166387303309,45793,True,False,True,17.876449665986
baseline_dqn_statev1_sparse_seed43_20261010_112440_115825_f214191d,dqn,43,v1,sparse,1105,47021,250.0,26,229,0.05,0.8129930934791482,46022,True,False,True,17.96309570799349
baseline_dqn_statev1_sparse_seed43_20261010_112440_115825_f214191d,dqn,43,v1,sparse,1106,47082,60.0,7,61,0.05,0.88535831404514,46083,True,False,True,17.98609816597309
baseline_dqn_statev1_sparse_seed43_20261010_112440_115825_f214191d,dqn,43,v1,sparse,1107,47139,70.0,8,57,0.05,0.8623023639645493,46140,True,False,True,18.007591540983412
baseline_dqn_statev1_sparse_seed43_20261010_112440_115825_f214191d,dqn,43,v1,sparse,1108,47229,80.0,9,90,0.05,0.8885881241824892,46230,True,False,True,18.04187691595871
baseline_dqn_statev1_sparse_seed43_20261010_112440_115825_f214191d,dqn,43,v1,sparse,1109,47258,30.0,4,29,0.05,0.8371117762450514,46259,True,False,True,18.052765458007343
baseline_dqn_statev1_sparse_seed43_20261010_112440_115825_f214191d,dqn,43,v1,sparse,1110,47282,20.0,3,24,0.05,0.8989480237166086,46283,True,False,True,18.061822165967897
baseline_dqn_statev1_sparse_seed43_20261010_112440_115825_f214191d,dqn,43,v1,sparse,1111,47435,150.0,16,153,0.05,0.8768315921032351,46436,True,False,True,18.120911000005435
baseline_dqn_statev1_sparse_seed43_20261010_112440_115825_f214191d,dqn,43,v1,sparse,1112,47560,130.0,14,125,0.05,0.9194869809150695,46561,True,False,True,18.168676125002094
baseline_dqn_statev1_sparse_seed43_20261010_112440_115825_f214191d,dqn,43,v1,sparse,1113,47676,120.0,13,116,0.05,0.8983839950684843,46677,True,False,True,18.212630291003734
baseline_dqn_statev1_sparse_seed43_20261010_112440_115825_f214191d,dqn,43,v1,sparse,1114,47761,100.0,11,85,0.05,0.8952398577157189,46762,True,False,True,18.24465504096588
baseline_dqn_statev1_sparse_seed43_20261010_112440_115825_f214191d,dqn,43,v1,sparse,1115,47898,180.0,19,137,0.05,0.9167091316767852,46899,True,False,True,18.296041290974244
baseline_dqn_statev1_sparse_seed43_20261010_112440_115825_f214191d,dqn,43,v1,sparse,1116,48091,220.0,23,193,0.05,0.8833029259362987,47092,True,False,True,18.370824957964942
baseline_dqn_statev1_sparse_seed43_20261010_112440_115825_f214191d,dqn,43,v1,sparse,1117,48197,120.0,13,106,0.05,0.8496149694019893,47198,True,False,True,18.411798499990255
baseline_dqn_statev1_sparse_seed43_20261010_112440_115825_f214191d,dqn,43,v1,sparse,1118,48246,60.0,7,49,0.05,0.8835323805711708,47247,True,False,True,18.430178249953315
baseline_dqn_statev1_sparse_seed43_20261010_112440_115825_f214191d,dqn,43,v1,sparse,1119,48346,120.0,13,100,0.05,0.9194511860609055,47347,True,False,True,18.468494832981378
baseline_dqn_statev1_sparse_seed43_20261010_112440_115825_f214191d,dqn,43,v1,sparse,1120,48385,30.0,4,39,0.05,0.9242428877414801,47386,True,False,True,18.483356832992285
baseline_dqn_statev1_sparse_seed43_20261010_112440_115825_f214191d,dqn,43,v1,sparse,1121,48429,30.0,4,44,0.05,0.8332000760869547,47430,True,False,True,18.50116841599811
baseline_dqn_statev1_sparse_seed43_20261010_112440_115825_f214191d,dqn,43,v1,sparse,1122,48445,10.0,2,16,0.05,0.8380036689341068,47446,True,False,True,18.50733966595726
baseline_dqn_statev1_sparse_seed43_20261010_112440_115825_f214191d,dqn,43,v1,sparse,1123,48632,210.0,22,187,0.05,0.8813950588358915,47633,True,False,True,18.57907608296955
baseline_dqn_statev1_sparse_seed43_20261010_112440_115825_f214191d,dqn,43,v1,sparse,1124,48761,110.0,12,129,0.05,0.8679624756639318,47762,True,False,True,18.62836808298016
baseline_dqn_statev1_sparse_seed43_20261010_112440_115825_f214191d,dqn,43,v1,sparse,1125,48878,180.0,19,117,0.05,0.8886591450780885,47879,True,False,True,18.672759165987372
baseline_dqn_statev1_sparse_seed43_20261010_112440_115825_f214191d,dqn,43,v1,sparse,1126,49027,170.0,18,149,0.05,0.851540405678269,48028,True,False,True,18.731027457979508
baseline_dqn_statev1_sparse_seed43_20261010_112440_115825_f214191d,dqn,43,v1,sparse,1127,49063,30.0,4,36,0.05,0.8286589682102203,48064,True,False,True,18.744863665953744
baseline_dqn_statev1_sparse_seed43_20261010_112440_115825_f214191d,dqn,43,v1,sparse,1128,49073,-10.0,0,10,0.05,0.9689056992530822,48074,True,False,True,18.74868445796892
baseline_dqn_statev1_sparse_seed43_20261010_112440_115825_f214191d,dqn,43,v1,sparse,1129,49083,-10.0,0,10,0.05,0.9993095815181732,48084,True,False,True,18.75258670799667
baseline_dqn_statev1_sparse_seed43_20261010_112440_115825_f214191d,dqn,43,v1,sparse,1130,49158,70.0,8,75,0.05,0.8995618712902069,48159,True,False,True,18.781946500006597
baseline_dqn_statev1_sparse_seed43_20261010_112440_115825_f214191d,dqn,43,v1,sparse,1131,49274,140.0,15,116,0.05,0.8798149353985129,48275,True,False,True,18.828001749992836
baseline_dqn_statev1_sparse_seed43_20261010_112440_115825_f214191d,dqn,43,v1,sparse,1132,49291,10.0,2,17,0.05,0.8141356268349815,48292,True,False,True,18.834775666007772
baseline_dqn_statev1_sparse_seed43_20261010_112440_115825_f214191d,dqn,43,v1,sparse,1133,49301,0.0,1,10,0.05,0.8709696769714356,48302,True,False,True,18.838755874952767
baseline_dqn_statev1_sparse_seed43_20261010_112440_115825_f214191d,dqn,43,v1,sparse,1134,49318,10.0,2,17,0.05,0.9597807175972882,48319,True,False,True,18.845383999985643
baseline_dqn_statev1_sparse_seed43_20261010_112440_115825_f214191d,dqn,43,v1,sparse,1135,49420,110.0,12,102,0.05,0.8445580341652328,48421,True,False,True,18.885311290971003
baseline_dqn_statev1_sparse_seed43_20261010_112440_115825_f214191d,dqn,43,v1,sparse,1136,49547,150.0,16,127,0.05,0.908643827428968,48548,True,False,True,18.93382295797346
baseline_dqn_statev1_sparse_seed43_20261010_112440_115825_f214191d,dqn,43,v1,sparse,1137,49684,140.0,15,137,0.05,0.8688842228946895,48685,True,False,True,18.985886999987997
baseline_dqn_statev1_sparse_seed43_20261010_112440_115825_f214191d,dqn,43,v1,sparse,1138,49772,120.0,13,88,0.05,0.8817609386010603,48773,True,False,True,19.01953362498898
baseline_dqn_statev1_sparse_seed43_20261010_112440_115825_f214191d,dqn,43,v1,sparse,1139,49841,80.0,9,69,0.05,0.8035870285137839,48842,True,False,True,19.0456636659801
baseline_dqn_statev1_sparse_seed43_20261010_112440_115825_f214191d,dqn,43,v1,sparse,1140,49985,150.0,16,144,0.05,0.8933989368379116,48986,True,False,True,19.100582457962446
baseline_dqn_statev1_sparse_seed43_20261010_112440_115825_f214191d,dqn,43,v1,sparse,1141,50000,20.0,2,15,0.05,1.0299319982528687,49001,False,False,False,19.10628737497609
