run_id,algorithm,seed,state_mode,reward_mode,episode,global_step,episode_return,score,episode_length,epsilon,loss,update_count,terminated,truncated,episode_complete,wall_clock_time
baseline_dqn_statev1_sparse_seed44_20261010_112533_948291_7d530b6b,dqn,44,v1,sparse,1,16,0.0,1,16,0.9984011994401822,,0,True,False,True,0.30802620900794864
baseline_dqn_statev1_sparse_seed44_20261010_112533_948291_7d530b6b,dqn,44,v1,sparse,2,25,-10.0,0,9,0.9975029977012647,,0,True,False,True,0.3081144590396434
baseline_dqn_statev1_sparse_seed44_20261010_112533_948291_7d530b6b,dqn,44,v1,sparse,3,33,-10.0,0,8,0.9967052745480899,,0,True,False,True,0.30817033402854577
baseline_dqn_statev1_sparse_seed44_20261010_112533_948291_7d530b6b,dqn,44,v1,sparse,4,35,-10.0,0,2,0.9965059434602331,,0,True,False,True,0.3081964170560241
baseline_dqn_statev1_sparse_seed44_20261010_112533_948291_7d530b6b,dqn,44,v1,sparse,5,48,-10.0,0,13,0.9952112627234414,,0,True,False,True,0.30827320902608335
baseline_dqn_statev1_sparse_seed44_20261010_112533_948291_7d530b6b,dqn,44,v1,sparse,6,71,-10.0,0,23,0.9929247929420344,,0,True,False,True,0.3083895000163466
baseline_dqn_statev1_sparse_seed44_20261010_112533_948291_7d530b6b,dqn,44,v1,sparse,7,87,-10.0,0,16,0.9913373042272218,,0,True,False,True,0.3084753340226598
baseline_dqn_statev1_sparse_seed44_20261010_112533_948291_7d530b6b,dqn,44,v1,sparse,8,103,-10.0,0,16,0.9897523535902548,,0,True,False,True,0.30909691704437137
baseline_dqn_statev1_sparse_seed44_20261010_112533_948291_7d530b6b,dqn,44,v1,sparse,9,112,0.0,1,9,0.9888619326997442,,0,True,False,True,0.30916658404748887
baseline_dqn_statev1_sparse_seed44_20261010_112533_948291_7d530b6b,dqn,44,v1,sparse,10,130,-10.0,0,18,0.987083493373033,,0,True,False,True,0.3092609590385109
baseline_dqn_statev1_sparse_seed44_20261010_112533_948291_7d530b6b,dqn,44,v1,sparse,11,165,-10.0,0,35,0.9836345678377172,,0,True,False,True,0.30947450001258403
baseline_dqn_statev1_sparse_seed44_20261010_112533_948291_7d530b6b,dqn,44,v1,sparse,12,172,-10.0,0,7,0.9829462301690663,,0,True,False,True,0.30952145904302597
baseline_dqn_statev1_sparse_seed44_20261010_112533_948291_7d530b6b,dqn,44,v1,sparse,13,194,-10.0,0,22,0.9807860175554679,,0,True,False,True,0.30966154200723395
baseline_dqn_statev1_sparse_seed44_20261010_112533_948291_7d530b6b,dqn,44,v1,sparse,14,196,-10.0,0,2,0.9805898701598169,,0,True,False,True,0.30968700000084937
baseline_dqn_statev1_sparse_seed44_20261010_112533_948291_7d530b6b,dqn,44,v1,sparse,15,227,-10.0,0,31,0.9775545969005506,,0,True,False,True,0.3098394170519896
baseline_dqn_statev1_sparse_seed44_20261010_112533_948291_7d530b6b,dqn,44,v1,sparse,16,228,-10.0,0,1,0.9774568414408605,,0,True,False,True,0.30985945905558765
baseline_dqn_statev1_sparse_seed44_20261010_112533_948291_7d530b6b,dqn,44,v1,sparse,17,246,0.0,1,18,0.9756989138379287,,0,True,False,True,0.30995933403028175
baseline_dqn_statev1_sparse_seed44_20261010_112533_948291_7d530b6b,dqn,44,v1,sparse,18,271,-10.0,0,25,0.9732625914072018,,0,True,False,True,0.3100835000514053
baseline_dqn_statev1_sparse_seed44_20261010_112533_948291_7d530b6b,dqn,44,v1,sparse,19,292,-10.0,0,21,0.9712207825228317,,0,True,False,True,0.31018887500977144
baseline_dqn_statev1_sparse_seed44_20261010_112533_948291_7d530b6b,dqn,44,v1,sparse,20,320,-10.0,0,28,0.9685050323665944,,0,True,False,True,0.3103525000042282
baseline_dqn_statev1_sparse_seed44_20261010_112533_948291_7d530b6b,dqn,44,v1,sparse,21,327,-10.0,0,7,0.9678272821961004,,0,True,False,True,0.31043191702337936
baseline_dqn_statev1_sparse_seed44_20261010_112533_948291_7d530b6b,dqn,44,v1,sparse,22,341,-10.0,0,14,0.9664732043716606,,0,True,False,True,0.31053508404875174
baseline_dqn_statev1_sparse_seed44_20261010_112533_948291_7d530b6b,dqn,44,v1,sparse,23,353,-10.0,0,12,0.9653140741861533,,0,True,False,True,0.3106047920300625
baseline_dqn_statev1_sparse_seed44_20261010_112533_948291_7d530b6b,dqn,44,v1,sparse,24,355,-10.0,0,2,0.9651210210244568,,0,True,False,True,0.310629042040091
baseline_dqn_statev1_sparse_seed44_20261010_112533_948291_7d530b6b,dqn,44,v1,sparse,25,365,-10.0,0,10,0.9641563341920976,,0,True,False,True,0.3106903750449419
baseline_dqn_statev1_sparse_seed44_20261010_112533_948291_7d530b6b,dqn,44,v1,sparse,26,374,-10.0,0,9,0.9632889405066278,,0,True,False,True,0.31074770900886506
baseline_dqn_statev1_sparse_seed44_20261010_112533_948291_7d530b6b,dqn,44,v1,sparse,27,396,-10.0,0,22,0.9611719285522058,,0,True,False,True,0.31085612502647564
baseline_dqn_statev1_sparse_seed44_20261010_112533_948291_7d530b6b,dqn,44,v1,sparse,28,439,-10.0,0,43,0.9570475567919766,,0,True,False,True,0.31110695900861174
baseline_dqn_statev1_sparse_seed44_20261010_112533_948291_7d530b6b,dqn,44,v1,sparse,29,481,-10.0,0,42,0.9530361862567129,,0,True,False,True,0.311324542039074
baseline_dqn_statev1_sparse_seed44_20261010_112533_948291_7d530b6b,dqn,44,v1,sparse,30,482,-10.0,0,1,0.9529408826380873,,0,True,False,True,0.31134666700381786
baseline_dqn_statev1_sparse_seed44_20261010_112533_948291_7d530b6b,dqn,44,v1,sparse,31,484,-10.0,0,2,0.9527503039909685,,0,True,False,True,0.31137850001687184
baseline_dqn_statev1_sparse_seed44_20261010_112533_948291_7d530b6b,dqn,44,v1,sparse,32,500,-10.0,0,16,0.9512270462715811,,0,True,False,True,0.3114939590450376
baseline_dqn_statev1_sparse_seed44_20261010_112533_948291_7d530b6b,dqn,44,v1,sparse,33,507,-10.0,0,7,0.9505613870635811,,0,True,False,True,0.31154245900688693
baseline_dqn_statev1_sparse_seed44_20261010_112533_948291_7d530b6b,dqn,44,v1,sparse,34,521,-10.0,0,14,0.9492314657866452,,0,True,False,True,0.31164845905732363
baseline_dqn_statev1_sparse_seed44_20261010_112533_948291_7d530b6b,dqn,44,v1,sparse,35,572,-10.0,0,51,0.9444024682682759,,0,True,False,True,0.31199170905165374
baseline_dqn_statev1_sparse_seed44_20261010_112533_948291_7d530b6b,dqn,44,v1,sparse,36,582,-10.0,0,10,0.94345849066781,,0,True,False,True,0.3121009170426987
baseline_dqn_statev1_sparse_seed44_20261010_112533_948291_7d530b6b,dqn,44,v1,sparse,37,585,-10.0,0,3,0.9431754814234209,,0,True,False,True,0.31212929205503315
baseline_dqn_statev1_sparse_seed44_20261010_112533_948291_7d530b6b,dqn,44,v1,sparse,38,610,-10.0,0,25,0.9408203700781957,,0,True,False,True,0.31235216703498736
baseline_dqn_statev1_sparse_seed44_20261010_112533_948291_7d530b6b,dqn,44,v1,sparse,39,632,0.0,1,22,0.9387527371109037,,0,True,False,True,0.3124760420178063
baseline_dqn_statev1_sparse_seed44_20261010_112533_948291_7d530b6b,dqn,44,v1,sparse,40,639,-10.0,0,7,0.9380958073001479,,0,True,False,True,0.31252441700780764
baseline_dqn_statev1_sparse_seed44_20261010_112533_948291_7d530b6b,dqn,44,v1,sparse,41,653,0.0,1,14,0.9367833264957395,,0,True,False,True,0.312694292049855
baseline_dqn_statev1_sparse_seed44_20261010_112533_948291_7d530b6b,dqn,44,v1,sparse,42,657,-10.0,0,4,0.9364086693683936,,0,True,False,True,0.3127489590551704
baseline_dqn_statev1_sparse_seed44_20261010_112533_948291_7d530b6b,dqn,44,v1,sparse,43,673,-10.0,0,16,0.934911538663589,,0,True,False,True,0.3128472500247881
baseline_dqn_statev1_sparse_seed44_20261010_112533_948291_7d530b6b,dqn,44,v1,sparse,44,675,-10.0,0,2,0.9347245657049716,,0,True,False,True,0.31287654204061255
baseline_dqn_statev1_sparse_seed44_20261010_112533_948291_7d530b6b,dqn,44,v1,sparse,45,676,-10.0,0,1,0.9346310932484012,,0,True,False,True,0.31289904203731567
baseline_dqn_statev1_sparse_seed44_20261010_112533_948291_7d530b6b,dqn,44,v1,sparse,46,688,-10.0,0,12,0.9335101525874523,,0,True,False,True,0.31302875000983477
baseline_dqn_statev1_sparse_seed44_20261010_112533_948291_7d530b6b,dqn,44,v1,sparse,47,701,-10.0,0,13,0.9322973172600907,,0,True,False,True,0.3131632500444539
baseline_dqn_statev1_sparse_seed44_20261010_112533_948291_7d530b6b,dqn,44,v1,sparse,48,710,0.0,1,9,0.9314585852232897,,0,True,False,True,0.3132535420008935
baseline_dqn_statev1_sparse_seed44_20261010_112533_948291_7d530b6b,dqn,44,v1,sparse,49,723,-10.0,0,13,0.9302484153338654,,0,True,False,True,0.31332800001837313
baseline_dqn_statev1_sparse_seed44_20261010_112533_948291_7d530b6b,dqn,44,v1,sparse,50,791,0.0,1,68,0.9239438706238289,,0,True,False,True,0.3140049170469865
baseline_dqn_statev1_sparse_seed44_20261010_112533_948291_7d530b6b,dqn,44,v1,sparse,51,814,-10.0,0,23,0.9218211356639004,,0,True,False,True,0.31416229205206037
baseline_dqn_statev1_sparse_seed44_20261010_112533_948291_7d530b6b,dqn,44,v1,sparse,52,817,-10.0,0,3,0.9215446169769135,,0,True,False,True,0.3142295840079896
baseline_dqn_statev1_sparse_seed44_20261010_112533_948291_7d530b6b,dqn,44,v1,sparse,53,818,-10.0,0,1,0.9214524625152158,,0,True,False,True,0.31425325002055615
baseline_dqn_statev1_sparse_seed44_20261010_112533_948291_7d530b6b,dqn,44,v1,sparse,54,831,-10.0,0,13,0.9202552927833972,,0,True,False,True,0.3143990840180777
baseline_dqn_statev1_sparse_seed44_20261010_112533_948291_7d530b6b,dqn,44,v1,sparse,55,841,-10.0,0,10,0.9193354514950844,,0,True,False,True,0.3144620000384748
baseline_dqn_statev1_sparse_seed44_20261010_112533_948291_7d530b6b,dqn,44,v1,sparse,56,849,-10.0,0,8,0.9186002404963385,,0,True,False,True,0.31453520903596655
baseline_dqn_statev1_sparse_seed44_20261010_112533_948291_7d530b6b,dqn,44,v1,sparse,57,862,-10.0,0,13,0.9174067764292271,,0,True,False,True,0.3146367920562625
baseline_dqn_statev1_sparse_seed44_20261010_112533_948291_7d530b6b,dqn,44,v1,sparse,58,921,0.0,1,59,0.9120097434959706,,0,True,False,True,0.31504629203118384
baseline_dqn_statev1_sparse_seed44_20261010_112533_948291_7d530b6b,dqn,44,v1,sparse,59,930,-10.0,0,9,0.9111892629737348,,0,True,False,True,0.3151303750346415
baseline_dqn_statev1_sparse_seed44_20261010_112533_948291_7d530b6b,dqn,44,v1,sparse,60,945,-10.0,0,15,0.9098234354135336,,0,True,False,True,0.3152829590253532
baseline_dqn_statev1_sparse_seed44_20261010_112533_948291_7d530b6b,dqn,44,v1,sparse,61,954,-10.0,0,9,0.9090049217816846,,0,True,False,True,0.31538579205516726
baseline_dqn_statev1_sparse_seed44_20261010_112533_948291_7d530b6b,dqn,44,v1,sparse,62,955,-10.0,0,1,0.9089140212895064,,0,True,False,True,0.31540908402530476
baseline_dqn_statev1_sparse_seed44_20261010_112533_948291_7d530b6b,dqn,44,v1,sparse,63,969,-10.0,0,14,0.9076423684407068,,0,True,False,True,0.3155082920566201
baseline_dqn_statev1_sparse_seed44_20261010_112533_948291_7d530b6b,dqn,44,v1,sparse,64,980,-10.0,0,11,0.9066444608889938,,0,True,False,True,0.31562404200667515
baseline_dqn_statev1_sparse_seed44_20261010_112533_948291_7d530b6b,dqn,44,v1,sparse,65,998,-10.0,0,18,0.9050138872858745,,0,True,False,True,0.3157896250486374
baseline_dqn_statev1_sparse_seed44_20261010_112533_948291_7d530b6b,dqn,44,v1,sparse,66,1003,-10.0,0,5,0.9045614708345707,0.6334918513894081,4,True,False,True,0.3269130000262521
baseline_dqn_statev1_sparse_seed44_20261010_112533_948291_7d530b6b,dqn,44,v1,sparse,67,1006,-10.0,0,3,0.9042901295292599,0.6922140121459961,7,True,False,True,0.3280975000234321
baseline_dqn_statev1_sparse_seed44_20261010_112533_948291_7d530b6b,dqn,44,v1,sparse,68,1011,-10.0,0,5,0.9038380748844658,0.7387721061706543,12,True,False,True,0.32996516703860834
baseline_dqn_statev1_sparse_seed44_20261010_112533_948291_7d530b6b,dqn,44,v1,sparse,69,1050,-10.0,0,39,0.9003197955798045,0.669002544039335,51,True,False,True,0.3452091670478694
baseline_dqn_statev1_sparse_seed44_20261010_112533_948291_7d530b6b,dqn,44,v1,sparse,70,1060,-10.0,0,10,0.8994198808201134,0.630350935459137,61,True,False,True,0.34898770903237164
baseline_dqn_statev1_sparse_seed44_20261010_112533_948291_7d530b6b,dqn,44,v1,sparse,71,1077,0.0,1,17,0.8978920896223659,0.6749664036666646,78,True,False,True,0.35520675004227087
baseline_dqn_statev1_sparse_seed44_20261010_112533_948291_7d530b6b,dqn,44,v1,sparse,72,1090,-10.0,0,13,0.8967255300049539,0.4344112047782311,91,True,False,True,0.36058725003385916
baseline_dqn_statev1_sparse_seed44_20261010_112533_948291_7d530b6b,dqn,44,v1,sparse,73,1113,-10.0,0,23,0.8946653284142266,0.339070207722809,114,True,False,True,0.36903000000165775
baseline_dqn_statev1_sparse_seed44_20261010_112533_948291_7d530b6b,dqn,44,v1,sparse,74,1114,-10.0,0,1,0.8945758618813853,0.14594510197639465,115,True,False,True,0.36943566700210795
baseline_dqn_statev1_sparse_seed44_20261010_112533_948291_7d530b6b,dqn,44,v1,sparse,75,1115,-10.0,0,1,0.8944864042951971,0.1436489075422287,116,True,False,True,0.3698255000053905
baseline_dqn_statev1_sparse_seed44_20261010_112533_948291_7d530b6b,dqn,44,v1,sparse,76,1123,-10.0,0,8,0.8937710655778691,0.3211842682212591,124,True,False,True,0.3727507090079598
baseline_dqn_statev1_sparse_seed44_20261010_112533_948291_7d530b6b,dqn,44,v1,sparse,77,1133,-10.0,0,10,0.8928776966020373,0.15688935089856387,134,True,False,True,0.37651450000703335
baseline_dqn_statev1_sparse_seed44_20261010_112533_948291_7d530b6b,dqn,44,v1,sparse,78,1135,-10.0,0,2,0.8926991299914938,0.168729480355978,136,True,False,True,0.37737708404893056
baseline_dqn_statev1_sparse_seed44_20261010_112533_948291_7d530b6b,dqn,44,v1,sparse,79,1141,-10.0,0,6,0.8921636444005158,0.18785319477319717,142,True,False,True,0.3796020000008866
baseline_dqn_statev1_sparse_seed44_20261010_112533_948291_7d530b6b,dqn,44,v1,sparse,80,1148,-10.0,0,7,0.8915393171725781,0.15627501159906387,149,True,False,True,0.38215095904888585
baseline_dqn_statev1_sparse_seed44_20261010_112533_948291_7d530b6b,dqn,44,v1,sparse,81,1155,-10.0,0,7,0.8909154268426132,0.15396538030888354,156,True,False,True,0.38473520905245095
baseline_dqn_statev1_sparse_seed44_20261010_112533_948291_7d530b6b,dqn,44,v1,sparse,82,1162,-10.0,0,7,0.8902919731048842,0.09546045400202274,163,True,False,True,0.3872277090558782
baseline_dqn_statev1_sparse_seed44_20261010_112533_948291_7d530b6b,dqn,44,v1,sparse,83,1182,-10.0,0,20,0.8885130796989219,0.078996921912767,183,True,False,True,0.39488770900061354
baseline_dqn_statev1_sparse_seed44_20261010_112533_948291_7d530b6b,dqn,44,v1,sparse,84,1183,-10.0,0,1,0.888424228390952,0.010194005444645882,184,True,False,True,0.39529945905087516
baseline_dqn_statev1_sparse_seed44_20261010_112533_948291_7d530b6b,dqn,44,v1,sparse,85,1189,-10.0,0,6,0.8878913070997846,0.055281950160861015,190,True,False,True,0.39753395901061594
baseline_dqn_statev1_sparse_seed44_20261010_112533_948291_7d530b6b,dqn,44,v1,sparse,86,1190,-10.0,0,1,0.8878025179690746,0.006206559017300606,191,True,False,True,0.3979164170450531
baseline_dqn_statev1_sparse_seed44_20261010_112533_948291_7d530b6b,dqn,44,v1,sparse,87,1192,-10.0,0,2,0.887624966343506,0.09254210069775581,193,True,False,True,0.3986520840553567
baseline_dqn_statev1_sparse_seed44_20261010_112533_948291_7d530b6b,dqn,44,v1,sparse,88,1218,-10.0,0,26,0.8853200239056551,0.11273602561022227,219,True,False,True,0.4081496670260094
baseline_dqn_statev1_sparse_seed44_20261010_112533_948291_7d530b6b,dqn,44,v1,sparse,89,1224,-10.0,0,6,0.8847889646716103,0.01021969853900373,225,True,False,True,0.4103513340232894
baseline_dqn_statev1_sparse_seed44_20261010_112533_948291_7d530b6b,dqn,44,v1,sparse,90,1225,-10.0,0,1,0.8847004857751432,0.008310355246067047,226,True,False,True,0.4107331250561401
baseline_dqn_statev1_sparse_seed44_20261010_112533_948291_7d530b6b,dqn,44,v1,sparse,91,1230,-10.0,0,5,0.8842582239934575,0.09364812839776278,231,True,False,True,0.4125822090427391
baseline_dqn_statev1_sparse_seed44_20261010_112533_948291_7d530b6b,dqn,44,v1,sparse,92,1252,-10.0,0,22,0.8823148971760584,0.07924996085718951,253,True,False,True,0.42069666704628617
baseline_dqn_statev1_sparse_seed44_20261010_112533_948291_7d530b6b,dqn,44,v1,sparse,93,1264,-10.0,0,12,0.8812567014332137,0.03255708653402204,265,True,False,True,0.42554316704627126
baseline_dqn_statev1_sparse_seed44_20261010_112533_948291_7d530b6b,dqn,44,v1,sparse,94,1278,-10.0,0,14,0.8800237436741165,0.05016901467128524,279,True,False,True,0.4306160840205848
baseline_dqn_statev1_sparse_seed44_20261010_112533_948291_7d530b6b,dqn,44,v1,sparse,95,1289,-10.0,0,11,0.8790562014239592,0.04623471657660874,290,True,False,True,0.43456458405125886
baseline_dqn_statev1_sparse_seed44_20261010_112533_948291_7d530b6b,dqn,44,v1,sparse,96,1307,-10.0,0,18,0.8774752445003438,0.07065365323796868,308,True,False,True,0.44108729204162955
baseline_dqn_statev1_sparse_seed44_20261010_112533_948291_7d530b6b,dqn,44,v1,sparse,97,1325,-10.0,0,18,0.8758971308816158,0.06897005561687466,326,True,False,True,0.4475248750532046
baseline_dqn_statev1_sparse_seed44_20261010_112533_948291_7d530b6b,dqn,44,v1,sparse,98,1340,0.0,1,15,0.8745842044788674,0.1082571929320693,341,True,False,True,0.45305479201488197
baseline_dqn_statev1_sparse_seed44_20261010_112533_948291_7d530b6b,dqn,44,v1,sparse,99,1400,-10.0,0,60,0.8693521495067424,0.04604552886836852,401,True,False,True,0.47453945904271677
baseline_dqn_statev1_sparse_seed44_20261010_112533_948291_7d530b6b,dqn,44,v1,sparse,100,1402,-10.0,0,2,0.8691782877703627,0.0013793434482067823,403,True,False,True,0.4752662500250153
baseline_dqn_statev1_sparse_seed44_20261010_112533_948291_7d530b6b,dqn,44,v1,sparse,101,1458,-10.0,0,56,0.8643242506427495,0.06190931809708543,459,True,False,True,0.49703979201149195
baseline_dqn_statev1_sparse_seed44_20261010_112533_948291_7d530b6b,dqn,44,v1,sparse,102,1466,-10.0,0,8,0.8636330332046294,0.05670527480833698,467,True,False,True,0.49999291700078174
baseline_dqn_statev1_sparse_seed44_20261010_112533_948291_7d530b6b,dqn,44,v1,sparse,103,1479,-10.0,0,13,0.8625109836482919,0.05751906479081999,480,True,False,True,0.5047739170258865
baseline_dqn_statev1_sparse_seed44_20261010_112533_948291_7d530b6b,dqn,44,v1,sparse,104,1505,0.0,1,26,0.860271256010264,0.051990083490426726,506,True,False,True,0.514475959003903
baseline_dqn_statev1_sparse_seed44_20261010_112533_948291_7d530b6b,dqn,44,v1,sparse,105,1544,-10.0,0,39,0.8569225648668832,0.06706782435186398,545,True,False,True,0.5289885840029456
baseline_dqn_statev1_sparse_seed44_20261010_112533_948291_7d530b6b,dqn,44,v1,sparse,106,1556,-10.0,0,12,0.8558948231694552,0.13232074798240015,557,True,False,True,0.5333952920045704
baseline_dqn_statev1_sparse_seed44_20261010_112533_948291_7d530b6b,dqn,44,v1,sparse,107,1579,0.0,1,23,0.853928428975036,0.05114504821983207,580,True,False,True,0.5417104590451345
baseline_dqn_statev1_sparse_seed44_20261010_112533_948291_7d530b6b,dqn,44,v1,sparse,108,1604,-10.0,0,25,0.8517961677249299,0.06476347892545163,605,True,False,True,0.5506270000478253
baseline_dqn_statev1_sparse_seed44_20261010_112533_948291_7d530b6b,dqn,44,v1,sparse,109,1621,-10.0,0,17,0.8503492721035674,0.05142122070195482,622,True,False,True,0.5567265840363689
baseline_dqn_statev1_sparse_seed44_20261010_112533_948291_7d530b6b,dqn,44,v1,sparse,110,1642,-10.0,0,21,0.8485653232351658,0.07687197750922115,643,True,False,True,0.564254000026267
baseline_dqn_statev1_sparse_seed44_20261010_112533_948291_7d530b6b,dqn,44,v1,sparse,111,1668,-10.0,0,26,0.8463618090270535,0.08169651846849145,669,True,False,True,0.5739453340065666
baseline_dqn_statev1_sparse_seed44_20261010_112533_948291_7d530b6b,dqn,44,v1,sparse,112,1686,-10.0,0,18,0.8448396520140002,0.0900384843763378,687,True,False,True,0.5803790840436704
baseline_dqn_statev1_sparse_seed44_20261010_112533_948291_7d530b6b,dqn,44,v1,sparse,113,1692,-10.0,0,6,0.8443328749318442,0.05023348971735686,693,True,False,True,0.5825188750168309
baseline_dqn_statev1_sparse_seed44_20261010_112533_948291_7d530b6b,dqn,44,v1,sparse,114,1693,-10.0,0,1,0.844248441644351,0.14007379114627838,694,True,False,True,0.5829007920110598
baseline_dqn_statev1_sparse_seed44_20261010_112533_948291_7d530b6b,dqn,44,v1,sparse,115,1742,-10.0,0,49,0.8401215371054063,0.08611411390094352,743,True,False,True,0.6004231670522131
baseline_dqn_statev1_sparse_seed44_20261010_112533_948291_7d530b6b,dqn,44,v1,sparse,116,1774,0.0,1,32,0.8374373110255098,0.0792715337665868,775,True,False,True,0.6118034170358442
baseline_dqn_statev1_sparse_seed44_20261010_112533_948291_7d530b6b,dqn,44,v1,sparse,117,1778,-10.0,0,4,0.8371023863439886,0.07153985527111217,779,True,False,True,0.6132570420159027
baseline_dqn_statev1_sparse_seed44_20261010_112533_948291_7d530b6b,dqn,44,v1,sparse,118,1787,-10.0,0,9,0.8363492954828321,0.06552191660739481,788,True,False,True,0.616455000010319
baseline_dqn_statev1_sparse_seed44_20261010_112533_948291_7d530b6b,dqn,44,v1,sparse,119,1793,-10.0,0,6,0.835847611341211,0.02972531958948821,794,True,False,True,0.618610167002771
baseline_dqn_statev1_sparse_seed44_20261010_112533_948291_7d530b6b,dqn,44,v1,sparse,120,1838,-10.0,0,45,0.8320945601332942,0.08298834951904913,839,True,False,True,0.6347057920065708
baseline_dqn_statev1_sparse_seed44_20261010_112533_948291_7d530b6b,dqn,44,v1,sparse,121,1842,-10.0,0,4,0.8317617722315862,0.06783582121715881,843,True,False,True,0.6361644170247018
baseline_dqn_statev1_sparse_seed44_20261010_112533_948291_7d530b6b,dqn,44,v1,sparse,122,1859,-10.0,0,17,0.8303489078494027,0.051877134116640425,860,True,False,True,0.642570334021002
baseline_dqn_statev1_sparse_seed44_20261010_112533_948291_7d530b6b,dqn,44,v1,sparse,123,1863,-10.0,0,4,0.8300168181038762,0.10905030189314857,864,True,False,True,0.6440618750057183
baseline_dqn_statev1_sparse_seed44_20261010_112533_948291_7d530b6b,dqn,44,v1,sparse,124,1889,0.0,1,26,0.8278614697746616,0.08859840917956227,890,True,False,True,0.6534795840270817
baseline_dqn_statev1_sparse_seed44_20261010_112533_948291_7d530b6b,dqn,44,v1,sparse,125,1900,-10.0,0,11,0.8269512773451482,0.07635571556800808,901,True,False,True,0.6575652090250514
baseline_dqn_statev1_sparse_seed44_20261010_112533_948291_7d530b6b,dqn,44,v1,sparse,126,1925,-10.0,0,25,0.8248863781046752,0.05538995832204819,926,True,False,True,0.6665779169998132
baseline_dqn_statev1_sparse_seed44_20261010_112533_948291_7d530b6b,dqn,44,v1,sparse,127,1926,-10.0,0,1,0.8248038894668648,0.0010684092994779348,927,True,False,True,0.6669593750266358
baseline_dqn_statev1_sparse_seed44_20261010_112533_948291_7d530b6b,dqn,44,v1,sparse,128,1942,-10.0,0,16,0.8234851925466452,0.08665172554901801,943,True,False,True,0.6726237090188079
baseline_dqn_statev1_sparse_seed44_20261010_112533_948291_7d530b6b,dqn,44,v1,sparse,129,1948,-10.0,0,6,0.8229912249374277,0.06420260101246338,949,True,False,True,0.6748172500520013
baseline_dqn_statev1_sparse_seed44_20261010_112533_948291_7d530b6b,dqn,44,v1,sparse,130,1972,-10.0,0,24,0.8210183157884989,0.07164897496598617,973,True,False,True,0.6834600420552306
baseline_dqn_statev1_sparse_seed44_20261010_112533_948291_7d530b6b,dqn,44,v1,sparse,131,1981,-10.0,0,9,0.8202796948019279,0.06512684625987378,982,True,False,True,0.6867119170492515
baseline_dqn_statev1_sparse_seed44_20261010_112533_948291_7d530b6b,dqn,44,v1,sparse,132,1983,-10.0,0,2,0.8201156470657645,0.0039096795953810215,984,True,False,True,0.6874375420156866
baseline_dqn_statev1_sparse_seed44_20261010_112533_948291_7d530b6b,dqn,44,v1,sparse,133,2002,0.0,1,19,0.8185588289397216,0.08654644305964834,1003,True,False,True,0.6948755840421654
baseline_dqn_statev1_sparse_seed44_20261010_112533_948291_7d530b6b,dqn,44,v1,sparse,134,2037,-10.0,0,35,0.8156987381102812,0.09762165817831243,1038,True,False,True,0.7076072920463048
baseline_dqn_statev1_sparse_seed44_20261010_112533_948291_7d530b6b,dqn,44,v1,sparse,135,2040,-10.0,0,3,0.8154540529589945,0.09534652267272274,1041,True,False,True,0.7087216670042835
baseline_dqn_statev1_sparse_seed44_20261010_112533_948291_7d530b6b,dqn,44,v1,sparse,136,2068,-10.0,0,28,0.8131738613572713,0.11384487310091831,1069,True,False,True,0.7186945000430569
baseline_dqn_statev1_sparse_seed44_20261010_112533_948291_7d530b6b,dqn,44,v1,sparse,137,2074,-10.0,0,6,0.8126860790002739,0.010071016537646452,1075,True,False,True,0.7208631250541657
baseline_dqn_statev1_sparse_seed44_20261010_112533_948291_7d530b6b,dqn,44,v1,sparse,138,2087,-10.0,0,13,0.8116302207603451,0.04062694560091656,1088,True,False,True,0.7255667500430718
baseline_dqn_statev1_sparse_seed44_20261010_112533_948291_7d530b6b,dqn,44,v1,sparse,139,2113,0.0,1,26,0.80952261787556,0.08519863226236059,1114,True,False,True,0.7347434590337798
baseline_dqn_statev1_sparse_seed44_20261010_112533_948291_7d530b6b,dqn,44,v1,sparse,140,2115,-10.0,0,2,0.8093607214472112,0.010197490453720093,1116,True,False,True,0.7354650000343099
baseline_dqn_statev1_sparse_seed44_20261010_112533_948291_7d530b6b,dqn,44,v1,sparse,141,2170,-10.0,0,55,0.8049212352799624,0.05971302070485597,1171,True,False,True,0.7554830420413055
baseline_dqn_statev1_sparse_seed44_20261010_112533_948291_7d530b6b,dqn,44,v1,sparse,142,2215,0.0,1,45,0.8013070470315828,0.061860489151957965,1216,True,False,True,0.7715959170018323
baseline_dqn_statev1_sparse_seed44_20261010_112533_948291_7d530b6b,dqn,44,v1,sparse,143,2226,-10.0,0,11,0.8004260498665349,0.04212904277003624,1227,True,False,True,0.7754543340415694
baseline_dqn_statev1_sparse_seed44_20261010_112533_948291_7d530b6b,dqn,44,v1,sparse,144,2232,-10.0,0,6,0.7999459142845152,0.04957719147205353,1233,True,False,True,0.7776626250124536
baseline_dqn_statev1_sparse_seed44_20261010_112533_948291_7d530b6b,dqn,44,v1,sparse,145,2253,0.0,1,21,0.7982677066874884,0.091801551481088,1254,True,False,True,0.7850573340547271
baseline_dqn_statev1_sparse_seed44_20261010_112533_948291_7d530b6b,dqn,44,v1,sparse,146,2258,-10.0,0,5,0.797868652652933,0.06254590619355441,1259,True,False,True,0.786858375009615
baseline_dqn_statev1_sparse_seed44_20261010_112533_948291_7d530b6b,dqn,44,v1,sparse,147,2268,-10.0,0,10,0.7970711429454465,0.08831289985682815,1269,True,False,True,0.790379042038694
baseline_dqn_statev1_sparse_seed44_20261010_112533_948291_7d530b6b,dqn,44,v1,sparse,148,2318,0.0,1,50,0.7930955357479659,0.06836299636866898,1319,True,False,True,0.8080889170523733
baseline_dqn_statev1_sparse_seed44_20261010_112533_948291_7d530b6b,dqn,44,v1,sparse,149,2365,-10.0,0,47,0.7893765472467822,0.06594000640820633,1366,True,False,True,0.8246257500140928
baseline_dqn_statev1_sparse_seed44_20261010_112533_948291_7d530b6b,dqn,44,v1,sparse,150,2415,0.0,1,50,0.7854393189196349,0.0961046422412619,1416,True,False,True,0.842354417021852
baseline_dqn_statev1_sparse_seed44_20261010_112533_948291_7d530b6b,dqn,44,v1,sparse,151,2500,-10.0,0,85,0.7787910474734399,0.07456823822165674,1501,True,False,True,0.8747360420529731
baseline_dqn_statev1_sparse_seed44_20261010_112533_948291_7d530b6b,dqn,44,v1,sparse,152,2523,-10.0,0,23,0.7770017970270515,0.05563436578149381,1524,True,False,True,0.8830422920291312
baseline_dqn_statev1_sparse_seed44_20261010_112533_948291_7d530b6b,dqn,44,v1,sparse,153,2529,-10.0,0,6,0.7765357124835661,0.09393344299557309,1530,True,False,True,0.8851858750567771
baseline_dqn_statev1_sparse_seed44_20261010_112533_948291_7d530b6b,dqn,44,v1,sparse,154,2543,-10.0,0,14,0.7754492688510063,0.09301173583870488,1544,True,False,True,0.8902719170437194
baseline_dqn_statev1_sparse_seed44_20261010_112533_948291_7d530b6b,dqn,44,v1,sparse,155,2550,-10.0,0,7,0.7749066171800192,0.15407632710412145,1551,True,False,True,0.8927804170525633
baseline_dqn_statev1_sparse_seed44_20261010_112533_948291_7d530b6b,dqn,44,v1,sparse,156,2574,0.0,1,24,0.7730489784734628,0.09469973093170363,1575,True,False,True,0.9012050420278683
baseline_dqn_statev1_sparse_seed44_20261010_112533_948291_7d530b6b,dqn,44,v1,sparse,157,2664,0.0,1,90,0.7661224076581856,0.08285044607085486,1665,True,False,True,0.9332432920346037
baseline_dqn_statev1_sparse_seed44_20261010_112533_948291_7d530b6b,dqn,44,v1,sparse,158,2695,0.0,1,31,0.76375098722233,0.07527352017050068,1696,True,False,True,0.9443267920287326
baseline_dqn_statev1_sparse_seed44_20261010_112533_948291_7d530b6b,dqn,44,v1,sparse,159,2721,-10.0,0,26,0.7617677148616496,0.0742300040840816,1722,True,False,True,0.9536399170174263
baseline_dqn_statev1_sparse_seed44_20261010_112533_948291_7d530b6b,dqn,44,v1,sparse,160,2735,0.0,1,14,0.7607019329922566,0.14760078709306462,1736,True,False,True,0.9587614170159213
baseline_dqn_statev1_sparse_seed44_20261010_112533_948291_7d530b6b,dqn,44,v1,sparse,161,2779,10.0,2,44,0.7573620306629588,0.1060035830702294,1780,True,False,True,0.9748366250423715
baseline_dqn_statev1_sparse_seed44_20261010_112533_948291_7d530b6b,dqn,44,v1,sparse,162,2783,-10.0,0,4,0.7570591312893862,0.009494921076111495,1784,True,False,True,0.9763370420550928
baseline_dqn_statev1_sparse_seed44_20261010_112533_948291_7d530b6b,dqn,44,v1,sparse,163,2808,-10.0,0,25,0.7551687528982781,0.07967935107648373,1809,True,False,True,0.9852039170218632
baseline_dqn_statev1_sparse_seed44_20261010_112533_948291_7d530b6b,dqn,44,v1,sparse,164,2835,0.0,1,27,0.7531324457002317,0.10807048467298348,1836,True,False,True,0.9948721670079976
baseline_dqn_statev1_sparse_seed44_20261010_112533_948291_7d530b6b,dqn,44,v1,sparse,165,2860,-10.0,0,25,0.751251872252066,0.08729511324316264,1861,True,False,True,1.003753292025067
baseline_dqn_statev1_sparse_seed44_20261010_112533_948291_7d530b6b,dqn,44,v1,sparse,166,2911,10.0,2,51,0.7474300505388882,0.06395204394471411,1912,True,False,True,1.0222771250410005
baseline_dqn_statev1_sparse_seed44_20261010_112533_948291_7d530b6b,dqn,44,v1,sparse,167,2972,10.0,2,61,0.7428843783394793,0.12625967604337168,1973,True,False,True,1.0443921250407584
baseline_dqn_statev1_sparse_seed44_20261010_112533_948291_7d530b6b,dqn,44,v1,sparse,168,3020,0.0,1,48,0.7393269002247516,0.11193600612265679,2021,True,False,True,1.0617306250496767
baseline_dqn_statev1_sparse_seed44_20261010_112533_948291_7d530b6b,dqn,44,v1,sparse,169,3033,0.0,1,13,0.738366351718047,0.11297576061378305,2034,True,False,True,1.0663687090273015
baseline_dqn_statev1_sparse_seed44_20261010_112533_948291_7d530b6b,dqn,44,v1,sparse,170,3048,-10.0,0,15,0.7372595771392834,0.18532483267287414,2049,True,False,True,1.0717023750185035
baseline_dqn_statev1_sparse_seed44_20261010_112533_948291_7d530b6b,dqn,44,v1,sparse,171,3049,-10.0,0,1,0.7371858511815694,0.009674163535237312,2050,True,False,True,1.0721020000055432
baseline_dqn_statev1_sparse_seed44_20261010_112533_948291_7d530b6b,dqn,44,v1,sparse,172,3062,-10.0,0,13,0.7362280843692149,0.06495668624456112,2063,True,False,True,1.076848584052641
baseline_dqn_statev1_sparse_seed44_20261010_112533_948291_7d530b6b,dqn,44,v1,sparse,173,3078,0.0,1,16,0.735051002495772,0.06748996232636273,2079,True,False,True,1.0831663749995641
baseline_dqn_statev1_sparse_seed44_20261010_112533_948291_7d530b6b,dqn,44,v1,sparse,174,3113,0.0,1,35,0.7324826927334398,0.12252973509686334,2114,True,False,True,1.0959916670108214
baseline_dqn_statev1_sparse_seed44_20261010_112533_948291_7d530b6b,dqn,44,v1,sparse,175,3120,-10.0,0,7,0.7319701086442577,0.16623790934681892,2121,True,False,True,1.0986183340428397
baseline_dqn_statev1_sparse_seed44_20261010_112533_948291_7d530b6b,dqn,44,v1,sparse,176,3147,-10.0,0,27,0.7299963564262711,0.11597623041382542,2148,True,False,True,1.1082160840160213
baseline_dqn_statev1_sparse_seed44_20261010_112533_948291_7d530b6b,dqn,44,v1,sparse,177,3155,-10.0,0,8,0.7294125636992354,0.15546596329659224,2156,True,False,True,1.1111260420293547
baseline_dqn_statev1_sparse_seed44_20261010_112533_948291_7d530b6b,dqn,44,v1,sparse,178,3190,10.0,2,35,0.7268639549608542,0.1425180757551321,2191,True,False,True,1.1236197500256822
baseline_dqn_statev1_sparse_seed44_20261010_112533_948291_7d530b6b,dqn,44,v1,sparse,179,3192,-10.0,0,2,0.7267185894385016,0.02686585020273924,2193,True,False,True,1.1243434590287507
baseline_dqn_statev1_sparse_seed44_20261010_112533_948291_7d530b6b,dqn,44,v1,sparse,180,3202,0.0,1,10,0.7259921977852374,0.11226585218682886,2203,True,False,True,1.127887084032409
baseline_dqn_statev1_sparse_seed44_20261010_112533_948291_7d530b6b,dqn,44,v1,sparse,181,3218,0.0,1,16,0.7248314810529952,0.10262162564322352,2219,True,False,True,1.1337258340208791
baseline_dqn_statev1_sparse_seed44_20261010_112533_948291_7d530b6b,dqn,44,v1,sparse,182,3219,-10.0,0,1,0.72475899790489,0.13037019968032837,2220,True,False,True,1.1341120840515941
baseline_dqn_statev1_sparse_seed44_20261010_112533_948291_7d530b6b,dqn,44,v1,sparse,183,3253,0.0,1,34,0.7222988788763931,0.1164780344321009,2254,True,False,True,1.1466120000113733
baseline_dqn_statev1_sparse_seed44_20261010_112533_948291_7d530b6b,dqn,44,v1,sparse,184,3286,-10.0,0,33,0.7199191023762731,0.08302368387354142,2287,True,False,True,1.1585516670020297
baseline_dqn_statev1_sparse_seed44_20261010_112533_948291_7d530b6b,dqn,44,v1,sparse,185,3377,10.0,2,91,0.7133972319645958,0.13983521711818137,2378,True,False,True,1.1915846670162864
baseline_dqn_statev1_sparse_seed44_20261010_112533_948291_7d530b6b,dqn,44,v1,sparse,186,3378,-10.0,0,1,0.7133258922413993,0.13529418408870697,2379,True,False,True,1.1919637090177275
baseline_dqn_statev1_sparse_seed44_20261010_112533_948291_7d530b6b,dqn,44,v1,sparse,187,3379,-10.0,0,1,0.7132545596521752,0.12408462166786194,2380,True,False,True,1.1923400840023533
baseline_dqn_statev1_sparse_seed44_20261010_112533_948291_7d530b6b,dqn,44,v1,sparse,188,3402,-10.0,0,23,0.7116158774364688,0.1181027702987194,2403,True,False,True,1.2004869590164162
baseline_dqn_statev1_sparse_seed44_20261010_112533_948291_7d530b6b,dqn,44,v1,sparse,189,3406,-10.0,0,4,0.7113312737796005,0.08813106548041105,2407,True,False,True,1.201938375015743
baseline_dqn_statev1_sparse_seed44_20261010_112533_948291_7d530b6b,dqn,44,v1,sparse,190,3452,0.0,1,46,0.7080665014124875,0.11945840918823429,2453,True,False,True,1.2183734590071253
baseline_dqn_statev1_sparse_seed44_20261010_112533_948291_7d530b6b,dqn,44,v1,sparse,191,3454,-10.0,0,2,0.70792489519287,0.15794727951288223,2455,True,False,True,1.2191377500421368
baseline_dqn_statev1_sparse_seed44_20261010_112533_948291_7d530b6b,dqn,44,v1,sparse,192,3455,-10.0,0,1,0.7078541027033508,0.019270481541752815,2456,True,False,True,1.2195153750362806
baseline_dqn_statev1_sparse_seed44_20261010_112533_948291_7d530b6b,dqn,44,v1,sparse,193,3457,-10.0,0,2,0.7077125389613512,0.16517241299152374,2458,True,False,True,1.2202513340162113
baseline_dqn_statev1_sparse_seed44_20261010_112533_948291_7d530b6b,dqn,44,v1,sparse,194,3461,-10.0,0,4,0.7074294964056882,0.10694093117490411,2462,True,False,True,1.2216699170530774
baseline_dqn_statev1_sparse_seed44_20261010_112533_948291_7d530b6b,dqn,44,v1,sparse,195,3463,-10.0,0,2,0.707288017580702,0.14994844049215317,2464,True,False,True,1.2223875840427354
baseline_dqn_statev1_sparse_seed44_20261010_112533_948291_7d530b6b,dqn,44,v1,sparse,196,3489,10.0,2,26,0.7054513655831575,0.11077881919649932,2490,True,False,True,1.2320112090092152
baseline_dqn_statev1_sparse_seed44_20261010_112533_948291_7d530b6b,dqn,44,v1,sparse,197,3496,-10.0,0,7,0.7049576977473478,0.09390995425305196,2497,True,False,True,1.2345476670307107
baseline_dqn_statev1_sparse_seed44_20261010_112533_948291_7d530b6b,dqn,44,v1,sparse,198,3497,-10.0,0,1,0.7048872019775732,0.030635515227913857,2498,True,False,True,1.2349267090321518
baseline_dqn_statev1_sparse_seed44_20261010_112533_948291_7d530b6b,dqn,44,v1,sparse,199,3555,-10.0,0,58,0.7008104862714266,0.10241813318611219,2556,True,False,True,1.2558745000278577
baseline_dqn_statev1_sparse_seed44_20261010_112533_948291_7d530b6b,dqn,44,v1,sparse,200,3560,-10.0,0,5,0.7004601511023318,0.15918400324881077,2561,True,False,True,1.2577097920002416
baseline_dqn_statev1_sparse_seed44_20261010_112533_948291_7d530b6b,dqn,44,v1,sparse,201,3583,-10.0,0,23,0.698850863679084,0.14483771849747584,2584,True,False,True,1.2676031670416705
baseline_dqn_statev1_sparse_seed44_20261010_112533_948291_7d530b6b,dqn,44,v1,sparse,202,3631,-10.0,0,48,0.6955042504974291,0.09186535619664937,2632,True,False,True,1.2851815420435742
baseline_dqn_statev1_sparse_seed44_20261010_112533_948291_7d530b6b,dqn,44,v1,sparse,203,3633,-10.0,0,2,0.6953651566023722,0.08391173370182514,2634,True,False,True,1.2859231250477023
baseline_dqn_statev1_sparse_seed44_20261010_112533_948291_7d530b6b,dqn,44,v1,sparse,204,3634,-10.0,0,1,0.695295620086712,0.16637666523456573,2635,True,False,True,1.2862977500190027
baseline_dqn_statev1_sparse_seed44_20261010_112533_948291_7d530b6b,dqn,44,v1,sparse,205,3652,-10.0,0,18,0.6940451512057061,0.1399730877019465,2653,True,False,True,1.292820375005249
baseline_dqn_statev1_sparse_seed44_20261010_112533_948291_7d530b6b,dqn,44,v1,sparse,206,3664,-10.0,0,12,0.6932127549414036,0.14166243203605214,2665,True,False,True,1.297167584009003
baseline_dqn_statev1_sparse_seed44_20261010_112533_948291_7d530b6b,dqn,44,v1,sparse,207,3680,-10.0,0,16,0.6921044460007305,0.11903460731264204,2681,True,False,True,1.302856000023894
baseline_dqn_statev1_sparse_seed44_20261010_112533_948291_7d530b6b,dqn,44,v1,sparse,208,3693,-10.0,0,13,0.6912052498645053,0.11921451427042484,2694,True,False,True,1.3074313340475783
baseline_dqn_statev1_sparse_seed44_20261010_112533_948291_7d530b6b,dqn,44,v1,sparse,209,3703,-10.0,0,10,0.6905143555740731,0.1496318906545639,2704,True,False,True,1.3109380420064554
baseline_dqn_statev1_sparse_seed44_20261010_112533_948291_7d530b6b,dqn,44,v1,sparse,210,3724,-10.0,0,21,0.6890657245895434,0.1458841155593594,2725,True,False,True,1.318522292014677
baseline_dqn_statev1_sparse_seed44_20261010_112533_948291_7d530b6b,dqn,44,v1,sparse,211,3780,10.0,2,56,0.685217549068382,0.12480153600751821,2781,True,False,True,1.3388476670370437
baseline_dqn_statev1_sparse_seed44_20261010_112533_948291_7d530b6b,dqn,44,v1,sparse,212,3809,0.0,1,29,0.6832331976571747,0.1142021313566586,2810,True,False,True,1.3496406250051223
baseline_dqn_statev1_sparse_seed44_20261010_112533_948291_7d530b6b,dqn,44,v1,sparse,213,3812,-10.0,0,3,0.6830282481941903,0.3726232883830865,2813,True,False,True,1.3507559590507299
baseline_dqn_statev1_sparse_seed44_20261010_112533_948291_7d530b6b,dqn,44,v1,sparse,214,3837,0.0,1,25,0.6813227250883483,0.11030293848365545,2838,True,False,True,1.359950584010221
baseline_dqn_statev1_sparse_seed44_20261010_112533_948291_7d530b6b,dqn,44,v1,sparse,215,3855,-10.0,0,18,0.680097386051208,0.10840131269974841,2856,True,False,True,1.3666618750430644
baseline_dqn_statev1_sparse_seed44_20261010_112533_948291_7d530b6b,dqn,44,v1,sparse,216,3864,-10.0,0,9,0.6794855431817013,0.22331801284518507,2865,True,False,True,1.3698695840430446
baseline_dqn_statev1_sparse_seed44_20261010_112533_948291_7d530b6b,dqn,44,v1,sparse,217,3887,-10.0,0,23,0.6779244443280403,0.10972225439289342,2888,True,False,True,1.3783031250350177
baseline_dqn_statev1_sparse_seed44_20261010_112533_948291_7d530b6b,dqn,44,v1,sparse,218,3896,-10.0,0,9,0.6773145563240078,0.13476706482470036,2897,True,False,True,1.3816215420374647
baseline_dqn_statev1_sparse_seed44_20261010_112533_948291_7d530b6b,dqn,44,v1,sparse,219,3916,0.0,1,20,0.6759612133372063,0.12489545121788978,2917,True,False,True,1.3889601250411943
baseline_dqn_statev1_sparse_seed44_20261010_112533_948291_7d530b6b,dqn,44,v1,sparse,220,3922,-10.0,0,6,0.6755557379898678,0.12824053348352513,2923,True,False,True,1.3911481250543147
baseline_dqn_statev1_sparse_seed44_20261010_112533_948291_7d530b6b,dqn,44,v1,sparse,221,3941,-10.0,0,19,0.6742733366336472,0.11961810035925162,2942,True,False,True,1.398683792038355
baseline_dqn_statev1_sparse_seed44_20261010_112533_948291_7d530b6b,dqn,44,v1,sparse,222,3944,-10.0,0,3,0.6740710748601829,0.027415663469582796,2945,True,False,True,1.399813542026095
baseline_dqn_statev1_sparse_seed44_20261010_112533_948291_7d530b6b,dqn,44,v1,sparse,223,3977,-10.0,0,33,0.6718501957334451,0.14746115526015108,2978,True,False,True,1.4123850420000963
baseline_dqn_statev1_sparse_seed44_20261010_112533_948291_7d530b6b,dqn,44,v1,sparse,224,3990,-10.0,0,13,0.6709773143300432,0.09510582133841056,2991,True,False,True,1.4170920840115286
baseline_dqn_statev1_sparse_seed44_20261010_112533_948291_7d530b6b,dqn,44,v1,sparse,225,4008,10.0,2,18,0.669770581212228,0.1681758293675052,3009,True,False,True,1.423961959022563
baseline_dqn_statev1_sparse_seed44_20261010_112533_948291_7d530b6b,dqn,44,v1,sparse,226,4032,10.0,2,24,0.668164979029219,0.15902348762998977,3033,True,False,True,1.4329283750266768
baseline_dqn_statev1_sparse_seed44_20261010_112533_948291_7d530b6b,dqn,44,v1,sparse,227,4047,-10.0,0,15,0.6671634328299793,0.15150204648574192,3048,True,False,True,1.4384446250041947
baseline_dqn_statev1_sparse_seed44_20261010_112533_948291_7d530b6b,dqn,44,v1,sparse,228,4064,0.0,1,17,0.6660301618829246,0.17717520103735082,3065,True,False,True,1.4447099590324797
baseline_dqn_statev1_sparse_seed44_20261010_112533_948291_7d530b6b,dqn,44,v1,sparse,229,4068,-10.0,0,4,0.6657637897773171,0.1383553333580494,3069,True,False,True,1.4461709590395913
baseline_dqn_statev1_sparse_seed44_20261010_112533_948291_7d530b6b,dqn,44,v1,sparse,230,4093,0.0,1,25,0.6641013760638284,0.1366888775676489,3094,True,False,True,1.4554358340101317
baseline_dqn_statev1_sparse_seed44_20261010_112533_948291_7d530b6b,dqn,44,v1,sparse,231,4104,-10.0,0,11,0.6633712296963603,0.13983639228073033,3105,True,False,True,1.459624667011667
baseline_dqn_statev1_sparse_seed44_20261010_112533_948291_7d530b6b,dqn,44,v1,sparse,232,4126,-10.0,0,22,0.6619133443574623,0.1412940344519236,3127,True,False,True,1.4688635840429924
baseline_dqn_statev1_sparse_seed44_20261010_112533_948291_7d530b6b,dqn,44,v1,sparse,233,4133,-10.0,0,7,0.6614501439950498,0.1216924541762897,3134,True,False,True,1.4716183750424534
baseline_dqn_statev1_sparse_seed44_20261010_112533_948291_7d530b6b,dqn,44,v1,sparse,234,4135,-10.0,0,2,0.6613178605807521,0.0649150088429451,3136,True,False,True,1.4724241670337506
baseline_dqn_statev1_sparse_seed44_20261010_112533_948291_7d530b6b,dqn,44,v1,sparse,235,4150,-10.0,0,15,0.6603265778728252,0.11973724197596311,3151,True,False,True,1.4784617500263266
baseline_dqn_statev1_sparse_seed44_20261010_112533_948291_7d530b6b,dqn,44,v1,sparse,236,4175,0.0,1,25,0.6586777408899608,0.1293552850186825,3176,True,False,True,1.4876242090249434
baseline_dqn_statev1_sparse_seed44_20261010_112533_948291_7d530b6b,dqn,44,v1,sparse,237,4212,10.0,2,37,0.6562450149288439,0.16195056204860275,3213,True,False,True,1.5012785000144504
baseline_dqn_statev1_sparse_seed44_20261010_112533_948291_7d530b6b,dqn,44,v1,sparse,238,4230,0.0,1,18,0.6550647774215498,0.14254006184637547,3231,True,False,True,1.5078450420405716
baseline_dqn_statev1_sparse_seed44_20261010_112533_948291_7d530b6b,dqn,44,v1,sparse,239,4231,-10.0,0,1,0.6549992709438076,0.155918151140213,3232,True,False,True,1.5082232090062462
baseline_dqn_statev1_sparse_seed44_20261010_112533_948291_7d530b6b,dqn,44,v1,sparse,240,4293,20.0,3,62,0.6509506367645937,0.16333083712285565,3294,True,False,True,1.5307900000480004
baseline_dqn_statev1_sparse_seed44_20261010_112533_948291_7d530b6b,dqn,44,v1,sparse,241,4326,-10.0,0,33,0.6488059331337088,0.14697758469617728,3327,True,False,True,1.5432620420469902
baseline_dqn_statev1_sparse_seed44_20261010_112533_948291_7d530b6b,dqn,44,v1,sparse,242,4330,-10.0,0,4,0.6485464496862162,0.19535229168832302,3331,True,False,True,1.544736375042703
baseline_dqn_statev1_sparse_seed44_20261010_112533_948291_7d530b6b,dqn,44,v1,sparse,243,4339,-10.0,0,9,0.6479629913037508,0.20246359343743986,3340,True,False,True,1.5479575420031324
baseline_dqn_statev1_sparse_seed44_20261010_112533_948291_7d530b6b,dqn,44,v1,sparse,244,4341,-10.0,0,2,0.64783340518512,0.11361763440072536,3342,True,False,True,1.548717709025368
baseline_dqn_statev1_sparse_seed44_20261010_112533_948291_7d530b6b,dqn,44,v1,sparse,245,4405,20.0,3,64,0.6437003047631654,0.17561522583127953,3406,True,False,True,1.5723767500021495
baseline_dqn_statev1_sparse_seed44_20261010_112533_948291_7d530b6b,dqn,44,v1,sparse,246,4422,-10.0,0,17,0.6426068892399196,0.19982624382657163,3423,True,False,True,1.5785492920549586
baseline_dqn_statev1_sparse_seed44_20261010_112533_948291_7d530b6b,dqn,44,v1,sparse,247,4426,0.0,1,4,0.6423498850380668,0.12350128777325153,3427,True,False,True,1.5800800840370357
baseline_dqn_statev1_sparse_seed44_20261010_112533_948291_7d530b6b,dqn,44,v1,sparse,248,4468,-10.0,0,42,0.639657538786425,0.18108486162409895,3469,True,False,True,1.595305000024382
baseline_dqn_statev1_sparse_seed44_20261010_112533_948291_7d530b6b,dqn,44,v1,sparse,249,4489,0.0,1,21,0.6383156003854431,0.1622346623667649,3490,True,False,True,1.6030224590213038
baseline_dqn_statev1_sparse_seed44_20261010_112533_948291_7d530b6b,dqn,44,v1,sparse,250,4507,-10.0,0,18,0.637167608406948,0.13980816470252144,3508,True,False,True,1.6095150840119459
baseline_dqn_statev1_sparse_seed44_20261010_112533_948291_7d530b6b,dqn,44,v1,sparse,251,4523,-10.0,0,16,0.6361489044779289,0.12549722811672837,3524,True,False,True,1.6153841250343248
baseline_dqn_statev1_sparse_seed44_20261010_112533_948291_7d530b6b,dqn,44,v1,sparse,252,4533,-10.0,0,10,0.6355130417641337,0.20232541859149933,3534,True,False,True,1.6192996670142747
baseline_dqn_statev1_sparse_seed44_20261010_112533_948291_7d530b6b,dqn,44,v1,sparse,253,4542,0.0,1,9,0.6349413087578658,0.16769928547243276,3543,True,False,True,1.6226660000393167
baseline_dqn_statev1_sparse_seed44_20261010_112533_948291_7d530b6b,dqn,44,v1,sparse,254,4543,-10.0,0,1,0.63487781462699,0.3008687496185303,3544,True,False,True,1.623052125039976
baseline_dqn_statev1_sparse_seed44_20261010_112533_948291_7d530b6b,dqn,44,v1,sparse,255,4549,-10.0,0,6,0.6344969831571895,0.1798674426972866,3550,True,False,True,1.6252267090021633
baseline_dqn_statev1_sparse_seed44_20261010_112533_948291_7d530b6b,dqn,44,v1,sparse,256,4551,-10.0,0,2,0.6343700901055279,0.1589025165885687,3552,True,False,True,1.6259904590551741
baseline_dqn_statev1_sparse_seed44_20261010_112533_948291_7d530b6b,dqn,44,v1,sparse,257,4575,0.0,1,24,0.632849351467432,0.12162650787892441,3576,True,False,True,1.6348058340372518
baseline_dqn_statev1_sparse_seed44_20261010_112533_948291_7d530b6b,dqn,44,v1,sparse,258,4639,20.0,3,64,0.6288118475340921,0.17695462238043547,3640,True,False,True,1.6576796670560725
baseline_dqn_statev1_sparse_seed44_20261010_112533_948291_7d530b6b,dqn,44,v1,sparse,259,4661,-10.0,0,22,0.6274299130569747,0.19177994182841343,3662,True,False,True,1.6656114170327783
baseline_dqn_statev1_sparse_seed44_20261010_112533_948291_7d530b6b,dqn,44,v1,sparse,260,4667,0.0,1,6,0.6270535492110799,0.2284043418864409,3668,True,False,True,1.6678182920441031
baseline_dqn_statev1_sparse_seed44_20261010_112533_948291_7d530b6b,dqn,44,v1,sparse,261,4709,30.0,4,42,0.6244253160438908,0.1777527957179007,3710,True,False,True,1.6834167090128176
baseline_dqn_statev1_sparse_seed44_20261010_112533_948291_7d530b6b,dqn,44,v1,sparse,262,4738,-10.0,0,29,0.6226170155139792,0.20731104165315628,3739,True,False,True,1.6939244590466842
baseline_dqn_statev1_sparse_seed44_20261010_112533_948291_7d530b6b,dqn,44,v1,sparse,263,4750,0.0,1,12,0.6218702858856479,0.17565683306505284,3751,True,False,True,1.6983675840310752
baseline_dqn_statev1_sparse_seed44_20261010_112533_948291_7d530b6b,dqn,44,v1,sparse,264,4752,-10.0,0,2,0.6217459180471736,0.15947027504444122,3753,True,False,True,1.6991397500387393
baseline_dqn_statev1_sparse_seed44_20261010_112533_948291_7d530b6b,dqn,44,v1,sparse,265,4783,0.0,1,31,0.6198213940269536,0.178681374437386,3784,True,False,True,1.7104440840194002
baseline_dqn_statev1_sparse_seed44_20261010_112533_948291_7d530b6b,dqn,44,v1,sparse,266,4815,0.0,1,32,0.6178410368080954,0.21943187061697245,3816,True,False,True,1.721905084035825
baseline_dqn_statev1_sparse_seed44_20261010_112533_948291_7d530b6b,dqn,44,v1,sparse,267,4862,0.0,1,47,0.6149438527894239,0.20355066823515486,3863,True,False,True,1.738807917048689
baseline_dqn_statev1_sparse_seed44_20261010_112533_948291_7d530b6b,dqn,44,v1,sparse,268,4863,-10.0,0,1,0.614882358404145,0.046323686838150024,3864,True,False,True,1.739187084021978
baseline_dqn_statev1_sparse_seed44_20261010_112533_948291_7d530b6b,dqn,44,v1,sparse,269,4867,-10.0,0,4,0.6146364423512654,0.1291050985455513,3868,True,False,True,1.740637625043746
baseline_dqn_statev1_sparse_seed44_20261010_112533_948291_7d530b6b,dqn,44,v1,sparse,270,4905,0.0,1,38,0.6123051395839814,0.2199160206180654,3906,True,False,True,1.7542916250531562
baseline_dqn_statev1_sparse_seed44_20261010_112533_948291_7d530b6b,dqn,44,v1,sparse,271,4940,0.0,1,35,0.6101657108066852,0.19975644956742014,3941,True,False,True,1.7672044170321897
baseline_dqn_statev1_sparse_seed44_20261010_112533_948291_7d530b6b,dqn,44,v1,sparse,272,4990,40.0,5,50,0.6071223448374007,0.17103788144886495,3991,True,False,True,1.785636417043861
baseline_dqn_statev1_sparse_seed44_20261010_112533_948291_7d530b6b,dqn,44,v1,sparse,273,4992,-10.0,0,2,0.6070009264396566,0.24462620168924332,3993,True,False,True,1.786376875010319
baseline_dqn_statev1_sparse_seed44_20261010_112533_948291_7d530b6b,dqn,44,v1,sparse,274,5013,-10.0,0,21,0.6057274983891308,0.24343521680150712,4014,True,False,True,1.7940975000383332
baseline_dqn_statev1_sparse_seed44_20261010_112533_948291_7d530b6b,dqn,44,v1,sparse,275,5058,-10.0,0,45,0.6030077127623581,0.17026742858191332,4059,True,False,True,1.8103636670275591
baseline_dqn_statev1_sparse_seed44_20261010_112533_948291_7d530b6b,dqn,44,v1,sparse,276,5061,-10.0,0,3,0.6028268285381577,0.16785091906785965,4062,True,False,True,1.8114800000330433
baseline_dqn_statev1_sparse_seed44_20261010_112533_948291_7d530b6b,dqn,44,v1,sparse,277,5065,-10.0,0,4,0.6025857339739409,0.2788682393729687,4066,True,False,True,1.8129891670541838
baseline_dqn_statev1_sparse_seed44_20261010_112533_948291_7d530b6b,dqn,44,v1,sparse,278,5078,-10.0,0,13,0.6018028423643508,0.24779197459037489,4079,True,False,True,1.8176530840573832
baseline_dqn_statev1_sparse_seed44_20261010_112533_948291_7d530b6b,dqn,44,v1,sparse,279,5080,-10.0,0,2,0.6016824878139064,0.1784860845655203,4081,True,False,True,1.818376959010493
baseline_dqn_statev1_sparse_seed44_20261010_112533_948291_7d530b6b,dqn,44,v1,sparse,280,5086,-10.0,0,6,0.6013215685615586,0.21569898103674254,4087,True,False,True,1.820533084042836
baseline_dqn_statev1_sparse_seed44_20261010_112533_948291_7d530b6b,dqn,44,v1,sparse,281,5127,30.0,4,41,0.5988610745633159,0.19669973550409806,4128,True,False,True,1.8358089170069434
baseline_dqn_statev1_sparse_seed44_20261010_112533_948291_7d530b6b,dqn,44,v1,sparse,282,5137,0.0,1,10,0.5982624829043853,0.2855054646730423,4138,True,False,True,1.8394776250352152
baseline_dqn_statev1_sparse_seed44_20261010_112533_948291_7d530b6b,dqn,44,v1,sparse,283,5187,30.0,4,50,0.5952784874930999,0.17868853121995926,4188,True,False,True,1.8582819170551375
baseline_dqn_statev1_sparse_seed44_20261010_112533_948291_7d530b6b,dqn,44,v1,sparse,284,5204,0.0,1,17,0.594267323238457,0.24687620077063055,4205,True,False,True,1.8648175000562333
baseline_dqn_statev1_sparse_seed44_20261010_112533_948291_7d530b6b,dqn,44,v1,sparse,285,5206,-10.0,0,2,0.5941484757164825,0.2986067086458206,4207,True,False,True,1.865578125056345
baseline_dqn_statev1_sparse_seed44_20261010_112533_948291_7d530b6b,dqn,44,v1,sparse,286,5207,-10.0,0,1,0.5940890608689109,0.3698696196079254,4208,True,False,True,1.8659588750451803
baseline_dqn_statev1_sparse_seed44_20261010_112533_948291_7d530b6b,dqn,44,v1,sparse,287,5236,10.0,2,29,0.5923686124245872,0.26842164967594473,4237,True,False,True,1.8765720420051366
baseline_dqn_statev1_sparse_seed44_20261010_112533_948291_7d530b6b,dqn,44,v1,sparse,288,5245,-10.0,0,9,0.591835693876354,0.2919925699631373,4246,True,False,True,1.879837625019718
baseline_dqn_statev1_sparse_seed44_20261010_112533_948291_7d530b6b,dqn,44,v1,sparse,289,5290,10.0,2,45,0.5891782840379423,0.2263216403209501,4291,True,False,True,1.8963273340486921
baseline_dqn_statev1_sparse_seed44_20261010_112533_948291_7d530b6b,dqn,44,v1,sparse,290,5310,-10.0,0,20,0.5880010462372282,0.2507037641480565,4311,True,False,True,1.9034404170233756
baseline_dqn_statev1_sparse_seed44_20261010_112533_948291_7d530b6b,dqn,44,v1,sparse,291,5311,-10.0,0,1,0.5879422461326045,0.34684354066848755,4312,True,False,True,1.9038492920226417
baseline_dqn_statev1_sparse_seed44_20261010_112533_948291_7d530b6b,dqn,44,v1,sparse,292,5323,0.0,1,12,0.5872371033498097,0.16406055012096962,4324,True,False,True,1.9082666670437902
baseline_dqn_statev1_sparse_seed44_20261010_112533_948291_7d530b6b,dqn,44,v1,sparse,293,5354,10.0,2,31,0.5854193963441723,0.17857710097826296,4355,True,False,True,1.9203886670293286
baseline_dqn_statev1_sparse_seed44_20261010_112533_948291_7d530b6b,dqn,44,v1,sparse,294,5359,-10.0,0,5,0.585126745182086,0.2679791063070297,4360,True,False,True,1.9222775420057587
baseline_dqn_statev1_sparse_seed44_20261010_112533_948291_7d530b6b,dqn,44,v1,sparse,295,5377,-10.0,0,18,0.5840744118073942,0.1824741278671556,4378,True,False,True,1.9290284590097144
baseline_dqn_statev1_sparse_seed44_20261010_112533_948291_7d530b6b,dqn,44,v1,sparse,296,5397,10.0,2,20,0.5829073720596,0.232915523648262,4398,True,False,True,1.9364292090176605
baseline_dqn_statev1_sparse_seed44_20261010_112533_948291_7d530b6b,dqn,44,v1,sparse,297,5409,0.0,1,12,0.5822082678037833,0.2212241175584495,4410,True,False,True,1.9408214590512216
baseline_dqn_statev1_sparse_seed44_20261010_112533_948291_7d530b6b,dqn,44,v1,sparse,298,5475,10.0,2,66,0.5783781550036818,0.22371762615600319,4476,True,False,True,1.9647851250483654
baseline_dqn_statev1_sparse_seed44_20261010_112533_948291_7d530b6b,dqn,44,v1,sparse,299,5486,10.0,2,11,0.5777422570457497,0.1776928732340986,4487,True,False,True,1.9687617500312626
baseline_dqn_statev1_sparse_seed44_20261010_112533_948291_7d530b6b,dqn,44,v1,sparse,300,5487,-10.0,0,1,0.5776844828200451,0.39302098751068115,4488,True,False,True,1.9691361670265906
baseline_dqn_statev1_sparse_seed44_20261010_112533_948291_7d530b6b,dqn,44,v1,sparse,301,5509,10.0,2,22,0.5764149105197846,0.24502612040801483,4510,True,False,True,1.9788449170300737
baseline_dqn_statev1_sparse_seed44_20261010_112533_948291_7d530b6b,dqn,44,v1,sparse,302,5546,10.0,2,37,0.5742860097992261,0.2207151334732771,4547,True,False,True,1.9925179170095362
baseline_dqn_statev1_sparse_seed44_20261010_112533_948291_7d530b6b,dqn,44,v1,sparse,303,5565,0.0,1,19,0.5731958478534238,0.26142912318831996,4566,True,False,True,1.9994864170439541
baseline_dqn_statev1_sparse_seed44_20261010_112533_948291_7d530b6b,dqn,44,v1,sparse,304,5566,-10.0,0,1,0.5731385282686384,0.3908096253871918,4567,True,False,True,1.9998717090347782
baseline_dqn_statev1_sparse_seed44_20261010_112533_948291_7d530b6b,dqn,44,v1,sparse,305,5592,0.0,1,26,0.5716502293060536,0.20880713199193662,4593,True,False,True,2.009377542010043
baseline_dqn_statev1_sparse_seed44_20261010_112533_948291_7d530b6b,dqn,44,v1,sparse,306,5603,-10.0,0,11,0.5710217283671395,0.26094635101881897,4604,True,False,True,2.013319792051334
baseline_dqn_statev1_sparse_seed44_20261010_112533_948291_7d530b6b,dqn,44,v1,sparse,307,5630,0.0,1,27,0.5694819723175781,0.2344525448150105,4631,True,False,True,2.0231175840017386
baseline_dqn_statev1_sparse_seed44_20261010_112533_948291_7d530b6b,dqn,44,v1,sparse,308,5631,-10.0,0,1,0.5694250241203463,0.21969707310199738,4632,True,False,True,2.0234935840126127
baseline_dqn_statev1_sparse_seed44_20261010_112533_948291_7d530b6b,dqn,44,v1,sparse,309,5676,0.0,1,45,0.5668682407478801,0.24593660458922387,4677,True,False,True,2.0397104170406237
baseline_dqn_statev1_sparse_seed44_20261010_112533_948291_7d530b6b,dqn,44,v1,sparse,310,5720,0.0,1,44,0.5643793755622339,0.2056292708624493,4721,True,False,True,2.05552404205082
baseline_dqn_statev1_sparse_seed44_20261010_112533_948291_7d530b6b,dqn,44,v1,sparse,311,5743,0.0,1,23,0.5630827298792447,0.25282753291337384,4744,True,False,True,2.0645156250102445
baseline_dqn_statev1_sparse_seed44_20261010_112533_948291_7d530b6b,dqn,44,v1,sparse,312,5754,-10.0,0,11,0.562463648478989,0.3113131360574202,4755,True,False,True,2.068656459043268
baseline_dqn_statev1_sparse_seed44_20261010_112533_948291_7d530b6b,dqn,44,v1,sparse,313,5764,-10.0,0,10,0.5619014378716681,0.17397712953388692,4765,True,False,True,2.0724440840422176
baseline_dqn_statev1_sparse_seed44_20261010_112533_948291_7d530b6b,dqn,44,v1,sparse,314,5864,0.0,1,100,0.5563101469745763,0.21955615665763617,4865,True,False,True,2.1088461250183173
baseline_dqn_statev1_sparse_seed44_20261010_112533_948291_7d530b6b,dqn,44,v1,sparse,315,5910,20.0,3,46,0.5537568696727976,0.2416473206780527,4911,True,False,True,2.1256455840193667
baseline_dqn_statev1_sparse_seed44_20261010_112533_948291_7d530b6b,dqn,44,v1,sparse,316,5920,-10.0,0,10,0.5532033619272769,0.21732663959264756,4921,True,False,True,2.129205625038594
baseline_dqn_statev1_sparse_seed44_20261010_112533_948291_7d530b6b,dqn,44,v1,sparse,317,5926,-10.0,0,6,0.5528715228795615,0.1805268463989099,4927,True,False,True,2.131332792050671
baseline_dqn_statev1_sparse_seed44_20261010_112533_948291_7d530b6b,dqn,44,v1,sparse,318,5952,10.0,2,26,0.5514358523158847,0.23910658140308583,4953,True,False,True,2.140581459039822
baseline_dqn_statev1_sparse_seed44_20261010_112533_948291_7d530b6b,dqn,44,v1,sparse,319,6015,10.0,2,63,0.5479725541232295,0.26629902942786143,5016,True,False,True,2.163379417033866
baseline_dqn_statev1_sparse_seed44_20261010_112533_948291_7d530b6b,dqn,44,v1,sparse,320,6029,-10.0,0,14,0.5472058910030742,0.33153421032641617,5030,True,False,True,2.1684412920149043
baseline_dqn_statev1_sparse_seed44_20261010_112533_948291_7d530b6b,dqn,44,v1,sparse,321,6061,0.0,1,32,0.5454575435809094,0.2599326682975516,5062,True,False,True,2.180290500051342
baseline_dqn_statev1_sparse_seed44_20261010_112533_948291_7d530b6b,dqn,44,v1,sparse,322,6075,-10.0,0,14,0.5446943991877687,0.2282664878293872,5076,True,False,True,2.1854494170402177
baseline_dqn_statev1_sparse_seed44_20261010_112533_948291_7d530b6b,dqn,44,v1,sparse,323,6106,10.0,2,31,0.5430083769325547,0.20227019116282463,5107,True,False,True,2.196755792014301
baseline_dqn_statev1_sparse_seed44_20261010_112533_948291_7d530b6b,dqn,44,v1,sparse,324,6107,-10.0,0,1,0.5429540760948615,0.5408787727355957,5108,True,False,True,2.197144959005527
baseline_dqn_statev1_sparse_seed44_20261010_112533_948291_7d530b6b,dqn,44,v1,sparse,325,6150,10.0,2,43,0.5406242697490604,0.24970902259959732,5151,True,False,True,2.2127319170394912
baseline_dqn_statev1_sparse_seed44_20261010_112533_948291_7d530b6b,dqn,44,v1,sparse,326,6166,0.0,1,16,0.5397599193639345,0.22638338594697416,5167,True,False,True,2.2185390420490876
baseline_dqn_statev1_sparse_seed44_20261010_112533_948291_7d530b6b,dqn,44,v1,sparse,327,6187,0.0,1,21,0.5386275563115434,0.24076347709411666,5188,True,False,True,2.226145874999929
baseline_dqn_statev1_sparse_seed44_20261010_112533_948291_7d530b6b,dqn,44,v1,sparse,328,6214,0.0,1,27,0.5371751509176843,0.19661862941251862,5215,True,False,True,2.2358696670271456
baseline_dqn_statev1_sparse_seed44_20261010_112533_948291_7d530b6b,dqn,44,v1,sparse,329,6277,10.0,2,63,0.5338014171977982,0.2317643194858517,5278,True,False,True,2.2585275420569815
baseline_dqn_statev1_sparse_seed44_20261010_112533_948291_7d530b6b,dqn,44,v1,sparse,330,6282,-10.0,0,5,0.5335345698640033,0.21306414306163787,5283,True,False,True,2.260396750003565
baseline_dqn_statev1_sparse_seed44_20261010_112533_948291_7d530b6b,dqn,44,v1,sparse,331,6301,-10.0,0,19,0.532521766008588,0.22303367700231702,5302,True,False,True,2.2677115000551566
baseline_dqn_statev1_sparse_seed44_20261010_112533_948291_7d530b6b,dqn,44,v1,sparse,332,6311,-10.0,0,10,0.5319894838134828,0.2945283442735672,5312,True,False,True,2.271459167008288
baseline_dqn_statev1_sparse_seed44_20261010_112533_948291_7d530b6b,dqn,44,v1,sparse,333,6325,-10.0,0,14,0.5312451824529831,0.3013225272297859,5326,True,False,True,2.2767675000359304
baseline_dqn_statev1_sparse_seed44_20261010_112533_948291_7d530b6b,dqn,44,v1,sparse,334,6352,10.0,2,27,0.5298126835779905,0.2573208857189726,5353,True,False,True,2.286623917054385
baseline_dqn_statev1_sparse_seed44_20261010_112533_948291_7d530b6b,dqn,44,v1,sparse,335,6353,-10.0,0,1,0.5297597023096327,0.5861513018608093,5354,True,False,True,2.28699770901585
baseline_dqn_statev1_sparse_seed44_20261010_112533_948291_7d530b6b,dqn,44,v1,sparse,336,6357,-10.0,0,4,0.529547830212172,0.16921777743846178,5358,True,False,True,2.2884350000531413
baseline_dqn_statev1_sparse_seed44_20261010_112533_948291_7d530b6b,dqn,44,v1,sparse,337,6393,0.0,1,36,0.5276447903968846,0.2687863643384642,5394,True,False,True,2.3015967090032063
baseline_dqn_statev1_sparse_seed44_20261010_112533_948291_7d530b6b,dqn,44,v1,sparse,338,6398,-10.0,0,5,0.5273810207608892,0.35147570073604584,5399,True,False,True,2.3034615840297192
baseline_dqn_statev1_sparse_seed44_20261010_112533_948291_7d530b6b,dqn,44,v1,sparse,339,6439,20.0,3,41,0.525223077483595,0.22311855116631926,5440,True,False,True,2.3186649170238525
baseline_dqn_statev1_sparse_seed44_20261010_112533_948291_7d530b6b,dqn,44,v1,sparse,340,6454,-10.0,0,15,0.5244357941126961,0.30669874548912046,5455,True,False,True,2.324131542001851
baseline_dqn_statev1_sparse_seed44_20261010_112533_948291_7d530b6b,dqn,44,v1,sparse,341,6490,10.0,2,36,0.5225511254580091,0.2718076752498746,5491,True,False,True,2.3376442920416594
baseline_dqn_statev1_sparse_seed44_20261010_112533_948291_7d530b6b,dqn,44,v1,sparse,342,6522,20.0,3,32,0.5208815511201504,0.25585399160627276,5523,True,False,True,2.3493037500302307
baseline_dqn_statev1_sparse_seed44_20261010_112533_948291_7d530b6b,dqn,44,v1,sparse,343,6535,-10.0,0,13,0.5202048112423694,0.38665850116656375,5536,True,False,True,2.354039084049873
baseline_dqn_statev1_sparse_seed44_20261010_112533_948291_7d530b6b,dqn,44,v1,sparse,344,6572,20.0,3,37,0.5182835139662576,0.2632646246536358,5573,True,False,True,2.3675378750194795
baseline_dqn_statev1_sparse_seed44_20261010_112533_948291_7d530b6b,dqn,44,v1,sparse,345,6668,50.0,6,96,0.5133315520799256,0.2659414325413915,5669,True,False,True,2.402690959046595
baseline_dqn_statev1_sparse_seed44_20261010_112533_948291_7d530b6b,dqn,44,v1,sparse,346,6712,10.0,2,44,0.5110777425756565,0.2727405251088468,5713,True,False,True,2.4188382500433363
baseline_dqn_statev1_sparse_seed44_20261010_112533_948291_7d530b6b,dqn,44,v1,sparse,347,6714,-10.0,0,2,0.5109755321379188,0.2065760176628828,5715,True,False,True,2.4195804170449264
baseline_dqn_statev1_sparse_seed44_20261010_112533_948291_7d530b6b,dqn,44,v1,sparse,348,6718,-10.0,0,4,0.5107711725815518,0.4259346276521683,5719,True,False,True,2.4210503750364296
baseline_dqn_statev1_sparse_seed44_20261010_112533_948291_7d530b6b,dqn,44,v1,sparse,349,6741,0.0,1,23,0.5095976902315575,0.297220422035974,5742,True,False,True,2.429513750015758
baseline_dqn_statev1_sparse_seed44_20261010_112533_948291_7d530b6b,dqn,44,v1,sparse,350,6765,10.0,2,24,0.5083760612337425,0.24541489438464245,5766,True,False,True,2.4381332500488497
baseline_dqn_statev1_sparse_seed44_20261010_112533_948291_7d530b6b,dqn,44,v1,sparse,351,6775,-10.0,0,10,0.5078679138807419,0.24511855244636535,5776,True,False,True,2.4417970000067726
baseline_dqn_statev1_sparse_seed44_20261010_112533_948291_7d530b6b,dqn,44,v1,sparse,352,6776,-10.0,0,1,0.5078171270893539,0.30774104595184326,5777,True,False,True,2.442170125024859
baseline_dqn_statev1_sparse_seed44_20261010_112533_948291_7d530b6b,dqn,44,v1,sparse,353,6785,-10.0,0,9,0.5073602744464892,0.2393473962114917,5786,True,False,True,2.445657459029462
baseline_dqn_statev1_sparse_seed44_20261010_112533_948291_7d530b6b,dqn,44,v1,sparse,354,6790,0.0,1,5,0.5071066450402201,0.4819297671318054,5791,True,False,True,2.4475482500274666
baseline_dqn_statev1_sparse_seed44_20261010_112533_948291_7d530b6b,dqn,44,v1,sparse,355,6803,0.0,1,13,0.5064478017998547,0.23863441955584747,5804,True,False,True,2.452335875015706
baseline_dqn_statev1_sparse_seed44_20261010_112533_948291_7d530b6b,dqn,44,v1,sparse,356,6812,-10.0,0,9,0.5059921810569084,0.21683871207965744,5813,True,False,True,2.455631209013518
baseline_dqn_statev1_sparse_seed44_20261010_112533_948291_7d530b6b,dqn,44,v1,sparse,357,6819,-10.0,0,7,0.5056380927708186,0.2756224519440106,5820,True,False,True,2.458265334018506
baseline_dqn_statev1_sparse_seed44_20261010_112533_948291_7d530b6b,dqn,44,v1,sparse,358,6825,-10.0,0,6,0.5053347857507581,0.1601345520466566,5826,True,False,True,2.460396792041138
baseline_dqn_statev1_sparse_seed44_20261010_112533_948291_7d530b6b,dqn,44,v1,sparse,359,6845,0.0,1,20,0.5043250757395127,0.31258396357297896,5846,True,False,True,2.467773209034931
baseline_dqn_statev1_sparse_seed44_20261010_112533_948291_7d530b6b,dqn,44,v1,sparse,360,6851,-10.0,0,6,0.5040225563327447,0.24386764193574587,5852,True,False,True,2.4699842090485618
baseline_dqn_statev1_sparse_seed44_20261010_112533_948291_7d530b6b,dqn,44,v1,sparse,361,6852,-10.0,0,1,0.5039721540771115,0.21914637088775635,5853,True,False,True,2.4703748340252787
baseline_dqn_statev1_sparse_seed44_20261010_112533_948291_7d530b6b,dqn,44,v1,sparse,362,6859,-10.0,0,7,0.5036194793857728,0.32839703240564894,5860,True,False,True,2.4728920840425417
baseline_dqn_statev1_sparse_seed44_20261010_112533_948291_7d530b6b,dqn,44,v1,sparse,363,6907,10.0,2,48,0.5012077780116369,0.25570704039031017,5908,True,False,True,2.491094042023178
baseline_dqn_statev1_sparse_seed44_20261010_112533_948291_7d530b6b,dqn,44,v1,sparse,364,6914,-10.0,0,7,0.5008570378031215,0.3232501766511372,5915,True,False,True,2.493697834026534
baseline_dqn_statev1_sparse_seed44_20261010_112533_948291_7d530b6b,dqn,44,v1,sparse,365,6931,-10.0,0,17,0.500006261663964,0.2751005068421364,5932,True,False,True,2.499803625047207
baseline_dqn_statev1_sparse_seed44_20261010_112533_948291_7d530b6b,dqn,44,v1,sparse,366,6954,0.0,1,23,0.49885751139291057,0.2955948626217635,5955,True,False,True,2.508138584031258
baseline_dqn_statev1_sparse_seed44_20261010_112533_948291_7d530b6b,dqn,44,v1,sparse,367,7006,20.0,3,52,0.49627005617301,0.28040770835314804,6007,True,False,True,2.52720562502509
baseline_dqn_statev1_sparse_seed44_20261010_112533_948291_7d530b6b,dqn,44,v1,sparse,368,7035,10.0,2,29,0.4948328860543438,0.3638261792988613,6036,True,False,True,2.5378303750185296
baseline_dqn_statev1_sparse_seed44_20261010_112533_948291_7d530b6b,dqn,44,v1,sparse,369,7047,10.0,2,12,0.4942394130719446,0.2651660131911437,6048,True,False,True,2.5422231670236215
baseline_dqn_statev1_sparse_seed44_20261010_112533_948291_7d530b6b,dqn,44,v1,sparse,370,7082,20.0,3,35,0.4925125126184901,0.3240237783108439,6083,True,False,True,2.554923959018197
baseline_dqn_statev1_sparse_seed44_20261010_112533_948291_7d530b6b,dqn,44,v1,sparse,371,7087,-10.0,0,5,0.4922663056085073,0.22355872318148612,6088,True,False,True,2.556793000025209
baseline_dqn_statev1_sparse_seed44_20261010_112533_948291_7d530b6b,dqn,44,v1,sparse,372,7099,-10.0,0,12,0.4916759108292647,0.2946349506576856,6100,True,False,True,2.561275167041458
baseline_dqn_statev1_sparse_seed44_20261010_112533_948291_7d530b6b,dqn,44,v1,sparse,373,7111,-10.0,0,12,0.4910862241342265,0.157059029986461,6112,True,False,True,2.5658947090269066
baseline_dqn_statev1_sparse_seed44_20261010_112533_948291_7d530b6b,dqn,44,v1,sparse,374,7139,-10.0,0,28,0.4897130374047847,0.3610502513391631,6140,True,False,True,2.5764292090316303
baseline_dqn_statev1_sparse_seed44_20261010_112533_948291_7d530b6b,dqn,44,v1,sparse,375,7142,-10.0,0,3,0.4895661381844647,0.3940805991490682,6143,True,False,True,2.5777560000424273
baseline_dqn_statev1_sparse_seed44_20261010_112533_948291_7d530b6b,dqn,44,v1,sparse,376,7184,20.0,3,42,0.4875141699537961,0.3144951934615771,6185,True,False,True,2.5938595000188798
baseline_dqn_statev1_sparse_seed44_20261010_112533_948291_7d530b6b,dqn,44,v1,sparse,377,7199,0.0,1,15,0.4867834103669916,0.32871915549039843,6200,True,False,True,2.5993755000527017
baseline_dqn_statev1_sparse_seed44_20261010_112533_948291_7d530b6b,dqn,44,v1,sparse,378,7200,-10.0,0,1,0.4867347320259549,0.3041260838508606,6201,True,False,True,2.5997579590184614
baseline_dqn_statev1_sparse_seed44_20261010_112533_948291_7d530b6b,dqn,44,v1,sparse,379,7212,10.0,2,12,0.4861509714853894,0.2993315616622567,6213,True,False,True,2.6041787920403294
baseline_dqn_statev1_sparse_seed44_20261010_112533_948291_7d530b6b,dqn,44,v1,sparse,380,7264,10.0,2,52,0.48362942206475973,0.3427186542405532,6265,True,False,True,2.6231254170415923
baseline_dqn_statev1_sparse_seed44_20261010_112533_948291_7d530b6b,dqn,44,v1,sparse,381,7301,10.0,2,37,0.4818432104204629,0.2928322034107672,6302,True,False,True,2.6368428340065293
baseline_dqn_statev1_sparse_seed44_20261010_112533_948291_7d530b6b,dqn,44,v1,sparse,382,7319,-10.0,0,18,0.48097662946878156,0.3232458175884353,6320,True,False,True,2.6437220000079833
baseline_dqn_statev1_sparse_seed44_20261010_112533_948291_7d530b6b,dqn,44,v1,sparse,383,7325,-10.0,0,6,0.4806881156279759,0.3443739712238312,6326,True,False,True,2.6458873750525527
baseline_dqn_statev1_sparse_seed44_20261010_112533_948291_7d530b6b,dqn,44,v1,sparse,384,7375,40.0,5,50,0.4782905540688257,0.33306181743741037,6376,True,False,True,2.664386042044498
baseline_dqn_statev1_sparse_seed44_20261010_112533_948291_7d530b6b,dqn,44,v1,sparse,385,7377,-10.0,0,2,0.4781949007409175,0.23579826205968857,6378,True,False,True,2.665152792003937
baseline_dqn_statev1_sparse_seed44_20261010_112533_948291_7d530b6b,dqn,44,v1,sparse,386,7400,0.0,1,23,0.4770962614558525,0.31611377130384033,6401,True,False,True,2.6735112500027753
baseline_dqn_statev1_sparse_seed44_20261010_112533_948291_7d530b6b,dqn,44,v1,sparse,387,7432,10.0,2,32,0.4755719174519679,0.3348199622705579,6433,True,False,True,2.685412167047616
baseline_dqn_statev1_sparse_seed44_20261010_112533_948291_7d530b6b,dqn,44,v1,sparse,388,7438,-10.0,0,6,0.4752866456277736,0.2932473060985406,6439,True,False,True,2.687661834002938
baseline_dqn_statev1_sparse_seed44_20261010_112533_948291_7d530b6b,dqn,44,v1,sparse,389,7479,-10.0,0,41,0.4733418626694481,0.3230855899249635,6480,True,False,True,2.7026950000436045
baseline_dqn_statev1_sparse_seed44_20261010_112533_948291_7d530b6b,dqn,44,v1,sparse,390,7496,0.0,1,17,0.4725378249260836,0.2540552142788382,6497,True,False,True,2.709005334007088
baseline_dqn_statev1_sparse_seed44_20261010_112533_948291_7d530b6b,dqn,44,v1,sparse,391,7535,10.0,2,39,0.47069842459951555,0.3602925267739174,6536,True,False,True,2.7232836250332184
baseline_dqn_statev1_sparse_seed44_20261010_112533_948291_7d530b6b,dqn,44,v1,sparse,392,7572,0.0,1,37,0.4689599716257855,0.35335639119148254,6573,True,False,True,2.737154875008855
baseline_dqn_statev1_sparse_seed44_20261010_112533_948291_7d530b6b,dqn,44,v1,sparse,393,7575,-10.0,0,3,0.468819297702628,0.41442932685216266,6576,True,False,True,2.738306042039767
baseline_dqn_statev1_sparse_seed44_20261010_112533_948291_7d530b6b,dqn,44,v1,sparse,394,7622,20.0,3,47,0.466620907346484,0.3899015857184187,6623,True,False,True,2.7555633340380155
baseline_dqn_statev1_sparse_seed44_20261010_112533_948291_7d530b6b,dqn,44,v1,sparse,395,7650,-10.0,0,28,0.4653161311052487,0.2949513095830168,6651,True,False,True,2.765695542038884
baseline_dqn_statev1_sparse_seed44_20261010_112533_948291_7d530b6b,dqn,44,v1,sparse,396,7674,0.0,1,24,0.4642006557218124,0.3813839969225228,6675,True,False,True,2.7745415000244975
baseline_dqn_statev1_sparse_seed44_20261010_112533_948291_7d530b6b,dqn,44,v1,sparse,397,7710,30.0,4,36,0.46253245451368513,0.35795861710276866,6711,True,False,True,2.7876941250287928
baseline_dqn_statev1_sparse_seed44_20261010_112533_948291_7d530b6b,dqn,44,v1,sparse,398,7711,-10.0,0,1,0.46248620126823375,0.11868271231651306,6712,True,False,True,2.788069542031735
baseline_dqn_statev1_sparse_seed44_20261010_112533_948291_7d530b6b,dqn,44,v1,sparse,399,7734,0.0,1,23,0.46142365227675247,0.3287589566215225,6735,True,False,True,2.7965749590075575
baseline_dqn_statev1_sparse_seed44_20261010_112533_948291_7d530b6b,dqn,44,v1,sparse,400,7763,20.0,3,29,0.4600873953802315,0.3758051634348672,6764,True,False,True,2.8071968750446104
baseline_dqn_statev1_sparse_seed44_20261010_112533_948291_7d530b6b,dqn,44,v1,sparse,401,7772,-10.0,0,9,0.4596734823172101,0.303109058075481,6773,True,False,True,2.812022792000789
baseline_dqn_statev1_sparse_seed44_20261010_112533_948291_7d530b6b,dqn,44,v1,sparse,402,7773,-10.0,0,1,0.4596275149689784,0.3654918372631073,6774,True,False,True,2.8123972920002416
baseline_dqn_statev1_sparse_seed44_20261010_112533_948291_7d530b6b,dqn,44,v1,sparse,403,7812,10.0,2,39,0.45783836930372745,0.3776875516543022,6813,True,False,True,2.8271925420267507
baseline_dqn_statev1_sparse_seed44_20261010_112533_948291_7d530b6b,dqn,44,v1,sparse,404,7839,10.0,2,27,0.45660381138090955,0.3555150556343573,6840,True,False,True,2.837252459023148
baseline_dqn_statev1_sparse_seed44_20261010_112533_948291_7d530b6b,dqn,44,v1,sparse,405,7840,-10.0,0,1,0.4565581509997715,0.2568294405937195,6841,True,False,True,2.8376358750392683
baseline_dqn_statev1_sparse_seed44_20261010_112533_948291_7d530b6b,dqn,44,v1,sparse,406,7844,-10.0,0,4,0.4563755551310345,0.32081348448991776,6845,True,False,True,2.839085584040731
baseline_dqn_statev1_sparse_seed44_20261010_112533_948291_7d530b6b,dqn,44,v1,sparse,407,7893,0.0,1,49,0.45414467348881865,0.36228639814926655,6894,True,False,True,2.8569495000410825
baseline_dqn_statev1_sparse_seed44_20261010_112533_948291_7d530b6b,dqn,44,v1,sparse,408,7935,10.0,2,42,0.45224117083730303,0.3278310909157708,6936,True,False,True,2.8725657500326633
baseline_dqn_statev1_sparse_seed44_20261010_112533_948291_7d530b6b,dqn,44,v1,sparse,409,7955,10.0,2,20,0.45133754723851727,0.33964463844895365,6956,True,False,True,2.879868042015005
baseline_dqn_statev1_sparse_seed44_20261010_112533_948291_7d530b6b,dqn,44,v1,sparse,410,7987,0.0,1,32,0.44989550348457635,0.3617481072433293,6988,True,False,True,2.8916326250182465
baseline_dqn_statev1_sparse_seed44_20261010_112533_948291_7d530b6b,dqn,44,v1,sparse,411,7994,-10.0,0,7,0.44958067109444816,0.3596440202423504,6995,True,False,True,2.8942272500135005
baseline_dqn_statev1_sparse_seed44_20261010_112533_948291_7d530b6b,dqn,44,v1,sparse,412,8073,10.0,2,79,0.44604279988833706,0.3701518019071863,7074,True,False,True,2.9237194170127623
baseline_dqn_statev1_sparse_seed44_20261010_112533_948291_7d530b6b,dqn,44,v1,sparse,413,8116,10.0,2,43,0.44412883811618664,0.34699601749348086,7117,True,False,True,2.9394926670356654
baseline_dqn_statev1_sparse_seed44_20261010_112533_948291_7d530b6b,dqn,44,v1,sparse,414,8142,10.0,2,26,0.4429755454017372,0.3893331352334756,7143,True,False,True,2.9489591250312515
baseline_dqn_statev1_sparse_seed44_20261010_112533_948291_7d530b6b,dqn,44,v1,sparse,415,8158,-10.0,0,16,0.4422673158517634,0.3422820169944316,7159,True,False,True,2.954845917003695
baseline_dqn_statev1_sparse_seed44_20261010_112533_948291_7d530b6b,dqn,44,v1,sparse,416,8159,-10.0,0,1,0.4422230891201782,0.17617207765579224,7160,True,False,True,2.955219667055644
baseline_dqn_statev1_sparse_seed44_20261010_112533_948291_7d530b6b,dqn,44,v1,sparse,417,8182,-10.0,0,23,0.44120709405683173,0.3360452496487161,7183,True,False,True,2.9636626670253463
baseline_dqn_statev1_sparse_seed44_20261010_112533_948291_7d530b6b,dqn,44,v1,sparse,418,8202,20.0,3,20,0.4403255176594344,0.38856707364320753,7203,True,False,True,2.9711267920210958
baseline_dqn_statev1_sparse_seed44_20261010_112533_948291_7d530b6b,dqn,44,v1,sparse,419,8228,0.0,1,26,0.43918210122726403,0.40751710534095764,7229,True,False,True,2.980617917026393
baseline_dqn_statev1_sparse_seed44_20261010_112533_948291_7d530b6b,dqn,44,v1,sparse,420,8297,60.0,7,69,0.43616202496830214,0.3433395442755326,7298,True,False,True,3.0061300840461627
baseline_dqn_statev1_sparse_seed44_20261010_112533_948291_7d530b6b,dqn,44,v1,sparse,421,8299,-10.0,0,2,0.43607479692492873,0.30901817977428436,7300,True,False,True,3.006901834043674
baseline_dqn_statev1_sparse_seed44_20261010_112533_948291_7d530b6b,dqn,44,v1,sparse,422,8321,0.0,1,22,0.4351164390332386,0.32889410616321996,7322,True,False,True,3.0153455420513637
baseline_dqn_statev1_sparse_seed44_20261010_112533_948291_7d530b6b,dqn,44,v1,sparse,423,8364,20.0,3,43,0.4332493620824341,0.33658799477094825,7365,True,False,True,3.031527000013739
baseline_dqn_statev1_sparse_seed44_20261010_112533_948291_7d530b6b,dqn,44,v1,sparse,424,8370,-10.0,0,6,0.43298947744392463,0.2834903846184413,7371,True,False,True,3.033885042008478
baseline_dqn_statev1_sparse_seed44_20261010_112533_948291_7d530b6b,dqn,44,v1,sparse,425,8394,10.0,2,24,0.43195149687310636,0.4084522444754839,7395,True,False,True,3.0429180420469493
baseline_dqn_statev1_sparse_seed44_20261010_112533_948291_7d530b6b,dqn,44,v1,sparse,426,8438,30.0,4,44,0.43005499083311877,0.4030179296704856,7439,True,False,True,3.059058917046059
baseline_dqn_statev1_sparse_seed44_20261010_112533_948291_7d530b6b,dqn,44,v1,sparse,427,8496,40.0,5,58,0.427567767443735,0.3858308679070966,7497,True,False,True,3.0815978750470094
baseline_dqn_statev1_sparse_seed44_20261010_112533_948291_7d530b6b,dqn,44,v1,sparse,428,8544,10.0,2,48,0.4255202577375224,0.3605707789150377,7545,True,False,True,3.099466834042687
baseline_dqn_statev1_sparse_seed44_20261010_112533_948291_7d530b6b,dqn,44,v1,sparse,429,8585,0.0,1,41,0.42377910941517233,0.4030782618537182,7586,True,False,True,3.1144732090178877
baseline_dqn_statev1_sparse_seed44_20261010_112533_948291_7d530b6b,dqn,44,v1,sparse,430,8621,20.0,3,36,0.42225617140637917,0.3782770223915577,7622,True,False,True,3.1277004590374418
baseline_dqn_statev1_sparse_seed44_20261010_112533_948291_7d530b6b,dqn,44,v1,sparse,431,8625,-10.0,0,4,0.42208729427149794,0.4586583822965622,7626,True,False,True,3.1291752500110306
baseline_dqn_statev1_sparse_seed44_20261010_112533_948291_7d530b6b,dqn,44,v1,sparse,432,8642,0.0,1,17,0.4213703196230378,0.3384178894407609,7643,True,False,True,3.1358347500208765
baseline_dqn_statev1_sparse_seed44_20261010_112533_948291_7d530b6b,dqn,44,v1,sparse,433,8689,0.0,1,47,0.41939442730895476,0.3945332061737142,7690,True,False,True,3.1534861670224927
baseline_dqn_statev1_sparse_seed44_20261010_112533_948291_7d530b6b,dqn,44,v1,sparse,434,8691,-10.0,0,2,0.41931055261743727,0.3481425642967224,7692,True,False,True,3.154250667023007
baseline_dqn_statev1_sparse_seed44_20261010_112533_948291_7d530b6b,dqn,44,v1,sparse,435,8698,-10.0,0,7,0.41901712327114676,0.2434159048965999,7699,True,False,True,3.156900875037536
baseline_dqn_statev1_sparse_seed44_20261010_112533_948291_7d530b6b,dqn,44,v1,sparse,436,8702,-10.0,0,4,0.4188495415611897,0.3994778096675873,7703,True,False,True,3.158383000001777
baseline_dqn_statev1_sparse_seed44_20261010_112533_948291_7d530b6b,dqn,44,v1,sparse,437,8712,10.0,2,10,0.4184308804516691,0.3443173512816429,7713,True,False,True,3.162187750043813
baseline_dqn_statev1_sparse_seed44_20261010_112533_948291_7d530b6b,dqn,44,v1,sparse,438,8741,10.0,2,29,0.4172191281997808,0.331984610136213,7742,True,False,True,3.1729710000217892
baseline_dqn_statev1_sparse_seed44_20261010_112533_948291_7d530b6b,dqn,44,v1,sparse,439,8770,0.0,1,29,0.4160108851141338,0.33453449709662075,7771,True,False,True,3.1836210840265267
baseline_dqn_statev1_sparse_seed44_20261010_112533_948291_7d530b6b,dqn,44,v1,sparse,440,8800,0.0,1,30,0.41476466041827703,0.3438567971189817,7801,True,False,True,3.194676334038377
baseline_dqn_statev1_sparse_seed44_20261010_112533_948291_7d530b6b,dqn,44,v1,sparse,441,8805,-10.0,0,5,0.4145573195603865,0.25456564128398895,7806,True,False,True,3.1965505000553094
baseline_dqn_statev1_sparse_seed44_20261010_112533_948291_7d530b6b,dqn,44,v1,sparse,442,8832,0.0,1,27,0.41343946868191217,0.3756473334851088,7833,True,False,True,3.206500500033144
baseline_dqn_statev1_sparse_seed44_20261010_112533_948291_7d530b6b,dqn,44,v1,sparse,443,8873,20.0,3,41,0.4117477526608789,0.36662957762799614,7874,True,False,True,3.2219895840389654
baseline_dqn_statev1_sparse_seed44_20261010_112533_948291_7d530b6b,dqn,44,v1,sparse,444,8890,0.0,1,17,0.41104834117840844,0.4181792692226522,7891,True,False,True,3.228309584024828
baseline_dqn_statev1_sparse_seed44_20261010_112533_948291_7d530b6b,dqn,44,v1,sparse,445,8903,0.0,1,13,0.4105142988350522,0.31818050661912334,7904,True,False,True,3.233230417012237
baseline_dqn_statev1_sparse_seed44_20261010_112533_948291_7d530b6b,dqn,44,v1,sparse,446,8935,10.0,2,32,0.4092026871950269,0.3907800014130771,7936,True,False,True,3.2449682090082206
baseline_dqn_statev1_sparse_seed44_20261010_112533_948291_7d530b6b,dqn,44,v1,sparse,447,8965,10.0,2,30,0.4079768575048892,0.3835187720755736,7966,True,False,True,3.256066209054552
baseline_dqn_statev1_sparse_seed44_20261010_112533_948291_7d530b6b,dqn,44,v1,sparse,448,8993,10.0,2,28,0.4068360631206998,0.36280919664672445,7994,True,False,True,3.266370084020309
baseline_dqn_statev1_sparse_seed44_20261010_112533_948291_7d530b6b,dqn,44,v1,sparse,449,9061,50.0,6,68,0.4040788252610906,0.35937904533656206,8062,True,False,True,3.29139575001318
baseline_dqn_statev1_sparse_seed44_20261010_112533_948291_7d530b6b,dqn,44,v1,sparse,450,9091,10.0,2,30,0.4028683448887442,0.47774292131265006,8092,True,False,True,3.302274584013503
baseline_dqn_statev1_sparse_seed44_20261010_112533_948291_7d530b6b,dqn,44,v1,sparse,451,9092,-10.0,0,1,0.4028280580542553,0.24793018400669098,8093,True,False,True,3.302674875012599
baseline_dqn_statev1_sparse_seed44_20261010_112533_948291_7d530b6b,dqn,44,v1,sparse,452,9152,10.0,2,60,0.4004182059974027,0.40856254075964293,8153,True,False,True,3.325159750005696
baseline_dqn_statev1_sparse_seed44_20261010_112533_948291_7d530b6b,dqn,44,v1,sparse,453,9175,0.0,1,23,0.3994982564728838,0.3426125529019729,8176,True,False,True,3.3336122920154594
baseline_dqn_statev1_sparse_seed44_20261010_112533_948291_7d530b6b,dqn,44,v1,sparse,454,9191,0.0,1,16,0.39885953843678873,0.3293524943292141,8192,True,False,True,3.3395058340393007
baseline_dqn_statev1_sparse_seed44_20261010_112533_948291_7d530b6b,dqn,44,v1,sparse,455,9225,10.0,2,34,0.39750565122318765,0.41368619703194676,8226,True,False,True,3.352020459016785
baseline_dqn_statev1_sparse_seed44_20261010_112533_948291_7d530b6b,dqn,44,v1,sparse,456,9228,-10.0,0,3,0.3973864114525928,0.22198250889778137,8229,True,False,True,3.3531637500273064
baseline_dqn_statev1_sparse_seed44_20261010_112533_948291_7d530b6b,dqn,44,v1,sparse,457,9260,10.0,2,32,0.396116744002937,0.3601562592666596,8261,True,False,True,3.3649588340194896
baseline_dqn_statev1_sparse_seed44_20261010_112533_948291_7d530b6b,dqn,44,v1,sparse,458,9277,10.0,2,17,0.39544388398763874,0.4019974487669328,8278,True,False,True,3.371197584026959
baseline_dqn_statev1_sparse_seed44_20261010_112533_948291_7d530b6b,dqn,44,v1,sparse,459,9309,20.0,3,32,0.39418042300056255,0.3809607117436826,8310,True,False,True,3.3829946250189096
baseline_dqn_statev1_sparse_seed44_20261010_112533_948291_7d530b6b,dqn,44,v1,sparse,460,9337,0.0,1,28,0.39307820652763165,0.3994893138962133,8338,True,False,True,3.3932668340275995
baseline_dqn_statev1_sparse_seed44_20261010_112533_948291_7d530b6b,dqn,44,v1,sparse,461,9361,-10.0,0,24,0.3921359029326428,0.39207835122942924,8362,True,False,True,3.402607584022917
baseline_dqn_statev1_sparse_seed44_20261010_112533_948291_7d530b6b,dqn,44,v1,sparse,462,9368,-10.0,0,7,0.3918614901354062,0.38904441467353273,8369,True,False,True,3.4052863340475596
baseline_dqn_statev1_sparse_seed44_20261010_112533_948291_7d530b6b,dqn,44,v1,sparse,463,9370,-10.0,0,2,0.39178312175599406,0.6148790419101715,8371,True,False,True,3.4060512090218253
baseline_dqn_statev1_sparse_seed44_20261010_112533_948291_7d530b6b,dqn,44,v1,sparse,464,9375,0.0,1,5,0.39158726936951066,0.3149200975894928,8376,True,False,True,3.407893542025704
baseline_dqn_statev1_sparse_seed44_20261010_112533_948291_7d530b6b,dqn,44,v1,sparse,465,9392,0.0,1,17,0.3909221033040828,0.30520568963359385,8393,True,False,True,3.414900084026158
baseline_dqn_statev1_sparse_seed44_20261010_112533_948291_7d530b6b,dqn,44,v1,sparse,466,9418,10.0,2,26,0.3899069753165145,0.43441053852438927,8419,True,False,True,3.4246787920128554
baseline_dqn_statev1_sparse_seed44_20261010_112533_948291_7d530b6b,dqn,44,v1,sparse,467,9454,10.0,2,36,0.38850576383767926,0.3816921367413468,8455,True,False,True,3.438257334055379
baseline_dqn_statev1_sparse_seed44_20261010_112533_948291_7d530b6b,dqn,44,v1,sparse,468,9482,40.0,5,28,0.3874194149787713,0.38418452933962854,8483,True,False,True,3.4488360000541434
baseline_dqn_statev1_sparse_seed44_20261010_112533_948291_7d530b6b,dqn,44,v1,sparse,469,9516,20.0,3,34,0.38610436007423954,0.39536069640341925,8517,True,False,True,3.4615529170259833
baseline_dqn_statev1_sparse_seed44_20261010_112533_948291_7d530b6b,dqn,44,v1,sparse,470,9541,10.0,2,25,0.3851402565995824,0.388260744959116,8542,True,False,True,3.4707676670514047
baseline_dqn_statev1_sparse_seed44_20261010_112533_948291_7d530b6b,dqn,44,v1,sparse,471,9564,10.0,2,23,0.38425540773251005,0.44608375430107117,8565,True,False,True,3.4797696250025183
baseline_dqn_statev1_sparse_seed44_20261010_112533_948291_7d530b6b,dqn,44,v1,sparse,472,9588,10.0,2,24,0.3833342545215526,0.37507662425438565,8589,True,False,True,3.4889818750089034
baseline_dqn_statev1_sparse_seed44_20261010_112533_948291_7d530b6b,dqn,44,v1,sparse,473,9607,10.0,2,19,0.38260657456823455,0.4549123785997692,8608,True,False,True,3.4962500000256114
baseline_dqn_statev1_sparse_seed44_20261010_112533_948291_7d530b6b,dqn,44,v1,sparse,474,9626,-10.0,0,19,0.38188027596320007,0.3861301835430296,8627,True,False,True,3.503244625055231
baseline_dqn_statev1_sparse_seed44_20261010_112533_948291_7d530b6b,dqn,44,v1,sparse,475,9646,0.0,1,20,0.3811172405486396,0.4188449621200562,8647,True,False,True,3.5107568750390783
baseline_dqn_statev1_sparse_seed44_20261010_112533_948291_7d530b6b,dqn,44,v1,sparse,476,9699,30.0,4,53,0.37910256205240345,0.419081339155728,8700,True,False,True,3.5303572500124574
baseline_dqn_statev1_sparse_seed44_20261010_112533_948291_7d530b6b,dqn,44,v1,sparse,477,9716,-10.0,0,17,0.37845860301869927,0.4231545644647935,8717,True,False,True,3.536654625029769
baseline_dqn_statev1_sparse_seed44_20261010_112533_948291_7d530b6b,dqn,44,v1,sparse,478,9752,10.0,2,36,0.3770985336370644,0.4300578199326992,8753,True,False,True,3.54987541702576
baseline_dqn_statev1_sparse_seed44_20261010_112533_948291_7d530b6b,dqn,44,v1,sparse,479,9753,-10.0,0,1,0.3770608237837007,0.692599892616272,8754,True,False,True,3.550252792018
baseline_dqn_statev1_sparse_seed44_20261010_112533_948291_7d530b6b,dqn,44,v1,sparse,480,9814,30.0,4,61,0.3747676394209312,0.40457463313321596,8815,True,False,True,3.572878834034782
baseline_dqn_statev1_sparse_seed44_20261010_112533_948291_7d530b6b,dqn,44,v1,sparse,481,9850,-10.0,0,36,0.3734208342815094,0.39721521114309627,8851,True,False,True,3.586370375007391
baseline_dqn_statev1_sparse_seed44_20261010_112533_948291_7d530b6b,dqn,44,v1,sparse,482,9877,-10.0,0,27,0.37241390764447685,0.4219990466479902,8878,True,False,True,3.596508667047601
baseline_dqn_statev1_sparse_seed44_20261010_112533_948291_7d530b6b,dqn,44,v1,sparse,483,9911,10.0,2,34,0.3711497873737088,0.4223383237772128,8912,True,False,True,3.6092413750011474
baseline_dqn_statev1_sparse_seed44_20261010_112533_948291_7d530b6b,dqn,44,v1,sparse,484,9919,-10.0,0,8,0.37085297144496854,0.37254309095442295,8920,True,False,True,3.612196917005349
baseline_dqn_statev1_sparse_seed44_20261010_112533_948291_7d530b6b,dqn,44,v1,sparse,485,9924,-10.0,0,5,0.37066758204083494,0.37845784425735474,8925,True,False,True,3.6140186250559054
baseline_dqn_statev1_sparse_seed44_20261010_112533_948291_7d530b6b,dqn,44,v1,sparse,486,9975,30.0,4,51,0.3687818956741996,0.3785242695434421,8976,True,False,True,3.632697667053435
baseline_dqn_statev1_sparse_seed44_20261010_112533_948291_7d530b6b,dqn,44,v1,sparse,487,10028,30.0,4,53,0.3668324248133527,0.4157883810266009,9029,True,False,True,3.6519410840119235
baseline_dqn_statev1_sparse_seed44_20261010_112533_948291_7d530b6b,dqn,44,v1,sparse,488,10101,40.0,5,73,0.3641641656927023,0.39806117005135916,9102,True,False,True,3.6787150840391405
baseline_dqn_statev1_sparse_seed44_20261010_112533_948291_7d530b6b,dqn,44,v1,sparse,489,10138,10.0,2,37,0.362819180785831,0.41194156214997574,9139,True,False,True,3.6921524589997716
baseline_dqn_statev1_sparse_seed44_20261010_112533_948291_7d530b6b,dqn,44,v1,sparse,490,10178,20.0,3,40,0.3613707304709577,0.42833492197096346,9179,True,False,True,3.7068667500279844
baseline_dqn_statev1_sparse_seed44_20261010_112533_948291_7d530b6b,dqn,44,v1,sparse,491,10209,30.0,4,31,0.3602521599571695,0.37346432141719327,9210,True,False,True,3.718584042042494
baseline_dqn_statev1_sparse_seed44_20261010_112533_948291_7d530b6b,dqn,44,v1,sparse,492,10239,20.0,3,30,0.359172969112557,0.48326729238033295,9240,True,False,True,3.7298412090167403
baseline_dqn_statev1_sparse_seed44_20261010_112533_948291_7d530b6b,dqn,44,v1,sparse,493,10309,30.0,4,70,0.35666741272773406,0.40581483856907913,9310,True,False,True,3.755551959038712
baseline_dqn_statev1_sparse_seed44_20261010_112533_948291_7d530b6b,dqn,44,v1,sparse,494,10356,10.0,2,47,0.3549949256856396,0.43974643295749705,9357,True,False,True,3.7728787500527687
baseline_dqn_statev1_sparse_seed44_20261010_112533_948291_7d530b6b,dqn,44,v1,sparse,495,10394,10.0,2,38,0.35364843759024345,0.4450755840853641,9395,True,False,True,3.786945125029888
baseline_dqn_statev1_sparse_seed44_20261010_112533_948291_7d530b6b,dqn,44,v1,sparse,496,10435,30.0,4,41,0.3522013751469981,0.4306013507813942,9436,True,False,True,3.8020660840556957
baseline_dqn_statev1_sparse_seed44_20261010_112533_948291_7d530b6b,dqn,44,v1,sparse,497,10474,20.0,3,39,0.3508303963802412,0.3846336087355247,9475,True,False,True,3.816402792057488
baseline_dqn_statev1_sparse_seed44_20261010_112533_948291_7d530b6b,dqn,44,v1,sparse,498,10519,30.0,4,45,0.34925512784439405,0.33734682119554943,9520,True,False,True,3.832751834008377
baseline_dqn_statev1_sparse_seed44_20261010_112533_948291_7d530b6b,dqn,44,v1,sparse,499,10531,-10.0,0,12,0.34883625212254643,0.3445069783677657,9532,True,False,True,3.837201750022359
baseline_dqn_statev1_sparse_seed44_20261010_112533_948291_7d530b6b,dqn,44,v1,sparse,500,10562,0.0,1,31,0.3477564802626171,0.40479370158526207,9563,True,False,True,3.848475500009954
baseline_dqn_statev1_sparse_seed44_20261010_112533_948291_7d530b6b,dqn,44,v1,sparse,501,10584,0.0,1,22,0.34699221878821823,0.4625017466870221,9585,True,False,True,3.8586755000287667
baseline_dqn_statev1_sparse_seed44_20261010_112533_948291_7d530b6b,dqn,44,v1,sparse,502,10595,-10.0,0,11,0.3466107181360293,0.43988141823898663,9596,True,False,True,3.8629647500347346
baseline_dqn_statev1_sparse_seed44_20261010_112533_948291_7d530b6b,dqn,44,v1,sparse,503,10636,40.0,5,41,0.3451924527081976,0.39092396308736105,9637,True,False,True,3.8790042500477284
baseline_dqn_statev1_sparse_seed44_20261010_112533_948291_7d530b6b,dqn,44,v1,sparse,504,10673,20.0,3,37,0.34391753693504545,0.4200693288364926,9674,True,False,True,3.892933917057235
baseline_dqn_statev1_sparse_seed44_20261010_112533_948291_7d530b6b,dqn,44,v1,sparse,505,10680,-10.0,0,7,0.3436768668698378,0.40101131583963123,9681,True,False,True,3.895533750008326
baseline_dqn_statev1_sparse_seed44_20261010_112533_948291_7d530b6b,dqn,44,v1,sparse,506,10797,90.0,10,117,0.3396790802932009,0.440333261130712,9798,True,False,True,3.941390334046446
baseline_dqn_statev1_sparse_seed44_20261010_112533_948291_7d530b6b,dqn,44,v1,sparse,507,10804,-10.0,0,7,0.3394413762577149,0.3188569950205939,9805,True,False,True,3.9440504170488566
baseline_dqn_statev1_sparse_seed44_20261010_112533_948291_7d530b6b,dqn,44,v1,sparse,508,10805,-10.0,0,1,0.33940743212008917,0.3422059714794159,9806,True,False,True,3.944437584024854
baseline_dqn_statev1_sparse_seed44_20261010_112533_948291_7d530b6b,dqn,44,v1,sparse,509,10846,40.0,5,41,0.33801864117469166,0.4950809220715267,9847,True,False,True,3.9598145420313813
baseline_dqn_statev1_sparse_seed44_20261010_112533_948291_7d530b6b,dqn,44,v1,sparse,510,10872,10.0,2,26,0.33714089038987816,0.5068852248100134,9873,True,False,True,3.9694775420357473
baseline_dqn_statev1_sparse_seed44_20261010_112533_948291_7d530b6b,dqn,44,v1,sparse,511,10892,0.0,1,20,0.33646724879261286,0.3672208722680807,9893,True,False,True,3.9775851250160486
baseline_dqn_statev1_sparse_seed44_20261010_112533_948291_7d530b6b,dqn,44,v1,sparse,512,10955,20.0,3,63,0.3343540629891561,0.41079295485738726,9956,True,False,True,4.00145020900527
baseline_dqn_statev1_sparse_seed44_20261010_112533_948291_7d530b6b,dqn,44,v1,sparse,513,10993,10.0,2,38,0.3330858652407157,0.4669246140279268,9994,True,False,True,4.015909875044599
baseline_dqn_statev1_sparse_seed44_20261010_112533_948291_7d530b6b,dqn,44,v1,sparse,514,11019,10.0,2,26,0.3322209236546266,0.4755467709440451,10020,True,False,True,4.026035375020001
baseline_dqn_statev1_sparse_seed44_20261010_112533_948291_7d530b6b,dqn,44,v1,sparse,515,11057,10.0,2,38,0.33096081685766743,0.4260317675377193,10058,True,False,True,4.042291625053622
baseline_dqn_statev1_sparse_seed44_20261010_112533_948291_7d530b6b,dqn,44,v1,sparse,516,11109,30.0,4,52,0.32924420184515646,0.4357856927582851,10110,True,False,True,4.066230042022653
baseline_dqn_statev1_sparse_seed44_20261010_112533_948291_7d530b6b,dqn,44,v1,sparse,517,11161,10.0,2,52,0.32753649050628636,0.4404379917451969,10162,True,False,True,4.086399917025119
baseline_dqn_statev1_sparse_seed44_20261010_112533_948291_7d530b6b,dqn,44,v1,sparse,518,11185,10.0,2,24,0.3267513062671992,0.44395915729304153,10186,True,False,True,4.0955949170165695
baseline_dqn_statev1_sparse_seed44_20261010_112533_948291_7d530b6b,dqn,44,v1,sparse,519,11244,40.0,5,59,0.3248290536675699,0.44629828669762206,10245,True,False,True,4.1169615420512855
baseline_dqn_statev1_sparse_seed44_20261010_112533_948291_7d530b6b,dqn,44,v1,sparse,520,11278,10.0,2,34,0.32372645523382,0.4893738719470361,10279,True,False,True,4.130160500004422
baseline_dqn_statev1_sparse_seed44_20261010_112533_948291_7d530b6b,dqn,44,v1,sparse,521,11290,0.0,1,12,0.3233381970757961,0.459972869604826,10291,True,False,True,4.134860792022664
baseline_dqn_statev1_sparse_seed44_20261010_112533_948291_7d530b6b,dqn,44,v1,sparse,522,11349,60.0,7,59,0.32143602353289935,0.5007685656517239,10350,True,False,True,4.157999750052113
baseline_dqn_statev1_sparse_seed44_20261010_112533_948291_7d530b6b,dqn,44,v1,sparse,523,11386,20.0,3,37,0.3202488485143079,0.4428667784542651,10387,True,False,True,4.172065792023204
baseline_dqn_statev1_sparse_seed44_20261010_112533_948291_7d530b6b,dqn,44,v1,sparse,524,11455,50.0,6,69,0.3180466277460768,0.4534324364385743,10456,True,False,True,4.197357209050097
baseline_dqn_statev1_sparse_seed44_20261010_112533_948291_7d530b6b,dqn,44,v1,sparse,525,11477,10.0,2,22,0.3173476593631865,0.45515107905322855,10478,True,False,True,4.205272667051759
baseline_dqn_statev1_sparse_seed44_20261010_112533_948291_7d530b6b,dqn,44,v1,sparse,526,11491,0.0,1,14,0.3169036613109652,0.39721009348120007,10492,True,False,True,4.210711709049065
baseline_dqn_statev1_sparse_seed44_20261010_112533_948291_7d530b6b,dqn,44,v1,sparse,527,11553,30.0,4,62,0.3149448392914342,0.4622733036596929,10554,True,False,True,4.234907084028237
baseline_dqn_statev1_sparse_seed44_20261010_112533_948291_7d530b6b,dqn,44,v1,sparse,528,11559,0.0,1,6,0.31475591962328675,0.5072820335626602,10560,True,False,True,4.2371841670246795
baseline_dqn_statev1_sparse_seed44_20261010_112533_948291_7d530b6b,dqn,44,v1,sparse,529,11636,50.0,6,77,0.31234148581853344,0.437037827229345,10637,True,False,True,4.266322875046171
baseline_dqn_statev1_sparse_seed44_20261010_112533_948291_7d530b6b,dqn,44,v1,sparse,530,11642,-10.0,0,6,0.3121541277720188,0.5282416542371114,10643,True,False,True,4.268551084038336
baseline_dqn_statev1_sparse_seed44_20261010_112533_948291_7d530b6b,dqn,44,v1,sparse,531,11664,10.0,2,22,0.31146810928646634,0.5133993815292012,10665,True,False,True,4.27711787505541
baseline_dqn_statev1_sparse_seed44_20261010_112533_948291_7d530b6b,dqn,44,v1,sparse,532,11695,10.0,2,31,0.31050400507531684,0.4277208956979936,10696,True,False,True,4.288816042011604
baseline_dqn_statev1_sparse_seed44_20261010_112533_948291_7d530b6b,dqn,44,v1,sparse,533,11699,-10.0,0,4,0.31037982210228504,0.32514823973178864,10700,True,False,True,4.2905027090455405
baseline_dqn_statev1_sparse_seed44_20261010_112533_948291_7d530b6b,dqn,44,v1,sparse,534,11736,30.0,4,37,0.3092334814805195,0.4517831298950556,10737,True,False,True,4.304417667037342
baseline_dqn_statev1_sparse_seed44_20261010_112533_948291_7d530b6b,dqn,44,v1,sparse,535,11757,10.0,2,21,0.3085847401486261,0.43186551119600025,10758,True,False,True,4.312240750005003
baseline_dqn_statev1_sparse_seed44_20261010_112533_948291_7d530b6b,dqn,44,v1,sparse,536,11855,40.0,5,98,0.30557522990462455,0.4840939228175854,10856,True,False,True,4.349306917050853
baseline_dqn_statev1_sparse_seed44_20261010_112533_948291_7d530b6b,dqn,44,v1,sparse,537,11894,20.0,3,39,0.3043857480303097,0.4567601096171599,10895,True,False,True,4.363954084052239
baseline_dqn_statev1_sparse_seed44_20261010_112533_948291_7d530b6b,dqn,44,v1,sparse,538,11921,20.0,3,27,0.3035649740148093,0.4769694827221058,10922,True,False,True,4.374102792004123
baseline_dqn_statev1_sparse_seed44_20261010_112533_948291_7d530b6b,dqn,44,v1,sparse,539,11946,10.0,2,25,0.30280697157687886,0.4303300777077675,10947,True,False,True,4.3835425420547836
baseline_dqn_statev1_sparse_seed44_20261010_112533_948291_7d530b6b,dqn,44,v1,sparse,540,12009,70.0,8,63,0.30090518946934797,0.5108797072418152,11010,True,False,True,4.407067459018435
baseline_dqn_statev1_sparse_seed44_20261010_112533_948291_7d530b6b,dqn,44,v1,sparse,541,12015,-10.0,0,6,0.30072469148542713,0.5409491409858068,11016,True,False,True,4.409264167014044
baseline_dqn_statev1_sparse_seed44_20261010_112533_948291_7d530b6b,dqn,44,v1,sparse,542,12048,10.0,2,33,0.2997338861903723,0.543858888925928,11049,True,False,True,4.421897167048883
baseline_dqn_statev1_sparse_seed44_20261010_112533_948291_7d530b6b,dqn,44,v1,sparse,543,12141,60.0,7,93,0.2969591448565447,0.49915608795740274,11142,True,False,True,4.457496584043838
baseline_dqn_statev1_sparse_seed44_20261010_112533_948291_7d530b6b,dqn,44,v1,sparse,544,12209,30.0,4,68,0.29494657254258855,0.5070194563664058,11210,True,False,True,4.484078875044361
baseline_dqn_statev1_sparse_seed44_20261010_112533_948291_7d530b6b,dqn,44,v1,sparse,545,12244,20.0,3,35,0.29391601254191435,0.5296279530440058,11245,True,False,True,4.497384959016927
baseline_dqn_statev1_sparse_seed44_20261010_112533_948291_7d530b6b,dqn,44,v1,sparse,546,12246,-10.0,0,2,0.2938572322785661,0.4260948747396469,11247,True,False,True,4.4981609170208685
baseline_dqn_statev1_sparse_seed44_20261010_112533_948291_7d530b6b,dqn,44,v1,sparse,547,12269,30.0,4,23,0.29318210358296204,0.5048934512812159,11270,True,False,True,4.506832625018433
baseline_dqn_statev1_sparse_seed44_20261010_112533_948291_7d530b6b,dqn,44,v1,sparse,548,12293,10.0,2,24,0.29247927512387967,0.5047288356969754,11294,True,False,True,4.515844667039346
baseline_dqn_statev1_sparse_seed44_20261010_112533_948291_7d530b6b,dqn,44,v1,sparse,549,12302,0.0,1,9,0.29221614904424265,0.5037095579836104,11303,True,False,True,4.519248417054769
baseline_dqn_statev1_sparse_seed44_20261010_112533_948291_7d530b6b,dqn,44,v1,sparse,550,12355,30.0,4,53,0.2906714233559351,0.46418986567911114,11356,True,False,True,4.539436959021259
baseline_dqn_statev1_sparse_seed44_20261010_112533_948291_7d530b6b,dqn,44,v1,sparse,551,12387,20.0,3,32,0.28974271509077043,0.525307385250926,11388,True,False,True,4.552167959045619
baseline_dqn_statev1_sparse_seed44_20261010_112533_948291_7d530b6b,dqn,44,v1,sparse,552,12427,50.0,6,40,0.2885860013635733,0.5213499510660767,11428,True,False,True,4.567887459008489
baseline_dqn_statev1_sparse_seed44_20261010_112533_948291_7d530b6b,dqn,44,v1,sparse,553,12490,50.0,6,63,0.28677353419672075,0.504643086876188,11491,True,False,True,4.5918165420298465
baseline_dqn_statev1_sparse_seed44_20261010_112533_948291_7d530b6b,dqn,44,v1,sparse,554,12518,0.0,1,28,0.285971651366046,0.48973119631409645,11519,True,False,True,4.602365750004537
baseline_dqn_statev1_sparse_seed44_20261010_112533_948291_7d530b6b,dqn,44,v1,sparse,555,12532,0.0,1,14,0.2855715511842712,0.530412203499249,11533,True,False,True,4.607551917026285
baseline_dqn_statev1_sparse_seed44_20261010_112533_948291_7d530b6b,dqn,44,v1,sparse,556,12643,70.0,8,111,0.28241907793593585,0.4855284025003244,11644,True,False,True,4.648555500025395
baseline_dqn_statev1_sparse_seed44_20261010_112533_948291_7d530b6b,dqn,44,v1,sparse,557,12689,50.0,6,46,0.28112286893237026,0.4829713524035785,11690,True,False,True,4.6656163750449196
baseline_dqn_statev1_sparse_seed44_20261010_112533_948291_7d530b6b,dqn,44,v1,sparse,558,12735,40.0,5,46,0.2798326090941134,0.506530455597069,11736,True,False,True,4.682733209047001
baseline_dqn_statev1_sparse_seed44_20261010_112533_948291_7d530b6b,dqn,44,v1,sparse,559,12753,20.0,3,18,0.2793293383133781,0.5031507809956869,11754,True,False,True,4.689557792036794
baseline_dqn_statev1_sparse_seed44_20261010_112533_948291_7d530b6b,dqn,44,v1,sparse,560,12810,50.0,6,57,0.2777416110190772,0.5081920170208865,11811,True,False,True,4.711206792038865
baseline_dqn_statev1_sparse_seed44_20261010_112533_948291_7d530b6b,dqn,44,v1,sparse,561,12837,0.0,1,27,0.27699268273047317,0.5251511798964607,11838,True,False,True,4.721704000025056
baseline_dqn_statev1_sparse_seed44_20261010_112533_948291_7d530b6b,dqn,44,v1,sparse,562,12893,40.0,5,56,0.2754457817264225,0.4834013885951468,11894,True,False,True,4.742766542010941
baseline_dqn_statev1_sparse_seed44_20261010_112533_948291_7d530b6b,dqn,44,v1,sparse,563,12924,20.0,3,31,0.27459317938869315,0.4914428687864734,11925,True,False,True,4.754356500052381
baseline_dqn_statev1_sparse_seed44_20261010_112533_948291_7d530b6b,dqn,44,v1,sparse,564,12970,30.0,4,46,0.2733328886390648,0.5058548984968144,11971,True,False,True,4.771539875015151
baseline_dqn_statev1_sparse_seed44_20261010_112533_948291_7d530b6b,dqn,44,v1,sparse,565,13019,10.0,2,49,0.27199676684940505,0.5301707210589428,12020,True,False,True,4.789749125018716
baseline_dqn_statev1_sparse_seed44_20261010_112533_948291_7d530b6b,dqn,44,v1,sparse,566,13049,20.0,3,30,0.27118195863123074,0.4972228229045868,12050,True,False,True,4.801017292018514
baseline_dqn_statev1_sparse_seed44_20261010_112533_948291_7d530b6b,dqn,44,v1,sparse,567,13067,0.0,1,18,0.2706942457928898,0.4879061621096399,12068,True,False,True,4.807723417005036
baseline_dqn_statev1_sparse_seed44_20261010_112533_948291_7d530b6b,dqn,44,v1,sparse,568,13074,0.0,1,7,0.27050481665715304,0.4336413081203188,12075,True,False,True,4.810364792007022
baseline_dqn_statev1_sparse_seed44_20261010_112533_948291_7d530b6b,dqn,44,v1,sparse,569,13076,-10.0,0,2,0.27045071839886975,0.4323619306087494,12077,True,False,True,4.811120334023144
baseline_dqn_statev1_sparse_seed44_20261010_112533_948291_7d530b6b,dqn,44,v1,sparse,570,13095,0.0,1,19,0.26993732424267847,0.4748700849319759,12096,True,False,True,4.818257584003732
baseline_dqn_statev1_sparse_seed44_20261010_112533_948291_7d530b6b,dqn,44,v1,sparse,571,13127,30.0,4,32,0.2690748623563111,0.47391586611047387,12128,True,False,True,4.8306633750326
baseline_dqn_statev1_sparse_seed44_20261010_112533_948291_7d530b6b,dqn,44,v1,sparse,572,13163,20.0,3,36,0.2681078861038509,0.5075437865323491,12164,True,False,True,4.844305917038582
baseline_dqn_statev1_sparse_seed44_20261010_112533_948291_7d530b6b,dqn,44,v1,sparse,573,13166,-10.0,0,3,0.2680274617809882,0.42521865169207257,12167,True,False,True,4.845443709054962
baseline_dqn_statev1_sparse_seed44_20261010_112533_948291_7d530b6b,dqn,44,v1,sparse,574,13184,10.0,2,18,0.26754542221317046,0.49782289895746445,12185,True,False,True,4.852185292053036
baseline_dqn_statev1_sparse_seed44_20261010_112533_948291_7d530b6b,dqn,44,v1,sparse,575,13243,50.0,6,59,0.265971473238816,0.47372104366452006,12244,True,False,True,4.874408750038128
baseline_dqn_statev1_sparse_seed44_20261010_112533_948291_7d530b6b,dqn,44,v1,sparse,576,13273,0.0,1,30,0.2651747147158925,0.4731475291152795,12274,True,False,True,4.8857929590158165
baseline_dqn_statev1_sparse_seed44_20261010_112533_948291_7d530b6b,dqn,44,v1,sparse,577,13300,20.0,3,27,0.2644596729742376,0.4213298045926624,12301,True,False,True,4.8961395000224
baseline_dqn_statev1_sparse_seed44_20261010_112533_948291_7d530b6b,dqn,44,v1,sparse,578,13315,0.0,1,15,0.26406326102713984,0.490522563457489,12316,True,False,True,4.901680750015657
baseline_dqn_statev1_sparse_seed44_20261010_112533_948291_7d530b6b,dqn,44,v1,sparse,579,13328,0.0,1,13,0.26372018468164504,0.49773862728705776,12329,True,False,True,4.906564375036396
baseline_dqn_statev1_sparse_seed44_20261010_112533_948291_7d530b6b,dqn,44,v1,sparse,580,13358,30.0,4,30,0.26293017024042203,0.47279537965854007,12359,True,False,True,4.917780959047377
baseline_dqn_statev1_sparse_seed44_20261010_112533_948291_7d530b6b,dqn,44,v1,sparse,581,13380,30.0,4,22,0.2623523308298662,0.5055946118452332,12381,True,False,True,4.926349834015127
baseline_dqn_statev1_sparse_seed44_20261010_112533_948291_7d530b6b,dqn,44,v1,sparse,582,13430,30.0,4,50,0.2610437778557004,0.5105594310164452,12431,True,False,True,4.946085917006712
baseline_dqn_statev1_sparse_seed44_20261010_112533_948291_7d530b6b,dqn,44,v1,sparse,583,13479,40.0,5,49,0.2597677284150904,0.45101881878716604,12480,True,False,True,4.965735417034011
baseline_dqn_statev1_sparse_seed44_20261010_112533_948291_7d530b6b,dqn,44,v1,sparse,584,13547,30.0,4,68,0.25800721237332996,0.5024715103209019,12548,True,False,True,4.991548750025686
baseline_dqn_statev1_sparse_seed44_20261010_112533_948291_7d530b6b,dqn,44,v1,sparse,585,13554,-10.0,0,7,0.25782666149715394,0.41550817021301817,12555,True,False,True,4.994177917018533
baseline_dqn_statev1_sparse_seed44_20261010_112533_948291_7d530b6b,dqn,44,v1,sparse,586,13584,20.0,3,30,0.25705430201256996,0.5421552191178004,12585,True,False,True,5.005449959018733
baseline_dqn_statev1_sparse_seed44_20261010_112533_948291_7d530b6b,dqn,44,v1,sparse,587,13619,30.0,4,35,0.2561561397475478,0.5177954997335161,12620,True,False,True,5.018599709030241
baseline_dqn_statev1_sparse_seed44_20261010_112533_948291_7d530b6b,dqn,44,v1,sparse,588,13666,60.0,7,47,0.2549549707895983,0.47900003131399765,12667,True,False,True,5.035850875021424
baseline_dqn_statev1_sparse_seed44_20261010_112533_948291_7d530b6b,dqn,44,v1,sparse,589,13682,10.0,2,16,0.25454734863957157,0.45366390887647867,12683,True,False,True,5.042023834015708
baseline_dqn_statev1_sparse_seed44_20261010_112533_948291_7d530b6b,dqn,44,v1,sparse,590,13683,-10.0,0,1,0.25452189390470764,0.3962242603302002,12684,True,False,True,5.04240891704103
baseline_dqn_statev1_sparse_seed44_20261010_112533_948291_7d530b6b,dqn,44,v1,sparse,591,13729,30.0,4,46,0.2533537236348555,0.4614234508379646,12730,True,False,True,5.060132334008813
baseline_dqn_statev1_sparse_seed44_20261010_112533_948291_7d530b6b,dqn,44,v1,sparse,592,13781,30.0,4,52,0.25203963815006464,0.49131225593961203,12782,True,False,True,5.079789542010985
baseline_dqn_statev1_sparse_seed44_20261010_112533_948291_7d530b6b,dqn,44,v1,sparse,593,13806,20.0,3,25,0.2514102945942316,0.46290045261383056,12807,True,False,True,5.0891310420120135
baseline_dqn_statev1_sparse_seed44_20261010_112533_948291_7d530b6b,dqn,44,v1,sparse,594,13820,10.0,2,14,0.2510585488736796,0.4484170132449695,12821,True,False,True,5.094459834042937
baseline_dqn_statev1_sparse_seed44_20261010_112533_948291_7d530b6b,dqn,44,v1,sparse,595,13838,10.0,2,18,0.2506070274004999,0.6174321704440646,12839,True,False,True,5.101229750027414
baseline_dqn_statev1_sparse_seed44_20261010_112533_948291_7d530b6b,dqn,44,v1,sparse,596,13860,20.0,3,22,0.2500562704567005,0.5044504194097086,12861,True,False,True,5.109607375052292
baseline_dqn_statev1_sparse_seed44_20261010_112533_948291_7d530b6b,dqn,44,v1,sparse,597,13905,40.0,5,45,0.2489334892521471,0.5393002871010039,12906,True,False,True,5.1264742920175195
baseline_dqn_statev1_sparse_seed44_20261010_112533_948291_7d530b6b,dqn,44,v1,sparse,598,13926,10.0,2,21,0.24841125135411243,0.4630038021575837,12927,True,False,True,5.134257750003599
baseline_dqn_statev1_sparse_seed44_20261010_112533_948291_7d530b6b,dqn,44,v1,sparse,599,14026,70.0,8,100,0.24593939512663518,0.5045211967080832,13027,True,False,True,5.17126316705253
baseline_dqn_statev1_sparse_seed44_20261010_112533_948291_7d530b6b,dqn,44,v1,sparse,600,14099,40.0,5,73,0.24415048555980018,0.5719833919038512,13100,True,False,True,5.198408417054452
baseline_dqn_statev1_sparse_seed44_20261010_112533_948291_7d530b6b,dqn,44,v1,sparse,601,14100,-10.0,0,1,0.24412607051124421,0.1274009793996811,13101,True,False,True,5.200256834039465
baseline_dqn_statev1_sparse_seed44_20261010_112533_948291_7d530b6b,dqn,44,v1,sparse,602,14152,40.0,5,52,0.2428598466676975,0.5461893683442702,13153,True,False,True,5.219809375004843
baseline_dqn_statev1_sparse_seed44_20261010_112533_948291_7d530b6b,dqn,44,v1,sparse,603,14168,0.0,1,16,0.24247156220888794,0.5484601836651564,13169,True,False,True,5.225996875029523
baseline_dqn_statev1_sparse_seed44_20261010_112533_948291_7d530b6b,dqn,44,v1,sparse,604,14182,10.0,2,14,0.2421323225826818,0.5842388165848595,13183,True,False,True,5.231359750032425
baseline_dqn_statev1_sparse_seed44_20261010_112533_948291_7d530b6b,dqn,44,v1,sparse,605,14252,20.0,3,70,0.24044323058804196,0.5339481670941625,13253,True,False,True,5.257677625049837
baseline_dqn_statev1_sparse_seed44_20261010_112533_948291_7d530b6b,dqn,44,v1,sparse,606,14289,20.0,3,37,0.23955519012012505,0.510627885122557,13290,True,False,True,5.27153750002617
baseline_dqn_statev1_sparse_seed44_20261010_112533_948291_7d530b6b,dqn,44,v1,sparse,607,14325,10.0,2,36,0.2386942989243766,0.5999539751145575,13326,True,False,True,5.28491320903413
baseline_dqn_statev1_sparse_seed44_20261010_112533_948291_7d530b6b,dqn,44,v1,sparse,608,14350,-10.0,0,25,0.23809827871126743,0.5105830144882202,13351,True,False,True,5.294255625049118
baseline_dqn_statev1_sparse_seed44_20261010_112533_948291_7d530b6b,dqn,44,v1,sparse,609,14422,60.0,7,72,0.23639004272083095,0.5489353185726537,13423,True,False,True,5.321329125028569
baseline_dqn_statev1_sparse_seed44_20261010_112533_948291_7d530b6b,dqn,44,v1,sparse,610,14423,-10.0,0,1,0.23636640371655887,0.8646188974380493,13424,True,False,True,5.32171162503073
baseline_dqn_statev1_sparse_seed44_20261010_112533_948291_7d530b6b,dqn,44,v1,sparse,611,14468,40.0,5,45,0.23530509157671078,0.5242902722623614,13469,True,False,True,5.338921292044688
baseline_dqn_statev1_sparse_seed44_20261010_112533_948291_7d530b6b,dqn,44,v1,sparse,612,14489,0.0,1,21,0.23481144471227705,0.5382267974671864,13490,True,False,True,5.346999625035096
baseline_dqn_statev1_sparse_seed44_20261010_112533_948291_7d530b6b,dqn,44,v1,sparse,613,14535,30.0,4,46,0.23373373880444437,0.5349200228634088,13536,True,False,True,5.3641480000223964
baseline_dqn_statev1_sparse_seed44_20261010_112533_948291_7d530b6b,dqn,44,v1,sparse,614,14557,10.0,2,22,0.23322006414423235,0.4799977588382634,13558,True,False,True,5.372401542030275
baseline_dqn_statev1_sparse_seed44_20261010_112533_948291_7d530b6b,dqn,44,v1,sparse,615,14587,10.0,2,30,0.23252141751284403,0.545202513039112,13588,True,False,True,5.383692042028997
baseline_dqn_statev1_sparse_seed44_20261010_112533_948291_7d530b6b,dqn,44,v1,sparse,616,14644,30.0,4,57,0.23119974968044302,0.5661825119403371,13645,True,False,True,5.405095417052507
baseline_dqn_statev1_sparse_seed44_20261010_112533_948291_7d530b6b,dqn,44,v1,sparse,617,14646,-10.0,0,2,0.23115351204250442,0.6734625697135925,13647,True,False,True,5.405871792056132
baseline_dqn_statev1_sparse_seed44_20261010_112533_948291_7d530b6b,dqn,44,v1,sparse,618,14681,20.0,3,35,0.2303458486020622,0.5417735772473472,13682,True,False,True,5.418888500018511
baseline_dqn_statev1_sparse_seed44_20261010_112533_948291_7d530b6b,dqn,44,v1,sparse,619,14758,80.0,9,77,0.22857890866868447,0.5501775089409444,13759,True,False,True,5.447429459018167
baseline_dqn_statev1_sparse_seed44_20261010_112533_948291_7d530b6b,dqn,44,v1,sparse,620,14811,40.0,5,53,0.22737058492209936,0.5665762778723015,13812,True,False,True,5.4672598340548575
baseline_dqn_statev1_sparse_seed44_20261010_112533_948291_7d530b6b,dqn,44,v1,sparse,621,14816,0.0,1,5,0.22725692236442321,0.7911634504795074,13817,True,False,True,5.469171084056143
baseline_dqn_statev1_sparse_seed44_20261010_112533_948291_7d530b6b,dqn,44,v1,sparse,622,14889,60.0,7,73,0.22560390503331249,0.5849724377263082,13890,True,False,True,5.497352417034563
baseline_dqn_statev1_sparse_seed44_20261010_112533_948291_7d530b6b,dqn,44,v1,sparse,623,14890,-10.0,0,1,0.22558134464280916,1.013495683670044,13891,True,False,True,5.497761042031925
baseline_dqn_statev1_sparse_seed44_20261010_112533_948291_7d530b6b,dqn,44,v1,sparse,624,14895,-10.0,0,5,0.22546857652636654,0.6876420974731445,13896,True,False,True,5.499684542010073
baseline_dqn_statev1_sparse_seed44_20261010_112533_948291_7d530b6b,dqn,44,v1,sparse,625,14900,-10.0,0,5,0.22535586478270647,0.6414869368076325,13901,True,False,True,5.5016307920450345
baseline_dqn_statev1_sparse_seed44_20261010_112533_948291_7d530b6b,dqn,44,v1,sparse,626,14914,0.0,1,14,0.22504057156384066,0.5280242711305618,13915,True,False,True,5.50694683403708
baseline_dqn_statev1_sparse_seed44_20261010_112533_948291_7d530b6b,dqn,44,v1,sparse,627,14953,20.0,3,39,0.224164578830581,0.5896822512149811,13954,True,False,True,5.521428042033222
baseline_dqn_statev1_sparse_seed44_20261010_112533_948291_7d530b6b,dqn,44,v1,sparse,628,14966,10.0,2,13,0.2238733396623777,0.46778826530163103,13967,True,False,True,5.526242917054333
baseline_dqn_statev1_sparse_seed44_20261010_112533_948291_7d530b6b,dqn,44,v1,sparse,629,15019,40.0,5,53,0.2226898906988801,0.5630990500157734,14020,True,False,True,5.546128209040035
baseline_dqn_statev1_sparse_seed44_20261010_112533_948291_7d530b6b,dqn,44,v1,sparse,630,15051,30.0,4,32,0.22197838648676024,0.5444615669548512,14052,True,False,True,5.558159125037491
baseline_dqn_statev1_sparse_seed44_20261010_112533_948291_7d530b6b,dqn,44,v1,sparse,631,15063,0.0,1,12,0.221712158879887,0.5306681171059608,14064,True,False,True,5.562773917044979
baseline_dqn_statev1_sparse_seed44_20261010_112533_948291_7d530b6b,dqn,44,v1,sparse,632,15110,50.0,6,47,0.2206725048504776,0.5478653419525066,14111,True,False,True,5.581080750038382
baseline_dqn_statev1_sparse_seed44_20261010_112533_948291_7d530b6b,dqn,44,v1,sparse,633,15117,-10.0,0,7,0.22051808043058554,0.5311915278434753,14118,True,False,True,5.583764750044793
baseline_dqn_statev1_sparse_seed44_20261010_112533_948291_7d530b6b,dqn,44,v1,sparse,634,15168,40.0,5,51,0.21939624523913173,0.5167318240684622,14169,True,False,True,5.60286108404398
baseline_dqn_statev1_sparse_seed44_20261010_112533_948291_7d530b6b,dqn,44,v1,sparse,635,15183,10.0,2,15,0.21906738113753527,0.5409556289513906,14184,True,False,True,5.6085077919997275
baseline_dqn_statev1_sparse_seed44_20261010_112533_948291_7d530b6b,dqn,44,v1,sparse,636,15254,100.0,11,71,0.21751743405634089,0.521158872146002,14255,True,False,True,5.6352712920052
baseline_dqn_statev1_sparse_seed44_20261010_112533_948291_7d530b6b,dqn,44,v1,sparse,637,15281,10.0,2,27,0.21693089983472544,0.5693933654714514,14282,True,False,True,5.6454357920447364
baseline_dqn_statev1_sparse_seed44_20261010_112533_948291_7d530b6b,dqn,44,v1,sparse,638,15318,20.0,3,37,0.21612969858100867,0.5835827931359008,14319,True,False,True,5.659238542022649
baseline_dqn_statev1_sparse_seed44_20261010_112533_948291_7d530b6b,dqn,44,v1,sparse,639,15353,30.0,4,35,0.21537452919424382,0.5898848303726741,14354,True,False,True,5.672242792032193
baseline_dqn_statev1_sparse_seed44_20261010_112533_948291_7d530b6b,dqn,44,v1,sparse,640,15431,100.0,11,78,0.21370105920948412,0.5400349719402118,14432,True,False,True,5.701152459019795
baseline_dqn_statev1_sparse_seed44_20261010_112533_948291_7d530b6b,dqn,44,v1,sparse,641,15494,70.0,8,63,0.2123589076445826,0.5509994504234147,14495,True,False,True,5.725379250012338
baseline_dqn_statev1_sparse_seed44_20261010_112533_948291_7d530b6b,dqn,44,v1,sparse,642,15495,-10.0,0,1,0.21233767175381815,0.4722147583961487,14496,True,False,True,5.725778292049654
baseline_dqn_statev1_sparse_seed44_20261010_112533_948291_7d530b6b,dqn,44,v1,sparse,643,15547,50.0,6,52,0.2112363267713064,0.5498558151034209,14548,True,False,True,5.7455237920512445
baseline_dqn_statev1_sparse_seed44_20261010_112533_948291_7d530b6b,dqn,44,v1,sparse,644,15594,30.0,4,47,0.21024579607874122,0.5601577023242382,14595,True,False,True,5.762964625027962
baseline_dqn_statev1_sparse_seed44_20261010_112533_948291_7d530b6b,dqn,44,v1,sparse,645,15607,10.0,2,13,0.2099726404754445,0.44268681223575884,14608,True,False,True,5.767841250053607
baseline_dqn_statev1_sparse_seed44_20261010_112533_948291_7d530b6b,dqn,44,v1,sparse,646,15725,100.0,11,118,0.207509401844912,0.5306605355719388,14726,True,False,True,5.829836750053801
baseline_dqn_statev1_sparse_seed44_20261010_112533_948291_7d530b6b,dqn,44,v1,sparse,647,15775,60.0,7,50,0.20647439276345045,0.5484171143174171,14776,True,False,True,5.849004584015347
baseline_dqn_statev1_sparse_seed44_20261010_112533_948291_7d530b6b,dqn,44,v1,sparse,648,15819,30.0,4,44,0.20556785595130073,0.563778983259743,14820,True,False,True,5.865625500038732
baseline_dqn_statev1_sparse_seed44_20261010_112533_948291_7d530b6b,dqn,44,v1,sparse,649,15878,60.0,7,59,0.20435851619374368,0.6076188021797245,14879,True,False,True,5.887733792013023
baseline_dqn_statev1_sparse_seed44_20261010_112533_948291_7d530b6b,dqn,44,v1,sparse,650,15906,10.0,2,28,0.20378708415453223,0.5873210547225816,14907,True,False,True,5.89823041704949
baseline_dqn_statev1_sparse_seed44_20261010_112533_948291_7d530b6b,dqn,44,v1,sparse,651,15990,80.0,9,84,0.20208235728699725,0.522313289166916,14991,True,False,True,5.930742125026882
baseline_dqn_statev1_sparse_seed44_20261010_112533_948291_7d530b6b,dqn,44,v1,sparse,652,16080,70.0,8,90,0.2002716857807358,0.6262706478436788,15081,True,False,True,5.9646431670407765
baseline_dqn_statev1_sparse_seed44_20261010_112533_948291_7d530b6b,dqn,44,v1,sparse,653,16083,0.0,1,3,0.20021161028295187,0.6467534899711609,15084,True,False,True,5.965797125012614
baseline_dqn_statev1_sparse_seed44_20261010_112533_948291_7d530b6b,dqn,44,v1,sparse,654,16137,30.0,4,54,0.19913332765584385,0.6139860721649947,15138,True,False,True,5.985910042014439
baseline_dqn_statev1_sparse_seed44_20261010_112533_948291_7d530b6b,dqn,44,v1,sparse,655,16158,0.0,1,21,0.19871556558302653,0.6399979811339152,15159,True,False,True,5.993712042050902
baseline_dqn_statev1_sparse_seed44_20261010_112533_948291_7d530b6b,dqn,44,v1,sparse,656,16162,-10.0,0,4,0.19863609127893242,0.46666861325502396,15163,True,False,True,5.995219167030882
baseline_dqn_statev1_sparse_seed44_20261010_112533_948291_7d530b6b,dqn,44,v1,sparse,657,16163,-10.0,0,1,0.19861622766980452,1.1318684816360474,15164,True,False,True,5.995596917055082
baseline_dqn_statev1_sparse_seed44_20261010_112533_948291_7d530b6b,dqn,44,v1,sparse,658,16224,40.0,5,61,0.1974082962201403,0.5836105496912706,15225,True,False,True,6.018368167045992
baseline_dqn_statev1_sparse_seed44_20261010_112533_948291_7d530b6b,dqn,44,v1,sparse,659,16297,60.0,7,73,0.1959723912912086,0.6136049801764423,15298,True,False,True,6.045384792028926
baseline_dqn_statev1_sparse_seed44_20261010_112533_948291_7d530b6b,dqn,44,v1,sparse,660,16403,130.0,14,106,0.1939059520972583,0.6089429785058184,15404,True,False,True,6.08500500000082
baseline_dqn_statev1_sparse_seed44_20261010_112533_948291_7d530b6b,dqn,44,v1,sparse,661,16436,20.0,3,33,0.19326708522160668,0.6467092809352007,15437,True,False,True,6.097737959004007
baseline_dqn_statev1_sparse_seed44_20261010_112533_948291_7d530b6b,dqn,44,v1,sparse,662,16470,40.0,5,34,0.19261106020458688,0.6490897650227827,15471,True,False,True,6.110813042032532
baseline_dqn_statev1_sparse_seed44_20261010_112533_948291_7d530b6b,dqn,44,v1,sparse,663,16499,20.0,3,29,0.19205326942755443,0.5607380538151182,15500,True,False,True,6.121820416999981
baseline_dqn_statev1_sparse_seed44_20261010_112533_948291_7d530b6b,dqn,44,v1,sparse,664,16585,80.0,9,86,0.19040861124346037,0.6226895973086357,15586,True,False,True,6.154225042031612
baseline_dqn_statev1_sparse_seed44_20261010_112533_948291_7d530b6b,dqn,44,v1,sparse,665,16604,0.0,1,19,0.19004716029639093,0.5815824034966921,15605,True,False,True,6.161245459050406
baseline_dqn_statev1_sparse_seed44_20261010_112533_948291_7d530b6b,dqn,44,v1,sparse,666,16698,90.0,10,94,0.18826899853415074,0.6067552588721539,15699,True,False,True,6.196280625008512
baseline_dqn_statev1_sparse_seed44_20261010_112533_948291_7d530b6b,dqn,44,v1,sparse,667,16827,120.0,13,129,0.18585580634756665,0.6280042277288067,15828,True,False,True,6.244902417005505
baseline_dqn_statev1_sparse_seed44_20261010_112533_948291_7d530b6b,dqn,44,v1,sparse,668,16869,40.0,5,42,0.1850768100478537,0.6575813300552822,15870,True,False,True,6.260734917013906
baseline_dqn_statev1_sparse_seed44_20261010_112533_948291_7d530b6b,dqn,44,v1,sparse,669,17029,140.0,15,160,0.18213899935580313,0.6194889423437416,16030,True,False,True,6.321506125037558
baseline_dqn_statev1_sparse_seed44_20261010_112533_948291_7d530b6b,dqn,44,v1,sparse,670,17035,-10.0,0,6,0.18202974327339705,0.5763206779956818,16036,True,False,True,6.3237862920504995
baseline_dqn_statev1_sparse_seed44_20261010_112533_948291_7d530b6b,dqn,44,v1,sparse,671,17084,60.0,7,49,0.1811399348512757,0.5813454812278553,16085,True,False,True,6.342728250019718
baseline_dqn_statev1_sparse_seed44_20261010_112533_948291_7d530b6b,dqn,44,v1,sparse,672,17125,30.0,4,41,0.18039874453673269,0.6115836977231793,16126,True,False,True,6.358399459044449
baseline_dqn_statev1_sparse_seed44_20261010_112533_948291_7d530b6b,dqn,44,v1,sparse,673,17192,50.0,6,67,0.17919405293638638,0.6344515919240553,16193,True,False,True,6.3837719590519555
baseline_dqn_statev1_sparse_seed44_20261010_112533_948291_7d530b6b,dqn,44,v1,sparse,674,17209,0.0,1,17,0.17888966662849723,0.6085266729488092,16210,True,False,True,6.390108959050849
baseline_dqn_statev1_sparse_seed44_20261010_112533_948291_7d530b6b,dqn,44,v1,sparse,675,17341,90.0,10,132,0.17654372302237165,0.645787091191971,16342,True,False,True,6.4396065000328235
baseline_dqn_statev1_sparse_seed44_20261010_112533_948291_7d530b6b,dqn,44,v1,sparse,676,17410,70.0,8,69,0.17532970381467008,0.6608733042426731,16411,True,False,True,6.465209334040992
baseline_dqn_statev1_sparse_seed44_20261010_112533_948291_7d530b6b,dqn,44,v1,sparse,677,17455,30.0,4,45,0.17454245342625357,0.6151563935809665,16456,True,False,True,6.482090709032491
baseline_dqn_statev1_sparse_seed44_20261010_112533_948291_7d530b6b,dqn,44,v1,sparse,678,17538,60.0,7,83,0.1730996747373944,0.6053702524268484,16539,True,False,True,6.512900250032544
baseline_dqn_statev1_sparse_seed44_20261010_112533_948291_7d530b6b,dqn,44,v1,sparse,679,17606,80.0,9,68,0.17192653149878642,0.6075306600507568,16607,True,False,True,6.538129459018819
baseline_dqn_statev1_sparse_seed44_20261010_112533_948291_7d530b6b,dqn,44,v1,sparse,680,17629,10.0,2,23,0.17153153514613428,0.6812749362510183,16630,True,False,True,6.546611167024821
baseline_dqn_statev1_sparse_seed44_20261010_112533_948291_7d530b6b,dqn,44,v1,sparse,681,17669,40.0,5,40,0.17084674525835888,0.564861973375082,16670,True,False,True,6.5622613340383396
baseline_dqn_statev1_sparse_seed44_20261010_112533_948291_7d530b6b,dqn,44,v1,sparse,682,17747,60.0,7,78,0.16951925820010086,0.6567031710575788,16748,True,False,True,6.591773125051986
baseline_dqn_statev1_sparse_seed44_20261010_112533_948291_7d530b6b,dqn,44,v1,sparse,683,17806,50.0,6,59,0.16852198954803335,0.6639754746930074,16807,True,False,True,6.6140625000116415
baseline_dqn_statev1_sparse_seed44_20261010_112533_948291_7d530b6b,dqn,44,v1,sparse,684,17868,50.0,6,62,0.16748033359954653,0.6402649398772947,16869,True,False,True,6.637079667008948
baseline_dqn_statev1_sparse_seed44_20261010_112533_948291_7d530b6b,dqn,44,v1,sparse,685,17899,10.0,2,31,0.16696192259664183,0.6291330519222444,16900,True,False,True,6.648758500057738
baseline_dqn_statev1_sparse_seed44_20261010_112533_948291_7d530b6b,dqn,44,v1,sparse,686,17991,90.0,10,92,0.16543284101432434,0.6448489051798115,16992,True,False,True,6.683125125011429
baseline_dqn_statev1_sparse_seed44_20261010_112533_948291_7d530b6b,dqn,44,v1,sparse,687,18028,40.0,5,37,0.16482184000097133,0.6401928469941423,17029,True,False,True,6.697027417016216
baseline_dqn_statev1_sparse_seed44_20261010_112533_948291_7d530b6b,dqn,44,v1,sparse,688,18059,20.0,3,31,0.16431165797816846,0.5879156012688914,17060,True,False,True,6.708581959013827
baseline_dqn_statev1_sparse_seed44_20261010_112533_948291_7d530b6b,dqn,44,v1,sparse,689,18063,-10.0,0,4,0.16424594317301947,0.5735919773578644,17064,True,False,True,6.710122959048022
baseline_dqn_statev1_sparse_seed44_20261010_112533_948291_7d530b6b,dqn,44,v1,sparse,690,18147,30.0,4,84,0.16287198724557542,0.6723827368446759,17148,True,False,True,6.741441167017911
baseline_dqn_statev1_sparse_seed44_20261010_112533_948291_7d530b6b,dqn,44,v1,sparse,691,18159,0.0,1,12,0.16267664832056855,0.7819124758243561,17160,True,False,True,6.7458935000468045
baseline_dqn_statev1_sparse_seed44_20261010_112533_948291_7d530b6b,dqn,44,v1,sparse,692,18173,-10.0,0,14,0.1624490489894717,0.6532321625522205,17174,True,False,True,6.751546667015646
baseline_dqn_statev1_sparse_seed44_20261010_112533_948291_7d530b6b,dqn,44,v1,sparse,693,18184,10.0,2,11,0.16227044435576155,0.5005856738849119,17185,True,False,True,6.75570941704791
baseline_dqn_statev1_sparse_seed44_20261010_112533_948291_7d530b6b,dqn,44,v1,sparse,694,18190,-10.0,0,6,0.1621731064264696,0.6068211495876312,17191,True,False,True,6.758029709046241
baseline_dqn_statev1_sparse_seed44_20261010_112533_948291_7d530b6b,dqn,44,v1,sparse,695,18247,40.0,5,57,0.16125130326383155,0.6145458961265129,17248,True,False,True,6.779742084036116
baseline_dqn_statev1_sparse_seed44_20261010_112533_948291_7d530b6b,dqn,44,v1,sparse,696,18270,10.0,2,23,0.1608808329466887,0.6220675966014033,17271,True,False,True,6.7885786250117235
baseline_dqn_statev1_sparse_seed44_20261010_112533_948291_7d530b6b,dqn,44,v1,sparse,697,18292,10.0,2,22,0.16052726650129123,0.6540179692886092,17293,True,False,True,6.796818125003483
baseline_dqn_statev1_sparse_seed44_20261010_112533_948291_7d530b6b,dqn,44,v1,sparse,698,18317,40.0,5,25,0.1601264295478278,0.6155793678760528,17318,True,False,True,6.806315542024095
baseline_dqn_statev1_sparse_seed44_20261010_112533_948291_7d530b6b,dqn,44,v1,sparse,699,18327,-10.0,0,10,0.15996637515596146,0.6544936329126358,17328,True,False,True,6.8100497090490535
baseline_dqn_statev1_sparse_seed44_20261010_112533_948291_7d530b6b,dqn,44,v1,sparse,700,18381,40.0,5,54,0.15910484188619584,0.6743494928986938,17382,True,False,True,6.830473250010982
baseline_dqn_statev1_sparse_seed44_20261010_112533_948291_7d530b6b,dqn,44,v1,sparse,701,18480,80.0,9,99,0.15753739723174678,0.6553856414375883,17481,True,False,True,6.870227834035177
baseline_dqn_statev1_sparse_seed44_20261010_112533_948291_7d530b6b,dqn,44,v1,sparse,702,18559,90.0,10,79,0.15629769308655944,0.64322390831724,17560,True,False,True,6.900280375033617
baseline_dqn_statev1_sparse_seed44_20261010_112533_948291_7d530b6b,dqn,44,v1,sparse,703,18591,40.0,5,32,0.15579831493056542,0.6246575037948787,17592,True,False,True,6.912443959037773
baseline_dqn_statev1_sparse_seed44_20261010_112533_948291_7d530b6b,dqn,44,v1,sparse,704,18645,80.0,9,54,0.1549592296443279,0.6838550357906906,17646,True,False,True,6.933070209051948
baseline_dqn_statev1_sparse_seed44_20261010_112533_948291_7d530b6b,dqn,44,v1,sparse,705,18695,70.0,8,50,0.15418632871303406,0.5708150598406792,17696,True,False,True,6.951730042055715
baseline_dqn_statev1_sparse_seed44_20261010_112533_948291_7d530b6b,dqn,44,v1,sparse,706,18809,140.0,15,114,0.15243849873353735,0.6601988674517263,17810,True,False,True,6.994306375039741
baseline_dqn_statev1_sparse_seed44_20261010_112533_948291_7d530b6b,dqn,44,v1,sparse,707,18892,80.0,9,83,0.15117843269792755,0.6050343606845442,17893,True,False,True,7.0253162500448525
baseline_dqn_statev1_sparse_seed44_20261010_112533_948291_7d530b6b,dqn,44,v1,sparse,708,18977,80.0,9,85,0.14989879818870963,0.6249107450246811,17978,True,False,True,7.057050625036936
baseline_dqn_statev1_sparse_seed44_20261010_112533_948291_7d530b6b,dqn,44,v1,sparse,709,18988,0.0,1,11,0.1497339919303127,0.6630700772458856,17989,True,False,True,7.061096750025172
baseline_dqn_statev1_sparse_seed44_20261010_112533_948291_7d530b6b,dqn,44,v1,sparse,710,19036,60.0,7,48,0.14901695518158797,0.7034843675792217,18037,True,False,True,7.078907042043284
baseline_dqn_statev1_sparse_seed44_20261010_112533_948291_7d530b6b,dqn,44,v1,sparse,711,19155,90.0,10,119,0.1472540752097359,0.684731793002922,18156,True,False,True,7.124221959034912
baseline_dqn_statev1_sparse_seed44_20261010_112533_948291_7d530b6b,dqn,44,v1,sparse,712,19229,70.0,8,74,0.1461683628570769,0.7532046896380347,18230,True,False,True,7.152264167030808
baseline_dqn_statev1_sparse_seed44_20261010_112533_948291_7d530b6b,dqn,44,v1,sparse,713,19264,40.0,5,35,0.14565764233292905,0.711590627687318,18265,True,False,True,7.1654381670523435
baseline_dqn_statev1_sparse_seed44_20261010_112533_948291_7d530b6b,dqn,44,v1,sparse,714,19344,90.0,10,80,0.1444969720315335,0.695814798027277,18345,True,False,True,7.195672834001016
baseline_dqn_statev1_sparse_seed44_20261010_112533_948291_7d530b6b,dqn,44,v1,sparse,715,19346,-10.0,0,2,0.14446807408209691,0.7278961837291718,18347,True,False,True,7.196433542005252
baseline_dqn_statev1_sparse_seed44_20261010_112533_948291_7d530b6b,dqn,44,v1,sparse,716,19364,0.0,1,18,0.1442082524670608,0.708885113398234,18365,True,False,True,7.203232084051706
baseline_dqn_statev1_sparse_seed44_20261010_112533_948291_7d530b6b,dqn,44,v1,sparse,717,19366,-10.0,0,2,0.1441794122586499,1.0230644941329956,18367,True,False,True,7.203977834025864
baseline_dqn_statev1_sparse_seed44_20261010_112533_948291_7d530b6b,dqn,44,v1,sparse,718,19379,10.0,2,13,0.14399209144143027,0.6966096804692194,18380,True,False,True,7.208851250004955
baseline_dqn_statev1_sparse_seed44_20261010_112533_948291_7d530b6b,dqn,44,v1,sparse,719,19413,30.0,4,34,0.14350332526518117,0.686051194282139,18414,True,False,True,7.2215348750469275
baseline_dqn_statev1_sparse_seed44_20261010_112533_948291_7d530b6b,dqn,44,v1,sparse,720,19488,70.0,8,75,0.142431022870324,0.687950804233551,18489,True,False,True,7.249595542030875
baseline_dqn_statev1_sparse_seed44_20261010_112533_948291_7d530b6b,dqn,44,v1,sparse,721,19520,20.0,3,32,0.14197594934906646,0.7210640585981309,18521,True,False,True,7.262005875003524
baseline_dqn_statev1_sparse_seed44_20261010_112533_948291_7d530b6b,dqn,44,v1,sparse,722,19551,10.0,2,31,0.14153648345651346,0.7199063310700078,18552,True,False,True,7.273910125019029
baseline_dqn_statev1_sparse_seed44_20261010_112533_948291_7d530b6b,dqn,44,v1,sparse,723,19564,10.0,2,13,0.1413525963860078,0.7344652574795943,18565,True,False,True,7.278869375004433
baseline_dqn_statev1_sparse_seed44_20261010_112533_948291_7d530b6b,dqn,44,v1,sparse,724,19602,20.0,3,38,0.14081644903708587,0.6692186390098772,18603,True,False,True,7.293338625051547
baseline_dqn_statev1_sparse_seed44_20261010_112533_948291_7d530b6b,dqn,44,v1,sparse,725,19721,140.0,15,119,0.1391505815697746,0.7052308449975583,18722,True,False,True,7.338304542005062
baseline_dqn_statev1_sparse_seed44_20261010_112533_948291_7d530b6b,dqn,44,v1,sparse,726,19766,40.0,5,45,0.13852577957099302,0.7379859136210547,18767,True,False,True,7.355237459007185
baseline_dqn_statev1_sparse_seed44_20261010_112533_948291_7d530b6b,dqn,44,v1,sparse,727,19776,0.0,1,10,0.13838731611140265,0.7855733186006546,18777,True,False,True,7.35899600002449
baseline_dqn_statev1_sparse_seed44_20261010_112533_948291_7d530b6b,dqn,44,v1,sparse,728,19791,10.0,2,15,0.13817988038097015,0.7550218363602956,18792,True,False,True,7.36460445902776
baseline_dqn_statev1_sparse_seed44_20261010_112533_948291_7d530b6b,dqn,44,v1,sparse,729,19849,50.0,6,58,0.13738071693036114,0.6897246018052101,18850,True,False,True,7.386165625008289
baseline_dqn_statev1_sparse_seed44_20261010_112533_948291_7d530b6b,dqn,44,v1,sparse,730,19862,10.0,2,13,0.13720222911602983,0.6775112404273107,18863,True,False,True,7.391101959045045
baseline_dqn_statev1_sparse_seed44_20261010_112533_948291_7d530b6b,dqn,44,v1,sparse,731,19891,20.0,3,29,0.13680489919163238,0.6546061676124046,18892,True,False,True,7.4023189170402475
baseline_dqn_statev1_sparse_seed44_20261010_112533_948291_7d530b6b,dqn,44,v1,sparse,732,19934,20.0,3,43,0.1362178717867259,0.6792683338010034,18935,True,False,True,7.4187259170576
baseline_dqn_statev1_sparse_seed44_20261010_112533_948291_7d530b6b,dqn,44,v1,sparse,733,19970,40.0,5,36,0.1357283446490923,0.7074093470970789,18971,True,False,True,7.432834917039145
baseline_dqn_statev1_sparse_seed44_20261010_112533_948291_7d530b6b,dqn,44,v1,sparse,734,19976,-10.0,0,6,0.13564692799884018,0.8352148632208506,18977,True,False,True,7.435108167002909
baseline_dqn_statev1_sparse_seed44_20261010_112533_948291_7d530b6b,dqn,44,v1,sparse,735,19998,10.0,2,22,0.13534881789284928,0.721564993262291,18999,True,False,True,7.443749459052924
baseline_dqn_statev1_sparse_seed44_20261010_112533_948291_7d530b6b,dqn,44,v1,sparse,736,20022,10.0,2,24,0.1350243540188416,0.6777575698991617,19023,True,False,True,7.453282709000632
baseline_dqn_statev1_sparse_seed44_20261010_112533_948291_7d530b6b,dqn,44,v1,sparse,737,20078,70.0,8,56,0.13427029327346712,0.6380255105240005,19079,True,False,True,7.4749309590552
baseline_dqn_statev1_sparse_seed44_20261010_112533_948291_7d530b6b,dqn,44,v1,sparse,738,20104,10.0,2,26,0.13392162654050713,0.6900946979339306,19105,True,False,True,7.484690250013955
baseline_dqn_statev1_sparse_seed44_20261010_112533_948291_7d530b6b,dqn,44,v1,sparse,739,20130,0.0,1,26,0.13357386520879191,0.667515248633348,19131,True,False,True,7.494447167031467
baseline_dqn_statev1_sparse_seed44_20261010_112533_948291_7d530b6b,dqn,44,v1,sparse,740,20183,50.0,6,53,0.13286776124585406,0.6350544573001142,19184,True,False,True,7.5144555840524845
baseline_dqn_statev1_sparse_seed44_20261010_112533_948291_7d530b6b,dqn,44,v1,sparse,741,20282,110.0,12,99,0.13155879503436427,0.6972168127093652,19283,True,False,True,7.552918500034139
baseline_dqn_statev1_sparse_seed44_20261010_112533_948291_7d530b6b,dqn,44,v1,sparse,742,20315,30.0,4,33,0.13112534492394196,0.7075437406698862,19316,True,False,True,7.565482375037391
baseline_dqn_statev1_sparse_seed44_20261010_112533_948291_7d530b6b,dqn,44,v1,sparse,743,20353,20.0,3,38,0.13062798931919972,0.7090588215934602,19354,True,False,True,7.579694667016156
baseline_dqn_statev1_sparse_seed44_20261010_112533_948291_7d530b6b,dqn,44,v1,sparse,744,20391,30.0,4,38,0.13013252017353752,0.6569365157108558,19392,True,False,True,7.594191584037617
baseline_dqn_statev1_sparse_seed44_20261010_112533_948291_7d530b6b,dqn,44,v1,sparse,745,20548,160.0,17,157,0.12810529361511347,0.7064475844240492,19549,True,False,True,7.654142250015866
baseline_dqn_statev1_sparse_seed44_20261010_112533_948291_7d530b6b,dqn,44,v1,sparse,746,20596,50.0,6,48,0.12749183102025444,0.7014996564636627,19597,True,False,True,7.672501750057563
baseline_dqn_statev1_sparse_seed44_20261010_112533_948291_7d530b6b,dqn,44,v1,sparse,747,20642,30.0,4,46,0.12690668620476522,0.7643329744105753,19643,True,False,True,7.689830667048227
baseline_dqn_statev1_sparse_seed44_20261010_112533_948291_7d530b6b,dqn,44,v1,sparse,748,20698,70.0,8,56,0.12619795961178917,0.6763767605381352,19699,True,False,True,7.710941625002306
baseline_dqn_statev1_sparse_seed44_20261010_112533_948291_7d530b6b,dqn,44,v1,sparse,749,20778,70.0,8,80,0.1251923534419233,0.6887873638421297,19779,True,False,True,7.741984084015712
baseline_dqn_statev1_sparse_seed44_20261010_112533_948291_7d530b6b,dqn,44,v1,sparse,750,20815,40.0,5,37,0.12472997454334385,0.7166584609328089,19816,True,False,True,7.756433084025048
baseline_dqn_statev1_sparse_seed44_20261010_112533_948291_7d530b6b,dqn,44,v1,sparse,751,20923,110.0,12,108,0.12339007231853753,0.6668748878356483,19924,True,False,True,7.799028167035431
baseline_dqn_statev1_sparse_seed44_20261010_112533_948291_7d530b6b,dqn,44,v1,sparse,752,20975,60.0,7,52,0.12275007737125683,0.6652960834594873,19976,True,False,True,7.819248459010851
baseline_dqn_statev1_sparse_seed44_20261010_112533_948291_7d530b6b,dqn,44,v1,sparse,753,21023,30.0,4,48,0.12216225950004864,0.6891372163469592,20024,True,False,True,7.83767566701863
baseline_dqn_statev1_sparse_seed44_20261010_112533_948291_7d530b6b,dqn,44,v1,sparse,754,21036,0.0,1,13,0.12200354381433132,0.7605809890306913,20037,True,False,True,7.842644750024192
baseline_dqn_statev1_sparse_seed44_20261010_112533_948291_7d530b6b,dqn,44,v1,sparse,755,21198,230.0,24,162,0.12004291236702247,0.67388919915682,20199,True,False,True,7.905268750037067
baseline_dqn_statev1_sparse_seed44_20261010_112533_948291_7d530b6b,dqn,44,v1,sparse,756,21249,40.0,5,51,0.1194322215641868,0.667178529734705,20250,True,False,True,7.924773917009588
baseline_dqn_statev1_sparse_seed44_20261010_112533_948291_7d530b6b,dqn,44,v1,sparse,757,21274,20.0,3,25,0.11913399903239798,0.687271100282669,20275,True,False,True,7.934559375047684
baseline_dqn_statev1_sparse_seed44_20261010_112533_948291_7d530b6b,dqn,44,v1,sparse,758,21279,-10.0,0,5,0.1190744439450904,0.8949010014533997,20280,True,False,True,7.936495959002059
baseline_dqn_statev1_sparse_seed44_20261010_112533_948291_7d530b6b,dqn,44,v1,sparse,759,21362,70.0,8,83,0.11809016724484156,0.7068593487682113,20363,True,False,True,7.970420042052865
baseline_dqn_statev1_sparse_seed44_20261010_112533_948291_7d530b6b,dqn,44,v1,sparse,760,21401,40.0,5,39,0.11763048956247056,0.6610337342971411,20402,True,False,True,7.986106209049467
baseline_dqn_statev1_sparse_seed44_20261010_112533_948291_7d530b6b,dqn,44,v1,sparse,761,21408,0.0,1,7,0.11754817291806301,0.7636677920818329,20409,True,False,True,7.988961250055581
baseline_dqn_statev1_sparse_seed44_20261010_112533_948291_7d530b6b,dqn,44,v1,sparse,762,21473,80.0,9,65,0.116786549669537,0.658078099672611,20474,True,False,True,8.01564400002826
baseline_dqn_statev1_sparse_seed44_20261010_112533_948291_7d530b6b,dqn,44,v1,sparse,763,21557,100.0,11,84,0.11580960272604283,0.6454699451015109,20558,True,False,True,8.049349584034644
baseline_dqn_statev1_sparse_seed44_20261010_112533_948291_7d530b6b,dqn,44,v1,sparse,764,21627,60.0,7,70,0.1150017259800533,0.718999765600477,20628,True,False,True,8.076167209015694
baseline_dqn_statev1_sparse_seed44_20261010_112533_948291_7d530b6b,dqn,44,v1,sparse,765,21784,210.0,22,157,0.11321020951006974,0.7015357722712171,20785,True,False,True,8.13626529200701
baseline_dqn_statev1_sparse_seed44_20261010_112533_948291_7d530b6b,dqn,44,v1,sparse,766,21812,10.0,2,28,0.11289364848738857,0.7329647647483009,20813,True,False,True,8.146903375047259
baseline_dqn_statev1_sparse_seed44_20261010_112533_948291_7d530b6b,dqn,44,v1,sparse,767,21867,30.0,4,55,0.11227440693346953,0.7064007710326802,20868,True,False,True,8.167722292011604
baseline_dqn_statev1_sparse_seed44_20261010_112533_948291_7d530b6b,dqn,44,v1,sparse,768,21931,40.0,5,64,0.1115581095104634,0.6923376377671957,20932,True,False,True,8.192412834032439
baseline_dqn_statev1_sparse_seed44_20261010_112533_948291_7d530b6b,dqn,44,v1,sparse,769,21953,20.0,3,22,0.11131293919705544,0.709556136618961,20954,True,False,True,8.200898292008787
baseline_dqn_statev1_sparse_seed44_20261010_112533_948291_7d530b6b,dqn,44,v1,sparse,770,22014,50.0,6,61,0.11063596329439043,0.7243455550709709,21015,True,False,True,8.224099625018425
baseline_dqn_statev1_sparse_seed44_20261010_112533_948291_7d530b6b,dqn,44,v1,sparse,771,22103,110.0,12,89,0.10965562318809784,0.673647441388516,21104,True,False,True,8.258535291999578
baseline_dqn_statev1_sparse_seed44_20261010_112533_948291_7d530b6b,dqn,44,v1,sparse,772,22217,140.0,15,114,0.10841258570722455,0.6809171940151014,21218,True,False,True,8.302535042050295
baseline_dqn_statev1_sparse_seed44_20261010_112533_948291_7d530b6b,dqn,44,v1,sparse,773,22231,0.0,1,14,0.10826090670323614,0.7439061126538685,21232,True,False,True,8.307894417026546
baseline_dqn_statev1_sparse_seed44_20261010_112533_948291_7d530b6b,dqn,44,v1,sparse,774,22343,130.0,14,112,0.10705508943838886,0.7385193231914725,21344,True,False,True,8.35058220900828
baseline_dqn_statev1_sparse_seed44_20261010_112533_948291_7d530b6b,dqn,44,v1,sparse,775,22451,110.0,12,108,0.10590505831683591,0.7160730149458956,21452,True,False,True,8.391490250010975
baseline_dqn_statev1_sparse_seed44_20261010_112533_948291_7d530b6b,dqn,44,v1,sparse,776,22513,50.0,6,62,0.1052504456204961,0.7260277372214102,21514,True,False,True,8.415027209033724
baseline_dqn_statev1_sparse_seed44_20261010_112533_948291_7d530b6b,dqn,44,v1,sparse,777,22585,80.0,9,72,0.10449532634709549,0.7689394570059247,21586,True,False,True,8.442082709050737
baseline_dqn_statev1_sparse_seed44_20261010_112533_948291_7d530b6b,dqn,44,v1,sparse,778,22646,70.0,8,61,0.10385981336551058,0.7712934539943445,21647,True,False,True,8.465047542005777
baseline_dqn_statev1_sparse_seed44_20261010_112533_948291_7d530b6b,dqn,44,v1,sparse,779,22684,30.0,4,38,0.10346587533381435,0.6906051808281949,21685,True,False,True,8.479498042026535
baseline_dqn_statev1_sparse_seed44_20261010_112533_948291_7d530b6b,dqn,44,v1,sparse,780,22753,60.0,7,69,0.10275438269138835,0.7488423223080842,21754,True,False,True,8.505531417031307
baseline_dqn_statev1_sparse_seed44_20261010_112533_948291_7d530b6b,dqn,44,v1,sparse,781,22802,80.0,9,49,0.10225209271676951,0.744613528251648,21803,True,False,True,8.524788750044536
baseline_dqn_statev1_sparse_seed44_20261010_112533_948291_7d530b6b,dqn,44,v1,sparse,782,23012,240.0,25,210,0.10012708321467374,0.7236254391216096,22013,True,False,True,8.604391459026374
baseline_dqn_statev1_sparse_seed44_20261010_112533_948291_7d530b6b,dqn,44,v1,sparse,783,23126,130.0,14,114,0.09899205964116435,0.7358542747403446,22127,True,False,True,8.647193250013515
baseline_dqn_statev1_sparse_seed44_20261010_112533_948291_7d530b6b,dqn,44,v1,sparse,784,23277,130.0,14,151,0.09750843491619232,0.7462408816972316,22278,True,False,True,8.70392975001596
baseline_dqn_statev1_sparse_seed44_20261010_112533_948291_7d530b6b,dqn,44,v1,sparse,785,23433,160.0,17,156,0.09599903181636703,0.7093470064111245,22434,True,False,True,8.762246209022123
baseline_dqn_statev1_sparse_seed44_20261010_112533_948291_7d530b6b,dqn,44,v1,sparse,786,23542,110.0,12,109,0.09495827277241543,0.7265104525679842,22543,True,False,True,8.802948334021494
baseline_dqn_statev1_sparse_seed44_20261010_112533_948291_7d530b6b,dqn,44,v1,sparse,787,23608,60.0,7,66,0.09433358068861332,0.7447720278393138,22609,True,False,True,8.827728875039611
baseline_dqn_statev1_sparse_seed44_20261010_112533_948291_7d530b6b,dqn,44,v1,sparse,788,23675,90.0,10,67,0.09370362690163989,0.7249462898097822,22676,True,False,True,8.85293587500928
baseline_dqn_statev1_sparse_seed44_20261010_112533_948291_7d530b6b,dqn,44,v1,sparse,789,23874,260.0,27,199,0.09185726464523478,0.7321410229307922,22875,True,False,True,8.929829459055327
baseline_dqn_statev1_sparse_seed44_20261010_112533_948291_7d530b6b,dqn,44,v1,sparse,790,23943,60.0,7,69,0.09122559968577255,0.7296600790991299,22944,True,False,True,8.957647542003542
baseline_dqn_statev1_sparse_seed44_20261010_112533_948291_7d530b6b,dqn,44,v1,sparse,791,24091,200.0,21,148,0.08988533621125396,0.7501587517358161,23092,True,False,True,9.015564000001177
baseline_dqn_statev1_sparse_seed44_20261010_112533_948291_7d530b6b,dqn,44,v1,sparse,792,24133,30.0,4,42,0.08950859068103316,0.8042153169711431,23134,True,False,True,9.0315423340071
baseline_dqn_statev1_sparse_seed44_20261010_112533_948291_7d530b6b,dqn,44,v1,sparse,793,24134,-10.0,0,1,0.08949963982196506,0.6686486601829529,23135,True,False,True,9.031937959021889
baseline_dqn_statev1_sparse_seed44_20261010_112533_948291_7d530b6b,dqn,44,v1,sparse,794,24160,20.0,3,26,0.08926723139969214,0.7689706465372672,23161,True,False,True,9.041810250026174
baseline_dqn_statev1_sparse_seed44_20261010_112533_948291_7d530b6b,dqn,44,v1,sparse,795,24179,10.0,2,19,0.08909777622053305,0.7524237350413674,23180,True,False,True,9.04911025002366
baseline_dqn_statev1_sparse_seed44_20261010_112533_948291_7d530b6b,dqn,44,v1,sparse,796,24305,170.0,18,126,0.08798213177766763,0.7229570682559695,23306,True,False,True,9.096810334012844
baseline_dqn_statev1_sparse_seed44_20261010_112533_948291_7d530b6b,dqn,44,v1,sparse,797,24333,10.0,2,28,0.0877361140930989,0.779604152909347,23334,True,False,True,9.107343875046354
baseline_dqn_statev1_sparse_seed44_20261010_112533_948291_7d530b6b,dqn,44,v1,sparse,798,24483,130.0,14,150,0.08642982870077069,0.7768825515111287,23484,True,False,True,9.163918750011362
baseline_dqn_statev1_sparse_seed44_20261010_112533_948291_7d530b6b,dqn,44,v1,sparse,799,24560,80.0,9,77,0.08576684164589986,0.761648921610473,23561,True,False,True,9.192932417034172
baseline_dqn_statev1_sparse_seed44_20261010_112533_948291_7d530b6b,dqn,44,v1,sparse,800,24704,140.0,15,144,0.08454058802918536,0.7702498056201471,23705,True,False,True,9.247930667013861
baseline_dqn_statev1_sparse_seed44_20261010_112533_948291_7d530b6b,dqn,44,v1,sparse,801,24776,90.0,10,72,0.08393405161949022,0.8005299129419856,23777,True,False,True,9.278405917051714
baseline_dqn_statev1_sparse_seed44_20261010_112533_948291_7d530b6b,dqn,44,v1,sparse,802,24839,70.0,8,63,0.0834069029982042,0.7873692682811192,23840,True,False,True,9.302619584021159
baseline_dqn_statev1_sparse_seed44_20261010_112533_948291_7d530b6b,dqn,44,v1,sparse,803,24873,30.0,4,34,0.08312378694201585,0.8018696728874656,23874,True,False,True,9.315747375017963
baseline_dqn_statev1_sparse_seed44_20261010_112533_948291_7d530b6b,dqn,44,v1,sparse,804,24883,0.0,1,10,0.08304070055080486,0.8594797104597092,23884,True,False,True,9.319557417009491
baseline_dqn_statev1_sparse_seed44_20261010_112533_948291_7d530b6b,dqn,44,v1,sparse,805,24931,70.0,8,48,0.08264304045260569,0.7767464332282543,23932,True,False,True,9.338085292023607
baseline_dqn_statev1_sparse_seed44_20261010_112533_948291_7d530b6b,dqn,44,v1,sparse,806,25009,100.0,11,78,0.08200090023219933,0.7922716809388919,24010,True,False,True,9.367751167039387
baseline_dqn_statev1_sparse_seed44_20261010_112533_948291_7d530b6b,dqn,44,v1,sparse,807,25060,50.0,6,51,0.08158373944687158,0.8172992450349471,24061,True,False,True,9.38722645904636
baseline_dqn_statev1_sparse_seed44_20261010_112533_948291_7d530b6b,dqn,44,v1,sparse,808,25135,80.0,9,75,0.08097411985074979,0.8135439658164978,24136,True,False,True,9.415567542018835
baseline_dqn_statev1_sparse_seed44_20261010_112533_948291_7d530b6b,dqn,44,v1,sparse,809,25255,120.0,13,120,0.08000818929028923,0.8028004211684068,24256,True,False,True,9.460603625047952
baseline_dqn_statev1_sparse_seed44_20261010_112533_948291_7d530b6b,dqn,44,v1,sparse,810,25258,-10.0,0,3,0.0799841892336678,0.6895138124624888,24259,True,False,True,9.461756292032078
baseline_dqn_statev1_sparse_seed44_20261010_112533_948291_7d530b6b,dqn,44,v1,sparse,811,25371,100.0,11,113,0.07908541061903174,0.7930688106380732,24372,True,False,True,9.50547637505224
baseline_dqn_statev1_sparse_seed44_20261010_112533_948291_7d530b6b,dqn,44,v1,sparse,812,25412,60.0,7,41,0.07876180809361064,0.8144989006403016,24413,True,False,True,9.521218375011813
baseline_dqn_statev1_sparse_seed44_20261010_112533_948291_7d530b6b,dqn,44,v1,sparse,813,25505,150.0,16,93,0.07803268251084096,0.7755239650767337,24506,True,False,True,9.557682000042405
baseline_dqn_statev1_sparse_seed44_20261010_112533_948291_7d530b6b,dqn,44,v1,sparse,814,25574,70.0,8,69,0.0774960835665407,0.7553057178207065,24575,True,False,True,9.58390079200035
baseline_dqn_statev1_sparse_seed44_20261010_112533_948291_7d530b6b,dqn,44,v1,sparse,815,25641,40.0,5,67,0.07697856953853521,0.8022362193954524,24642,True,False,True,9.609556667041034
baseline_dqn_statev1_sparse_seed44_20261010_112533_948291_7d530b6b,dqn,44,v1,sparse,816,25686,40.0,5,45,0.07663292697227038,0.7703442315260569,24687,True,False,True,9.62676716700662
baseline_dqn_statev1_sparse_seed44_20261010_112533_948291_7d530b6b,dqn,44,v1,sparse,817,25694,0.0,1,8,0.07657164208362119,0.9445062018930912,24695,True,False,True,9.629780042043421
baseline_dqn_statev1_sparse_seed44_20261010_112533_948291_7d530b6b,dqn,44,v1,sparse,818,25778,120.0,13,84,0.07593110229626042,0.7914046293922833,24779,True,False,True,9.66152637504274
baseline_dqn_statev1_sparse_seed44_20261010_112533_948291_7d530b6b,dqn,44,v1,sparse,819,25863,100.0,11,85,0.07528839118272881,0.7528330892324447,24864,True,False,True,9.693527542054653
baseline_dqn_statev1_sparse_seed44_20261010_112533_948291_7d530b6b,dqn,44,v1,sparse,820,25905,40.0,5,42,0.07497282730934085,0.7569534913415,24906,True,False,True,9.709301917057019
baseline_dqn_statev1_sparse_seed44_20261010_112533_948291_7d530b6b,dqn,44,v1,sparse,821,26082,170.0,18,177,0.07365741820853747,0.7485387218368929,25083,True,False,True,9.77757387503516
baseline_dqn_statev1_sparse_seed44_20261010_112533_948291_7d530b6b,dqn,44,v1,sparse,822,26295,240.0,25,213,0.07210502921714844,0.7904289807652084,25296,True,False,True,9.876290792017244
baseline_dqn_statev1_sparse_seed44_20261010_112533_948291_7d530b6b,dqn,44,v1,sparse,823,26383,120.0,13,88,0.07147325724482445,0.7253494591198184,25384,True,False,True,9.910538084048312
baseline_dqn_statev1_sparse_seed44_20261010_112533_948291_7d530b6b,dqn,44,v1,sparse,824,26417,20.0,3,34,0.07123064870780049,0.8122835575657732,25418,True,False,True,9.92343470902415
baseline_dqn_statev1_sparse_seed44_20261010_112533_948291_7d530b6b,dqn,44,v1,sparse,825,26597,180.0,19,180,0.06995990450226472,0.7783434950229194,25598,True,False,True,9.991786459053401
baseline_dqn_statev1_sparse_seed44_20261010_112533_948291_7d530b6b,dqn,44,v1,sparse,826,26725,130.0,14,128,0.06907008025748984,0.7778848181478679,25726,True,False,True,10.040088584006298
baseline_dqn_statev1_sparse_seed44_20261010_112533_948291_7d530b6b,dqn,44,v1,sparse,827,26789,50.0,6,64,0.06862942132330742,0.7432347275316715,25790,True,False,True,10.064225542009808
baseline_dqn_statev1_sparse_seed44_20261010_112533_948291_7d530b6b,dqn,44,v1,sparse,828,26947,160.0,17,158,0.06755354448156087,0.8042594433962544,25948,True,False,True,10.123573459044565
baseline_dqn_statev1_sparse_seed44_20261010_112533_948291_7d530b6b,dqn,44,v1,sparse,829,27001,80.0,9,54,0.0671897203591181,0.8012080038035357,26002,True,False,True,10.144030042050872
baseline_dqn_statev1_sparse_seed44_20261010_112533_948291_7d530b6b,dqn,44,v1,sparse,830,27115,140.0,15,114,0.06642806912494009,0.8595501179235023,26116,True,False,True,10.186800334020518
baseline_dqn_statev1_sparse_seed44_20261010_112533_948291_7d530b6b,dqn,44,v1,sparse,831,27163,30.0,4,48,0.06610996255411168,0.8585787607977787,26164,True,False,True,10.205735334020574
baseline_dqn_statev1_sparse_seed44_20261010_112533_948291_7d530b6b,dqn,44,v1,sparse,832,27193,30.0,4,30,0.06591191997656111,0.8233425299326579,26194,True,False,True,10.217503250052687
baseline_dqn_statev1_sparse_seed44_20261010_112533_948291_7d530b6b,dqn,44,v1,sparse,833,27339,180.0,19,146,0.06495654935248685,0.8647613349842699,26340,True,False,True,10.273731625056826
baseline_dqn_statev1_sparse_seed44_20261010_112533_948291_7d530b6b,dqn,44,v1,sparse,834,27433,110.0,12,94,0.06434878835208288,0.821055606641668,26434,True,False,True,10.309543000010308
baseline_dqn_statev1_sparse_seed44_20261010_112533_948291_7d530b6b,dqn,44,v1,sparse,835,27525,170.0,18,92,0.06375946507655189,0.8318352819136952,26526,True,False,True,10.344765375019051
baseline_dqn_statev1_sparse_seed44_20261010_112533_948291_7d530b6b,dqn,44,v1,sparse,836,27596,60.0,7,71,0.0633083536592302,0.8537088943199372,26597,True,False,True,10.372593084000982
baseline_dqn_statev1_sparse_seed44_20261010_112533_948291_7d530b6b,dqn,44,v1,sparse,837,27671,50.0,6,75,0.06283529354638737,0.7953060992558797,26672,True,False,True,10.401259709033184
baseline_dqn_statev1_sparse_seed44_20261010_112533_948291_7d530b6b,dqn,44,v1,sparse,838,27722,40.0,5,51,0.06251563339231735,0.8747429684096691,26723,True,False,True,10.420508000010159
baseline_dqn_statev1_sparse_seed44_20261010_112533_948291_7d530b6b,dqn,44,v1,sparse,839,27797,80.0,9,75,0.06204849673692119,0.8628025205930074,26798,True,False,True,10.449012125027366
baseline_dqn_statev1_sparse_seed44_20261010_112533_948291_7d530b6b,dqn,44,v1,sparse,840,27829,30.0,4,32,0.06185024900036933,0.862482963129878,26830,True,False,True,10.461175000004005
baseline_dqn_statev1_sparse_seed44_20261010_112533_948291_7d530b6b,dqn,44,v1,sparse,841,27990,170.0,18,161,0.06086238424833323,0.827098891786907,26991,True,False,True,10.523283209011424
baseline_dqn_statev1_sparse_seed44_20261010_112533_948291_7d530b6b,dqn,44,v1,sparse,842,28151,160.0,17,161,0.059890297553525436,0.8425562000422744,27152,True,False,True,10.584563834010623
baseline_dqn_statev1_sparse_seed44_20261010_112533_948291_7d530b6b,dqn,44,v1,sparse,843,28209,80.0,9,58,0.059543921968896796,0.831363480152755,27210,True,False,True,10.606434625049587
baseline_dqn_statev1_sparse_seed44_20261010_112533_948291_7d530b6b,dqn,44,v1,sparse,844,28275,60.0,7,66,0.05915220658058461,0.8133908349907759,27276,True,False,True,10.631390125025064
baseline_dqn_statev1_sparse_seed44_20261010_112533_948291_7d530b6b,dqn,44,v1,sparse,845,28380,110.0,12,105,0.05853432706151429,0.8158700239090693,27381,True,False,True,10.670888542023022
baseline_dqn_statev1_sparse_seed44_20261010_112533_948291_7d530b6b,dqn,44,v1,sparse,846,28428,40.0,5,48,0.05825402154755654,0.8623971529304981,27429,True,False,True,10.689067000057548
baseline_dqn_statev1_sparse_seed44_20261010_112533_948291_7d530b6b,dqn,44,v1,sparse,847,28529,110.0,12,101,0.05766858807372035,0.8032449814352659,27530,True,False,True,10.727003000036348
baseline_dqn_statev1_sparse_seed44_20261010_112533_948291_7d530b6b,dqn,44,v1,sparse,848,28672,210.0,22,143,0.056849754933131304,0.7702798562033193,27673,True,False,True,10.780804250040092
baseline_dqn_statev1_sparse_seed44_20261010_112533_948291_7d530b6b,dqn,44,v1,sparse,849,28736,90.0,10,64,0.05648706022763833,0.8120307717472315,27737,True,False,True,10.805023584049195
baseline_dqn_statev1_sparse_seed44_20261010_112533_948291_7d530b6b,dqn,44,v1,sparse,850,28832,100.0,11,96,0.05594735220725855,0.8207573558514317,27833,True,False,True,10.841347375011537
baseline_dqn_statev1_sparse_seed44_20261010_112533_948291_7d530b6b,dqn,44,v1,sparse,851,29008,190.0,20,176,0.05497124494386407,0.8079638011245565,28009,True,False,True,10.909169167047366
baseline_dqn_statev1_sparse_seed44_20261010_112533_948291_7d530b6b,dqn,44,v1,sparse,852,29097,100.0,11,89,0.05448414730846039,0.7826456219962473,28098,True,False,True,10.943175625056028
baseline_dqn_statev1_sparse_seed44_20261010_112533_948291_7d530b6b,dqn,44,v1,sparse,853,29287,250.0,26,190,0.05345867011931165,0.8122561941805638,28288,True,False,True,11.014905167045072
baseline_dqn_statev1_sparse_seed44_20261010_112533_948291_7d530b6b,dqn,44,v1,sparse,854,29298,-10.0,0,11,0.05339989497563006,0.7777645316990939,28299,True,False,True,11.01895679201698
baseline_dqn_statev1_sparse_seed44_20261010_112533_948291_7d530b6b,dqn,44,v1,sparse,855,29370,90.0,10,72,0.05301677745383766,0.7762295454740524,28371,True,False,True,11.046127459034324
baseline_dqn_statev1_sparse_seed44_20261010_112533_948291_7d530b6b,dqn,44,v1,sparse,856,29510,180.0,19,140,0.05227967745373316,0.7829352187258857,28511,True,False,True,11.098856125026941
baseline_dqn_statev1_sparse_seed44_20261010_112533_948291_7d530b6b,dqn,44,v1,sparse,857,29582,90.0,10,72,0.05190459693203326,0.8191336952149868,28583,True,False,True,11.125872750009876
baseline_dqn_statev1_sparse_seed44_20261010_112533_948291_7d530b6b,dqn,44,v1,sparse,858,29676,140.0,15,94,0.051418955529104145,0.8782611746103206,28677,True,False,True,11.16122345905751
baseline_dqn_statev1_sparse_seed44_20261010_112533_948291_7d530b6b,dqn,44,v1,sparse,859,29794,150.0,16,118,0.05081574761918724,0.818049510151653,28795,True,False,True,11.205542375042569
baseline_dqn_statev1_sparse_seed44_20261010_112533_948291_7d530b6b,dqn,44,v1,sparse,860,29925,140.0,15,131,0.05015436973974191,0.7527315982880484,28926,True,False,True,11.255109792051371
baseline_dqn_statev1_sparse_seed44_20261010_112533_948291_7d530b6b,dqn,44,v1,sparse,861,29932,0.0,1,7,0.05011927221158651,0.77669700554439,28933,True,False,True,11.257768250012305
baseline_dqn_statev1_sparse_seed44_20261010_112533_948291_7d530b6b,dqn,44,v1,sparse,862,30020,90.0,10,88,0.05,0.8062777945941145,29021,True,False,True,11.292287250049412
baseline_dqn_statev1_sparse_seed44_20261010_112533_948291_7d530b6b,dqn,44,v1,sparse,863,30107,80.0,9,87,0.05,0.8171236340341896,29108,True,False,True,11.325367959041614
baseline_dqn_statev1_sparse_seed44_20261010_112533_948291_7d530b6b,dqn,44,v1,sparse,864,30182,100.0,11,75,0.05,0.8397691583633423,29183,True,False,True,11.354003084008582
baseline_dqn_statev1_sparse_seed44_20261010_112533_948291_7d530b6b,dqn,44,v1,sparse,865,30250,90.0,10,68,0.05,0.8612261979895479,29251,True,False,True,11.380357834044844
baseline_dqn_statev1_sparse_seed44_20261010_112533_948291_7d530b6b,dqn,44,v1,sparse,866,30316,70.0,8,66,0.05,0.7968763569087693,29317,True,False,True,11.405454875028227
baseline_dqn_statev1_sparse_seed44_20261010_112533_948291_7d530b6b,dqn,44,v1,sparse,867,30363,50.0,6,47,0.05,0.8232940841228404,29364,True,False,True,11.423230542044621
baseline_dqn_statev1_sparse_seed44_20261010_112533_948291_7d530b6b,dqn,44,v1,sparse,868,30462,100.0,11,99,0.05,0.8169275251301852,29463,True,False,True,11.460642792051658
baseline_dqn_statev1_sparse_seed44_20261010_112533_948291_7d530b6b,dqn,44,v1,sparse,869,30584,140.0,15,122,0.05,0.876635698509998,29585,True,False,True,11.507195500016678
baseline_dqn_statev1_sparse_seed44_20261010_112533_948291_7d530b6b,dqn,44,v1,sparse,870,30704,110.0,12,120,0.05,0.8182083283861478,29705,True,False,True,11.552917834022082
baseline_dqn_statev1_sparse_seed44_20261010_112533_948291_7d530b6b,dqn,44,v1,sparse,871,30793,80.0,9,89,0.05,0.8067640148186952,29794,True,False,True,11.587269917014055
baseline_dqn_statev1_sparse_seed44_20261010_112533_948291_7d530b6b,dqn,44,v1,sparse,872,30832,40.0,5,39,0.05,0.8239999612172445,29833,True,False,True,11.602133250038605
baseline_dqn_statev1_sparse_seed44_20261010_112533_948291_7d530b6b,dqn,44,v1,sparse,873,30844,-10.0,0,12,0.05,0.8046285808086395,29845,True,False,True,11.606738792033866
baseline_dqn_statev1_sparse_seed44_20261010_112533_948291_7d530b6b,dqn,44,v1,sparse,874,30894,60.0,7,50,0.05,0.85645587682724,29895,True,False,True,11.625943250022829
baseline_dqn_statev1_sparse_seed44_20261010_112533_948291_7d530b6b,dqn,44,v1,sparse,875,30953,70.0,8,59,0.05,0.7908313638072902,29954,True,False,True,11.648763667035382
baseline_dqn_statev1_sparse_seed44_20261010_112533_948291_7d530b6b,dqn,44,v1,sparse,876,31009,70.0,8,56,0.05,0.8431780918368271,30010,True,False,True,11.670082875003573
baseline_dqn_statev1_sparse_seed44_20261010_112533_948291_7d530b6b,dqn,44,v1,sparse,877,31169,160.0,17,160,0.05,0.83788794670254,30170,True,False,True,11.730823459045496
baseline_dqn_statev1_sparse_seed44_20261010_112533_948291_7d530b6b,dqn,44,v1,sparse,878,31221,80.0,9,52,0.05,0.9212161354147471,30222,True,False,True,11.750465459015686
baseline_dqn_statev1_sparse_seed44_20261010_112533_948291_7d530b6b,dqn,44,v1,sparse,879,31265,30.0,4,44,0.05,0.8886136277155443,30266,True,False,True,11.76706445903983
baseline_dqn_statev1_sparse_seed44_20261010_112533_948291_7d530b6b,dqn,44,v1,sparse,880,31364,90.0,10,99,0.05,0.8398190574212507,30365,True,False,True,11.804599875002168
baseline_dqn_statev1_sparse_seed44_20261010_112533_948291_7d530b6b,dqn,44,v1,sparse,881,31544,210.0,22,180,0.05,0.8280244898464945,30545,True,False,True,11.874557000002824
baseline_dqn_statev1_sparse_seed44_20261010_112533_948291_7d530b6b,dqn,44,v1,sparse,882,31707,160.0,17,163,0.05,0.8400271454471752,30708,True,False,True,11.936981792037841
baseline_dqn_statev1_sparse_seed44_20261010_112533_948291_7d530b6b,dqn,44,v1,sparse,883,31768,60.0,7,61,0.05,0.8718868269294989,30769,True,False,True,11.960107125050854
baseline_dqn_statev1_sparse_seed44_20261010_112533_948291_7d530b6b,dqn,44,v1,sparse,884,31782,0.0,1,14,0.05,0.8421814207519803,30783,True,False,True,11.965403709036764
baseline_dqn_statev1_sparse_seed44_20261010_112533_948291_7d530b6b,dqn,44,v1,sparse,885,31873,90.0,10,91,0.05,0.8949852336894025,30874,True,False,True,12.00033725000685
baseline_dqn_statev1_sparse_seed44_20261010_112533_948291_7d530b6b,dqn,44,v1,sparse,886,32035,170.0,18,162,0.05,0.8326852476155316,31036,True,False,True,12.061879459011834
baseline_dqn_statev1_sparse_seed44_20261010_112533_948291_7d530b6b,dqn,44,v1,sparse,887,32132,120.0,13,97,0.05,0.8161756880197328,31133,True,False,True,12.098976625013165
baseline_dqn_statev1_sparse_seed44_20261010_112533_948291_7d530b6b,dqn,44,v1,sparse,888,32188,30.0,4,56,0.05,0.7625304620180812,31189,True,False,True,12.120132709038444
baseline_dqn_statev1_sparse_seed44_20261010_112533_948291_7d530b6b,dqn,44,v1,sparse,889,32278,80.0,9,90,0.05,0.8029229498571819,31279,True,False,True,12.154724209045526
baseline_dqn_statev1_sparse_seed44_20261010_112533_948291_7d530b6b,dqn,44,v1,sparse,890,32323,30.0,4,45,0.05,0.7278458502557542,31324,True,False,True,12.171749500033911
baseline_dqn_statev1_sparse_seed44_20261010_112533_948291_7d530b6b,dqn,44,v1,sparse,891,32471,160.0,17,148,0.05,0.8106489785619684,31472,True,False,True,12.229562709049787
baseline_dqn_statev1_sparse_seed44_20261010_112533_948291_7d530b6b,dqn,44,v1,sparse,892,32549,80.0,9,78,0.05,0.8157759950711176,31550,True,False,True,12.25986837502569
baseline_dqn_statev1_sparse_seed44_20261010_112533_948291_7d530b6b,dqn,44,v1,sparse,893,32626,110.0,12,77,0.05,0.7759710314211907,31627,True,False,True,12.28955962503096
baseline_dqn_statev1_sparse_seed44_20261010_112533_948291_7d530b6b,dqn,44,v1,sparse,894,32713,110.0,12,87,0.05,0.7543981270543461,31714,True,False,True,12.322625417029485
baseline_dqn_statev1_sparse_seed44_20261010_112533_948291_7d530b6b,dqn,44,v1,sparse,895,32732,20.0,3,19,0.05,0.8870125977616561,31733,True,False,True,12.329807875037659
baseline_dqn_statev1_sparse_seed44_20261010_112533_948291_7d530b6b,dqn,44,v1,sparse,896,32795,80.0,9,63,0.05,0.8261561653916798,31796,True,False,True,12.354243709007278
baseline_dqn_statev1_sparse_seed44_20261010_112533_948291_7d530b6b,dqn,44,v1,sparse,897,32855,60.0,7,60,0.05,0.7774734909335772,31856,True,False,True,12.377445917052682
baseline_dqn_statev1_sparse_seed44_20261010_112533_948291_7d530b6b,dqn,44,v1,sparse,898,33026,220.0,23,171,0.05,0.8441900827034176,32027,True,False,True,12.443644542014226
baseline_dqn_statev1_sparse_seed44_20261010_112533_948291_7d530b6b,dqn,44,v1,sparse,899,33159,140.0,15,133,0.05,0.8501938889573392,32160,True,False,True,12.49488370900508
baseline_dqn_statev1_sparse_seed44_20261010_112533_948291_7d530b6b,dqn,44,v1,sparse,900,33424,280.0,29,265,0.05,0.8826959847279314,32425,True,False,True,12.596529500035103
baseline_dqn_statev1_sparse_seed44_20261010_112533_948291_7d530b6b,dqn,44,v1,sparse,901,33517,130.0,14,93,0.05,0.87910198203979,32518,True,False,True,12.634882709011436
baseline_dqn_statev1_sparse_seed44_20261010_112533_948291_7d530b6b,dqn,44,v1,sparse,902,33589,60.0,7,72,0.05,0.8913377672433853,32590,True,False,True,12.662964042043313
baseline_dqn_statev1_sparse_seed44_20261010_112533_948291_7d530b6b,dqn,44,v1,sparse,903,33655,70.0,8,66,0.05,0.8807913642941099,32656,True,False,True,12.68868725001812
baseline_dqn_statev1_sparse_seed44_20261010_112533_948291_7d530b6b,dqn,44,v1,sparse,904,33816,160.0,17,161,0.05,0.9252113746189923,32817,True,False,True,12.750831334036775
baseline_dqn_statev1_sparse_seed44_20261010_112533_948291_7d530b6b,dqn,44,v1,sparse,905,33832,0.0,1,16,0.05,0.8806657455861568,32833,True,False,True,12.757114000036381
baseline_dqn_statev1_sparse_seed44_20261010_112533_948291_7d530b6b,dqn,44,v1,sparse,906,33973,170.0,18,141,0.05,0.8551594175345508,32974,True,False,True,12.813593792030588
baseline_dqn_statev1_sparse_seed44_20261010_112533_948291_7d530b6b,dqn,44,v1,sparse,907,34022,80.0,9,49,0.05,0.8755576920752622,33023,True,False,True,12.836461375001818
baseline_dqn_statev1_sparse_seed44_20261010_112533_948291_7d530b6b,dqn,44,v1,sparse,908,34033,-10.0,0,11,0.05,0.6597780056975104,33034,True,False,True,12.841013959026895
baseline_dqn_statev1_sparse_seed44_20261010_112533_948291_7d530b6b,dqn,44,v1,sparse,909,34056,10.0,2,23,0.05,0.8239403133806975,33057,True,False,True,12.850135167012922
baseline_dqn_statev1_sparse_seed44_20261010_112533_948291_7d530b6b,dqn,44,v1,sparse,910,34179,150.0,16,123,0.05,0.8358449901991744,33180,True,False,True,12.900668875023257
baseline_dqn_statev1_sparse_seed44_20261010_112533_948291_7d530b6b,dqn,44,v1,sparse,911,34236,70.0,8,57,0.05,0.8714804827121266,33237,True,False,True,12.92385845904937
baseline_dqn_statev1_sparse_seed44_20261010_112533_948291_7d530b6b,dqn,44,v1,sparse,912,34371,140.0,15,135,0.05,0.8648905968224561,33372,True,False,True,12.978702292020898
baseline_dqn_statev1_sparse_seed44_20261010_112533_948291_7d530b6b,dqn,44,v1,sparse,913,34409,30.0,4,38,0.05,0.809158972219417,33410,True,False,True,12.993432125018444
baseline_dqn_statev1_sparse_seed44_20261010_112533_948291_7d530b6b,dqn,44,v1,sparse,914,34494,100.0,11,85,0.05,0.8345369547605515,33495,True,False,True,13.026634209032636
baseline_dqn_statev1_sparse_seed44_20261010_112533_948291_7d530b6b,dqn,44,v1,sparse,915,34550,70.0,8,56,0.05,0.8284879066050053,33551,True,False,True,13.048357125022449
baseline_dqn_statev1_sparse_seed44_20261010_112533_948291_7d530b6b,dqn,44,v1,sparse,916,34696,170.0,18,146,0.05,0.8269535407219848,33697,True,False,True,13.104481209011283
baseline_dqn_statev1_sparse_seed44_20261010_112533_948291_7d530b6b,dqn,44,v1,sparse,917,34751,70.0,8,55,0.05,0.8486438447778876,33752,True,False,True,13.125688750005793
baseline_dqn_statev1_sparse_seed44_20261010_112533_948291_7d530b6b,dqn,44,v1,sparse,918,34889,150.0,16,138,0.05,0.8695699207592702,33890,True,False,True,13.178562625020277
baseline_dqn_statev1_sparse_seed44_20261010_112533_948291_7d530b6b,dqn,44,v1,sparse,919,35000,100.0,11,111,0.05,0.8533354785528269,34001,True,False,True,13.22306741704233
baseline_dqn_statev1_sparse_seed44_20261010_112533_948291_7d530b6b,dqn,44,v1,sparse,920,35001,-10.0,0,1,0.05,1.4820681810379028,34002,True,False,True,13.223503167042509
baseline_dqn_statev1_sparse_seed44_20261010_112533_948291_7d530b6b,dqn,44,v1,sparse,921,35042,20.0,3,41,0.05,0.9083000101694246,34043,True,False,True,13.240043000027072
baseline_dqn_statev1_sparse_seed44_20261010_112533_948291_7d530b6b,dqn,44,v1,sparse,922,35120,90.0,10,78,0.05,0.8407523941535217,34121,True,False,True,13.270657667017076
baseline_dqn_statev1_sparse_seed44_20261010_112533_948291_7d530b6b,dqn,44,v1,sparse,923,35202,100.0,11,82,0.05,0.8342166804685825,34203,True,False,True,13.302310417057015
baseline_dqn_statev1_sparse_seed44_20261010_112533_948291_7d530b6b,dqn,44,v1,sparse,924,35235,70.0,8,33,0.05,0.8635270487178456,34236,True,False,True,13.315056667022873
baseline_dqn_statev1_sparse_seed44_20261010_112533_948291_7d530b6b,dqn,44,v1,sparse,925,35371,120.0,13,136,0.05,0.9096385106882628,34372,True,False,True,13.366495250025764
baseline_dqn_statev1_sparse_seed44_20261010_112533_948291_7d530b6b,dqn,44,v1,sparse,926,35423,60.0,7,52,0.05,0.9241468424980457,34424,True,False,True,13.386347542051226
baseline_dqn_statev1_sparse_seed44_20261010_112533_948291_7d530b6b,dqn,44,v1,sparse,927,35498,90.0,10,75,0.05,0.8857274806499481,34499,True,False,True,13.414568250009324
baseline_dqn_statev1_sparse_seed44_20261010_112533_948291_7d530b6b,dqn,44,v1,sparse,928,35664,220.0,23,166,0.05,0.8957446998501398,34665,True,False,True,13.477269042050466
baseline_dqn_statev1_sparse_seed44_20261010_112533_948291_7d530b6b,dqn,44,v1,sparse,929,35785,120.0,13,121,0.05,0.9561137303340533,34786,True,False,True,13.522689417004585
baseline_dqn_statev1_sparse_seed44_20261010_112533_948291_7d530b6b,dqn,44,v1,sparse,930,35868,100.0,11,83,0.05,0.8467547311840287,34869,True,False,True,13.553958459000569
baseline_dqn_statev1_sparse_seed44_20261010_112533_948291_7d530b6b,dqn,44,v1,sparse,931,35982,120.0,13,114,0.05,0.9142160962025324,34983,True,False,True,13.597826042037923
baseline_dqn_statev1_sparse_seed44_20261010_112533_948291_7d530b6b,dqn,44,v1,sparse,932,36090,130.0,14,108,0.05,0.943814824576731,35091,True,False,True,13.640343209030107
baseline_dqn_statev1_sparse_seed44_20261010_112533_948291_7d530b6b,dqn,44,v1,sparse,933,36107,10.0,2,17,0.05,0.9756365243126365,35108,True,False,True,13.646942709048744
baseline_dqn_statev1_sparse_seed44_20261010_112533_948291_7d530b6b,dqn,44,v1,sparse,934,36238,160.0,17,131,0.05,0.9659982373696248,35239,True,False,True,13.699068500020076
baseline_dqn_statev1_sparse_seed44_20261010_112533_948291_7d530b6b,dqn,44,v1,sparse,935,36243,-10.0,0,5,0.05,0.9182181477546691,35244,True,False,True,13.701120125013404
baseline_dqn_statev1_sparse_seed44_20261010_112533_948291_7d530b6b,dqn,44,v1,sparse,936,36323,120.0,13,80,0.05,0.9436881348490715,35324,True,False,True,13.733146167011
baseline_dqn_statev1_sparse_seed44_20261010_112533_948291_7d530b6b,dqn,44,v1,sparse,937,36371,50.0,6,48,0.05,0.9646035706003507,35372,True,False,True,13.751754459051881
baseline_dqn_statev1_sparse_seed44_20261010_112533_948291_7d530b6b,dqn,44,v1,sparse,938,36534,160.0,17,163,0.05,0.9368945093242669,35535,True,False,True,13.81537633400876
baseline_dqn_statev1_sparse_seed44_20261010_112533_948291_7d530b6b,dqn,44,v1,sparse,939,36600,100.0,11,66,0.05,0.9234972320722811,35601,True,False,True,13.841100709047168
baseline_dqn_statev1_sparse_seed44_20261010_112533_948291_7d530b6b,dqn,44,v1,sparse,940,36627,10.0,2,27,0.05,0.8834184032899363,35628,True,False,True,13.85170962504344
baseline_dqn_statev1_sparse_seed44_20261010_112533_948291_7d530b6b,dqn,44,v1,sparse,941,36770,190.0,20,143,0.05,0.9768714110751252,35771,True,False,True,13.909850542026106
baseline_dqn_statev1_sparse_seed44_20261010_112533_948291_7d530b6b,dqn,44,v1,sparse,942,36843,110.0,12,73,0.05,0.8871160810940886,35844,True,False,True,13.938400125014596
baseline_dqn_statev1_sparse_seed44_20261010_112533_948291_7d530b6b,dqn,44,v1,sparse,943,36969,130.0,14,126,0.05,0.9110763765989788,35970,True,False,True,13.989659167011268
baseline_dqn_statev1_sparse_seed44_20261010_112533_948291_7d530b6b,dqn,44,v1,sparse,944,37193,210.0,22,224,0.05,0.8473534938613219,36194,True,False,True,14.07669891702244
baseline_dqn_statev1_sparse_seed44_20261010_112533_948291_7d530b6b,dqn,44,v1,sparse,945,37225,50.0,6,32,0.05,0.9057642966508865,36226,True,False,True,14.089088500011712
baseline_dqn_statev1_sparse_seed44_20261010_112533_948291_7d530b6b,dqn,44,v1,sparse,946,37302,70.0,8,77,0.05,0.8971553878350691,36303,True,False,True,14.118665542046074
baseline_dqn_statev1_sparse_seed44_20261010_112533_948291_7d530b6b,dqn,44,v1,sparse,947,37313,0.0,1,11,0.05,0.9257131489840421,36314,True,False,True,14.122943292022683
baseline_dqn_statev1_sparse_seed44_20261010_112533_948291_7d530b6b,dqn,44,v1,sparse,948,37403,100.0,11,90,0.05,0.8364822215504116,36404,True,False,True,14.157253625045996
baseline_dqn_statev1_sparse_seed44_20261010_112533_948291_7d530b6b,dqn,44,v1,sparse,949,37555,170.0,18,152,0.05,0.8953211798185581,36556,True,False,True,14.215492417046335
baseline_dqn_statev1_sparse_seed44_20261010_112533_948291_7d530b6b,dqn,44,v1,sparse,950,37701,210.0,22,146,0.05,0.9578388649715136,36702,True,False,True,14.27277512504952
baseline_dqn_statev1_sparse_seed44_20261010_112533_948291_7d530b6b,dqn,44,v1,sparse,951,37753,60.0,7,52,0.05,0.847046132844228,36754,True,False,True,14.294044625014067
baseline_dqn_statev1_sparse_seed44_20261010_112533_948291_7d530b6b,dqn,44,v1,sparse,952,37829,100.0,11,76,0.05,0.9150327787195381,36830,True,False,True,14.323964167037047
baseline_dqn_statev1_sparse_seed44_20261010_112533_948291_7d530b6b,dqn,44,v1,sparse,953,37883,60.0,7,54,0.05,0.9324531566213679,36884,True,False,True,14.344879667041823
baseline_dqn_statev1_sparse_seed44_20261010_112533_948291_7d530b6b,dqn,44,v1,sparse,954,38053,180.0,19,170,0.05,0.9160383834558374,37054,True,False,True,14.410331167047843
baseline_dqn_statev1_sparse_seed44_20261010_112533_948291_7d530b6b,dqn,44,v1,sparse,955,38139,110.0,12,86,0.05,0.887832029267799,37140,True,False,True,14.443134084052872
baseline_dqn_statev1_sparse_seed44_20261010_112533_948291_7d530b6b,dqn,44,v1,sparse,956,38274,140.0,15,135,0.05,0.910332089221036,37275,True,False,True,14.49626641703071
baseline_dqn_statev1_sparse_seed44_20261010_112533_948291_7d530b6b,dqn,44,v1,sparse,957,38354,110.0,12,80,0.05,0.9446168418973684,37355,True,False,True,14.527921584027354
baseline_dqn_statev1_sparse_seed44_20261010_112533_948291_7d530b6b,dqn,44,v1,sparse,958,38470,130.0,14,116,0.05,0.9161393814559641,37471,True,False,True,14.574945000000298
baseline_dqn_statev1_sparse_seed44_20261010_112533_948291_7d530b6b,dqn,44,v1,sparse,959,38536,70.0,8,66,0.05,0.9271322502331301,37537,True,False,True,14.60137000004761
baseline_dqn_statev1_sparse_seed44_20261010_112533_948291_7d530b6b,dqn,44,v1,sparse,960,38557,0.0,1,21,0.05,0.8940335100605374,37558,True,False,True,14.609870417043567
baseline_dqn_statev1_sparse_seed44_20261010_112533_948291_7d530b6b,dqn,44,v1,sparse,961,38638,90.0,10,81,0.05,0.9279306611897032,37639,True,False,True,14.643110292032361
baseline_dqn_statev1_sparse_seed44_20261010_112533_948291_7d530b6b,dqn,44,v1,sparse,962,38664,20.0,3,26,0.05,0.9218062873070056,37665,True,False,True,14.653576375043485
baseline_dqn_statev1_sparse_seed44_20261010_112533_948291_7d530b6b,dqn,44,v1,sparse,963,38719,60.0,7,55,0.05,0.9676386903632771,37720,True,False,True,14.67549625004176
baseline_dqn_statev1_sparse_seed44_20261010_112533_948291_7d530b6b,dqn,44,v1,sparse,964,38818,80.0,9,99,0.05,0.8462043055380234,37819,True,False,True,14.714512167032808
baseline_dqn_statev1_sparse_seed44_20261010_112533_948291_7d530b6b,dqn,44,v1,sparse,965,38885,40.0,5,67,0.05,0.9322871881634441,37886,True,False,True,14.74055904202396
baseline_dqn_statev1_sparse_seed44_20261010_112533_948291_7d530b6b,dqn,44,v1,sparse,966,38938,30.0,4,53,0.05,0.955846018948645,37939,True,False,True,14.761048125044908
baseline_dqn_statev1_sparse_seed44_20261010_112533_948291_7d530b6b,dqn,44,v1,sparse,967,38986,60.0,7,48,0.05,0.94496767471234,37987,True,False,True,14.779835584049579
baseline_dqn_statev1_sparse_seed44_20261010_112533_948291_7d530b6b,dqn,44,v1,sparse,968,39104,110.0,12,118,0.05,0.8707432019508491,38105,True,False,True,14.825650959042832
baseline_dqn_statev1_sparse_seed44_20261010_112533_948291_7d530b6b,dqn,44,v1,sparse,969,39223,130.0,14,119,0.05,0.8877604726482841,38224,True,False,True,14.872187584056519
baseline_dqn_statev1_sparse_seed44_20261010_112533_948291_7d530b6b,dqn,44,v1,sparse,970,39339,160.0,17,116,0.05,0.8814453688161127,38340,True,False,True,14.917918459046632
baseline_dqn_statev1_sparse_seed44_20261010_112533_948291_7d530b6b,dqn,44,v1,sparse,971,39457,120.0,13,118,0.05,0.877458454693778,38458,True,False,True,14.964853959041648
baseline_dqn_statev1_sparse_seed44_20261010_112533_948291_7d530b6b,dqn,44,v1,sparse,972,39620,200.0,21,163,0.05,0.8822598459164789,38621,True,False,True,15.02896241704002
baseline_dqn_statev1_sparse_seed44_20261010_112533_948291_7d530b6b,dqn,44,v1,sparse,973,39671,60.0,7,51,0.05,0.8833466984477698,38672,True,False,True,15.04857066704426
baseline_dqn_statev1_sparse_seed44_20261010_112533_948291_7d530b6b,dqn,44,v1,sparse,974,39781,120.0,13,110,0.05,0.8496921780434522,38782,True,False,True,15.090752167045139
baseline_dqn_statev1_sparse_seed44_20261010_112533_948291_7d530b6b,dqn,44,v1,sparse,975,39887,110.0,12,106,0.05,0.854817529331963,38888,True,False,True,15.131297792016994
baseline_dqn_statev1_sparse_seed44_20261010_112533_948291_7d530b6b,dqn,44,v1,sparse,976,40060,160.0,17,173,0.05,0.8754909192723346,39061,True,False,True,15.198250542045571
baseline_dqn_statev1_sparse_seed44_20261010_112533_948291_7d530b6b,dqn,44,v1,sparse,977,40181,140.0,15,121,0.05,0.9269936897537925,39182,True,False,True,15.245408959046472
baseline_dqn_statev1_sparse_seed44_20261010_112533_948291_7d530b6b,dqn,44,v1,sparse,978,40288,150.0,16,107,0.05,0.9196442170677898,39289,True,False,True,15.287493750045542
baseline_dqn_statev1_sparse_seed44_20261010_112533_948291_7d530b6b,dqn,44,v1,sparse,979,40298,10.0,2,10,0.05,0.7177309215068817,39299,True,False,True,15.29142075002892
baseline_dqn_statev1_sparse_seed44_20261010_112533_948291_7d530b6b,dqn,44,v1,sparse,980,40492,230.0,24,194,0.05,0.9545565677672317,39493,True,False,True,15.36694208404515
baseline_dqn_statev1_sparse_seed44_20261010_112533_948291_7d530b6b,dqn,44,v1,sparse,981,40506,20.0,3,14,0.05,0.9856514866862979,39507,True,False,True,15.372378042025957
baseline_dqn_statev1_sparse_seed44_20261010_112533_948291_7d530b6b,dqn,44,v1,sparse,982,40664,150.0,16,158,0.05,0.9448075556679617,39665,True,False,True,15.433587125036865
baseline_dqn_statev1_sparse_seed44_20261010_112533_948291_7d530b6b,dqn,44,v1,sparse,983,40754,120.0,13,90,0.05,0.9128329690959719,39755,True,False,True,15.468270834011491
baseline_dqn_statev1_sparse_seed44_20261010_112533_948291_7d530b6b,dqn,44,v1,sparse,984,40839,100.0,11,85,0.05,0.9542620536159067,39840,True,False,True,15.500875209050719
baseline_dqn_statev1_sparse_seed44_20261010_112533_948291_7d530b6b,dqn,44,v1,sparse,985,40858,20.0,3,19,0.05,1.0800013322579234,39859,True,False,True,15.508079584047664
baseline_dqn_statev1_sparse_seed44_20261010_112533_948291_7d530b6b,dqn,44,v1,sparse,986,40966,150.0,16,108,0.05,0.9580767082947271,39967,True,False,True,15.549131875042804
baseline_dqn_statev1_sparse_seed44_20261010_112533_948291_7d530b6b,dqn,44,v1,sparse,987,41016,50.0,6,50,0.05,0.8930847495794296,40017,True,False,True,15.568199834029656
baseline_dqn_statev1_sparse_seed44_20261010_112533_948291_7d530b6b,dqn,44,v1,sparse,988,41138,140.0,15,122,0.05,0.8819668637435945,40139,True,False,True,15.614549834048375
baseline_dqn_statev1_sparse_seed44_20261010_112533_948291_7d530b6b,dqn,44,v1,sparse,989,41175,50.0,6,37,0.05,0.9031790140512828,40176,True,False,True,15.628687500022352
baseline_dqn_statev1_sparse_seed44_20261010_112533_948291_7d530b6b,dqn,44,v1,sparse,990,41208,20.0,3,33,0.05,0.9403029644128048,40209,True,False,True,15.641111667035148
baseline_dqn_statev1_sparse_seed44_20261010_112533_948291_7d530b6b,dqn,44,v1,sparse,991,41345,170.0,18,137,0.05,0.9250828090810428,40346,True,False,True,15.695051250047982
baseline_dqn_statev1_sparse_seed44_20261010_112533_948291_7d530b6b,dqn,44,v1,sparse,992,41471,130.0,14,126,0.05,0.9537351583204572,40472,True,False,True,15.744338250020519
baseline_dqn_statev1_sparse_seed44_20261010_112533_948291_7d530b6b,dqn,44,v1,sparse,993,41593,140.0,15,122,0.05,0.9375734412279285,40594,True,False,True,15.792027792020235
baseline_dqn_statev1_sparse_seed44_20261010_112533_948291_7d530b6b,dqn,44,v1,sparse,994,41723,130.0,14,130,0.05,0.9035446604857078,40724,True,False,True,15.842438167019282
baseline_dqn_statev1_sparse_seed44_20261010_112533_948291_7d530b6b,dqn,44,v1,sparse,995,41820,110.0,12,97,0.05,0.9623004763396745,40821,True,False,True,15.880334459012374
baseline_dqn_statev1_sparse_seed44_20261010_112533_948291_7d530b6b,dqn,44,v1,sparse,996,41850,20.0,3,30,0.05,0.9905490954717,40851,True,False,True,15.89205408404814
baseline_dqn_statev1_sparse_seed44_20261010_112533_948291_7d530b6b,dqn,44,v1,sparse,997,42159,310.0,32,309,0.05,0.9225863140667141,41160,True,False,True,16.010489250009414
baseline_dqn_statev1_sparse_seed44_20261010_112533_948291_7d530b6b,dqn,44,v1,sparse,998,42273,140.0,15,114,0.05,0.9212614710916552,41274,True,False,True,16.05412495904602
baseline_dqn_statev1_sparse_seed44_20261010_112533_948291_7d530b6b,dqn,44,v1,sparse,999,42457,250.0,26,184,0.05,0.9127960182402445,41458,True,False,True,16.125193500018213
baseline_dqn_statev1_sparse_seed44_20261010_112533_948291_7d530b6b,dqn,44,v1,sparse,1000,42545,90.0,10,88,0.05,0.934292537922209,41546,True,False,True,16.159845167014282
baseline_dqn_statev1_sparse_seed44_20261010_112533_948291_7d530b6b,dqn,44,v1,sparse,1001,42592,30.0,4,47,0.05,0.8510182040168884,41593,True,False,True,16.1829204170499
baseline_dqn_statev1_sparse_seed44_20261010_112533_948291_7d530b6b,dqn,44,v1,sparse,1002,42675,100.0,11,83,0.05,0.9191898868744632,41676,True,False,True,16.216326000052504
baseline_dqn_statev1_sparse_seed44_20261010_112533_948291_7d530b6b,dqn,44,v1,sparse,1003,42819,160.0,17,144,0.05,0.917156864475045,41820,True,False,True,16.273167000035755
baseline_dqn_statev1_sparse_seed44_20261010_112533_948291_7d530b6b,dqn,44,v1,sparse,1004,42820,-10.0,0,1,0.05,0.8582353591918945,41821,True,False,True,16.273598417057656
baseline_dqn_statev1_sparse_seed44_20261010_112533_948291_7d530b6b,dqn,44,v1,sparse,1005,42931,100.0,11,111,0.05,0.8799444463875916,41932,True,False,True,16.31656958401436
baseline_dqn_statev1_sparse_seed44_20261010_112533_948291_7d530b6b,dqn,44,v1,sparse,1006,43048,140.0,15,117,0.05,0.9071132780140282,42049,True,False,True,16.36175716703292
baseline_dqn_statev1_sparse_seed44_20261010_112533_948291_7d530b6b,dqn,44,v1,sparse,1007,43132,120.0,13,84,0.05,0.9350267570643198,42133,True,False,True,16.393694292055443
baseline_dqn_statev1_sparse_seed44_20261010_112533_948291_7d530b6b,dqn,44,v1,sparse,1008,43245,100.0,11,113,0.05,0.9009087038251151,42246,True,False,True,16.43695350002963
baseline_dqn_statev1_sparse_seed44_20261010_112533_948291_7d530b6b,dqn,44,v1,sparse,1009,43332,90.0,10,87,0.05,0.9102331858941879,42333,True,False,True,16.47026737499982
baseline_dqn_statev1_sparse_seed44_20261010_112533_948291_7d530b6b,dqn,44,v1,sparse,1010,43395,70.0,8,63,0.05,0.9590488899321783,42396,True,False,True,16.494251125026494
baseline_dqn_statev1_sparse_seed44_20261010_112533_948291_7d530b6b,dqn,44,v1,sparse,1011,43553,190.0,20,158,0.05,0.960777623366706,42554,True,False,True,16.557314834033605
baseline_dqn_statev1_sparse_seed44_20261010_112533_948291_7d530b6b,dqn,44,v1,sparse,1012,43654,160.0,17,101,0.05,0.944519444562421,42655,True,False,True,16.59635841700947
baseline_dqn_statev1_sparse_seed44_20261010_112533_948291_7d530b6b,dqn,44,v1,sparse,1013,43708,60.0,7,54,0.05,0.9356992377175225,42709,True,False,True,16.617441125039477
baseline_dqn_statev1_sparse_seed44_20261010_112533_948291_7d530b6b,dqn,44,v1,sparse,1014,43735,10.0,2,27,0.05,0.9223735707777517,42736,True,False,True,16.627849834039807
baseline_dqn_statev1_sparse_seed44_20261010_112533_948291_7d530b6b,dqn,44,v1,sparse,1015,43802,110.0,12,67,0.05,0.932075408190044,42803,True,False,True,16.653654084017035
baseline_dqn_statev1_sparse_seed44_20261010_112533_948291_7d530b6b,dqn,44,v1,sparse,1016,43997,210.0,22,195,0.05,0.9473675280809403,42998,True,False,True,16.728391792043112
baseline_dqn_statev1_sparse_seed44_20261010_112533_948291_7d530b6b,dqn,44,v1,sparse,1017,44137,180.0,19,140,0.05,0.9064898490905762,43138,True,False,True,16.800227209052537
baseline_dqn_statev1_sparse_seed44_20261010_112533_948291_7d530b6b,dqn,44,v1,sparse,1018,44236,130.0,14,99,0.05,0.8698040201808467,43237,True,False,True,16.83922808401985
baseline_dqn_statev1_sparse_seed44_20261010_112533_948291_7d530b6b,dqn,44,v1,sparse,1019,44332,120.0,13,96,0.05,0.961110571709772,43333,True,False,True,16.877329917042516
baseline_dqn_statev1_sparse_seed44_20261010_112533_948291_7d530b6b,dqn,44,v1,sparse,1020,44509,240.0,25,177,0.05,0.9497323999297147,43510,True,False,True,16.947128709056415
baseline_dqn_statev1_sparse_seed44_20261010_112533_948291_7d530b6b,dqn,44,v1,sparse,1021,44603,110.0,12,94,0.05,0.901298795291718,43604,True,False,True,16.98490133404266
baseline_dqn_statev1_sparse_seed44_20261010_112533_948291_7d530b6b,dqn,44,v1,sparse,1022,44631,30.0,4,28,0.05,1.0532326528004237,43632,True,False,True,16.99572695902316
baseline_dqn_statev1_sparse_seed44_20261010_112533_948291_7d530b6b,dqn,44,v1,sparse,1023,44719,80.0,9,88,0.05,0.8803671192039143,43720,True,False,True,17.030110167048406
baseline_dqn_statev1_sparse_seed44_20261010_112533_948291_7d530b6b,dqn,44,v1,sparse,1024,44796,90.0,10,77,0.05,0.9113608277463293,43797,True,False,True,17.059793500055093
baseline_dqn_statev1_sparse_seed44_20261010_112533_948291_7d530b6b,dqn,44,v1,sparse,1025,45051,250.0,26,255,0.05,0.9453207928760379,44052,True,False,True,17.157643334008753
baseline_dqn_statev1_sparse_seed44_20261010_112533_948291_7d530b6b,dqn,44,v1,sparse,1026,45136,90.0,10,85,0.05,0.9277935301556307,44137,True,False,True,17.190352334000636
baseline_dqn_statev1_sparse_seed44_20261010_112533_948291_7d530b6b,dqn,44,v1,sparse,1027,45288,140.0,15,152,0.05,0.8997249178784458,44289,True,False,True,17.249563375022262
baseline_dqn_statev1_sparse_seed44_20261010_112533_948291_7d530b6b,dqn,44,v1,sparse,1028,45375,90.0,10,87,0.05,0.9449668009390776,44376,True,False,True,17.283894000051077
baseline_dqn_statev1_sparse_seed44_20261010_112533_948291_7d530b6b,dqn,44,v1,sparse,1029,45481,110.0,12,106,0.05,0.9120545361964207,44482,True,False,True,17.32513375004055
baseline_dqn_statev1_sparse_seed44_20261010_112533_948291_7d530b6b,dqn,44,v1,sparse,1030,45665,170.0,18,184,0.05,0.9503149897184061,44666,True,False,True,17.395683875016402
baseline_dqn_statev1_sparse_seed44_20261010_112533_948291_7d530b6b,dqn,44,v1,sparse,1031,45907,260.0,27,242,0.05,0.9679950178901026,44908,True,False,True,17.489813667023554
baseline_dqn_statev1_sparse_seed44_20261010_112533_948291_7d530b6b,dqn,44,v1,sparse,1032,46064,190.0,20,157,0.05,0.9492293527931165,45065,True,False,True,17.549972792039625
baseline_dqn_statev1_sparse_seed44_20261010_112533_948291_7d530b6b,dqn,44,v1,sparse,1033,46109,80.0,9,45,0.05,0.9656583223077986,45110,True,False,True,17.567233500012662
baseline_dqn_statev1_sparse_seed44_20261010_112533_948291_7d530b6b,dqn,44,v1,sparse,1034,46162,60.0,7,53,0.05,0.9381725535077868,45163,True,False,True,17.587576667021494
baseline_dqn_statev1_sparse_seed44_20261010_112533_948291_7d530b6b,dqn,44,v1,sparse,1035,46210,60.0,7,48,0.05,0.9726029466837645,45211,True,False,True,17.605865625024308
baseline_dqn_statev1_sparse_seed44_20261010_112533_948291_7d530b6b,dqn,44,v1,sparse,1036,46320,130.0,14,110,0.05,0.9101140683347528,45321,True,False,True,17.647918834001757
baseline_dqn_statev1_sparse_seed44_20261010_112533_948291_7d530b6b,dqn,44,v1,sparse,1037,46419,90.0,10,99,0.05,0.8722124873387693,45420,True,False,True,17.68532533402322
baseline_dqn_statev1_sparse_seed44_20261010_112533_948291_7d530b6b,dqn,44,v1,sparse,1038,46526,140.0,15,107,0.05,0.9442840256145068,45527,True,False,True,17.726372417004313
baseline_dqn_statev1_sparse_seed44_20261010_112533_948291_7d530b6b,dqn,44,v1,sparse,1039,46698,150.0,16,172,0.05,0.8955844680583754,45699,True,False,True,17.791466500028037
baseline_dqn_statev1_sparse_seed44_20261010_112533_948291_7d530b6b,dqn,44,v1,sparse,1040,46727,10.0,2,29,0.05,0.9034224984974697,45728,True,False,True,17.80250429204898
baseline_dqn_statev1_sparse_seed44_20261010_112533_948291_7d530b6b,dqn,44,v1,sparse,1041,46798,50.0,6,71,0.05,0.9056841118234984,45799,True,False,True,17.829780250031035
baseline_dqn_statev1_sparse_seed44_20261010_112533_948291_7d530b6b,dqn,44,v1,sparse,1042,46941,170.0,18,143,0.05,0.8862130660693962,45942,True,False,True,17.885283250012435
baseline_dqn_statev1_sparse_seed44_20261010_112533_948291_7d530b6b,dqn,44,v1,sparse,1043,47087,210.0,22,146,0.05,0.9393132010551348,46088,True,False,True,17.941202875052113
baseline_dqn_statev1_sparse_seed44_20261010_112533_948291_7d530b6b,dqn,44,v1,sparse,1044,47111,10.0,2,24,0.05,1.007339706023534,46112,True,False,True,17.950548292021267
baseline_dqn_statev1_sparse_seed44_20261010_112533_948291_7d530b6b,dqn,44,v1,sparse,1045,47138,20.0,3,27,0.05,0.9881590659971591,46139,True,False,True,17.960880917031318
baseline_dqn_statev1_sparse_seed44_20261010_112533_948291_7d530b6b,dqn,44,v1,sparse,1046,47347,260.0,27,209,0.05,0.9272911872304798,46348,True,False,True,18.040160084026866
baseline_dqn_statev1_sparse_seed44_20261010_112533_948291_7d530b6b,dqn,44,v1,sparse,1047,47457,110.0,12,110,0.05,0.9550234293395823,46458,True,False,True,18.08208183402894
baseline_dqn_statev1_sparse_seed44_20261010_112533_948291_7d530b6b,dqn,44,v1,sparse,1048,47567,100.0,11,110,0.05,0.9878049528056925,46568,True,False,True,18.12389054201776
baseline_dqn_statev1_sparse_seed44_20261010_112533_948291_7d530b6b,dqn,44,v1,sparse,1049,47700,130.0,14,133,0.05,0.9391638715016214,46701,True,False,True,18.17427575000329
baseline_dqn_statev1_sparse_seed44_20261010_112533_948291_7d530b6b,dqn,44,v1,sparse,1050,47752,70.0,8,52,0.05,0.9191478783121476,46753,True,False,True,18.194209917041007
baseline_dqn_statev1_sparse_seed44_20261010_112533_948291_7d530b6b,dqn,44,v1,sparse,1051,47808,60.0,7,56,0.05,0.9878723174333572,46809,True,False,True,18.215724959038198
baseline_dqn_statev1_sparse_seed44_20261010_112533_948291_7d530b6b,dqn,44,v1,sparse,1052,47815,0.0,1,7,0.05,0.8190512018544334,46816,True,False,True,18.218399959034286
baseline_dqn_statev1_sparse_seed44_20261010_112533_948291_7d530b6b,dqn,44,v1,sparse,1053,47894,100.0,11,79,0.05,0.9033455116839348,46895,True,False,True,18.24914416705724
baseline_dqn_statev1_sparse_seed44_20261010_112533_948291_7d530b6b,dqn,44,v1,sparse,1054,48012,140.0,15,118,0.05,0.9981613676931899,47013,True,False,True,18.294705917011015
baseline_dqn_statev1_sparse_seed44_20261010_112533_948291_7d530b6b,dqn,44,v1,sparse,1055,48175,170.0,18,163,0.05,0.9319273215130063,47176,True,False,True,18.356814875034615
baseline_dqn_statev1_sparse_seed44_20261010_112533_948291_7d530b6b,dqn,44,v1,sparse,1056,48303,130.0,14,128,0.05,0.9591905297711492,47304,True,False,True,18.405285875021946
baseline_dqn_statev1_sparse_seed44_20261010_112533_948291_7d530b6b,dqn,44,v1,sparse,1057,48390,110.0,12,87,0.05,0.9157407756509452,47391,True,False,True,18.438278417044785
baseline_dqn_statev1_sparse_seed44_20261010_112533_948291_7d530b6b,dqn,44,v1,sparse,1058,48428,40.0,5,38,0.05,0.9515786735635055,47429,True,False,True,18.452763834036887
baseline_dqn_statev1_sparse_seed44_20261010_112533_948291_7d530b6b,dqn,44,v1,sparse,1059,48550,140.0,15,122,0.05,0.9747910682783753,47551,True,False,True,18.49931645905599
baseline_dqn_statev1_sparse_seed44_20261010_112533_948291_7d530b6b,dqn,44,v1,sparse,1060,48699,170.0,18,149,0.05,0.9139043094727817,47700,True,False,True,18.55556416703621
baseline_dqn_statev1_sparse_seed44_20261010_112533_948291_7d530b6b,dqn,44,v1,sparse,1061,48739,40.0,5,40,0.05,0.9162612274289131,47740,True,False,True,18.57119137502741
baseline_dqn_statev1_sparse_seed44_20261010_112533_948291_7d530b6b,dqn,44,v1,sparse,1062,48945,220.0,23,206,0.05,0.9571694125538891,47946,True,False,True,18.650568167038728
baseline_dqn_statev1_sparse_seed44_20261010_112533_948291_7d530b6b,dqn,44,v1,sparse,1063,49076,160.0,17,131,0.05,0.9515546653561919,48077,True,False,True,18.700686084048357
baseline_dqn_statev1_sparse_seed44_20261010_112533_948291_7d530b6b,dqn,44,v1,sparse,1064,49138,70.0,8,62,0.05,0.9958581126505329,48139,True,False,True,18.724337917054072
baseline_dqn_statev1_sparse_seed44_20261010_112533_948291_7d530b6b,dqn,44,v1,sparse,1065,49220,100.0,11,82,0.05,1.0323062728090984,48221,True,False,True,18.755321750009898
baseline_dqn_statev1_sparse_seed44_20261010_112533_948291_7d530b6b,dqn,44,v1,sparse,1066,49323,110.0,12,103,0.05,0.9276444697843015,48324,True,False,True,18.79430362500716
baseline_dqn_statev1_sparse_seed44_20261010_112533_948291_7d530b6b,dqn,44,v1,sparse,1067,49451,130.0,14,128,0.05,1.052804141305387,48452,True,False,True,18.842710875032935
baseline_dqn_statev1_sparse_seed44_20261010_112533_948291_7d530b6b,dqn,44,v1,sparse,1068,49463,0.0,1,12,0.05,1.1387715935707092,48464,True,False,True,18.847251625033095
baseline_dqn_statev1_sparse_seed44_20261010_112533_948291_7d530b6b,dqn,44,v1,sparse,1069,49481,20.0,3,18,0.05,0.9336415727933248,48482,True,False,True,18.85408354201354
baseline_dqn_statev1_sparse_seed44_20261010_112533_948291_7d530b6b,dqn,44,v1,sparse,1070,49592,110.0,12,111,0.05,0.951364112598402,48593,True,False,True,18.897986875032075
baseline_dqn_statev1_sparse_seed44_20261010_112533_948291_7d530b6b,dqn,44,v1,sparse,1071,49690,90.0,10,98,0.05,0.9283899570606193,48691,True,False,True,18.93613120901864
baseline_dqn_statev1_sparse_seed44_20261010_112533_948291_7d530b6b,dqn,44,v1,sparse,1072,49792,140.0,15,102,0.05,0.9632453944753198,48793,True,False,True,18.976973750046454
baseline_dqn_statev1_sparse_seed44_20261010_112533_948291_7d530b6b,dqn,44,v1,sparse,1073,49952,150.0,16,160,0.05,0.9699860574677587,48953,True,False,True,19.039221917046234
baseline_dqn_statev1_sparse_seed44_20261010_112533_948291_7d530b6b,dqn,44,v1,sparse,1074,49996,60.0,7,44,0.05,0.9936374960975214,48997,True,False,True,19.055967709049582
baseline_dqn_statev1_sparse_seed44_20261010_112533_948291_7d530b6b,dqn,44,v1,sparse,1075,50000,0.0,0,4,0.05,0.9241411536931992,49001,False,False,False,19.05757350003114
