run_id,algorithm,seed,state_mode,reward_mode,episode,global_step,episode_return,score,episode_length,epsilon,loss,update_count,terminated,truncated,episode_complete,wall_clock_time
debug_algorithm_dqn_statev1_sparse_seed44_20261010_222347_402045_cb915684,dqn,44,v1,sparse,1,16,0.0,1,16,0.9984011994401822,,0,True,False,True,0.014574400003766641
debug_algorithm_dqn_statev1_sparse_seed44_20261010_222347_402045_cb915684,dqn,44,v1,sparse,2,25,-10.0,0,9,0.9975029977012647,,0,True,False,True,0.014845199999399483
debug_algorithm_dqn_statev1_sparse_seed44_20261010_222347_402045_cb915684,dqn,44,v1,sparse,3,33,-10.0,0,8,0.9967052745480899,,0,True,False,True,0.01502500000060536
debug_algorithm_dqn_statev1_sparse_seed44_20261010_222347_402045_cb915684,dqn,44,v1,sparse,4,35,-10.0,0,2,0.9965059434602331,,0,True,False,True,0.015129200000956189
debug_algorithm_dqn_statev1_sparse_seed44_20261010_222347_402045_cb915684,dqn,44,v1,sparse,5,48,-10.0,0,13,0.9952112627234414,,0,True,False,True,0.015543500005151145
debug_algorithm_dqn_statev1_sparse_seed44_20261010_222347_402045_cb915684,dqn,44,v1,sparse,6,71,-10.0,0,23,0.9929247929420344,,0,True,False,True,0.015892100003839005
debug_algorithm_dqn_statev1_sparse_seed44_20261010_222347_402045_cb915684,dqn,44,v1,sparse,7,87,-10.0,0,16,0.9913373042272218,,0,True,False,True,0.016180999999050982
debug_algorithm_dqn_statev1_sparse_seed44_20261010_222347_402045_cb915684,dqn,44,v1,sparse,8,103,-10.0,0,16,0.9897523535902548,,0,True,False,True,0.01685670000006212
debug_algorithm_dqn_statev1_sparse_seed44_20261010_222347_402045_cb915684,dqn,44,v1,sparse,9,112,0.0,1,9,0.9888619326997442,,0,True,False,True,0.017020300001604483
debug_algorithm_dqn_statev1_sparse_seed44_20261010_222347_402045_cb915684,dqn,44,v1,sparse,10,130,-10.0,0,18,0.987083493373033,,0,True,False,True,0.017229500001121778
debug_algorithm_dqn_statev1_sparse_seed44_20261010_222347_402045_cb915684,dqn,44,v1,sparse,11,165,-10.0,0,35,0.9836345678377172,,0,True,False,True,0.01792090000526514
debug_algorithm_dqn_statev1_sparse_seed44_20261010_222347_402045_cb915684,dqn,44,v1,sparse,12,172,-10.0,0,7,0.9829462301690663,,0,True,False,True,0.018062600000121165
debug_algorithm_dqn_statev1_sparse_seed44_20261010_222347_402045_cb915684,dqn,44,v1,sparse,13,194,-10.0,0,22,0.9807860175554679,,0,True,False,True,0.018497400000342168
debug_algorithm_dqn_statev1_sparse_seed44_20261010_222347_402045_cb915684,dqn,44,v1,sparse,14,196,-10.0,0,2,0.9805898701598169,,0,True,False,True,0.018575900001451373
debug_algorithm_dqn_statev1_sparse_seed44_20261010_222347_402045_cb915684,dqn,44,v1,sparse,15,227,-10.0,0,31,0.9775545969005506,,0,True,False,True,0.01891040000191424
debug_algorithm_dqn_statev1_sparse_seed44_20261010_222347_402045_cb915684,dqn,44,v1,sparse,16,228,-10.0,0,1,0.9774568414408605,,0,True,False,True,0.018969700002344325
debug_algorithm_dqn_statev1_sparse_seed44_20261010_222347_402045_cb915684,dqn,44,v1,sparse,17,246,0.0,1,18,0.9756989138379287,,0,True,False,True,0.019206000004487578
debug_algorithm_dqn_statev1_sparse_seed44_20261010_222347_402045_cb915684,dqn,44,v1,sparse,18,271,-10.0,0,25,0.9732625914072018,,0,True,False,True,0.019528199998603668
debug_algorithm_dqn_statev1_sparse_seed44_20261010_222347_402045_cb915684,dqn,44,v1,sparse,19,292,-10.0,0,21,0.9712207825228317,,0,True,False,True,0.01980360000015935
debug_algorithm_dqn_statev1_sparse_seed44_20261010_222347_402045_cb915684,dqn,44,v1,sparse,20,320,-10.0,0,28,0.9685050323665944,,0,True,False,True,0.02032380000309786
debug_algorithm_dqn_statev1_sparse_seed44_20261010_222347_402045_cb915684,dqn,44,v1,sparse,21,327,-10.0,0,7,0.9678272821961004,,0,True,False,True,0.020636799999920186
debug_algorithm_dqn_statev1_sparse_seed44_20261010_222347_402045_cb915684,dqn,44,v1,sparse,22,341,-10.0,0,14,0.9664732043716606,,0,True,False,True,0.020989100004953798
debug_algorithm_dqn_statev1_sparse_seed44_20261010_222347_402045_cb915684,dqn,44,v1,sparse,23,353,-10.0,0,12,0.9653140741861533,,0,True,False,True,0.021193000000494067
debug_algorithm_dqn_statev1_sparse_seed44_20261010_222347_402045_cb915684,dqn,44,v1,sparse,24,355,-10.0,0,2,0.9651210210244568,,0,True,False,True,0.021266000003379304
debug_algorithm_dqn_statev1_sparse_seed44_20261010_222347_402045_cb915684,dqn,44,v1,sparse,25,365,-10.0,0,10,0.9641563341920976,,0,True,False,True,0.021482800002559088
debug_algorithm_dqn_statev1_sparse_seed44_20261010_222347_402045_cb915684,dqn,44,v1,sparse,26,374,-10.0,0,9,0.9632889405066278,,0,True,False,True,0.021619500002998393
debug_algorithm_dqn_statev1_sparse_seed44_20261010_222347_402045_cb915684,dqn,44,v1,sparse,27,396,-10.0,0,22,0.9611719285522058,,0,True,False,True,0.02186690000235103
debug_algorithm_dqn_statev1_sparse_seed44_20261010_222347_402045_cb915684,dqn,44,v1,sparse,28,439,-10.0,0,43,0.9570475567919766,,0,True,False,True,0.022616700000071432
debug_algorithm_dqn_statev1_sparse_seed44_20261010_222347_402045_cb915684,dqn,44,v1,sparse,29,481,-10.0,0,42,0.9530361862567129,,0,True,False,True,0.023196200003440026
debug_algorithm_dqn_statev1_sparse_seed44_20261010_222347_402045_cb915684,dqn,44,v1,sparse,30,482,-10.0,0,1,0.9529408826380873,,0,True,False,True,0.02327050000167219
debug_algorithm_dqn_statev1_sparse_seed44_20261010_222347_402045_cb915684,dqn,44,v1,sparse,31,484,-10.0,0,2,0.9527503039909685,,0,True,False,True,0.023360600003798027
debug_algorithm_dqn_statev1_sparse_seed44_20261010_222347_402045_cb915684,dqn,44,v1,sparse,32,500,-10.0,0,16,0.9512270462715811,,0,True,False,True,0.023682899998675566
debug_algorithm_dqn_statev1_sparse_seed44_20261010_222347_402045_cb915684,dqn,44,v1,sparse,33,507,-10.0,0,7,0.9505613870635811,,0,True,False,True,0.023808600002666935
debug_algorithm_dqn_statev1_sparse_seed44_20261010_222347_402045_cb915684,dqn,44,v1,sparse,34,521,-10.0,0,14,0.9492314657866452,,0,True,False,True,0.024096300003293436
debug_algorithm_dqn_statev1_sparse_seed44_20261010_222347_402045_cb915684,dqn,44,v1,sparse,35,572,-10.0,0,51,0.9444024682682759,,0,True,False,True,0.024812800002109725
debug_algorithm_dqn_statev1_sparse_seed44_20261010_222347_402045_cb915684,dqn,44,v1,sparse,36,582,-10.0,0,10,0.94345849066781,,0,True,False,True,0.02513850000104867
debug_algorithm_dqn_statev1_sparse_seed44_20261010_222347_402045_cb915684,dqn,44,v1,sparse,37,585,-10.0,0,3,0.9431754814234209,,0,True,False,True,0.025223700002243277
debug_algorithm_dqn_statev1_sparse_seed44_20261010_222347_402045_cb915684,dqn,44,v1,sparse,38,610,-10.0,0,25,0.9408203700781957,,0,True,False,True,0.02568299999984447
debug_algorithm_dqn_statev1_sparse_seed44_20261010_222347_402045_cb915684,dqn,44,v1,sparse,39,632,0.0,1,22,0.9387527371109037,,0,True,False,True,0.025954900003853254
debug_algorithm_dqn_statev1_sparse_seed44_20261010_222347_402045_cb915684,dqn,44,v1,sparse,40,639,-10.0,0,7,0.9380958073001479,,0,True,False,True,0.026069100000313483
debug_algorithm_dqn_statev1_sparse_seed44_20261010_222347_402045_cb915684,dqn,44,v1,sparse,41,653,0.0,1,14,0.9367833264957395,,0,True,False,True,0.02627800000482239
debug_algorithm_dqn_statev1_sparse_seed44_20261010_222347_402045_cb915684,dqn,44,v1,sparse,42,657,-10.0,0,4,0.9364086693683936,,0,True,False,True,0.026360900003055576
debug_algorithm_dqn_statev1_sparse_seed44_20261010_222347_402045_cb915684,dqn,44,v1,sparse,43,673,-10.0,0,16,0.934911538663589,,0,True,False,True,0.0265542999986792
debug_algorithm_dqn_statev1_sparse_seed44_20261010_222347_402045_cb915684,dqn,44,v1,sparse,44,675,-10.0,0,2,0.9347245657049716,,0,True,False,True,0.026618500000040513
debug_algorithm_dqn_statev1_sparse_seed44_20261010_222347_402045_cb915684,dqn,44,v1,sparse,45,676,-10.0,0,1,0.9346310932484012,,0,True,False,True,0.026670600003853906
debug_algorithm_dqn_statev1_sparse_seed44_20261010_222347_402045_cb915684,dqn,44,v1,sparse,46,688,-10.0,0,12,0.9335101525874523,,0,True,False,True,0.026951100000587758
debug_algorithm_dqn_statev1_sparse_seed44_20261010_222347_402045_cb915684,dqn,44,v1,sparse,47,701,-10.0,0,13,0.9322973172600907,,0,True,False,True,0.0274074000044493
debug_algorithm_dqn_statev1_sparse_seed44_20261010_222347_402045_cb915684,dqn,44,v1,sparse,48,710,0.0,1,9,0.9314585852232897,,0,True,False,True,0.02771020000363933
debug_algorithm_dqn_statev1_sparse_seed44_20261010_222347_402045_cb915684,dqn,44,v1,sparse,49,723,-10.0,0,13,0.9302484153338654,,0,True,False,True,0.027984699998341966
debug_algorithm_dqn_statev1_sparse_seed44_20261010_222347_402045_cb915684,dqn,44,v1,sparse,50,791,0.0,1,68,0.9239438706238289,,0,True,False,True,0.029564199998276308
debug_algorithm_dqn_statev1_sparse_seed44_20261010_222347_402045_cb915684,dqn,44,v1,sparse,51,814,-10.0,0,23,0.9218211356639004,,0,True,False,True,0.029947000002721325
debug_algorithm_dqn_statev1_sparse_seed44_20261010_222347_402045_cb915684,dqn,44,v1,sparse,52,817,-10.0,0,3,0.9215446169769135,,0,True,False,True,0.03016560000105528
debug_algorithm_dqn_statev1_sparse_seed44_20261010_222347_402045_cb915684,dqn,44,v1,sparse,53,818,-10.0,0,1,0.9214524625152158,,0,True,False,True,0.030242200002248865
debug_algorithm_dqn_statev1_sparse_seed44_20261010_222347_402045_cb915684,dqn,44,v1,sparse,54,831,-10.0,0,13,0.9202552927833972,,0,True,False,True,0.03076790000341134
debug_algorithm_dqn_statev1_sparse_seed44_20261010_222347_402045_cb915684,dqn,44,v1,sparse,55,841,-10.0,0,10,0.9193354514950844,,0,True,False,True,0.03106590000243159
debug_algorithm_dqn_statev1_sparse_seed44_20261010_222347_402045_cb915684,dqn,44,v1,sparse,56,849,-10.0,0,8,0.9186002404963385,,0,True,False,True,0.031417900005180854
debug_algorithm_dqn_statev1_sparse_seed44_20261010_222347_402045_cb915684,dqn,44,v1,sparse,57,862,-10.0,0,13,0.9174067764292271,,0,True,False,True,0.03173660000175005
debug_algorithm_dqn_statev1_sparse_seed44_20261010_222347_402045_cb915684,dqn,44,v1,sparse,58,921,0.0,1,59,0.9120097434959706,,0,True,False,True,0.03375149999919813
debug_algorithm_dqn_statev1_sparse_seed44_20261010_222347_402045_cb915684,dqn,44,v1,sparse,59,930,-10.0,0,9,0.9111892629737348,,0,True,False,True,0.0342025999998441
debug_algorithm_dqn_statev1_sparse_seed44_20261010_222347_402045_cb915684,dqn,44,v1,sparse,60,945,-10.0,0,15,0.9098234354135336,,0,True,False,True,0.03547529999923427
debug_algorithm_dqn_statev1_sparse_seed44_20261010_222347_402045_cb915684,dqn,44,v1,sparse,61,954,-10.0,0,9,0.9090049217816846,,0,True,False,True,0.0362442000041483
debug_algorithm_dqn_statev1_sparse_seed44_20261010_222347_402045_cb915684,dqn,44,v1,sparse,62,955,-10.0,0,1,0.9089140212895064,,0,True,False,True,0.036421500000869855
debug_algorithm_dqn_statev1_sparse_seed44_20261010_222347_402045_cb915684,dqn,44,v1,sparse,63,969,-10.0,0,14,0.9076423684407068,,0,True,False,True,0.0372471000009682
debug_algorithm_dqn_statev1_sparse_seed44_20261010_222347_402045_cb915684,dqn,44,v1,sparse,64,980,-10.0,0,11,0.9066444608889938,,0,True,False,True,0.038020500003767665
debug_algorithm_dqn_statev1_sparse_seed44_20261010_222347_402045_cb915684,dqn,44,v1,sparse,65,998,-10.0,0,18,0.9050138872858745,,0,True,False,True,0.039010400003462564
debug_algorithm_dqn_statev1_sparse_seed44_20261010_222347_402045_cb915684,dqn,44,v1,sparse,66,1003,-10.0,0,5,0.9045614708345707,0.6334918737411499,4,True,False,True,0.05177630000252975
debug_algorithm_dqn_statev1_sparse_seed44_20261010_222347_402045_cb915684,dqn,44,v1,sparse,67,1006,-10.0,0,3,0.9042901295292599,0.6922140121459961,7,True,False,True,0.06138900000223657
debug_algorithm_dqn_statev1_sparse_seed44_20261010_222347_402045_cb915684,dqn,44,v1,sparse,68,1011,-10.0,0,5,0.9038380748844658,0.7387721300125122,12,True,False,True,0.07606330000271555
debug_algorithm_dqn_statev1_sparse_seed44_20261010_222347_402045_cb915684,dqn,44,v1,sparse,69,1050,-10.0,0,39,0.9003197955798045,0.6690025505347129,51,True,False,True,0.14979540000058478
debug_algorithm_dqn_statev1_sparse_seed44_20261010_222347_402045_cb915684,dqn,44,v1,sparse,70,1060,-10.0,0,10,0.8994198808201134,0.6303509622812271,61,True,False,True,0.16602180000336375
debug_algorithm_dqn_statev1_sparse_seed44_20261010_222347_402045_cb915684,dqn,44,v1,sparse,71,1077,0.0,1,17,0.8978920896223659,0.6749664027901257,78,True,False,True,0.19707840000046417
debug_algorithm_dqn_statev1_sparse_seed44_20261010_222347_402045_cb915684,dqn,44,v1,sparse,72,1090,-10.0,0,13,0.8967255300049539,0.4344112236912434,91,True,False,True,0.21729440000490285
debug_algorithm_dqn_statev1_sparse_seed44_20261010_222347_402045_cb915684,dqn,44,v1,sparse,73,1113,-10.0,0,23,0.8946653284142266,0.33907021598323533,114,True,False,True,0.25765949999913573
debug_algorithm_dqn_statev1_sparse_seed44_20261010_222347_402045_cb915684,dqn,44,v1,sparse,74,1114,-10.0,0,1,0.8945758618813853,0.14594514667987823,115,True,False,True,0.2599342000030447
debug_algorithm_dqn_statev1_sparse_seed44_20261010_222347_402045_cb915684,dqn,44,v1,sparse,75,1115,-10.0,0,1,0.8944864042951971,0.14364896714687347,116,True,False,True,0.26159520000510383
debug_algorithm_dqn_statev1_sparse_seed44_20261010_222347_402045_cb915684,dqn,44,v1,sparse,76,1123,-10.0,0,8,0.8937710655778691,0.32118425890803337,124,True,False,True,0.27426050000212854
debug_algorithm_dqn_statev1_sparse_seed44_20261010_222347_402045_cb915684,dqn,44,v1,sparse,77,1133,-10.0,0,10,0.8928776966020373,0.15688935089856387,134,True,False,True,0.28877620000275783
debug_algorithm_dqn_statev1_sparse_seed44_20261010_222347_402045_cb915684,dqn,44,v1,sparse,78,1135,-10.0,0,2,0.8926991299914938,0.1687294989824295,136,True,False,True,0.29175560000294354
debug_algorithm_dqn_statev1_sparse_seed44_20261010_222347_402045_cb915684,dqn,44,v1,sparse,79,1141,-10.0,0,6,0.8921636444005158,0.18785322705904642,142,True,False,True,0.30220440000266535
debug_algorithm_dqn_statev1_sparse_seed44_20261010_222347_402045_cb915684,dqn,44,v1,sparse,80,1148,-10.0,0,7,0.8915393171725781,0.1562750174530915,149,True,False,True,0.31504620000487193
debug_algorithm_dqn_statev1_sparse_seed44_20261010_222347_402045_cb915684,dqn,44,v1,sparse,81,1155,-10.0,0,7,0.8909154268426132,0.15396540851465293,156,True,False,True,0.3275082000036491
debug_algorithm_dqn_statev1_sparse_seed44_20261010_222347_402045_cb915684,dqn,44,v1,sparse,82,1162,-10.0,0,7,0.8902919731048842,0.09546048646526677,163,True,False,True,0.34039230000053067
debug_algorithm_dqn_statev1_sparse_seed44_20261010_222347_402045_cb915684,dqn,44,v1,sparse,83,1182,-10.0,0,20,0.8885130796989219,0.07899692996870726,183,True,False,True,0.3734270999993896
debug_algorithm_dqn_statev1_sparse_seed44_20261010_222347_402045_cb915684,dqn,44,v1,sparse,84,1183,-10.0,0,1,0.888424228390952,0.010193999856710434,184,True,False,True,0.37493820000236155
debug_algorithm_dqn_statev1_sparse_seed44_20261010_222347_402045_cb915684,dqn,44,v1,sparse,85,1189,-10.0,0,6,0.8878913070997846,0.05528195295482874,190,True,False,True,0.38374860000476474
debug_algorithm_dqn_statev1_sparse_seed44_20261010_222347_402045_cb915684,dqn,44,v1,sparse,86,1190,-10.0,0,1,0.8878025179690746,0.006206560879945755,191,True,False,True,0.38517680000222754
debug_algorithm_dqn_statev1_sparse_seed44_20261010_222347_402045_cb915684,dqn,44,v1,sparse,87,1192,-10.0,0,2,0.887624966343506,0.09254208952188492,193,True,False,True,0.3878945000033127
debug_algorithm_dqn_statev1_sparse_seed44_20261010_222347_402045_cb915684,dqn,44,v1,sparse,88,1218,-10.0,0,26,0.8853200239056551,0.11273601785517083,219,True,False,True,0.42537930000253255
debug_algorithm_dqn_statev1_sparse_seed44_20261010_222347_402045_cb915684,dqn,44,v1,sparse,89,1224,-10.0,0,6,0.8847889646716103,0.010219718174388012,225,True,False,True,0.4356937000047765
debug_algorithm_dqn_statev1_sparse_seed44_20261010_222347_402045_cb915684,dqn,44,v1,sparse,90,1225,-10.0,0,1,0.8847004857751432,0.008310363627970219,226,True,False,True,0.4371656000002986
debug_algorithm_dqn_statev1_sparse_seed44_20261010_222347_402045_cb915684,dqn,44,v1,sparse,91,1230,-10.0,0,5,0.8842582239934575,0.09364811424165964,231,True,False,True,0.44437589999870397
debug_algorithm_dqn_statev1_sparse_seed44_20261010_222347_402045_cb915684,dqn,44,v1,sparse,92,1252,-10.0,0,22,0.8823148971760584,0.07924996564080092,253,True,False,True,0.4777503000004799
debug_algorithm_dqn_statev1_sparse_seed44_20261010_222347_402045_cb915684,dqn,44,v1,sparse,93,1264,-10.0,0,12,0.8812567014332137,0.03255708651461949,265,True,False,True,0.49475510000047507
debug_algorithm_dqn_statev1_sparse_seed44_20261010_222347_402045_cb915684,dqn,44,v1,sparse,94,1278,-10.0,0,14,0.8800237436741165,0.05016903083638421,279,True,False,True,0.5199600999985705
debug_algorithm_dqn_statev1_sparse_seed44_20261010_222347_402045_cb915684,dqn,44,v1,sparse,95,1289,-10.0,0,11,0.8790562014239592,0.04623472715981982,290,True,False,True,0.5388372000015806
debug_algorithm_dqn_statev1_sparse_seed44_20261010_222347_402045_cb915684,dqn,44,v1,sparse,96,1307,-10.0,0,18,0.8774752445003438,0.0706535149495014,308,True,False,True,0.5651080000025104
debug_algorithm_dqn_statev1_sparse_seed44_20261010_222347_402045_cb915684,dqn,44,v1,sparse,97,1325,-10.0,0,18,0.8758971308816158,0.06897000581698699,326,True,False,True,0.5946593000044231
debug_algorithm_dqn_statev1_sparse_seed44_20261010_222347_402045_cb915684,dqn,44,v1,sparse,98,1340,0.0,1,15,0.8745842044788674,0.10825728780279557,341,True,False,True,0.6183392000020831
debug_algorithm_dqn_statev1_sparse_seed44_20261010_222347_402045_cb915684,dqn,44,v1,sparse,99,1400,-10.0,0,60,0.8693521495067424,0.046045507118105886,401,True,False,True,0.7177985000016633
debug_algorithm_dqn_statev1_sparse_seed44_20261010_222347_402045_cb915684,dqn,44,v1,sparse,100,1402,-10.0,0,2,0.8691782877703627,0.0013793809339404106,403,True,False,True,0.7211787000051118
debug_algorithm_dqn_statev1_sparse_seed44_20261010_222347_402045_cb915684,dqn,44,v1,sparse,101,1458,-10.0,0,56,0.8643242506427495,0.061909324260860946,459,True,False,True,0.8368899999986752
debug_algorithm_dqn_statev1_sparse_seed44_20261010_222347_402045_cb915684,dqn,44,v1,sparse,102,1466,-10.0,0,8,0.8636330332046294,0.05670525104505941,467,True,False,True,0.8490657000002102
debug_algorithm_dqn_statev1_sparse_seed44_20261010_222347_402045_cb915684,dqn,44,v1,sparse,103,1479,-10.0,0,13,0.8625109836482919,0.05751923555866457,480,True,False,True,0.871930400004203
debug_algorithm_dqn_statev1_sparse_seed44_20261010_222347_402045_cb915684,dqn,44,v1,sparse,104,1505,0.0,1,26,0.860271256010264,0.05199032720590297,506,True,False,True,0.9161979999989853
debug_algorithm_dqn_statev1_sparse_seed44_20261010_222347_402045_cb915684,dqn,44,v1,sparse,105,1544,-10.0,0,39,0.8569225648668832,0.06706786963742417,545,True,False,True,0.979569300005096
debug_algorithm_dqn_statev1_sparse_seed44_20261010_222347_402045_cb915684,dqn,44,v1,sparse,106,1556,-10.0,0,12,0.8558948231694552,0.13232091480555633,557,True,False,True,1.002375000003667
debug_algorithm_dqn_statev1_sparse_seed44_20261010_222347_402045_cb915684,dqn,44,v1,sparse,107,1579,0.0,1,23,0.853928428975036,0.05114509937171217,580,True,False,True,1.0359621000025072
debug_algorithm_dqn_statev1_sparse_seed44_20261010_222347_402045_cb915684,dqn,44,v1,sparse,108,1604,-10.0,0,25,0.8517961677249299,0.06476356736849993,605,True,False,True,1.079639399998996
debug_algorithm_dqn_statev1_sparse_seed44_20261010_222347_402045_cb915684,dqn,44,v1,sparse,109,1621,-10.0,0,17,0.8503492721035674,0.05142132220926749,622,True,False,True,1.111125200004608
debug_algorithm_dqn_statev1_sparse_seed44_20261010_222347_402045_cb915684,dqn,44,v1,sparse,110,1642,-10.0,0,21,0.8485653232351658,0.07687206245914456,643,True,False,True,1.147208900001715
debug_algorithm_dqn_statev1_sparse_seed44_20261010_222347_402045_cb915684,dqn,44,v1,sparse,111,1668,-10.0,0,26,0.8463618090270535,0.0816964523110073,669,True,False,True,1.186566700002004
debug_algorithm_dqn_statev1_sparse_seed44_20261010_222347_402045_cb915684,dqn,44,v1,sparse,112,1686,-10.0,0,18,0.8448396520140002,0.09003841531618188,687,True,False,True,1.2177615000036894
debug_algorithm_dqn_statev1_sparse_seed44_20261010_222347_402045_cb915684,dqn,44,v1,sparse,113,1692,-10.0,0,6,0.8443328749318442,0.050233380675005414,693,True,False,True,1.2277745000028517
debug_algorithm_dqn_statev1_sparse_seed44_20261010_222347_402045_cb915684,dqn,44,v1,sparse,114,1693,-10.0,0,1,0.844248441644351,0.14007358253002167,694,True,False,True,1.2293061000018497
debug_algorithm_dqn_statev1_sparse_seed44_20261010_222347_402045_cb915684,dqn,44,v1,sparse,115,1742,-10.0,0,49,0.8401215371054063,0.08611397030858362,743,True,False,True,1.3170423999981722
debug_algorithm_dqn_statev1_sparse_seed44_20261010_222347_402045_cb915684,dqn,44,v1,sparse,116,1774,0.0,1,32,0.8374373110255098,0.07926919800593168,775,True,False,True,1.3640651000023354
debug_algorithm_dqn_statev1_sparse_seed44_20261010_222347_402045_cb915684,dqn,44,v1,sparse,117,1778,-10.0,0,4,0.8371023863439886,0.07153875235235319,779,True,False,True,1.3697893999997177
debug_algorithm_dqn_statev1_sparse_seed44_20261010_222347_402045_cb915684,dqn,44,v1,sparse,118,1787,-10.0,0,9,0.8363492954828321,0.0655223327016251,788,True,False,True,1.3828384000007645
debug_algorithm_dqn_statev1_sparse_seed44_20261010_222347_402045_cb915684,dqn,44,v1,sparse,119,1793,-10.0,0,6,0.835847611341211,0.029723644955083728,794,True,False,True,1.3922766000032425
debug_algorithm_dqn_statev1_sparse_seed44_20261010_222347_402045_cb915684,dqn,44,v1,sparse,120,1838,-10.0,0,45,0.8320945601332942,0.08298534366250453,839,True,False,True,1.4834101000014925
debug_algorithm_dqn_statev1_sparse_seed44_20261010_222347_402045_cb915684,dqn,44,v1,sparse,121,1842,-10.0,0,4,0.8317617722315862,0.0678377817675937,843,True,False,True,1.4933731999990414
debug_algorithm_dqn_statev1_sparse_seed44_20261010_222347_402045_cb915684,dqn,44,v1,sparse,122,1859,-10.0,0,17,0.8303489078494027,0.051865094012635594,860,True,False,True,1.5363446000046679
debug_algorithm_dqn_statev1_sparse_seed44_20261010_222347_402045_cb915684,dqn,44,v1,sparse,123,1863,-10.0,0,4,0.8300168181038762,0.10904641583329067,864,True,False,True,1.5479808000018238
debug_algorithm_dqn_statev1_sparse_seed44_20261010_222347_402045_cb915684,dqn,44,v1,sparse,124,1889,0.0,1,26,0.8278614697746616,0.08858945911141256,890,True,False,True,1.6369927000050666
debug_algorithm_dqn_statev1_sparse_seed44_20261010_222347_402045_cb915684,dqn,44,v1,sparse,125,1900,-10.0,0,11,0.8269512773451482,0.07635547180490737,901,True,False,True,1.670710999998846
debug_algorithm_dqn_statev1_sparse_seed44_20261010_222347_402045_cb915684,dqn,44,v1,sparse,126,1925,-10.0,0,25,0.8248863781046752,0.05537931184284389,926,True,False,True,1.7482797999982722
debug_algorithm_dqn_statev1_sparse_seed44_20261010_222347_402045_cb915684,dqn,44,v1,sparse,127,1926,-10.0,0,1,0.8248038894668648,0.001053889631293714,927,True,False,True,1.751140899999882
debug_algorithm_dqn_statev1_sparse_seed44_20261010_222347_402045_cb915684,dqn,44,v1,sparse,128,1942,-10.0,0,16,0.8234851925466452,0.08663276402512565,943,True,False,True,1.7943843000030029
debug_algorithm_dqn_statev1_sparse_seed44_20261010_222347_402045_cb915684,dqn,44,v1,sparse,129,1948,-10.0,0,6,0.8229912249374277,0.06415517855202779,949,True,False,True,1.8098863000050187
debug_algorithm_dqn_statev1_sparse_seed44_20261010_222347_402045_cb915684,dqn,44,v1,sparse,130,1972,-10.0,0,24,0.8210183157884989,0.07161124952835962,973,True,False,True,1.8785934000043198
debug_algorithm_dqn_statev1_sparse_seed44_20261010_222347_402045_cb915684,dqn,44,v1,sparse,131,1981,-10.0,0,9,0.8202796948019279,0.06511142571818912,982,True,False,True,1.9082124000051408
debug_algorithm_dqn_statev1_sparse_seed44_20261010_222347_402045_cb915684,dqn,44,v1,sparse,132,1983,-10.0,0,2,0.8201156470657645,0.0038367578526958823,984,True,False,True,1.9136381999996956
debug_algorithm_dqn_statev1_sparse_seed44_20261010_222347_402045_cb915684,dqn,44,v1,sparse,133,2002,0.0,1,19,0.8185588289397216,0.08651660215477214,1003,True,False,True,1.9705876000007265
debug_algorithm_dqn_statev1_sparse_seed44_20261010_222347_402045_cb915684,dqn,44,v1,sparse,134,2037,-10.0,0,35,0.8156987381102812,0.09755750661715865,1038,True,False,True,2.0565860999995493
debug_algorithm_dqn_statev1_sparse_seed44_20261010_222347_402045_cb915684,dqn,44,v1,sparse,135,2040,-10.0,0,3,0.8154540529589945,0.0952998730354011,1041,True,False,True,2.0632078999988153
debug_algorithm_dqn_statev1_sparse_seed44_20261010_222347_402045_cb915684,dqn,44,v1,sparse,136,2068,-10.0,0,28,0.8131738613572713,0.11379691625812224,1069,True,False,True,2.122614400002931
debug_algorithm_dqn_statev1_sparse_seed44_20261010_222347_402045_cb915684,dqn,44,v1,sparse,137,2074,-10.0,0,6,0.8126860790002739,0.010029087696845332,1075,True,False,True,2.138219200001913
debug_algorithm_dqn_statev1_sparse_seed44_20261010_222347_402045_cb915684,dqn,44,v1,sparse,138,2087,-10.0,0,13,0.8116302207603451,0.040645312052220106,1088,True,False,True,2.168273000002955
debug_algorithm_dqn_statev1_sparse_seed44_20261010_222347_402045_cb915684,dqn,44,v1,sparse,139,2113,0.0,1,26,0.80952261787556,0.08520824377998136,1114,True,False,True,2.2166976000007708
debug_algorithm_dqn_statev1_sparse_seed44_20261010_222347_402045_cb915684,dqn,44,v1,sparse,140,2115,-10.0,0,2,0.8093607214472112,0.010100254090502858,1116,True,False,True,2.2218037999991793
debug_algorithm_dqn_statev1_sparse_seed44_20261010_222347_402045_cb915684,dqn,44,v1,sparse,141,2161,-10.0,0,46,0.805646026739122,0.06445713135737764,1162,True,False,True,2.313036200001079
debug_algorithm_dqn_statev1_sparse_seed44_20261010_222347_402045_cb915684,dqn,44,v1,sparse,142,2212,10.0,2,51,0.8015474872321294,0.054777159382972646,1213,True,False,True,2.419358300001477
debug_algorithm_dqn_statev1_sparse_seed44_20261010_222347_402045_cb915684,dqn,44,v1,sparse,143,2228,-10.0,0,16,0.8002659726608221,0.03990225572488271,1229,True,False,True,2.4548247999991872
debug_algorithm_dqn_statev1_sparse_seed44_20261010_222347_402045_cb915684,dqn,44,v1,sparse,144,2258,10.0,2,30,0.797868652652933,0.09760814540398617,1259,True,False,True,2.519173699998646
debug_algorithm_dqn_statev1_sparse_seed44_20261010_222347_402045_cb915684,dqn,44,v1,sparse,145,2267,-10.0,0,9,0.7971508580312495,0.05189012260072761,1268,True,False,True,2.5356251999983215
debug_algorithm_dqn_statev1_sparse_seed44_20261010_222347_402045_cb915684,dqn,44,v1,sparse,146,2274,-10.0,0,7,0.7965930198044103,0.12430884782224894,1275,True,False,True,2.5486562000005506
debug_algorithm_dqn_statev1_sparse_seed44_20261010_222347_402045_cb915684,dqn,44,v1,sparse,147,2291,-10.0,0,17,0.7952398944957562,0.07031462955124237,1292,True,False,True,2.5790022000001045
debug_algorithm_dqn_statev1_sparse_seed44_20261010_222347_402045_cb915684,dqn,44,v1,sparse,148,2321,0.0,1,30,0.7928576308793145,0.08635977034767468,1322,True,False,True,2.641913999999815
debug_algorithm_dqn_statev1_sparse_seed44_20261010_222347_402045_cb915684,dqn,44,v1,sparse,149,2401,0.0,1,80,0.78653975911744,0.07624412010191009,1402,True,False,True,2.7963463999985834
debug_algorithm_dqn_statev1_sparse_seed44_20261010_222347_402045_cb915684,dqn,44,v1,sparse,150,2414,-10.0,0,13,0.7855178707067055,0.09668013353187305,1415,True,False,True,2.8185378999987734
debug_algorithm_dqn_statev1_sparse_seed44_20261010_222347_402045_cb915684,dqn,44,v1,sparse,151,2437,0.0,1,23,0.7837131655738365,0.09606273379176855,1438,True,False,True,2.865964900003746
debug_algorithm_dqn_statev1_sparse_seed44_20261010_222347_402045_cb915684,dqn,44,v1,sparse,152,2462,-10.0,0,25,0.7817562319978494,0.09244058492593467,1463,True,False,True,2.911027100002684
debug_algorithm_dqn_statev1_sparse_seed44_20261010_222347_402045_cb915684,dqn,44,v1,sparse,153,2544,-10.0,0,82,0.7753717239241212,0.08142852734649418,1545,True,False,True,3.0588732000032905
debug_algorithm_dqn_statev1_sparse_seed44_20261010_222347_402045_cb915684,dqn,44,v1,sparse,154,2572,-10.0,0,28,0.7732036114637194,0.1048965744308329,1573,True,False,True,3.1114836000051582
debug_algorithm_dqn_statev1_sparse_seed44_20261010_222347_402045_cb915684,dqn,44,v1,sparse,155,2578,-10.0,0,6,0.77273980526192,0.05475016559163729,1579,True,False,True,3.1230450000002747
debug_algorithm_dqn_statev1_sparse_seed44_20261010_222347_402045_cb915684,dqn,44,v1,sparse,156,2586,0.0,1,8,0.7721218297415879,0.12544796895235777,1587,True,False,True,3.140858200000366
debug_algorithm_dqn_statev1_sparse_seed44_20261010_222347_402045_cb915684,dqn,44,v1,sparse,157,2594,-10.0,0,8,0.7715043484286737,0.05621876643272117,1595,True,False,True,3.1550127000009525
debug_algorithm_dqn_statev1_sparse_seed44_20261010_222347_402045_cb915684,dqn,44,v1,sparse,158,2606,-10.0,0,12,0.7705790522337364,0.06436320225475356,1607,True,False,True,3.1801785999996355
debug_algorithm_dqn_statev1_sparse_seed44_20261010_222347_402045_cb915684,dqn,44,v1,sparse,159,2608,-10.0,0,2,0.7704249441290801,0.14194606989622116,1609,True,False,True,3.1842619000017294
debug_algorithm_dqn_statev1_sparse_seed44_20261010_222347_402045_cb915684,dqn,44,v1,sparse,160,2667,0.0,1,59,0.7658925939187943,0.0854729117541495,1668,True,False,True,3.2886069000014686
debug_algorithm_dqn_statev1_sparse_seed44_20261010_222347_402045_cb915684,dqn,44,v1,sparse,161,2668,-10.0,0,1,0.7658160046594024,0.1350276917219162,1669,True,False,True,3.292085799999768
debug_algorithm_dqn_statev1_sparse_seed44_20261010_222347_402045_cb915684,dqn,44,v1,sparse,162,2676,-10.0,0,8,0.7652035662412758,0.008860985864885151,1677,True,False,True,3.3086766000051284
debug_algorithm_dqn_statev1_sparse_seed44_20261010_222347_402045_cb915684,dqn,44,v1,sparse,163,2677,-10.0,0,1,0.7651270458846517,0.13321292400360107,1678,True,False,True,3.3115838000012445
debug_algorithm_dqn_statev1_sparse_seed44_20261010_222347_402045_cb915684,dqn,44,v1,sparse,164,2679,-10.0,0,2,0.7649740281267453,0.08262750040739775,1680,True,False,True,3.3156200000012177
debug_algorithm_dqn_statev1_sparse_seed44_20261010_222347_402045_cb915684,dqn,44,v1,sparse,165,2687,-10.0,0,8,0.7643622630541387,0.09029842057498172,1688,True,False,True,3.331756100000348
debug_algorithm_dqn_statev1_sparse_seed44_20261010_222347_402045_cb915684,dqn,44,v1,sparse,166,2698,-10.0,0,11,0.7635218848379293,0.04539166560227221,1699,True,False,True,3.350542799998948
debug_algorithm_dqn_statev1_sparse_seed44_20261010_222347_402045_cb915684,dqn,44,v1,sparse,167,2712,0.0,1,14,0.7624536487262261,0.06329868125197079,1713,True,False,True,3.37850040000194
debug_algorithm_dqn_statev1_sparse_seed44_20261010_222347_402045_cb915684,dqn,44,v1,sparse,168,2721,-10.0,0,9,0.7617677148616496,0.10902013220927781,1722,True,False,True,3.39391120000073
debug_algorithm_dqn_statev1_sparse_seed44_20261010_222347_402045_cb915684,dqn,44,v1,sparse,169,2733,0.0,1,12,0.7608540962029563,0.11666136704540502,1734,True,False,True,3.4140041999999085
debug_algorithm_dqn_statev1_sparse_seed44_20261010_222347_402045_cb915684,dqn,44,v1,sparse,170,2763,10.0,2,30,0.7585748405426823,0.12128395903855563,1764,True,False,True,3.4589869000046747
debug_algorithm_dqn_statev1_sparse_seed44_20261010_222347_402045_cb915684,dqn,44,v1,sparse,171,2772,-10.0,0,9,0.7578923962094257,0.12257858050159282,1773,True,False,True,3.4724400999984937
debug_algorithm_dqn_statev1_sparse_seed44_20261010_222347_402045_cb915684,dqn,44,v1,sparse,172,2778,-10.0,0,6,0.7574377744404028,0.05264458145635823,1779,True,False,True,3.4805317999998806
debug_algorithm_dqn_statev1_sparse_seed44_20261010_222347_402045_cb915684,dqn,44,v1,sparse,173,2779,-10.0,0,1,0.7573620306629588,0.15333698689937592,1780,True,False,True,3.4823036000016145
debug_algorithm_dqn_statev1_sparse_seed44_20261010_222347_402045_cb915684,dqn,44,v1,sparse,174,2783,-10.0,0,4,0.7570591312893862,0.007344389450736344,1784,True,False,True,3.4899780999985524
debug_algorithm_dqn_statev1_sparse_seed44_20261010_222347_402045_cb915684,dqn,44,v1,sparse,175,2808,10.0,2,25,0.7551687528982781,0.11903381559997797,1809,True,False,True,3.5291594000009354
debug_algorithm_dqn_statev1_sparse_seed44_20261010_222347_402045_cb915684,dqn,44,v1,sparse,176,2816,-10.0,0,8,0.7545648293009262,0.05915982194710523,1817,True,False,True,3.540813600004185
debug_algorithm_dqn_statev1_sparse_seed44_20261010_222347_402045_cb915684,dqn,44,v1,sparse,177,2840,-10.0,0,24,0.7527559547830953,0.13269335081956038,1841,True,False,True,3.578678800004127
debug_algorithm_dqn_statev1_sparse_seed44_20261010_222347_402045_cb915684,dqn,44,v1,sparse,178,2843,-10.0,0,3,0.7525301505785863,0.09651710682859023,1844,True,False,True,3.5833184000002802
debug_algorithm_dqn_statev1_sparse_seed44_20261010_222347_402045_cb915684,dqn,44,v1,sparse,179,2856,-10.0,0,13,0.7515524481411817,0.1274736298678013,1857,True,False,True,3.6045197999992524
debug_algorithm_dqn_statev1_sparse_seed44_20261010_222347_402045_cb915684,dqn,44,v1,sparse,180,2862,-10.0,0,6,0.7511016293901344,0.029507953285550077,1863,True,False,True,3.617338000003656
debug_algorithm_dqn_statev1_sparse_seed44_20261010_222347_402045_cb915684,dqn,44,v1,sparse,181,2865,-10.0,0,3,0.7508763214336152,0.003968873216460149,1866,True,False,True,3.624121799999557
debug_algorithm_dqn_statev1_sparse_seed44_20261010_222347_402045_cb915684,dqn,44,v1,sparse,182,2896,0.0,1,31,0.7485520930392382,0.09174467432462881,1897,True,False,True,3.682469700004731
debug_algorithm_dqn_statev1_sparse_seed44_20261010_222347_402045_cb915684,dqn,44,v1,sparse,183,2902,-10.0,0,6,0.7481030740512588,0.07618461285407345,1903,True,False,True,3.6916830000045593
debug_algorithm_dqn_statev1_sparse_seed44_20261010_222347_402045_cb915684,dqn,44,v1,sparse,184,2904,-10.0,0,2,0.7479534609174793,0.19754350185394287,1905,True,False,True,3.694596900000761
debug_algorithm_dqn_statev1_sparse_seed44_20261010_222347_402045_cb915684,dqn,44,v1,sparse,185,2905,-10.0,0,1,0.7478786655713875,0.27142900228500366,1906,True,False,True,3.6960593000039808
debug_algorithm_dqn_statev1_sparse_seed44_20261010_222347_402045_cb915684,dqn,44,v1,sparse,186,2912,-10.0,0,7,0.7473553075338344,0.08343298606840628,1913,True,False,True,3.70786770000268
debug_algorithm_dqn_statev1_sparse_seed44_20261010_222347_402045_cb915684,dqn,44,v1,sparse,187,2927,0.0,1,15,0.7462350589556621,0.07999608758836985,1928,True,False,True,3.731559899999411
debug_algorithm_dqn_statev1_sparse_seed44_20261010_222347_402045_cb915684,dqn,44,v1,sparse,188,2974,-10.0,0,47,0.7427358088926551,0.11234360830759273,1975,True,False,True,3.8118687000023783
debug_algorithm_dqn_statev1_sparse_seed44_20261010_222347_402045_cb915684,dqn,44,v1,sparse,189,2976,-10.0,0,2,0.7425872691582347,0.27134985476732254,1977,True,False,True,3.8148282000038307
debug_algorithm_dqn_statev1_sparse_seed44_20261010_222347_402045_cb915684,dqn,44,v1,sparse,190,3007,0.0,1,31,0.7402886983190513,0.1261681877677479,2008,True,False,True,3.8646905999994488
debug_algorithm_dqn_statev1_sparse_seed44_20261010_222347_402045_cb915684,dqn,44,v1,sparse,191,3011,-10.0,0,4,0.7399926272540845,0.09143868274986744,2012,True,False,True,3.8718383000014
debug_algorithm_dqn_statev1_sparse_seed44_20261010_222347_402045_cb915684,dqn,44,v1,sparse,192,3017,-10.0,0,6,0.7395487426618274,0.17227018748720488,2018,True,False,True,3.8811003000009805
debug_algorithm_dqn_statev1_sparse_seed44_20261010_222347_402045_cb915684,dqn,44,v1,sparse,193,3025,-10.0,0,8,0.7389573106999364,0.14102444285526872,2026,True,False,True,3.8944457000034163
debug_algorithm_dqn_statev1_sparse_seed44_20261010_222347_402045_cb915684,dqn,44,v1,sparse,194,3032,-10.0,0,7,0.7384401957376208,0.07571783768279212,2033,True,False,True,3.907939199998509
debug_algorithm_dqn_statev1_sparse_seed44_20261010_222347_402045_cb915684,dqn,44,v1,sparse,195,3035,-10.0,0,3,0.738218685831367,0.032538607716560364,2036,True,False,True,3.913170400002855
debug_algorithm_dqn_statev1_sparse_seed44_20261010_222347_402045_cb915684,dqn,44,v1,sparse,196,3116,-10.0,0,81,0.7322629698993681,0.11306947542147504,2117,True,False,True,4.043781000000308
debug_algorithm_dqn_statev1_sparse_seed44_20261010_222347_402045_cb915684,dqn,44,v1,sparse,197,3146,-10.0,0,30,0.7300693633626074,0.13529640796283882,2147,True,False,True,4.094804300002579
debug_algorithm_dqn_statev1_sparse_seed44_20261010_222347_402045_cb915684,dqn,44,v1,sparse,198,3147,-10.0,0,1,0.7299963564262711,0.01689513586461544,2148,True,False,True,4.096336800001154
debug_algorithm_dqn_statev1_sparse_seed44_20261010_222347_402045_cb915684,dqn,44,v1,sparse,199,3158,-10.0,0,11,0.7291937618117731,0.14205246486447073,2159,True,False,True,4.1209310999984154
debug_algorithm_dqn_statev1_sparse_seed44_20261010_222347_402045_cb915684,dqn,44,v1,sparse,200,3159,-10.0,0,1,0.7291208424355919,0.05124525725841522,2160,True,False,True,4.122647700001835
debug_algorithm_dqn_statev1_sparse_seed44_20261010_222347_402045_cb915684,dqn,44,v1,sparse,201,3177,10.0,2,18,0.7278095398793575,0.1474163487760557,2178,True,False,True,4.162134300000616
debug_algorithm_dqn_statev1_sparse_seed44_20261010_222347_402045_cb915684,dqn,44,v1,sparse,202,3258,10.0,2,81,0.7219378016596203,0.13596370861072232,2259,True,False,True,4.293866400003026
debug_algorithm_dqn_statev1_sparse_seed44_20261010_222347_402045_cb915684,dqn,44,v1,sparse,203,3271,-10.0,0,13,0.7209998454225257,0.11937683548491734,2272,True,False,True,4.31643030000123
debug_algorithm_dqn_statev1_sparse_seed44_20261010_222347_402045_cb915684,dqn,44,v1,sparse,204,3295,-10.0,0,24,0.7192714342945472,0.14344902647038302,2296,True,False,True,4.353934800004936
debug_algorithm_dqn_statev1_sparse_seed44_20261010_222347_402045_cb915684,dqn,44,v1,sparse,205,3315,10.0,2,20,0.7178342572220624,0.11474078763276338,2316,True,False,True,4.389245600003051
debug_algorithm_dqn_statev1_sparse_seed44_20261010_222347_402045_cb915684,dqn,44,v1,sparse,206,3338,0.0,1,23,0.7161850532804732,0.12548510908432628,2339,True,False,True,4.428160000003118
debug_algorithm_dqn_statev1_sparse_seed44_20261010_222347_402045_cb915684,dqn,44,v1,sparse,207,3365,-10.0,0,27,0.7142538653525683,0.18895758971295976,2366,True,False,True,4.47019949999958
debug_algorithm_dqn_statev1_sparse_seed44_20261010_222347_402045_cb915684,dqn,44,v1,sparse,208,3390,0.0,1,25,0.7124703718089022,0.13864537380635739,2391,True,False,True,4.517053900002793
debug_algorithm_dqn_statev1_sparse_seed44_20261010_222347_402045_cb915684,dqn,44,v1,sparse,209,3448,10.0,2,58,0.7083497988338664,0.13468952793306832,2449,True,False,True,4.614069900002505
debug_algorithm_dqn_statev1_sparse_seed44_20261010_222347_402045_cb915684,dqn,44,v1,sparse,210,3476,10.0,2,28,0.7063690946402671,0.14633281036679233,2477,True,False,True,4.666702300004545
debug_algorithm_dqn_statev1_sparse_seed44_20261010_222347_402045_cb915684,dqn,44,v1,sparse,211,3496,-10.0,0,20,0.7049576977473478,0.1009231336414814,2497,True,False,True,4.70559399999911
debug_algorithm_dqn_statev1_sparse_seed44_20261010_222347_402045_cb915684,dqn,44,v1,sparse,212,3554,-10.0,0,58,0.7008805743288595,0.12308879583624416,2555,True,False,True,4.814888599998085
debug_algorithm_dqn_statev1_sparse_seed44_20261010_222347_402045_cb915684,dqn,44,v1,sparse,213,3556,-10.0,0,2,0.7007404052227995,0.15314275305718184,2557,True,False,True,4.818215500003134
debug_algorithm_dqn_statev1_sparse_seed44_20261010_222347_402045_cb915684,dqn,44,v1,sparse,214,3558,-10.0,0,2,0.700600264149159,0.16696437634527683,2559,True,False,True,4.821828500003903
debug_algorithm_dqn_statev1_sparse_seed44_20261010_222347_402045_cb915684,dqn,44,v1,sparse,215,3589,10.0,2,31,0.6984316579745301,0.17638081426341687,2590,True,False,True,4.87965780000377
debug_algorithm_dqn_statev1_sparse_seed44_20261010_222347_402045_cb915684,dqn,44,v1,sparse,216,3599,-10.0,0,10,0.6977335405270046,0.10532120447605849,2600,True,False,True,4.896073600000818
debug_algorithm_dqn_statev1_sparse_seed44_20261010_222347_402045_cb915684,dqn,44,v1,sparse,217,3601,-10.0,0,2,0.6975940007962347,0.29332758486270905,2602,True,False,True,4.901649500003259
debug_algorithm_dqn_statev1_sparse_seed44_20261010_222347_402045_cb915684,dqn,44,v1,sparse,218,3612,-10.0,0,11,0.6968270309569795,0.151195099492642,2613,True,False,True,4.9250582000022405
debug_algorithm_dqn_statev1_sparse_seed44_20261010_222347_402045_cb915684,dqn,44,v1,sparse,219,3652,-10.0,0,40,0.6940451512057061,0.11720809328835458,2653,True,False,True,4.994637800002238
debug_algorithm_dqn_statev1_sparse_seed44_20261010_222347_402045_cb915684,dqn,44,v1,sparse,220,3664,10.0,2,12,0.6932127549414036,0.11125011602416635,2665,True,False,True,5.018727499998931
debug_algorithm_dqn_statev1_sparse_seed44_20261010_222347_402045_cb915684,dqn,44,v1,sparse,221,3687,-10.0,0,23,0.6916201182062426,0.14104508717908806,2688,True,False,True,5.06120020000526
debug_algorithm_dqn_statev1_sparse_seed44_20261010_222347_402045_cb915684,dqn,44,v1,sparse,222,3689,-10.0,0,2,0.6914818010988025,0.09408365935087204,2690,True,False,True,5.064631100001861
debug_algorithm_dqn_statev1_sparse_seed44_20261010_222347_402045_cb915684,dqn,44,v1,sparse,223,3704,-10.0,0,15,0.6904453041385158,0.18631117790937424,2705,True,False,True,5.091807100005099
debug_algorithm_dqn_statev1_sparse_seed44_20261010_222347_402045_cb915684,dqn,44,v1,sparse,224,3714,-10.0,0,10,0.6897551694519252,0.12801547404378652,2715,True,False,True,5.108125999999174
debug_algorithm_dqn_statev1_sparse_seed44_20261010_222347_402045_cb915684,dqn,44,v1,sparse,225,3737,-10.0,0,23,0.6881704764218188,0.15580177047978278,2738,True,False,True,5.1584728000016185
debug_algorithm_dqn_statev1_sparse_seed44_20261010_222347_402045_cb915684,dqn,44,v1,sparse,226,3746,-10.0,0,9,0.6875513706766131,0.10680489894002676,2747,True,False,True,5.173890999998548
debug_algorithm_dqn_statev1_sparse_seed44_20261010_222347_402045_cb915684,dqn,44,v1,sparse,227,3757,-10.0,0,11,0.6867954422086995,0.11290519125759602,2758,True,False,True,5.191034900002705
debug_algorithm_dqn_statev1_sparse_seed44_20261010_222347_402045_cb915684,dqn,44,v1,sparse,228,3784,0.0,1,27,0.6849435031590669,0.12829232581511693,2785,True,False,True,5.233313500000804
debug_algorithm_dqn_statev1_sparse_seed44_20261010_222347_402045_cb915684,dqn,44,v1,sparse,229,3837,0.0,1,53,0.6813227250883483,0.12121427062688009,2838,True,False,True,5.321026600002369
debug_algorithm_dqn_statev1_sparse_seed44_20261010_222347_402045_cb915684,dqn,44,v1,sparse,230,3864,-10.0,0,27,0.6794855431817013,0.17127541942452942,2865,True,False,True,5.3659046000029775
debug_algorithm_dqn_statev1_sparse_seed44_20261010_222347_402045_cb915684,dqn,44,v1,sparse,231,3868,-10.0,0,4,0.6792137897308433,0.130608179140836,2869,True,False,True,5.372297200003231
debug_algorithm_dqn_statev1_sparse_seed44_20261010_222347_402045_cb915684,dqn,44,v1,sparse,232,3942,0.0,1,74,0.6742059092999838,0.1470022040947869,2943,True,False,True,5.497459400001389
debug_algorithm_dqn_statev1_sparse_seed44_20261010_222347_402045_cb915684,dqn,44,v1,sparse,233,3957,0.0,1,15,0.6731953080455672,0.13144927384952704,2958,True,False,True,5.522007999999914
debug_algorithm_dqn_statev1_sparse_seed44_20261010_222347_402045_cb915684,dqn,44,v1,sparse,234,3992,0.0,1,35,0.6708431255769504,0.1418266580307058,2993,True,False,True,5.5765371000015875
debug_algorithm_dqn_statev1_sparse_seed44_20261010_222347_402045_cb915684,dqn,44,v1,sparse,235,3999,10.0,2,7,0.6703736762426258,0.13514707955930913,3000,True,False,True,5.587137000002258
debug_algorithm_dqn_statev1_sparse_seed44_20261010_222347_402045_cb915684,dqn,44,v1,sparse,236,4008,-10.0,0,9,0.669770581212228,0.23934874518050087,3009,True,False,True,5.60165699999925
debug_algorithm_dqn_statev1_sparse_seed44_20261010_222347_402045_cb915684,dqn,44,v1,sparse,237,4027,0.0,1,19,0.6684991617668709,0.13997655714813032,3028,True,False,True,5.6328979000027175
debug_algorithm_dqn_statev1_sparse_seed44_20261010_222347_402045_cb915684,dqn,44,v1,sparse,238,4030,-10.0,0,3,0.6682986320726472,0.2143145054578781,3031,True,False,True,5.637763800004905
debug_algorithm_dqn_statev1_sparse_seed44_20261010_222347_402045_cb915684,dqn,44,v1,sparse,239,4083,-10.0,0,53,0.6647658428417987,0.177507022817461,3084,True,False,True,5.733787000004668
debug_algorithm_dqn_statev1_sparse_seed44_20261010_222347_402045_cb915684,dqn,44,v1,sparse,240,4113,-10.0,0,30,0.6627744343475614,0.16797530818730594,3114,True,False,True,5.794015200001013
debug_algorithm_dqn_statev1_sparse_seed44_20261010_222347_402045_cb915684,dqn,44,v1,sparse,241,4126,-10.0,0,13,0.6619133443574623,0.14110170419399554,3127,True,False,True,5.81620059999841
debug_algorithm_dqn_statev1_sparse_seed44_20261010_222347_402045_cb915684,dqn,44,v1,sparse,242,4208,20.0,3,82,0.6565075785724441,0.14940147158667083,3209,True,False,True,5.979960600001505
debug_algorithm_dqn_statev1_sparse_seed44_20261010_222347_402045_cb915684,dqn,44,v1,sparse,243,4224,-10.0,0,16,0.655457953888298,0.21617666573729366,3225,True,False,True,6.006667200002994
debug_algorithm_dqn_statev1_sparse_seed44_20261010_222347_402045_cb915684,dqn,44,v1,sparse,244,4244,0.0,1,20,0.654148282603729,0.1388304889202118,3245,True,False,True,6.042127699998673
debug_algorithm_dqn_statev1_sparse_seed44_20261010_222347_402045_cb915684,dqn,44,v1,sparse,245,4311,40.0,5,67,0.6497799210419154,0.1638580438361239,3312,True,False,True,6.1561418999990565
debug_algorithm_dqn_statev1_sparse_seed44_20261010_222347_402045_cb915684,dqn,44,v1,sparse,246,4326,-10.0,0,15,0.6488059331337088,0.15420516977707546,3327,True,False,True,6.183647199999541
debug_algorithm_dqn_statev1_sparse_seed44_20261010_222347_402045_cb915684,dqn,44,v1,sparse,247,4328,-10.0,0,2,0.6486761784351415,0.11337735131382942,3329,True,False,True,6.1873268999988795
debug_algorithm_dqn_statev1_sparse_seed44_20261010_222347_402045_cb915684,dqn,44,v1,sparse,248,4335,-10.0,0,7,0.648222241309533,0.21614334067063673,3336,True,False,True,6.200559100005194
debug_algorithm_dqn_statev1_sparse_seed44_20261010_222347_402045_cb915684,dqn,44,v1,sparse,249,4337,-10.0,0,2,0.6480926033434935,0.21961452066898346,3338,True,False,True,6.204380900002434
debug_algorithm_dqn_statev1_sparse_seed44_20261010_222347_402045_cb915684,dqn,44,v1,sparse,250,4339,-10.0,0,2,0.6479629913037508,0.1771266832947731,3340,True,False,True,6.209402100001171
debug_algorithm_dqn_statev1_sparse_seed44_20261010_222347_402045_cb915684,dqn,44,v1,sparse,251,4366,0.0,1,27,0.6462157636831749,0.2047246130252326,3367,True,False,True,6.2588692999997875
debug_algorithm_dqn_statev1_sparse_seed44_20261010_222347_402045_cb915684,dqn,44,v1,sparse,252,4410,0.0,1,44,0.6433785189743776,0.17210415048016744,3411,True,False,True,6.336265700003423
debug_algorithm_dqn_statev1_sparse_seed44_20261010_222347_402045_cb915684,dqn,44,v1,sparse,253,4427,-10.0,0,17,0.642285650049563,0.19620952382683754,3428,True,False,True,6.363784000001033
debug_algorithm_dqn_statev1_sparse_seed44_20261010_222347_402045_cb915684,dqn,44,v1,sparse,254,4428,-10.0,0,1,0.642221421484558,0.16753141582012177,3429,True,False,True,6.365389500002493
debug_algorithm_dqn_statev1_sparse_seed44_20261010_222347_402045_cb915684,dqn,44,v1,sparse,255,4485,0.0,1,57,0.6385709904699258,0.1726747855805514,3486,True,False,True,6.454575900002965
debug_algorithm_dqn_statev1_sparse_seed44_20261010_222347_402045_cb915684,dqn,44,v1,sparse,256,4495,-10.0,0,10,0.6379327067597865,0.24555477891117333,3496,True,False,True,6.469067999998515
debug_algorithm_dqn_statev1_sparse_seed44_20261010_222347_402045_cb915684,dqn,44,v1,sparse,257,4508,-10.0,0,13,0.6371038916461073,0.16708818995035613,3509,True,False,True,6.4899960000038845
debug_algorithm_dqn_statev1_sparse_seed44_20261010_222347_402045_cb915684,dqn,44,v1,sparse,258,4534,0.0,1,26,0.6354494904599572,0.14717836061922404,3535,True,False,True,6.531100200001674
debug_algorithm_dqn_statev1_sparse_seed44_20261010_222347_402045_cb915684,dqn,44,v1,sparse,259,4535,-10.0,0,1,0.6353859455109112,0.5521172285079956,3536,True,False,True,6.53280359999917
debug_algorithm_dqn_statev1_sparse_seed44_20261010_222347_402045_cb915684,dqn,44,v1,sparse,260,4569,0.0,1,34,0.6332291940121239,0.1477674262269455,3570,True,False,True,6.585135500004981
debug_algorithm_dqn_statev1_sparse_seed44_20261010_222347_402045_cb915684,dqn,44,v1,sparse,261,4575,-10.0,0,6,0.632849351467432,0.20418600117166838,3576,True,False,True,6.596098699999857
debug_algorithm_dqn_statev1_sparse_seed44_20261010_222347_402045_cb915684,dqn,44,v1,sparse,262,4590,-10.0,0,15,0.6319007416441899,0.24295745864510537,3591,True,False,True,6.620927100004337
debug_algorithm_dqn_statev1_sparse_seed44_20261010_222347_402045_cb915684,dqn,44,v1,sparse,263,4612,-10.0,0,22,0.6305120187306207,0.17625399780544368,3613,True,False,True,6.658155099998112
debug_algorithm_dqn_statev1_sparse_seed44_20261010_222347_402045_cb915684,dqn,44,v1,sparse,264,4617,-10.0,0,5,0.6301968257661523,0.15931017473340034,3618,True,False,True,6.665126600004442
debug_algorithm_dqn_statev1_sparse_seed44_20261010_222347_402045_cb915684,dqn,44,v1,sparse,265,4642,0.0,1,25,0.6286232228435585,0.15006239905953409,3643,True,False,True,6.703497200003767
debug_algorithm_dqn_statev1_sparse_seed44_20261010_222347_402045_cb915684,dqn,44,v1,sparse,266,4644,-10.0,0,2,0.628497504485222,0.1857716180384159,3645,True,False,True,6.70649240000057
debug_algorithm_dqn_statev1_sparse_seed44_20261010_222347_402045_cb915684,dqn,44,v1,sparse,267,4721,20.0,3,77,0.6236764176480042,0.17361988018375712,3722,True,False,True,6.834624499999336
debug_algorithm_dqn_statev1_sparse_seed44_20261010_222347_402045_cb915684,dqn,44,v1,sparse,268,4731,0.0,1,10,0.6230530218099162,0.14853243064135313,3732,True,False,True,6.8536910000038915
debug_algorithm_dqn_statev1_sparse_seed44_20261010_222347_402045_cb915684,dqn,44,v1,sparse,269,4762,0.0,1,31,0.621124451840193,0.23746713743575157,3763,True,False,True,6.9194304999982705
debug_algorithm_dqn_statev1_sparse_seed44_20261010_222347_402045_cb915684,dqn,44,v1,sparse,270,4785,0.0,1,23,0.6196974359463622,0.18640550144988557,3786,True,False,True,6.961865800003579
debug_algorithm_dqn_statev1_sparse_seed44_20261010_222347_402045_cb915684,dqn,44,v1,sparse,271,4797,-10.0,0,12,0.6189542078872317,0.18835292663425207,3798,True,False,True,6.985495799999626
debug_algorithm_dqn_statev1_sparse_seed44_20261010_222347_402045_cb915684,dqn,44,v1,sparse,272,4823,0.0,1,26,0.6173469369395446,0.1748482228901524,3824,True,False,True,7.0366700000013225
debug_algorithm_dqn_statev1_sparse_seed44_20261010_222347_402045_cb915684,dqn,44,v1,sparse,273,4855,10.0,2,32,0.6153744857223233,0.24133783770957962,3856,True,False,True,7.09670520000509
debug_algorithm_dqn_statev1_sparse_seed44_20261010_222347_402045_cb915684,dqn,44,v1,sparse,274,4862,0.0,1,7,0.6149438527894239,0.23161414318851062,3863,True,False,True,7.110032100004901
debug_algorithm_dqn_statev1_sparse_seed44_20261010_222347_402045_cb915684,dqn,44,v1,sparse,275,4863,-10.0,0,1,0.614882358404145,0.4421772360801697,3864,True,False,True,7.111690700003237
debug_algorithm_dqn_statev1_sparse_seed44_20261010_222347_402045_cb915684,dqn,44,v1,sparse,276,4866,-10.0,0,3,0.6146979121424796,0.1282619113723437,3867,True,False,True,7.116025000002992
debug_algorithm_dqn_statev1_sparse_seed44_20261010_222347_402045_cb915684,dqn,44,v1,sparse,277,4891,0.0,1,25,0.613163010042832,0.1721223157644272,3892,True,False,True,7.162534200004302
debug_algorithm_dqn_statev1_sparse_seed44_20261010_222347_402045_cb915684,dqn,44,v1,sparse,278,4916,10.0,2,25,0.6116319405972557,0.20049579709768295,3917,True,False,True,7.201610000003711
debug_algorithm_dqn_statev1_sparse_seed44_20261010_222347_402045_cb915684,dqn,44,v1,sparse,279,4952,10.0,2,36,0.6094339145288801,0.16599306272756723,3953,True,False,True,7.260896200001298
debug_algorithm_dqn_statev1_sparse_seed44_20261010_222347_402045_cb915684,dqn,44,v1,sparse,280,4982,0.0,1,30,0.6076082613501894,0.2449447796990474,3983,True,False,True,7.311222900003486
debug_algorithm_dqn_statev1_sparse_seed44_20261010_222347_402045_cb915684,dqn,44,v1,sparse,281,5009,10.0,2,27,0.6059698499733529,0.2027123357962679,4010,True,False,True,7.355857300004573
debug_algorithm_dqn_statev1_sparse_seed44_20261010_222347_402045_cb915684,dqn,44,v1,sparse,282,5023,10.0,2,14,0.6051220433954412,0.19945622182318143,4024,True,False,True,7.377517699998862
debug_algorithm_dqn_statev1_sparse_seed44_20261010_222347_402045_cb915684,dqn,44,v1,sparse,283,5045,0.0,1,22,0.603792171800446,0.15423351221463896,4046,True,False,True,7.41123399999924
debug_algorithm_dqn_statev1_sparse_seed44_20261010_222347_402045_cb915684,dqn,44,v1,sparse,284,5074,10.0,2,29,0.602043623693619,0.2081417180597782,4075,True,False,True,7.457970800001931
debug_algorithm_dqn_statev1_sparse_seed44_20261010_222347_402045_cb915684,dqn,44,v1,sparse,285,5089,-10.0,0,15,0.6011411901300359,0.24437842691938083,4090,True,False,True,7.482019700000819
debug_algorithm_dqn_statev1_sparse_seed44_20261010_222347_402045_cb915684,dqn,44,v1,sparse,286,5106,10.0,2,17,0.6001200672502006,0.17232556180918918,4107,True,False,True,7.512567700003274
debug_algorithm_dqn_statev1_sparse_seed44_20261010_222347_402045_cb915684,dqn,44,v1,sparse,287,5137,10.0,2,31,0.5982624829043853,0.2294041513194961,4138,True,False,True,7.562457400003041
debug_algorithm_dqn_statev1_sparse_seed44_20261010_222347_402045_cb915684,dqn,44,v1,sparse,288,5138,-10.0,0,1,0.5982026566560948,0.30781716108322144,4139,True,False,True,7.5640035000033095
debug_algorithm_dqn_statev1_sparse_seed44_20261010_222347_402045_cb915684,dqn,44,v1,sparse,289,5188,10.0,2,50,0.5952189596443506,0.19885795176029206,4189,True,False,True,7.6519550000011805
debug_algorithm_dqn_statev1_sparse_seed44_20261010_222347_402045_cb915684,dqn,44,v1,sparse,290,5215,0.0,1,27,0.5936139559318881,0.1899769139924535,4216,True,False,True,7.70473420000053
debug_algorithm_dqn_statev1_sparse_seed44_20261010_222347_402045_cb915684,dqn,44,v1,sparse,291,5220,-10.0,0,5,0.5933172083093821,0.15175333619117737,4221,True,False,True,7.713193100003991
debug_algorithm_dqn_statev1_sparse_seed44_20261010_222347_402045_cb915684,dqn,44,v1,sparse,292,5238,0.0,1,18,0.5922501446257884,0.21086644153628084,4239,True,False,True,7.746772099999362
debug_algorithm_dqn_statev1_sparse_seed44_20261010_222347_402045_cb915684,dqn,44,v1,sparse,293,5241,-10.0,0,3,0.5920724873493127,0.33176325758298236,4242,True,False,True,7.751601299998583
debug_algorithm_dqn_statev1_sparse_seed44_20261010_222347_402045_cb915684,dqn,44,v1,sparse,294,5252,-10.0,0,11,0.5914215331554241,0.1838337450542233,4253,True,False,True,7.7726478000040515
debug_algorithm_dqn_statev1_sparse_seed44_20261010_222347_402045_cb915684,dqn,44,v1,sparse,295,5276,10.0,2,24,0.5900037526028736,0.2665098494229217,4277,True,False,True,7.815303900002618
debug_algorithm_dqn_statev1_sparse_seed44_20261010_222347_402045_cb915684,dqn,44,v1,sparse,296,5292,10.0,2,16,0.5890604542729174,0.2817081259563565,4293,True,False,True,7.8444292999993195
debug_algorithm_dqn_statev1_sparse_seed44_20261010_222347_402045_cb915684,dqn,44,v1,sparse,297,5304,-10.0,0,12,0.5883539703781256,0.2087893981176118,4305,True,False,True,7.866594999999506
debug_algorithm_dqn_statev1_sparse_seed44_20261010_222347_402045_cb915684,dqn,44,v1,sparse,298,5333,10.0,2,29,0.5866501304327004,0.16869628211033755,4334,True,False,True,7.917356900004961
debug_algorithm_dqn_statev1_sparse_seed44_20261010_222347_402045_cb915684,dqn,44,v1,sparse,299,5371,10.0,2,38,0.5844249791428205,0.2065388845083745,4372,True,False,True,7.983696499999496
debug_algorithm_dqn_statev1_sparse_seed44_20261010_222347_402045_cb915684,dqn,44,v1,sparse,300,5372,-10.0,0,1,0.5843665366449062,0.18169830739498138,4373,True,False,True,7.985414200004016
debug_algorithm_dqn_statev1_sparse_seed44_20261010_222347_402045_cb915684,dqn,44,v1,sparse,301,5402,-10.0,0,30,0.5826159766584786,0.23142810178299744,4403,True,False,True,8.051206600001024
debug_algorithm_dqn_statev1_sparse_seed44_20261010_222347_402045_cb915684,dqn,44,v1,sparse,302,5408,-10.0,0,6,0.5822664944532286,0.1427914754798015,4409,True,False,True,8.061018300002615
debug_algorithm_dqn_statev1_sparse_seed44_20261010_222347_402045_cb915684,dqn,44,v1,sparse,303,5427,10.0,2,19,0.5811611832254825,0.23511505715156855,4428,True,False,True,8.090909999998985
debug_algorithm_dqn_statev1_sparse_seed44_20261010_222347_402045_cb915684,dqn,44,v1,sparse,304,5477,10.0,2,50,0.5782624851564626,0.20962388522922992,4478,True,False,True,8.168235700002697
debug_algorithm_dqn_statev1_sparse_seed44_20261010_222347_402045_cb915684,dqn,44,v1,sparse,305,5536,0.0,1,59,0.5748606117927146,0.19002058341215222,4537,True,False,True,8.268004199999268
debug_algorithm_dqn_statev1_sparse_seed44_20261010_222347_402045_cb915684,dqn,44,v1,sparse,306,5574,10.0,2,38,0.5726801778927199,0.23214442552508494,4575,True,False,True,8.323298000002978
debug_algorithm_dqn_statev1_sparse_seed44_20261010_222347_402045_cb915684,dqn,44,v1,sparse,307,5600,10.0,2,26,0.5711930691526644,0.21938512502954557,4601,True,False,True,8.365773999998055
debug_algorithm_dqn_statev1_sparse_seed44_20261010_222347_402045_cb915684,dqn,44,v1,sparse,308,5629,0.0,1,29,0.5695389262101992,0.24179114831675744,4630,True,False,True,8.40947540000343
debug_algorithm_dqn_statev1_sparse_seed44_20261010_222347_402045_cb915684,dqn,44,v1,sparse,309,5639,-10.0,0,10,0.5689696435081731,0.16772038135677575,4640,True,False,True,8.423413299999083
debug_algorithm_dqn_statev1_sparse_seed44_20261010_222347_402045_cb915684,dqn,44,v1,sparse,310,5641,-10.0,0,2,0.5688558552691679,0.17784287128597498,4642,True,False,True,8.426407800005109
debug_algorithm_dqn_statev1_sparse_seed44_20261010_222347_402045_cb915684,dqn,44,v1,sparse,311,5643,-10.0,0,2,0.5687420897866727,0.3534199595451355,4644,True,False,True,8.429412199999206
debug_algorithm_dqn_statev1_sparse_seed44_20261010_222347_402045_cb915684,dqn,44,v1,sparse,312,5679,10.0,2,36,0.5666981972811361,0.23805217020627525,4680,True,False,True,8.485728999999992
debug_algorithm_dqn_statev1_sparse_seed44_20261010_222347_402045_cb915684,dqn,44,v1,sparse,313,5703,0.0,1,24,0.5653396845482913,0.2306052379620572,4704,True,False,True,8.529096099999151
debug_algorithm_dqn_statev1_sparse_seed44_20261010_222347_402045_cb915684,dqn,44,v1,sparse,314,5719,-10.0,0,16,0.5644358191441483,0.22511826641857624,4720,True,False,True,8.55753270000423
debug_algorithm_dqn_statev1_sparse_seed44_20261010_222347_402045_cb915684,dqn,44,v1,sparse,315,5721,-10.0,0,2,0.5643229376246778,0.09571704640984535,4722,True,False,True,8.56078179999895
debug_algorithm_dqn_statev1_sparse_seed44_20261010_222347_402045_cb915684,dqn,44,v1,sparse,316,5761,10.0,2,40,0.5620700420227357,0.24935304471291603,4762,True,False,True,8.624794600000314
debug_algorithm_dqn_statev1_sparse_seed44_20261010_222347_402045_cb915684,dqn,44,v1,sparse,317,5781,0.0,1,20,0.5609469692312826,0.28014086596667764,4782,True,False,True,8.654263000003994
debug_algorithm_dqn_statev1_sparse_seed44_20261010_222347_402045_cb915684,dqn,44,v1,sparse,318,5782,-10.0,0,1,0.5608908745343595,0.27179980278015137,4783,True,False,True,8.655791800003499
debug_algorithm_dqn_statev1_sparse_seed44_20261010_222347_402045_cb915684,dqn,44,v1,sparse,319,5784,-10.0,0,2,0.5607787019683613,0.09910934790968895,4785,True,False,True,8.65878309999971
debug_algorithm_dqn_statev1_sparse_seed44_20261010_222347_402045_cb915684,dqn,44,v1,sparse,320,5801,-10.0,0,17,0.559826140452854,0.21953819407259717,4802,True,False,True,8.68450699999812
debug_algorithm_dqn_statev1_sparse_seed44_20261010_222347_402045_cb915684,dqn,44,v1,sparse,321,5833,0.0,1,32,0.558037470766336,0.18504112109076232,4834,True,False,True,8.736251599999378
debug_algorithm_dqn_statev1_sparse_seed44_20261010_222347_402045_cb915684,dqn,44,v1,sparse,322,5849,10.0,2,16,0.5571452801456757,0.21587761095725,4850,True,False,True,8.765762499999255
debug_algorithm_dqn_statev1_sparse_seed44_20261010_222347_402045_cb915684,dqn,44,v1,sparse,323,5856,-10.0,0,7,0.5567553954305844,0.2325985154935292,4857,True,False,True,8.777791200001957
debug_algorithm_dqn_statev1_sparse_seed44_20261010_222347_402045_cb915684,dqn,44,v1,sparse,324,5863,-10.0,0,7,0.5563657835529315,0.33008813485503197,4864,True,False,True,8.790537900000345
debug_algorithm_dqn_statev1_sparse_seed44_20261010_222347_402045_cb915684,dqn,44,v1,sparse,325,5864,-10.0,0,1,0.5563101469745763,0.36684224009513855,4865,True,False,True,8.792860599998676
debug_algorithm_dqn_statev1_sparse_seed44_20261010_222347_402045_cb915684,dqn,44,v1,sparse,326,5898,10.0,2,34,0.5544218100484062,0.22285193566452055,4899,True,False,True,8.844756099999358
debug_algorithm_dqn_statev1_sparse_seed44_20261010_222347_402045_cb915684,dqn,44,v1,sparse,327,5924,0.0,1,26,0.552982113772495,0.22541633549217993,4925,True,False,True,8.888908300003095
debug_algorithm_dqn_statev1_sparse_seed44_20261010_222347_402045_cb915684,dqn,44,v1,sparse,328,5979,20.0,3,55,0.5499489094424908,0.2267563553696329,4980,True,False,True,8.980335200001718
debug_algorithm_dqn_statev1_sparse_seed44_20261010_222347_402045_cb915684,dqn,44,v1,sparse,329,5983,-10.0,0,4,0.5497289628734486,0.2198947463184595,4984,True,False,True,8.986341200004972
debug_algorithm_dqn_statev1_sparse_seed44_20261010_222347_402045_cb915684,dqn,44,v1,sparse,330,5989,-10.0,0,6,0.5493992079440754,0.2761747365196546,4990,True,False,True,8.996026300002995
debug_algorithm_dqn_statev1_sparse_seed44_20261010_222347_402045_cb915684,dqn,44,v1,sparse,331,6013,0.0,1,24,0.548082165075423,0.30679336888715625,5014,True,False,True,9.038167600003362
debug_algorithm_dqn_statev1_sparse_seed44_20261010_222347_402045_cb915684,dqn,44,v1,sparse,332,6019,-10.0,0,6,0.5477533979777416,0.18757142995794615,5020,True,False,True,9.048286400000507
debug_algorithm_dqn_statev1_sparse_seed44_20261010_222347_402045_cb915684,dqn,44,v1,sparse,333,6059,0.0,1,40,0.545566651455534,0.253644331311807,5060,True,False,True,9.121797100000549
debug_algorithm_dqn_statev1_sparse_seed44_20261010_222347_402045_cb915684,dqn,44,v1,sparse,334,6077,-10.0,0,18,0.5445854657548751,0.235907061646382,5078,True,False,True,9.152157800002897
debug_algorithm_dqn_statev1_sparse_seed44_20261010_222347_402045_cb915684,dqn,44,v1,sparse,335,6079,-10.0,0,2,0.5444765541075788,0.1794311534613371,5080,True,False,True,9.155577500001527
debug_algorithm_dqn_statev1_sparse_seed44_20261010_222347_402045_cb915684,dqn,44,v1,sparse,336,6089,-10.0,0,10,0.5439323225025948,0.1979700069874525,5090,True,False,True,9.17216339999868
debug_algorithm_dqn_statev1_sparse_seed44_20261010_222347_402045_cb915684,dqn,44,v1,sparse,337,6107,0.0,1,18,0.5429540760948615,0.20760229954289067,5108,True,False,True,9.2099034999992
debug_algorithm_dqn_statev1_sparse_seed44_20261010_222347_402045_cb915684,dqn,44,v1,sparse,338,6136,0.0,1,29,0.5413817116850703,0.219410198901234,5137,True,False,True,9.260238499999105
debug_algorithm_dqn_statev1_sparse_seed44_20261010_222347_402045_cb915684,dqn,44,v1,sparse,339,6156,-10.0,0,20,0.5402999762700398,0.2331647275015712,5157,True,False,True,9.300519299998996
debug_algorithm_dqn_statev1_sparse_seed44_20261010_222347_402045_cb915684,dqn,44,v1,sparse,340,6168,-10.0,0,12,0.539651972777661,0.27603076056887704,5169,True,False,True,9.326258599998255
debug_algorithm_dqn_statev1_sparse_seed44_20261010_222347_402045_cb915684,dqn,44,v1,sparse,341,6195,0.0,1,27,0.5381968050520506,0.2127006907981855,5196,True,False,True,9.377924200001871
debug_algorithm_dqn_statev1_sparse_seed44_20261010_222347_402045_cb915684,dqn,44,v1,sparse,342,6196,-10.0,0,1,0.5381429853715454,0.1583889275789261,5197,True,False,True,9.379452500004845
debug_algorithm_dqn_statev1_sparse_seed44_20261010_222347_402045_cb915684,dqn,44,v1,sparse,343,6210,10.0,2,14,0.5373900747063118,0.3349720765171306,5211,True,False,True,9.3992075999995
debug_algorithm_dqn_statev1_sparse_seed44_20261010_222347_402045_cb915684,dqn,44,v1,sparse,344,6211,-10.0,0,1,0.5373363356988412,0.19074949622154236,5212,True,False,True,9.400650600000517
debug_algorithm_dqn_statev1_sparse_seed44_20261010_222347_402045_cb915684,dqn,44,v1,sparse,345,6258,20.0,3,47,0.5348166548235131,0.22846625507511992,5259,True,False,True,9.475904500002798
debug_algorithm_dqn_statev1_sparse_seed44_20261010_222347_402045_cb915684,dqn,44,v1,sparse,346,6264,-10.0,0,6,0.5344958450424218,0.2859513983130455,5265,True,False,True,9.484742300002836
debug_algorithm_dqn_statev1_sparse_seed44_20261010_222347_402045_cb915684,dqn,44,v1,sparse,347,6290,10.0,2,26,0.5331078915679175,0.22446897375182465,5291,True,False,True,9.525414200004889
debug_algorithm_dqn_statev1_sparse_seed44_20261010_222347_402045_cb915684,dqn,44,v1,sparse,348,6313,10.0,2,23,0.5318830912366149,0.23873629955493886,5314,True,False,True,9.558899299998302
debug_algorithm_dqn_statev1_sparse_seed44_20261010_222347_402045_cb915684,dqn,44,v1,sparse,349,6327,20.0,3,14,0.5311389387289445,0.17578768144760812,5328,True,False,True,9.57946069999889
debug_algorithm_dqn_statev1_sparse_seed44_20261010_222347_402045_cb915684,dqn,44,v1,sparse,350,6333,-10.0,0,6,0.530820335025926,0.29652128741145134,5334,True,False,True,9.589475100001437
debug_algorithm_dqn_statev1_sparse_seed44_20261010_222347_402045_cb915684,dqn,44,v1,sparse,351,6344,-10.0,0,11,0.5302367245210139,0.18129018507897854,5345,True,False,True,9.605724900000496
debug_algorithm_dqn_statev1_sparse_seed44_20261010_222347_402045_cb915684,dqn,44,v1,sparse,352,6368,10.0,2,24,0.5289656187628874,0.2064944674881796,5369,True,False,True,9.645076400003745
debug_algorithm_dqn_statev1_sparse_seed44_20261010_222347_402045_cb915684,dqn,44,v1,sparse,353,6375,-10.0,0,7,0.5285954538940215,0.2593661647822176,5376,True,False,True,9.655914900002244
debug_algorithm_dqn_statev1_sparse_seed44_20261010_222347_402045_cb915684,dqn,44,v1,sparse,354,6392,20.0,3,17,0.5276975601528999,0.19141801556243615,5393,True,False,True,9.68197969999892
debug_algorithm_dqn_statev1_sparse_seed44_20261010_222347_402045_cb915684,dqn,44,v1,sparse,355,6393,-10.0,0,1,0.5276447903968846,0.048297252506017685,5394,True,False,True,9.68370860000141
debug_algorithm_dqn_statev1_sparse_seed44_20261010_222347_402045_cb915684,dqn,44,v1,sparse,356,6411,0.0,1,18,0.526695836640303,0.18450639790130985,5412,True,False,True,9.713652099999308
debug_algorithm_dqn_statev1_sparse_seed44_20261010_222347_402045_cb915684,dqn,44,v1,sparse,357,6448,10.0,2,37,0.5247505657500555,0.26600981141264374,5449,True,False,True,9.772707800002536
debug_algorithm_dqn_statev1_sparse_seed44_20261010_222347_402045_cb915684,dqn,44,v1,sparse,358,6454,-10.0,0,6,0.5244357941126961,0.19339203337828317,5455,True,False,True,9.783574699999008
debug_algorithm_dqn_statev1_sparse_seed44_20261010_222347_402045_cb915684,dqn,44,v1,sparse,359,6464,0.0,1,10,0.5239115942517695,0.28208199627697467,5465,True,False,True,9.79912310000509
debug_algorithm_dqn_statev1_sparse_seed44_20261010_222347_402045_cb915684,dqn,44,v1,sparse,360,6533,30.0,4,69,0.5203088678128432,0.2504544131781744,5534,True,False,True,9.912018399998487
debug_algorithm_dqn_statev1_sparse_seed44_20261010_222347_402045_cb915684,dqn,44,v1,sparse,361,6537,-10.0,0,4,0.520100775482169,0.24479703605175018,5538,True,False,True,9.919695500000671
debug_algorithm_dqn_statev1_sparse_seed44_20261010_222347_402045_cb915684,dqn,44,v1,sparse,362,6581,30.0,4,44,0.5178172453422238,0.27402778901159763,5582,True,False,True,9.98995570000261
debug_algorithm_dqn_statev1_sparse_seed44_20261010_222347_402045_cb915684,dqn,44,v1,sparse,363,6631,20.0,3,50,0.5152344922394646,0.27915772881358863,5632,True,False,True,10.068208500000765
debug_algorithm_dqn_statev1_sparse_seed44_20261010_222347_402045_cb915684,dqn,44,v1,sparse,364,6632,-10.0,0,1,0.5151829687902406,0.09369982779026031,5633,True,False,True,10.069950500001141
debug_algorithm_dqn_statev1_sparse_seed44_20261010_222347_402045_cb915684,dqn,44,v1,sparse,365,6634,-10.0,0,2,0.5150799373483123,0.3596741259098053,5635,True,False,True,10.073091099999147
debug_algorithm_dqn_statev1_sparse_seed44_20261010_222347_402045_cb915684,dqn,44,v1,sparse,366,6702,30.0,4,68,0.5115891015234644,0.23674558423569098,5703,True,False,True,10.17981310000323
debug_algorithm_dqn_statev1_sparse_seed44_20261010_222347_402045_cb915684,dqn,44,v1,sparse,367,6708,-10.0,0,6,0.5112822247906844,0.2539751927057902,5709,True,False,True,10.189490400000068
debug_algorithm_dqn_statev1_sparse_seed44_20261010_222347_402045_cb915684,dqn,44,v1,sparse,368,6719,-10.0,0,11,0.5107200954642936,0.3207817812534896,5720,True,False,True,10.205655400000978
debug_algorithm_dqn_statev1_sparse_seed44_20261010_222347_402045_cb915684,dqn,44,v1,sparse,369,6720,-10.0,0,1,0.5106690234547472,0.22143614292144775,5721,True,False,True,10.20761460000358
debug_algorithm_dqn_statev1_sparse_seed44_20261010_222347_402045_cb915684,dqn,44,v1,sparse,370,6725,-10.0,0,5,0.5104137400048158,0.19063052982091905,5726,True,False,True,10.216276799998013
debug_algorithm_dqn_statev1_sparse_seed44_20261010_222347_402045_cb915684,dqn,44,v1,sparse,371,6736,-10.0,0,11,0.5098525655341664,0.24055623500184578,5737,True,False,True,10.23196900000039
debug_algorithm_dqn_statev1_sparse_seed44_20261010_222347_402045_cb915684,dqn,44,v1,sparse,372,6780,10.0,2,44,0.5076140307055147,0.25755348738113587,5781,True,False,True,10.308701900001324
debug_algorithm_dqn_statev1_sparse_seed44_20261010_222347_402045_cb915684,dqn,44,v1,sparse,373,6781,-10.0,0,1,0.5075632693024441,0.16025149822235107,5782,True,False,True,10.310234800002945
debug_algorithm_dqn_statev1_sparse_seed44_20261010_222347_402045_cb915684,dqn,44,v1,sparse,374,6792,-10.0,0,11,0.5070052287822785,0.38183336467905477,5793,True,False,True,10.327633699998842
debug_algorithm_dqn_statev1_sparse_seed44_20261010_222347_402045_cb915684,dqn,44,v1,sparse,375,6853,20.0,3,61,0.5039217568617038,0.2271716233159675,5854,True,False,True,10.425016200002574
debug_algorithm_dqn_statev1_sparse_seed44_20261010_222347_402045_cb915684,dqn,44,v1,sparse,376,6859,-10.0,0,6,0.5036194793857728,0.2889794756968816,5860,True,False,True,10.434904800000368
debug_algorithm_dqn_statev1_sparse_seed44_20261010_222347_402045_cb915684,dqn,44,v1,sparse,377,6875,-10.0,0,16,0.5028142922801955,0.26789531437680125,5876,True,False,True,10.458907300002465
debug_algorithm_dqn_statev1_sparse_seed44_20261010_222347_402045_cb915684,dqn,44,v1,sparse,378,6906,10.0,2,31,0.5012579038020171,0.24491798487161437,5907,True,False,True,10.505725200004235
debug_algorithm_dqn_statev1_sparse_seed44_20261010_222347_402045_cb915684,dqn,44,v1,sparse,379,6907,-10.0,0,1,0.5012077780116369,0.2817082405090332,5908,True,False,True,10.507311599998502
debug_algorithm_dqn_statev1_sparse_seed44_20261010_222347_402045_cb915684,dqn,44,v1,sparse,380,6914,0.0,1,7,0.5008570378031215,0.37768858458314625,5915,True,False,True,10.518486900000426
debug_algorithm_dqn_statev1_sparse_seed44_20261010_222347_402045_cb915684,dqn,44,v1,sparse,381,6954,0.0,1,40,0.49885751139291057,0.2680319779086858,5955,True,False,True,10.587728400001652
debug_algorithm_dqn_statev1_sparse_seed44_20261010_222347_402045_cb915684,dqn,44,v1,sparse,382,6987,0.0,1,33,0.49721391285324784,0.32118812824289006,5988,True,False,True,10.637384000001475
debug_algorithm_dqn_statev1_sparse_seed44_20261010_222347_402045_cb915684,dqn,44,v1,sparse,383,7017,0.0,1,30,0.49572443197788246,0.2329943150902788,6018,True,False,True,10.683983100003388
debug_algorithm_dqn_statev1_sparse_seed44_20261010_222347_402045_cb915684,dqn,44,v1,sparse,384,7045,10.0,2,28,0.4943382757837186,0.34346023321683916,6046,True,False,True,10.728418200000306
debug_algorithm_dqn_statev1_sparse_seed44_20261010_222347_402045_cb915684,dqn,44,v1,sparse,385,7050,-10.0,0,5,0.4940911560747112,0.32826079428195953,6051,True,False,True,10.737454900001467
debug_algorithm_dqn_statev1_sparse_seed44_20261010_222347_402045_cb915684,dqn,44,v1,sparse,386,7076,0.0,1,26,0.4928081235812756,0.29744110328073686,6077,True,False,True,10.788613400000031
debug_algorithm_dqn_statev1_sparse_seed44_20261010_222347_402045_cb915684,dqn,44,v1,sparse,387,7089,-10.0,0,13,0.4921678572700487,0.2911965079032458,6090,True,False,True,10.812722900001972
debug_algorithm_dqn_statev1_sparse_seed44_20261010_222347_402045_cb915684,dqn,44,v1,sparse,388,7117,0.0,1,28,0.4907916460528586,0.3773412089794874,6118,True,False,True,10.859683499998937
debug_algorithm_dqn_statev1_sparse_seed44_20261010_222347_402045_cb915684,dqn,44,v1,sparse,389,7120,-10.0,0,3,0.49064442328230135,0.3875311017036438,6121,True,False,True,10.86411180000141
debug_algorithm_dqn_statev1_sparse_seed44_20261010_222347_402045_cb915684,dqn,44,v1,sparse,390,7198,20.0,3,78,0.4868320935763492,0.29488469946842927,6199,True,False,True,10.997874100001354
debug_algorithm_dqn_statev1_sparse_seed44_20261010_222347_402045_cb915684,dqn,44,v1,sparse,391,7253,10.0,2,55,0.4841617337628159,0.324454287100922,6254,True,False,True,11.092955500003882
debug_algorithm_dqn_statev1_sparse_seed44_20261010_222347_402045_cb915684,dqn,44,v1,sparse,392,7285,10.0,2,32,0.48261481525727257,0.26718728337436914,6286,True,False,True,11.145657799999753
debug_algorithm_dqn_statev1_sparse_seed44_20261010_222347_402045_cb915684,dqn,44,v1,sparse,393,7296,-10.0,0,11,0.48208420431902255,0.30367854914881964,6297,True,False,True,11.163875600002939
debug_algorithm_dqn_statev1_sparse_seed44_20261010_222347_402045_cb915684,dqn,44,v1,sparse,394,7350,10.0,2,54,0.4794878362982782,0.34300437728287997,6351,True,False,True,11.263469900004566
debug_algorithm_dqn_statev1_sparse_seed44_20261010_222347_402045_cb915684,dqn,44,v1,sparse,395,7361,-10.0,0,11,0.4789606633175604,0.3392325822602619,6362,True,False,True,11.284289300005184
debug_algorithm_dqn_statev1_sparse_seed44_20261010_222347_402045_cb915684,dqn,44,v1,sparse,396,7400,-10.0,0,39,0.4770962614558525,0.32414320550667935,6401,True,False,True,11.346558900004311
debug_algorithm_dqn_statev1_sparse_seed44_20261010_222347_402045_cb915684,dqn,44,v1,sparse,397,7415,0.0,1,15,0.47638111779772957,0.26771054218212764,6416,True,False,True,11.372077200001513
debug_algorithm_dqn_statev1_sparse_seed44_20261010_222347_402045_cb915684,dqn,44,v1,sparse,398,7439,-10.0,0,24,0.47523911696321086,0.3307087728753686,6440,True,False,True,11.41033569999854
debug_algorithm_dqn_statev1_sparse_seed44_20261010_222347_402045_cb915684,dqn,44,v1,sparse,399,7466,10.0,2,27,0.4739576380474701,0.2757987102700604,6467,True,False,True,11.454392700004973
debug_algorithm_dqn_statev1_sparse_seed44_20261010_222347_402045_cb915684,dqn,44,v1,sparse,400,7494,10.0,2,28,0.47263234666909393,0.3028772449386971,6495,True,False,True,11.499845500002266
debug_algorithm_dqn_statev1_sparse_seed44_20261010_222347_402045_cb915684,dqn,44,v1,sparse,401,7501,-10.0,0,7,0.47230160326267795,0.25991997867822647,6502,True,False,True,11.520973899998353
debug_algorithm_dqn_statev1_sparse_seed44_20261010_222347_402045_cb915684,dqn,44,v1,sparse,402,7505,-10.0,0,4,0.47211271095757995,0.34147555381059647,6506,True,False,True,11.527663500004564
debug_algorithm_dqn_statev1_sparse_seed44_20261010_222347_402045_cb915684,dqn,44,v1,sparse,403,7508,-10.0,0,3,0.4719710913072019,0.5541804631551107,6509,True,False,True,11.53257450000092
debug_algorithm_dqn_statev1_sparse_seed44_20261010_222347_402045_cb915684,dqn,44,v1,sparse,404,7512,-10.0,0,4,0.4717823311870567,0.5190738327801228,6513,True,False,True,11.538702300000296
debug_algorithm_dqn_statev1_sparse_seed44_20261010_222347_402045_cb915684,dqn,44,v1,sparse,405,7532,0.0,1,20,0.47083966237350855,0.3179554844275117,6533,True,False,True,11.585480800000369
debug_algorithm_dqn_statev1_sparse_seed44_20261010_222347_402045_cb915684,dqn,44,v1,sparse,406,7543,-10.0,0,11,0.4703219976290391,0.2911479114131494,6544,True,False,True,11.606281699998362
debug_algorithm_dqn_statev1_sparse_seed44_20261010_222347_402045_cb915684,dqn,44,v1,sparse,407,7546,-10.0,0,3,0.47018091513894006,0.18167090664307275,6547,True,False,True,11.611243700004707
debug_algorithm_dqn_statev1_sparse_seed44_20261010_222347_402045_cb915684,dqn,44,v1,sparse,408,7572,10.0,2,26,0.4689599716257855,0.3126709077220697,6573,True,False,True,11.655718800000614
debug_algorithm_dqn_statev1_sparse_seed44_20261010_222347_402045_cb915684,dqn,44,v1,sparse,409,7598,20.0,3,26,0.4677421986008712,0.2964285516108458,6599,True,False,True,11.695244200003799
debug_algorithm_dqn_statev1_sparse_seed44_20261010_222347_402045_cb915684,dqn,44,v1,sparse,410,7624,10.0,2,26,0.4665275878312238,0.3303987807952441,6625,True,False,True,11.73975920000521
debug_algorithm_dqn_statev1_sparse_seed44_20261010_222347_402045_cb915684,dqn,44,v1,sparse,411,7661,0.0,1,37,0.4648045392081433,0.33370047696941607,6662,True,False,True,11.804417700004706
debug_algorithm_dqn_statev1_sparse_seed44_20261010_222347_402045_cb915684,dqn,44,v1,sparse,412,7692,10.0,2,31,0.4633658043898708,0.318102509624535,6693,True,False,True,11.857378400003654
debug_algorithm_dqn_statev1_sparse_seed44_20261010_222347_402045_cb915684,dqn,44,v1,sparse,413,7739,10.0,2,47,0.46119298658836533,0.3202137051427618,6740,True,False,True,11.932587900002545
debug_algorithm_dqn_statev1_sparse_seed44_20261010_222347_402045_cb915684,dqn,44,v1,sparse,414,7748,0.0,1,9,0.4607780788911766,0.4110608763164944,6749,True,False,True,11.94599250000465
debug_algorithm_dqn_statev1_sparse_seed44_20261010_222347_402045_cb915684,dqn,44,v1,sparse,415,7844,10.0,2,96,0.4563755551310345,0.3101248433037351,6845,True,False,True,12.11049130000174
debug_algorithm_dqn_statev1_sparse_seed44_20261010_222347_402045_cb915684,dqn,44,v1,sparse,416,7857,10.0,2,13,0.4557826227518065,0.2712556805748206,6858,True,False,True,12.135512300003029
debug_algorithm_dqn_statev1_sparse_seed44_20261010_222347_402045_cb915684,dqn,44,v1,sparse,417,7902,20.0,3,45,0.4537361067366188,0.28658432215452195,6903,True,False,True,12.22211210000387
debug_algorithm_dqn_statev1_sparse_seed44_20261010_222347_402045_cb915684,dqn,44,v1,sparse,418,7932,20.0,3,30,0.45237687032754753,0.290480170895656,6933,True,False,True,12.27084130000003
debug_algorithm_dqn_statev1_sparse_seed44_20261010_222347_402045_cb915684,dqn,44,v1,sparse,419,7996,20.0,3,64,0.449490759456036,0.31520221673417836,6997,True,False,True,12.37737819999893
debug_algorithm_dqn_statev1_sparse_seed44_20261010_222347_402045_cb915684,dqn,44,v1,sparse,420,8012,10.0,2,16,0.4487721133781847,0.3852362181060016,7013,True,False,True,12.400811400002567
debug_algorithm_dqn_statev1_sparse_seed44_20261010_222347_402045_cb915684,dqn,44,v1,sparse,421,8041,-10.0,0,29,0.44747249462542027,0.3063293045450901,7042,True,False,True,12.447175599998445
debug_algorithm_dqn_statev1_sparse_seed44_20261010_222347_402045_cb915684,dqn,44,v1,sparse,422,8095,20.0,3,54,0.4450625354008708,0.34731716835112486,7096,True,False,True,12.53566580000188
debug_algorithm_dqn_statev1_sparse_seed44_20261010_222347_402045_cb915684,dqn,44,v1,sparse,423,8102,-10.0,0,7,0.444751085073647,0.23327000279511725,7103,True,False,True,12.546602900001744
debug_algorithm_dqn_statev1_sparse_seed44_20261010_222347_402045_cb915684,dqn,44,v1,sparse,424,8116,10.0,2,14,0.44412883811618664,0.3430850846426828,7117,True,False,True,12.574745500001882
debug_algorithm_dqn_statev1_sparse_seed44_20261010_222347_402045_cb915684,dqn,44,v1,sparse,425,8158,20.0,3,42,0.4422673158517634,0.3019248657815513,7159,True,False,True,12.645762600004673
debug_algorithm_dqn_statev1_sparse_seed44_20261010_222347_402045_cb915684,dqn,44,v1,sparse,426,8159,-10.0,0,1,0.4422230891201782,0.3383934795856476,7160,True,False,True,12.64728009999817
debug_algorithm_dqn_statev1_sparse_seed44_20261010_222347_402045_cb915684,dqn,44,v1,sparse,427,8172,-10.0,0,13,0.44164854391188735,0.39064356684684753,7173,True,False,True,12.669644599998719
debug_algorithm_dqn_statev1_sparse_seed44_20261010_222347_402045_cb915684,dqn,44,v1,sparse,428,8202,10.0,2,30,0.4403255176594344,0.34821106642484667,7203,True,False,True,12.7272707000011
debug_algorithm_dqn_statev1_sparse_seed44_20261010_222347_402045_cb915684,dqn,44,v1,sparse,429,8231,10.0,2,29,0.4390503597719197,0.3217669776801405,7232,True,False,True,12.780935800001316
debug_algorithm_dqn_statev1_sparse_seed44_20261010_222347_402045_cb915684,dqn,44,v1,sparse,430,8291,30.0,4,60,0.43642381380173884,0.3677413985133171,7292,True,False,True,12.872469599999022
debug_algorithm_dqn_statev1_sparse_seed44_20261010_222347_402045_cb915684,dqn,44,v1,sparse,431,8330,0.0,1,39,0.4347249908434825,0.3752169202153499,7331,True,False,True,12.934032099998149
debug_algorithm_dqn_statev1_sparse_seed44_20261010_222347_402045_cb915684,dqn,44,v1,sparse,432,8345,0.0,1,15,0.43407335962071725,0.33520164887110393,7346,True,False,True,12.962214799998037
debug_algorithm_dqn_statev1_sparse_seed44_20261010_222347_402045_cb915684,dqn,44,v1,sparse,433,8353,0.0,1,8,0.4337262224492563,0.29728656401857734,7354,True,False,True,12.975117200003297
debug_algorithm_dqn_statev1_sparse_seed44_20261010_222347_402045_cb915684,dqn,44,v1,sparse,434,8387,10.0,2,34,0.4322539839036296,0.36570749212713805,7388,True,False,True,13.035407200004556
debug_algorithm_dqn_statev1_sparse_seed44_20261010_222347_402045_cb915684,dqn,44,v1,sparse,435,8401,-10.0,0,14,0.4316492215199928,0.3385241579796587,7402,True,False,True,13.058862600002612
debug_algorithm_dqn_statev1_sparse_seed44_20261010_222347_402045_cb915684,dqn,44,v1,sparse,436,8418,0.0,1,17,0.43091600459293133,0.3368571225334616,7419,True,False,True,13.083341500001552
debug_algorithm_dqn_statev1_sparse_seed44_20261010_222347_402045_cb915684,dqn,44,v1,sparse,437,8446,10.0,2,28,0.42971106723176966,0.3459399744336094,7447,True,False,True,13.132449700002326
debug_algorithm_dqn_statev1_sparse_seed44_20261010_222347_402045_cb915684,dqn,44,v1,sparse,438,8503,30.0,4,57,0.42726855978079226,0.35988071939924304,7504,True,False,True,13.229280400002608
debug_algorithm_dqn_statev1_sparse_seed44_20261010_222347_402045_cb915684,dqn,44,v1,sparse,439,8514,-10.0,0,11,0.4267987992922561,0.30357116867195477,7515,True,False,True,13.245399400002498
debug_algorithm_dqn_statev1_sparse_seed44_20261010_222347_402045_cb915684,dqn,44,v1,sparse,440,8523,-10.0,0,9,0.42641483398461516,0.37657173888550866,7524,True,False,True,13.259136100001342
debug_algorithm_dqn_statev1_sparse_seed44_20261010_222347_402045_cb915684,dqn,44,v1,sparse,441,8578,30.0,4,55,0.4240758734855199,0.3443177452818914,7579,True,False,True,13.358121199999005
debug_algorithm_dqn_statev1_sparse_seed44_20261010_222347_402045_cb915684,dqn,44,v1,sparse,442,8583,-10.0,0,5,0.42386387795212394,0.4937147587537766,7584,True,False,True,13.366164500002924
debug_algorithm_dqn_statev1_sparse_seed44_20261010_222347_402045_cb915684,dqn,44,v1,sparse,443,8614,0.0,1,31,0.42255186899356995,0.31781664154221934,7615,True,False,True,13.415679400000954
debug_algorithm_dqn_statev1_sparse_seed44_20261010_222347_402045_cb915684,dqn,44,v1,sparse,444,8655,10.0,2,41,0.4208228667558955,0.3566865555760337,7656,True,False,True,13.479495600004157
debug_algorithm_dqn_statev1_sparse_seed44_20261010_222347_402045_cb915684,dqn,44,v1,sparse,445,8683,10.0,2,28,0.4196461520616612,0.2952857869012015,7684,True,False,True,13.519269199998234
debug_algorithm_dqn_statev1_sparse_seed44_20261010_222347_402045_cb915684,dqn,44,v1,sparse,446,8711,10.0,2,28,0.41847272772444155,0.351820349161114,7712,True,False,True,13.560090700004366
debug_algorithm_dqn_statev1_sparse_seed44_20261010_222347_402045_cb915684,dqn,44,v1,sparse,447,8741,30.0,4,30,0.4172191281997808,0.3182527565707763,7742,True,False,True,13.60742929999833
debug_algorithm_dqn_statev1_sparse_seed44_20261010_222347_402045_cb915684,dqn,44,v1,sparse,448,8777,10.0,2,36,0.4157197648422809,0.32049590204324985,7778,True,False,True,13.663933299998462
debug_algorithm_dqn_statev1_sparse_seed44_20261010_222347_402045_cb915684,dqn,44,v1,sparse,449,8815,10.0,2,38,0.41414294874188173,0.3324082665341465,7816,True,False,True,13.721979699999793
debug_algorithm_dqn_statev1_sparse_seed44_20261010_222347_402045_cb915684,dqn,44,v1,sparse,450,8833,0.0,1,18,0.413398124735044,0.39421094291739994,7834,True,False,True,13.749484699997993
debug_algorithm_dqn_statev1_sparse_seed44_20261010_222347_402045_cb915684,dqn,44,v1,sparse,451,8835,-10.0,0,2,0.41331544924407826,0.21058513224124908,7836,True,False,True,13.754025000002002
debug_algorithm_dqn_statev1_sparse_seed44_20261010_222347_402045_cb915684,dqn,44,v1,sparse,452,8903,40.0,5,68,0.4105142988350522,0.34465129454346266,7904,True,False,True,13.87197169999854
debug_algorithm_dqn_statev1_sparse_seed44_20261010_222347_402045_cb915684,dqn,44,v1,sparse,453,8920,-10.0,0,17,0.409816982547427,0.36745890799690695,7921,True,False,True,13.901798099999723
debug_algorithm_dqn_statev1_sparse_seed44_20261010_222347_402045_cb915684,dqn,44,v1,sparse,454,8987,30.0,4,67,0.4070802502169334,0.36864719706684795,7988,True,False,True,14.01898600000277
debug_algorithm_dqn_statev1_sparse_seed44_20261010_222347_402045_cb915684,dqn,44,v1,sparse,455,9002,-10.0,0,15,0.4064700570907049,0.29051373302936556,8003,True,False,True,14.045873900002334
debug_algorithm_dqn_statev1_sparse_seed44_20261010_222347_402045_cb915684,dqn,44,v1,sparse,456,9020,-10.0,0,18,0.40573903255557364,0.3566822757323583,8021,True,False,True,14.077702399998088
debug_algorithm_dqn_statev1_sparse_seed44_20261010_222347_402045_cb915684,dqn,44,v1,sparse,457,9086,40.0,5,66,0.4030698395055434,0.3482036790387197,8087,True,False,True,14.185062800002925
debug_algorithm_dqn_statev1_sparse_seed44_20261010_222347_402045_cb915684,dqn,44,v1,sparse,458,9089,-10.0,0,3,0.4029489306453839,0.37509683271249133,8090,True,False,True,14.189427900004375
debug_algorithm_dqn_statev1_sparse_seed44_20261010_222347_402045_cb915684,dqn,44,v1,sparse,459,9118,0.0,1,29,0.401782013247752,0.37951205234075414,8119,True,False,True,14.232886400001007
debug_algorithm_dqn_statev1_sparse_seed44_20261010_222347_402045_cb915684,dqn,44,v1,sparse,460,9151,10.0,2,33,0.40045825182258493,0.4011527304396485,8152,True,False,True,14.282433699998364
debug_algorithm_dqn_statev1_sparse_seed44_20261010_222347_402045_cb915684,dqn,44,v1,sparse,461,9175,0.0,1,24,0.3994982564728838,0.323988298419863,8176,True,False,True,14.317623300004925
debug_algorithm_dqn_statev1_sparse_seed44_20261010_222347_402045_cb915684,dqn,44,v1,sparse,462,9179,-10.0,0,4,0.3993384811385921,0.25509727001190186,8180,True,False,True,14.323728700001084
debug_algorithm_dqn_statev1_sparse_seed44_20261010_222347_402045_cb915684,dqn,44,v1,sparse,463,9186,-10.0,0,7,0.3990590280489007,0.27469769013779505,8187,True,False,True,14.33414559999801
debug_algorithm_dqn_statev1_sparse_seed44_20261010_222347_402045_cb915684,dqn,44,v1,sparse,464,9210,10.0,2,24,0.3981023869772294,0.28490987125163275,8211,True,False,True,14.371536500002549
debug_algorithm_dqn_statev1_sparse_seed44_20261010_222347_402045_cb915684,dqn,44,v1,sparse,465,9223,-10.0,0,13,0.397585164280192,0.358102441407167,8224,True,False,True,14.391112600002089
debug_algorithm_dqn_statev1_sparse_seed44_20261010_222347_402045_cb915684,dqn,44,v1,sparse,466,9326,30.0,4,103,0.3935108520988879,0.3496882630494034,8327,True,False,True,14.555111300003773
debug_algorithm_dqn_statev1_sparse_seed44_20261010_222347_402045_cb915684,dqn,44,v1,sparse,467,9347,0.0,1,21,0.39268530515913586,0.38131474668071386,8348,True,False,True,14.590660200003185
debug_algorithm_dqn_statev1_sparse_seed44_20261010_222347_402045_cb915684,dqn,44,v1,sparse,468,9353,-10.0,0,6,0.3924497528709831,0.507141592601935,8354,True,False,True,14.600283100000524
debug_algorithm_dqn_statev1_sparse_seed44_20261010_222347_402045_cb915684,dqn,44,v1,sparse,469,9375,20.0,3,22,0.39158726936951066,0.3505473688922145,8376,True,False,True,14.632215999998152
debug_algorithm_dqn_statev1_sparse_seed44_20261010_222347_402045_cb915684,dqn,44,v1,sparse,470,9395,10.0,2,20,0.39080483840036373,0.3324725016951561,8396,True,False,True,14.660433099998045
debug_algorithm_dqn_statev1_sparse_seed44_20261010_222347_402045_cb915684,dqn,44,v1,sparse,471,9452,30.0,4,57,0.3885834766471739,0.38219392162404564,8453,True,False,True,14.753749200004677
debug_algorithm_dqn_statev1_sparse_seed44_20261010_222347_402045_cb915684,dqn,44,v1,sparse,472,9497,30.0,4,45,0.386838692470466,0.3627109385199017,8498,True,False,True,14.827560300000187
debug_algorithm_dqn_statev1_sparse_seed44_20261010_222347_402045_cb915684,dqn,44,v1,sparse,473,9535,20.0,3,38,0.38537142165456867,0.35760705800432907,8536,True,False,True,14.8941094000038
debug_algorithm_dqn_statev1_sparse_seed44_20261010_222347_402045_cb915684,dqn,44,v1,sparse,474,9613,40.0,5,78,0.3823770680068283,0.33964840179452527,8614,True,False,True,15.021922500003711
debug_algorithm_dqn_statev1_sparse_seed44_20261010_222347_402045_cb915684,dqn,44,v1,sparse,475,9649,10.0,2,36,0.3810029168096111,0.3415490811069806,8650,True,False,True,15.083852100004151
debug_algorithm_dqn_statev1_sparse_seed44_20261010_222347_402045_cb915684,dqn,44,v1,sparse,476,9665,-10.0,0,16,0.3803937691329237,0.3654618049040437,8666,True,False,True,15.11251070000435
debug_algorithm_dqn_statev1_sparse_seed44_20261010_222347_402045_cb915684,dqn,44,v1,sparse,477,9716,30.0,4,51,0.37845860301869927,0.37184593008429395,8717,True,False,True,15.19989020000503
debug_algorithm_dqn_statev1_sparse_seed44_20261010_222347_402045_cb915684,dqn,44,v1,sparse,478,9769,20.0,3,53,0.37645797872754994,0.34569101499499016,8770,True,False,True,15.299986700003501
debug_algorithm_dqn_statev1_sparse_seed44_20261010_222347_402045_cb915684,dqn,44,v1,sparse,479,9788,10.0,2,19,0.37574335194646935,0.4042864571276464,8789,True,False,True,15.33195970000088
debug_algorithm_dqn_statev1_sparse_seed44_20261010_222347_402045_cb915684,dqn,44,v1,sparse,480,9805,0.0,1,17,0.37510509900370304,0.36865312781404047,8806,True,False,True,15.36197119999997
debug_algorithm_dqn_statev1_sparse_seed44_20261010_222347_402045_cb915684,dqn,44,v1,sparse,481,9837,0.0,1,32,0.37390662134900904,0.38792486814782023,8838,True,False,True,15.408745000000636
debug_algorithm_dqn_statev1_sparse_seed44_20261010_222347_402045_cb915684,dqn,44,v1,sparse,482,9846,0.0,1,9,0.3735702399647752,0.34752531515227425,8847,True,False,True,15.42443479999929
debug_algorithm_dqn_statev1_sparse_seed44_20261010_222347_402045_cb915684,dqn,44,v1,sparse,483,9861,0.0,1,15,0.37301027668365644,0.3921762615442276,8862,True,False,True,15.450179600004049
debug_algorithm_dqn_statev1_sparse_seed44_20261010_222347_402045_cb915684,dqn,44,v1,sparse,484,9880,10.0,2,19,0.3723021946442283,0.2542580422994338,8881,True,False,True,15.47974830000021
debug_algorithm_dqn_statev1_sparse_seed44_20261010_222347_402045_cb915684,dqn,44,v1,sparse,485,9914,20.0,3,34,0.3710384535716192,0.36295053910683184,8915,True,False,True,15.53858990000299
debug_algorithm_dqn_statev1_sparse_seed44_20261010_222347_402045_cb915684,dqn,44,v1,sparse,486,9946,10.0,2,32,0.3698529690319025,0.3556628607911989,8947,True,False,True,15.593325400004687
debug_algorithm_dqn_statev1_sparse_seed44_20261010_222347_402045_cb915684,dqn,44,v1,sparse,487,9976,10.0,2,30,0.3687450174846322,0.3487373540798823,8977,True,False,True,15.646068000001833
debug_algorithm_dqn_statev1_sparse_seed44_20261010_222347_402045_cb915684,dqn,44,v1,sparse,488,9998,10.0,2,22,0.3679346296795588,0.3232303693551909,8999,True,False,True,15.683148100004473
debug_algorithm_dqn_statev1_sparse_seed44_20261010_222347_402045_cb915684,dqn,44,v1,sparse,489,10007,-10.0,0,9,0.36760362093841203,0.47181612708502346,9008,True,False,True,15.700245400003041
debug_algorithm_dqn_statev1_sparse_seed44_20261010_222347_402045_cb915684,dqn,44,v1,sparse,490,10044,20.0,3,37,0.3662459329272018,0.3662259243428707,9045,True,False,True,15.770226799999364
debug_algorithm_dqn_statev1_sparse_seed44_20261010_222347_402045_cb915684,dqn,44,v1,sparse,491,10062,0.0,1,18,0.3655872503054656,0.4428836546010441,9063,True,False,True,15.801005300003453
debug_algorithm_dqn_statev1_sparse_seed44_20261010_222347_402045_cb915684,dqn,44,v1,sparse,492,10101,20.0,3,39,0.3641641656927023,0.35848929207676494,9102,True,False,True,15.871953699999722
debug_algorithm_dqn_statev1_sparse_seed44_20261010_222347_402045_cb915684,dqn,44,v1,sparse,493,10119,-10.0,0,18,0.3635092270685826,0.38779572976960075,9120,True,False,True,15.904801800003042
debug_algorithm_dqn_statev1_sparse_seed44_20261010_222347_402045_cb915684,dqn,44,v1,sparse,494,10142,10.0,2,23,0.3626740748812162,0.3451660732212274,9143,True,False,True,15.947244700000738
debug_algorithm_dqn_statev1_sparse_seed44_20261010_222347_402045_cb915684,dqn,44,v1,sparse,495,10183,10.0,2,41,0.3611900812391818,0.3932060076877838,9184,True,False,True,16.023398299999826
debug_algorithm_dqn_statev1_sparse_seed44_20261010_222347_402045_cb915684,dqn,44,v1,sparse,496,10197,0.0,1,14,0.36068474367698383,0.39698994000043186,9198,True,False,True,16.04639920000045
debug_algorithm_dqn_statev1_sparse_seed44_20261010_222347_402045_cb915684,dqn,44,v1,sparse,497,10209,10.0,2,12,0.3602521599571695,0.35338348771135014,9210,True,False,True,16.069995999998355
debug_algorithm_dqn_statev1_sparse_seed44_20261010_222347_402045_cb915684,dqn,44,v1,sparse,498,10239,30.0,4,30,0.359172969112557,0.3594875082373619,9240,True,False,True,16.13153820000298
debug_algorithm_dqn_statev1_sparse_seed44_20261010_222347_402045_cb915684,dqn,44,v1,sparse,499,10264,0.0,1,25,0.3582761133830392,0.30241109788417814,9265,True,False,True,16.172182000002067
debug_algorithm_dqn_statev1_sparse_seed44_20261010_222347_402045_cb915684,dqn,44,v1,sparse,500,10332,40.0,5,68,0.3558479794156723,0.37327661359792247,9333,True,False,True,16.292436100004124
debug_algorithm_dqn_statev1_sparse_seed44_20261010_222347_402045_cb915684,dqn,44,v1,sparse,501,10377,10.0,2,45,0.35425018135911307,0.3900648360451063,9378,True,False,True,16.38542420000158
debug_algorithm_dqn_statev1_sparse_seed44_20261010_222347_402045_cb915684,dqn,44,v1,sparse,502,10390,0.0,1,13,0.35378993233719747,0.44737869615738207,9391,True,False,True,16.41002290000324
debug_algorithm_dqn_statev1_sparse_seed44_20261010_222347_402045_cb915684,dqn,44,v1,sparse,503,10438,40.0,5,48,0.3520957253001431,0.3598670285815994,9439,True,False,True,16.48943280000094
debug_algorithm_dqn_statev1_sparse_seed44_20261010_222347_402045_cb915684,dqn,44,v1,sparse,504,10446,0.0,1,8,0.3518141472869912,0.33953904546797276,9447,True,False,True,16.50256570000056
debug_algorithm_dqn_statev1_sparse_seed44_20261010_222347_402045_cb915684,dqn,44,v1,sparse,505,10468,10.0,2,22,0.3510409683121036,0.3018678458915515,9469,True,False,True,16.548288700003468
debug_algorithm_dqn_statev1_sparse_seed44_20261010_222347_402045_cb915684,dqn,44,v1,sparse,506,10471,-10.0,0,3,0.3509356665524879,0.37516193091869354,9472,True,False,True,16.554828699998325
debug_algorithm_dqn_statev1_sparse_seed44_20261010_222347_402045_cb915684,dqn,44,v1,sparse,507,10482,-10.0,0,11,0.350549830276004,0.5078245116905733,9483,True,False,True,16.573411000004853
debug_algorithm_dqn_statev1_sparse_seed44_20261010_222347_402045_cb915684,dqn,44,v1,sparse,508,10529,50.0,6,47,0.348906029839454,0.37562935133563713,9530,True,False,True,16.65891669999837
debug_algorithm_dqn_statev1_sparse_seed44_20261010_222347_402045_cb915684,dqn,44,v1,sparse,509,10559,10.0,2,30,0.34786082807556273,0.3604694254696369,9560,True,False,True,16.711893500003498
debug_algorithm_dqn_statev1_sparse_seed44_20261010_222347_402045_cb915684,dqn,44,v1,sparse,510,10585,0.0,1,26,0.3469575195663394,0.353670062067417,9586,True,False,True,16.756853800005047
debug_algorithm_dqn_statev1_sparse_seed44_20261010_222347_402045_cb915684,dqn,44,v1,sparse,511,10626,20.0,3,41,0.3455378350927218,0.3630329062480752,9627,True,False,True,16.83469860000332
debug_algorithm_dqn_statev1_sparse_seed44_20261010_222347_402045_cb915684,dqn,44,v1,sparse,512,10678,60.0,7,52,0.3437456125548926,0.36219282555752075,9679,True,False,True,16.940336100000422
debug_algorithm_dqn_statev1_sparse_seed44_20261010_222347_402045_cb915684,dqn,44,v1,sparse,513,10698,-10.0,0,20,0.3430587740547432,0.39841702319681643,9699,True,False,True,16.983622300002025
debug_algorithm_dqn_statev1_sparse_seed44_20261010_222347_402045_cb915684,dqn,44,v1,sparse,514,10722,20.0,3,24,0.3422363791452418,0.3286203968649109,9723,True,False,True,17.030222200002754
debug_algorithm_dqn_statev1_sparse_seed44_20261010_222347_402045_cb915684,dqn,44,v1,sparse,515,10803,40.0,5,81,0.33947532379009393,0.39748547428552017,9804,True,False,True,17.22699680000369
debug_algorithm_dqn_statev1_sparse_seed44_20261010_222347_402045_cb915684,dqn,44,v1,sparse,516,10828,0.0,1,25,0.3386276531262263,0.3856635749340057,9829,True,False,True,17.27722950000316
debug_algorithm_dqn_statev1_sparse_seed44_20261010_222347_402045_cb915684,dqn,44,v1,sparse,517,10895,40.0,5,67,0.33636631871165606,0.39150125733507213,9896,True,False,True,17.417888399999356
debug_algorithm_dqn_statev1_sparse_seed44_20261010_222347_402045_cb915684,dqn,44,v1,sparse,518,10926,20.0,3,31,0.33532514571612315,0.4074533030150398,9927,True,False,True,17.470987900000182
debug_algorithm_dqn_statev1_sparse_seed44_20261010_222347_402045_cb915684,dqn,44,v1,sparse,519,10965,10.0,2,39,0.3340198593453798,0.39269049370136017,9966,True,False,True,17.545008100001724
debug_algorithm_dqn_statev1_sparse_seed44_20261010_222347_402045_cb915684,dqn,44,v1,sparse,520,10983,0.0,1,18,0.333419134376485,0.39251720781127614,9984,True,False,True,17.57668410000042
debug_algorithm_dqn_statev1_sparse_seed44_20261010_222347_402045_cb915684,dqn,44,v1,sparse,521,11000,-10.0,0,17,0.33285277507142214,0.33872196735704646,10001,True,False,True,17.605338300003496
debug_algorithm_dqn_statev1_sparse_seed44_20261010_222347_402045_cb915684,dqn,44,v1,sparse,522,11002,-10.0,0,2,0.3327862078449356,0.6202108263969421,10003,True,False,True,17.60918550000497
debug_algorithm_dqn_statev1_sparse_seed44_20261010_222347_402045_cb915684,dqn,44,v1,sparse,523,11016,0.0,1,14,0.3323206098683011,0.37445874512195587,10017,True,False,True,17.632483599998523
debug_algorithm_dqn_statev1_sparse_seed44_20261010_222347_402045_cb915684,dqn,44,v1,sparse,524,11057,20.0,3,41,0.33096081685766743,0.3748526611342663,10058,True,False,True,17.776842700004636
debug_algorithm_dqn_statev1_sparse_seed44_20261010_222347_402045_cb915684,dqn,44,v1,sparse,525,11092,10.0,2,35,0.3298044210511191,0.42773396404726166,10093,True,False,True,17.839680099998077
debug_algorithm_dqn_statev1_sparse_seed44_20261010_222347_402045_cb915684,dqn,44,v1,sparse,526,11116,0.0,1,24,0.3290138000336249,0.3600225318223238,10117,True,False,True,17.888446700002532
debug_algorithm_dqn_statev1_sparse_seed44_20261010_222347_402045_cb915684,dqn,44,v1,sparse,527,11149,0.0,1,33,0.32792978989262445,0.3755365519812613,10150,True,False,True,17.9520365999997
debug_algorithm_dqn_statev1_sparse_seed44_20261010_222347_402045_cb915684,dqn,44,v1,sparse,528,11176,20.0,3,27,0.32704552953485755,0.3007775990775338,10177,True,False,True,18.001920300004713
debug_algorithm_dqn_statev1_sparse_seed44_20261010_222347_402045_cb915684,dqn,44,v1,sparse,529,11211,0.0,1,35,0.32590281396358484,0.39813821422202245,10212,True,False,True,18.07065490000241
debug_algorithm_dqn_statev1_sparse_seed44_20261010_222347_402045_cb915684,dqn,44,v1,sparse,530,11244,0.0,1,33,0.3248290536675699,0.3231261798152418,10245,True,False,True,18.13323649999802
debug_algorithm_dqn_statev1_sparse_seed44_20261010_222347_402045_cb915684,dqn,44,v1,sparse,531,11276,0.0,1,32,0.32379121023795543,0.40389210428111255,10277,True,False,True,18.201808099998743
debug_algorithm_dqn_statev1_sparse_seed44_20261010_222347_402045_cb915684,dqn,44,v1,sparse,532,11288,-10.0,0,12,0.32340287441665067,0.43754586204886436,10289,True,False,True,18.2278432000021
debug_algorithm_dqn_statev1_sparse_seed44_20261010_222347_402045_cb915684,dqn,44,v1,sparse,533,11333,10.0,2,45,0.3219507585859604,0.44708590341938864,10334,True,False,True,18.307016400001885
debug_algorithm_dqn_statev1_sparse_seed44_20261010_222347_402045_cb915684,dqn,44,v1,sparse,534,11337,-10.0,0,4,0.3218219975982838,0.456872820854187,10338,True,False,True,18.314639800002624
debug_algorithm_dqn_statev1_sparse_seed44_20261010_222347_402045_cb915684,dqn,44,v1,sparse,535,11400,20.0,3,63,0.3198007914363015,0.41946969950009905,10401,True,False,True,18.422192600002745
debug_algorithm_dqn_statev1_sparse_seed44_20261010_222347_402045_cb915684,dqn,44,v1,sparse,536,11418,10.0,2,18,0.3192256390460675,0.44999658316373825,10419,True,False,True,18.450785900000483
debug_algorithm_dqn_statev1_sparse_seed44_20261010_222347_402045_cb915684,dqn,44,v1,sparse,537,11464,10.0,2,46,0.3177605002511795,0.43110452462797577,10465,True,False,True,18.528273800002353
debug_algorithm_dqn_statev1_sparse_seed44_20261010_222347_402045_cb915684,dqn,44,v1,sparse,538,11517,20.0,3,53,0.3160807409049802,0.4131740223405496,10518,True,False,True,18.609864600002766
debug_algorithm_dqn_statev1_sparse_seed44_20261010_222347_402045_cb915684,dqn,44,v1,sparse,539,11518,-10.0,0,1,0.3160491328308897,1.0265880823135376,10519,True,False,True,18.611299500000314
debug_algorithm_dqn_statev1_sparse_seed44_20261010_222347_402045_cb915684,dqn,44,v1,sparse,540,11605,60.0,7,87,0.3133112953439251,0.39491410193772153,10606,True,False,True,18.77385040000081
debug_algorithm_dqn_statev1_sparse_seed44_20261010_222347_402045_cb915684,dqn,44,v1,sparse,541,11617,0.0,1,12,0.31293552850605433,0.2992190665875872,10618,True,False,True,18.81227360000048
debug_algorithm_dqn_statev1_sparse_seed44_20261010_222347_402045_cb915684,dqn,44,v1,sparse,542,11628,-10.0,0,11,0.3125914714876144,0.5272161391648379,10629,True,False,True,18.844000900004175
debug_algorithm_dqn_statev1_sparse_seed44_20261010_222347_402045_cb915684,dqn,44,v1,sparse,543,11657,20.0,3,29,0.3116862242002073,0.4498051135190602,10658,True,False,True,18.91078379999817
debug_algorithm_dqn_statev1_sparse_seed44_20261010_222347_402045_cb915684,dqn,44,v1,sparse,544,11660,-10.0,0,3,0.31159272768322227,0.3668396472930908,10661,True,False,True,18.916330100000778
debug_algorithm_dqn_statev1_sparse_seed44_20261010_222347_402045_cb915684,dqn,44,v1,sparse,545,11678,0.0,1,18,0.3110323372561015,0.3769983442293273,10679,True,False,True,18.950092400002177
debug_algorithm_dqn_statev1_sparse_seed44_20261010_222347_402045_cb915684,dqn,44,v1,sparse,546,11680,-10.0,0,2,0.31097013389897366,0.30488988757133484,10681,True,False,True,18.9534552000041
debug_algorithm_dqn_statev1_sparse_seed44_20261010_222347_402045_cb915684,dqn,44,v1,sparse,547,11749,10.0,2,69,0.30883171906829177,0.3938341651489769,10750,True,False,True,19.091548299998976
debug_algorithm_dqn_statev1_sparse_seed44_20261010_222347_402045_cb915684,dqn,44,v1,sparse,548,11815,30.0,4,66,0.3068000400529063,0.38853102188670274,10816,True,False,True,19.242432500002906
debug_algorithm_dqn_statev1_sparse_seed44_20261010_222347_402045_cb915684,dqn,44,v1,sparse,549,11831,-10.0,0,16,0.3063095279771175,0.32031036354601383,10832,True,False,True,19.274940700001025
debug_algorithm_dqn_statev1_sparse_seed44_20261010_222347_402045_cb915684,dqn,44,v1,sparse,550,11851,0.0,1,20,0.305697490560222,0.3624144822359085,10852,True,False,True,19.316774400002032
debug_algorithm_dqn_statev1_sparse_seed44_20261010_222347_402045_cb915684,dqn,44,v1,sparse,551,11865,0.0,1,14,0.30526979214691075,0.41788673613752636,10866,True,False,True,19.34524170000077
debug_algorithm_dqn_statev1_sparse_seed44_20261010_222347_402045_cb915684,dqn,44,v1,sparse,552,11892,10.0,2,27,0.3044466343127059,0.4410496834251616,10893,True,False,True,19.396809400001075
debug_algorithm_dqn_statev1_sparse_seed44_20261010_222347_402045_cb915684,dqn,44,v1,sparse,553,11917,10.0,2,25,0.30368643036698495,0.4024347761273384,10918,True,False,True,19.445626799999445
debug_algorithm_dqn_statev1_sparse_seed44_20261010_222347_402045_cb915684,dqn,44,v1,sparse,554,12012,60.0,7,95,0.30081492693936196,0.40005366166955547,11013,True,False,True,19.62015130000509
debug_algorithm_dqn_statev1_sparse_seed44_20261010_222347_402045_cb915684,dqn,44,v1,sparse,555,12044,0.0,1,32,0.2998538097242328,0.5161950392648578,11045,True,False,True,19.677364399998623
debug_algorithm_dqn_statev1_sparse_seed44_20261010_222347_402045_cb915684,dqn,44,v1,sparse,556,12135,60.0,7,91,0.29713738272151247,0.4348866165011794,11136,True,False,True,19.84607590000087
debug_algorithm_dqn_statev1_sparse_seed44_20261010_222347_402045_cb915684,dqn,44,v1,sparse,557,12220,60.0,7,85,0.2946222934847502,0.4249563758864122,11221,True,False,True,20.006058500002837
debug_algorithm_dqn_statev1_sparse_seed44_20261010_222347_402045_cb915684,dqn,44,v1,sparse,558,12228,0.0,1,8,0.29438667812770786,0.35277701541781425,11229,True,False,True,20.01965829999972
debug_algorithm_dqn_statev1_sparse_seed44_20261010_222347_402045_cb915684,dqn,44,v1,sparse,559,12273,30.0,4,45,0.2930648483312823,0.41181874059968526,11274,True,False,True,20.108011299998907
debug_algorithm_dqn_statev1_sparse_seed44_20261010_222347_402045_cb915684,dqn,44,v1,sparse,560,12287,-10.0,0,14,0.29265482412598426,0.3824561025415148,11288,True,False,True,20.134830200004217
debug_algorithm_dqn_statev1_sparse_seed44_20261010_222347_402045_cb915684,dqn,44,v1,sparse,561,12349,50.0,6,62,0.2908458872672289,0.44474372099484166,11350,True,False,True,20.24433780000254
debug_algorithm_dqn_statev1_sparse_seed44_20261010_222347_402045_cb915684,dqn,44,v1,sparse,562,12357,0.0,1,8,0.29061329197797814,0.455658134073019,11358,True,False,True,20.257653300002858
debug_algorithm_dqn_statev1_sparse_seed44_20261010_222347_402045_cb915684,dqn,44,v1,sparse,563,12378,10.0,2,21,0.29000361396639585,0.38139648114641506,11379,True,False,True,20.296501000004355
debug_algorithm_dqn_statev1_sparse_seed44_20261010_222347_402045_cb915684,dqn,44,v1,sparse,564,12401,10.0,2,23,0.2893373388500768,0.4468483736981516,11402,True,False,True,20.33618320000096
debug_algorithm_dqn_statev1_sparse_seed44_20261010_222347_402045_cb915684,dqn,44,v1,sparse,565,12460,50.0,6,59,0.2876351897198157,0.4723427208550906,11461,True,False,True,20.433389000005263
debug_algorithm_dqn_statev1_sparse_seed44_20261010_222347_402045_cb915684,dqn,44,v1,sparse,566,12476,10.0,2,16,0.2871753184174684,0.3219914799556136,11477,True,False,True,20.467663499999617
debug_algorithm_dqn_statev1_sparse_seed44_20261010_222347_402045_cb915684,dqn,44,v1,sparse,567,12530,50.0,6,54,0.285628674062797,0.45328042490614784,11531,True,False,True,20.568649100001494
debug_algorithm_dqn_statev1_sparse_seed44_20261010_222347_402045_cb915684,dqn,44,v1,sparse,568,12550,0.0,1,20,0.2850579590836739,0.4456407204270363,11551,True,False,True,20.60949590000382
debug_algorithm_dqn_statev1_sparse_seed44_20261010_222347_402045_cb915684,dqn,44,v1,sparse,569,12596,50.0,6,46,0.2837496384992336,0.4257355277305064,11597,True,False,True,20.68899539999984
debug_algorithm_dqn_statev1_sparse_seed44_20261010_222347_402045_cb915684,dqn,44,v1,sparse,570,12636,20.0,3,40,0.282616850391562,0.4824274984188378,11637,True,False,True,20.76148970000213
debug_algorithm_dqn_statev1_sparse_seed44_20261010_222347_402045_cb915684,dqn,44,v1,sparse,571,12649,-10.0,0,13,0.28224966884638797,0.4076376729286634,11650,True,False,True,20.78490640000382
debug_algorithm_dqn_statev1_sparse_seed44_20261010_222347_402045_cb915684,dqn,44,v1,sparse,572,12735,60.0,7,86,0.2798326090941134,0.46815442882998043,11736,True,False,True,20.936702400002105
debug_algorithm_dqn_statev1_sparse_seed44_20261010_222347_402045_cb915684,dqn,44,v1,sparse,573,12753,20.0,3,18,0.2793293383133781,0.4762749854061339,11754,True,False,True,20.967976300002192
debug_algorithm_dqn_statev1_sparse_seed44_20261010_222347_402045_cb915684,dqn,44,v1,sparse,574,12792,30.0,4,39,0.27824202117385793,0.46968806955294734,11793,True,False,True,21.03833670000313
debug_algorithm_dqn_statev1_sparse_seed44_20261010_222347_402045_cb915684,dqn,44,v1,sparse,575,12877,20.0,3,85,0.2758868698083185,0.4466062246876604,11878,True,False,True,21.201249500001722
debug_algorithm_dqn_statev1_sparse_seed44_20261010_222347_402045_cb915684,dqn,44,v1,sparse,576,12914,10.0,2,37,0.2748679236547606,0.4642872602955715,11915,True,False,True,21.265262100001564
debug_algorithm_dqn_statev1_sparse_seed44_20261010_222347_402045_cb915684,dqn,44,v1,sparse,577,13071,120.0,13,157,0.27058598433514464,0.48414160311222076,12072,True,False,True,21.554447499998787
debug_algorithm_dqn_statev1_sparse_seed44_20261010_222347_402045_cb915684,dqn,44,v1,sparse,578,13100,10.0,2,29,0.26980238257159034,0.5425309107221407,12101,True,False,True,21.604194400002598
debug_algorithm_dqn_statev1_sparse_seed44_20261010_222347_402045_cb915684,dqn,44,v1,sparse,579,13123,0.0,1,23,0.26918251921412234,0.5349721565194752,12124,True,False,True,21.644297099999676
debug_algorithm_dqn_statev1_sparse_seed44_20261010_222347_402045_cb915684,dqn,44,v1,sparse,580,13132,0.0,1,9,0.26894035182992865,0.4864192439450158,12133,True,False,True,21.659310399998503
debug_algorithm_dqn_statev1_sparse_seed44_20261010_222347_402045_cb915684,dqn,44,v1,sparse,581,13149,0.0,1,17,0.26848351880788085,0.4680892698028508,12150,True,False,True,21.688870199999656
debug_algorithm_dqn_statev1_sparse_seed44_20261010_222347_402045_cb915684,dqn,44,v1,sparse,582,13184,20.0,3,35,0.26754542221317046,0.48728142508438654,12185,True,False,True,21.7539500999992
debug_algorithm_dqn_statev1_sparse_seed44_20261010_222347_402045_cb915684,dqn,44,v1,sparse,583,13240,40.0,5,56,0.26605128064173617,0.4408719526337726,12241,True,False,True,21.857695200000308
debug_algorithm_dqn_statev1_sparse_seed44_20261010_222347_402045_cb915684,dqn,44,v1,sparse,584,13300,20.0,3,60,0.2644596729742376,0.4148355004688104,12301,True,False,True,21.960780699999304
debug_algorithm_dqn_statev1_sparse_seed44_20261010_222347_402045_cb915684,dqn,44,v1,sparse,585,13304,-10.0,0,4,0.2643539049715705,0.4398580137640238,12305,True,False,True,21.967462699998578
debug_algorithm_dqn_statev1_sparse_seed44_20261010_222347_402045_cb915684,dqn,44,v1,sparse,586,13328,10.0,2,24,0.26372018468164504,0.44838745271166164,12329,True,False,True,22.00806079999893
debug_algorithm_dqn_statev1_sparse_seed44_20261010_222347_402045_cb915684,dqn,44,v1,sparse,587,13342,0.0,1,14,0.2633512163124911,0.48665470470275196,12343,True,False,True,22.031689299998106
debug_algorithm_dqn_statev1_sparse_seed44_20261010_222347_402045_cb915684,dqn,44,v1,sparse,588,13424,40.0,5,82,0.26120045895622895,0.4672873312289395,12425,True,False,True,22.17084440000326
debug_algorithm_dqn_statev1_sparse_seed44_20261010_222347_402045_cb915684,dqn,44,v1,sparse,589,13437,0.0,1,13,0.2608611020212591,0.45110050015724623,12438,True,False,True,22.1953255000044
debug_algorithm_dqn_statev1_sparse_seed44_20261010_222347_402045_cb915684,dqn,44,v1,sparse,590,13533,100.0,11,96,0.25836869352277103,0.49735245450089377,12534,True,False,True,22.3605424999987
debug_algorithm_dqn_statev1_sparse_seed44_20261010_222347_402045_cb915684,dqn,44,v1,sparse,591,13584,30.0,4,51,0.25705430201256996,0.45970463592047783,12585,True,False,True,22.4419074000034
debug_algorithm_dqn_statev1_sparse_seed44_20261010_222347_402045_cb915684,dqn,44,v1,sparse,592,13679,50.0,6,95,0.2546237281195502,0.46473629270729266,12680,True,False,True,22.607237199998053
debug_algorithm_dqn_statev1_sparse_seed44_20261010_222347_402045_cb915684,dqn,44,v1,sparse,593,13731,30.0,4,52,0.25330305542366577,0.509078920747225,12732,True,False,True,22.701230999999098
debug_algorithm_dqn_statev1_sparse_seed44_20261010_222347_402045_cb915684,dqn,44,v1,sparse,594,13739,10.0,2,8,0.25310048388999923,0.5386398136615753,12740,True,False,True,22.7144946000044
debug_algorithm_dqn_statev1_sparse_seed44_20261010_222347_402045_cb915684,dqn,44,v1,sparse,595,13761,20.0,3,22,0.2525442470979693,0.49198131026192143,12762,True,False,True,22.761370899999747
debug_algorithm_dqn_statev1_sparse_seed44_20261010_222347_402045_cb915684,dqn,44,v1,sparse,596,13791,10.0,2,30,0.25178771189951227,0.5717748080690702,12792,True,False,True,22.820973800000502
debug_algorithm_dqn_statev1_sparse_seed44_20261010_222347_402045_cb915684,dqn,44,v1,sparse,597,13858,50.0,6,67,0.25010628921348027,0.49727998451510474,12859,True,False,True,22.942838100003428
debug_algorithm_dqn_statev1_sparse_seed44_20261010_222347_402045_cb915684,dqn,44,v1,sparse,598,13889,20.0,3,31,0.24933212158772217,0.5713762068940748,12890,True,False,True,22.99326220000512
debug_algorithm_dqn_statev1_sparse_seed44_20261010_222347_402045_cb915684,dqn,44,v1,sparse,599,13893,-10.0,0,4,0.24923240369801708,0.5844859257340431,12894,True,False,True,22.99900440000056
debug_algorithm_dqn_statev1_sparse_seed44_20261010_222347_402045_cb915684,dqn,44,v1,sparse,600,13921,20.0,3,28,0.24853549425017335,0.5668530873954296,12922,True,False,True,23.042976700002328
debug_algorithm_dqn_statev1_sparse_seed44_20261010_222347_402045_cb915684,dqn,44,v1,sparse,601,14020,60.0,7,99,0.24608701042475983,0.49398422561059097,13021,True,False,True,23.224640200001886
debug_algorithm_dqn_statev1_sparse_seed44_20261010_222347_402045_cb915684,dqn,44,v1,sparse,602,14085,30.0,4,65,0.2444925527343761,0.5094501051765222,13086,True,False,True,23.335067300002265
debug_algorithm_dqn_statev1_sparse_seed44_20261010_222347_402045_cb915684,dqn,44,v1,sparse,603,14193,50.0,6,108,0.24186611016067444,0.482925937683494,13194,True,False,True,23.510257699999784
debug_algorithm_dqn_statev1_sparse_seed44_20261010_222347_402045_cb915684,dqn,44,v1,sparse,604,14218,20.0,3,25,0.24126216992761707,0.45506626546382906,13219,True,False,True,23.547800400003325
debug_algorithm_dqn_statev1_sparse_seed44_20261010_222347_402045_cb915684,dqn,44,v1,sparse,605,14221,-10.0,0,3,0.24118979851426262,0.5364426672458649,13222,True,False,True,23.555666100000963
debug_algorithm_dqn_statev1_sparse_seed44_20261010_222347_402045_cb915684,dqn,44,v1,sparse,606,14234,-10.0,0,13,0.24087643983527393,0.44648584035726696,13235,True,False,True,23.578663300002518
debug_algorithm_dqn_statev1_sparse_seed44_20261010_222347_402045_cb915684,dqn,44,v1,sparse,607,14256,0.0,1,22,0.24034706772143885,0.5847169919447466,13257,True,False,True,23.61500520000118
debug_algorithm_dqn_statev1_sparse_seed44_20261010_222347_402045_cb915684,dqn,44,v1,sparse,608,14263,-10.0,0,7,0.24017887523850676,0.5068393136773791,13264,True,False,True,23.6262945999988
debug_algorithm_dqn_statev1_sparse_seed44_20261010_222347_402045_cb915684,dqn,44,v1,sparse,609,14289,10.0,2,26,0.23955519012012505,0.45969273092655033,13290,True,False,True,23.666324099998747
debug_algorithm_dqn_statev1_sparse_seed44_20261010_222347_402045_cb915684,dqn,44,v1,sparse,610,14299,10.0,2,10,0.2393157427010989,0.40652920603752135,13300,True,False,True,23.682419700002356
debug_algorithm_dqn_statev1_sparse_seed44_20261010_222347_402045_cb915684,dqn,44,v1,sparse,611,14305,-10.0,0,6,0.23917218914805372,0.5177122006813685,13306,True,False,True,23.691856099998404
debug_algorithm_dqn_statev1_sparse_seed44_20261010_222347_402045_cb915684,dqn,44,v1,sparse,612,14330,20.0,3,25,0.2385749756419575,0.502501021027565,13331,True,False,True,23.73048220000055
debug_algorithm_dqn_statev1_sparse_seed44_20261010_222347_402045_cb915684,dqn,44,v1,sparse,613,14339,-10.0,0,9,0.2383603440308337,0.3986346671978633,13340,True,False,True,23.7460573999997
debug_algorithm_dqn_statev1_sparse_seed44_20261010_222347_402045_cb915684,dqn,44,v1,sparse,614,14351,0.0,1,12,0.2380744688833963,0.5457309832175573,13352,True,False,True,23.764166699998896
debug_algorithm_dqn_statev1_sparse_seed44_20261010_222347_402045_cb915684,dqn,44,v1,sparse,615,14352,-10.0,0,1,0.23805066143650797,0.4565511643886566,13353,True,False,True,23.766080400004284
debug_algorithm_dqn_statev1_sparse_seed44_20261010_222347_402045_cb915684,dqn,44,v1,sparse,616,14389,30.0,4,37,0.23717145755851562,0.46203351000676285,13390,True,False,True,23.83401589999994
debug_algorithm_dqn_statev1_sparse_seed44_20261010_222347_402045_cb915684,dqn,44,v1,sparse,617,14401,0.0,1,12,0.2368870082904414,0.45902914678057033,13402,True,False,True,23.859225699998206
debug_algorithm_dqn_statev1_sparse_seed44_20261010_222347_402045_cb915684,dqn,44,v1,sparse,618,14468,30.0,4,67,0.23530509157671078,0.5132116911126606,13469,True,False,True,23.971619800002372
debug_algorithm_dqn_statev1_sparse_seed44_20261010_222347_402045_cb915684,dqn,44,v1,sparse,619,14537,40.0,5,69,0.23368699439402088,0.5108406146367391,13538,True,False,True,24.115628100000322
debug_algorithm_dqn_statev1_sparse_seed44_20261010_222347_402045_cb915684,dqn,44,v1,sparse,620,14569,0.0,1,32,0.2329403539412047,0.466621050494723,13570,True,False,True,24.169447500004026
debug_algorithm_dqn_statev1_sparse_seed44_20261010_222347_402045_cb915684,dqn,44,v1,sparse,621,14631,20.0,3,62,0.23150051985203773,0.4967059499674266,13632,True,False,True,24.274699200002942
debug_algorithm_dqn_statev1_sparse_seed44_20261010_222347_402045_cb915684,dqn,44,v1,sparse,622,14678,0.0,1,47,0.23041496617969753,0.4921061835707502,13679,True,False,True,24.362586900002498
debug_algorithm_dqn_statev1_sparse_seed44_20261010_222347_402045_cb915684,dqn,44,v1,sparse,623,14685,0.0,1,7,0.23025372408245096,0.4828134796449116,13686,True,False,True,24.37394250000216
debug_algorithm_dqn_statev1_sparse_seed44_20261010_222347_402045_cb915684,dqn,44,v1,sparse,624,14763,40.0,5,78,0.22846464206995534,0.4997643553293668,13764,True,False,True,24.51108280000335
debug_algorithm_dqn_statev1_sparse_seed44_20261010_222347_402045_cb915684,dqn,44,v1,sparse,625,14835,50.0,6,72,0.22682552260114416,0.5010060119546123,13836,True,False,True,24.639329999998154
debug_algorithm_dqn_statev1_sparse_seed44_20261010_222347_402045_cb915684,dqn,44,v1,sparse,626,14908,40.0,5,73,0.2251756431779041,0.47361486946066766,13909,True,False,True,24.767130300002464
debug_algorithm_dqn_statev1_sparse_seed44_20261010_222347_402045_cb915684,dqn,44,v1,sparse,627,14941,10.0,2,33,0.22443375125517565,0.5300737316861297,13942,True,False,True,24.82552260000375
debug_algorithm_dqn_statev1_sparse_seed44_20261010_222347_402045_cb915684,dqn,44,v1,sparse,628,14953,10.0,2,12,0.224164578830581,0.49600303545594215,13954,True,False,True,24.846279600002163
debug_algorithm_dqn_statev1_sparse_seed44_20261010_222347_402045_cb915684,dqn,44,v1,sparse,629,14966,-10.0,0,13,0.2238733396623777,0.40053680539131165,13967,True,False,True,24.872490400004608
debug_algorithm_dqn_statev1_sparse_seed44_20261010_222347_402045_cb915684,dqn,44,v1,sparse,630,15017,30.0,4,51,0.22273443535860746,0.5011599911194221,14018,True,False,True,24.95617350000248
debug_algorithm_dqn_statev1_sparse_seed44_20261010_222347_402045_cb915684,dqn,44,v1,sparse,631,15115,90.0,10,98,0.22056219066309626,0.4883607888252151,14116,True,False,True,25.121659500000533
debug_algorithm_dqn_statev1_sparse_seed44_20261010_222347_402045_cb915684,dqn,44,v1,sparse,632,15117,-10.0,0,2,0.22051808043058554,0.30253712832927704,14118,True,False,True,25.124616500004777
debug_algorithm_dqn_statev1_sparse_seed44_20261010_222347_402045_cb915684,dqn,44,v1,sparse,633,15119,-10.0,0,2,0.22047397901968024,0.6820221543312073,14120,True,False,True,25.12746480000351
debug_algorithm_dqn_statev1_sparse_seed44_20261010_222347_402045_cb915684,dqn,44,v1,sparse,634,15149,10.0,2,30,0.21981351524990952,0.549272982776165,14150,True,False,True,25.17205880000256
debug_algorithm_dqn_statev1_sparse_seed44_20261010_222347_402045_cb915684,dqn,44,v1,sparse,635,15254,100.0,11,105,0.21751743405634089,0.47721111185493925,14255,True,False,True,25.339916900004027
debug_algorithm_dqn_statev1_sparse_seed44_20261010_222347_402045_cb915684,dqn,44,v1,sparse,636,15313,40.0,5,59,0.21623779585732,0.5083283696134212,14314,True,False,True,25.4371003999986
debug_algorithm_dqn_statev1_sparse_seed44_20261010_222347_402045_cb915684,dqn,44,v1,sparse,637,15353,30.0,4,40,0.21537452919424382,0.4862130280584097,14354,True,False,True,25.50146350000432
debug_algorithm_dqn_statev1_sparse_seed44_20261010_222347_402045_cb915684,dqn,44,v1,sparse,638,15416,70.0,8,63,0.21402186738495152,0.480563229156865,14417,True,False,True,25.59862720000092
debug_algorithm_dqn_statev1_sparse_seed44_20261010_222347_402045_cb915684,dqn,44,v1,sparse,639,15417,-10.0,0,1,0.21400046519821303,0.3908587694168091,14418,True,False,True,25.6001527000044
debug_algorithm_dqn_statev1_sparse_seed44_20261010_222347_402045_cb915684,dqn,44,v1,sparse,640,15543,60.0,7,126,0.21132084242987306,0.4795554144278405,14544,True,False,True,25.810332400003972
debug_algorithm_dqn_statev1_sparse_seed44_20261010_222347_402045_cb915684,dqn,44,v1,sparse,641,15567,10.0,2,24,0.21081425522607758,0.4894040711224079,14568,True,False,True,25.849761800003762
debug_algorithm_dqn_statev1_sparse_seed44_20261010_222347_402045_cb915684,dqn,44,v1,sparse,642,15568,-10.0,0,1,0.21079317380055498,0.34528854489326477,14569,True,False,True,25.851356600003783
debug_algorithm_dqn_statev1_sparse_seed44_20261010_222347_402045_cb915684,dqn,44,v1,sparse,643,15781,190.0,20,213,0.20635053909482215,0.4839771970791716,14782,True,False,True,26.20714980000048
debug_algorithm_dqn_statev1_sparse_seed44_20261010_222347_402045_cb915684,dqn,44,v1,sparse,644,15822,30.0,4,41,0.20550619176134546,0.49608936942205195,14823,True,False,True,26.27658060000249
debug_algorithm_dqn_statev1_sparse_seed44_20261010_222347_402045_cb915684,dqn,44,v1,sparse,645,15883,80.0,9,61,0.20425635736945494,0.4846025419528367,14884,True,False,True,26.377390800000285
debug_algorithm_dqn_statev1_sparse_seed44_20261010_222347_402045_cb915684,dqn,44,v1,sparse,646,15965,70.0,8,82,0.20258822053938086,0.5006982239826423,14966,True,False,True,26.532877999998163
debug_algorithm_dqn_statev1_sparse_seed44_20261010_222347_402045_cb915684,dqn,44,v1,sparse,647,15977,-10.0,0,12,0.20234524833839973,0.524508306135734,14978,True,False,True,26.552994800003944
debug_algorithm_dqn_statev1_sparse_seed44_20261010_222347_402045_cb915684,dqn,44,v1,sparse,648,16046,50.0,6,69,0.20095380256018408,0.5702705267762792,15047,True,False,True,26.66960150000523
debug_algorithm_dqn_statev1_sparse_seed44_20261010_222347_402045_cb915684,dqn,44,v1,sparse,649,16073,10.0,2,27,0.20041193205368132,0.5118737060714651,15074,True,False,True,26.716987300002074
debug_algorithm_dqn_statev1_sparse_seed44_20261010_222347_402045_cb915684,dqn,44,v1,sparse,650,16101,10.0,2,28,0.19985153554489493,0.5252780924950328,15102,True,False,True,26.764606299999286
debug_algorithm_dqn_statev1_sparse_seed44_20261010_222347_402045_cb915684,dqn,44,v1,sparse,651,16113,-10.0,0,12,0.1996118455602971,0.48940155530969304,15114,True,False,True,26.78416070000094
debug_algorithm_dqn_statev1_sparse_seed44_20261010_222347_402045_cb915684,dqn,44,v1,sparse,652,16141,10.0,2,28,0.19905368627198466,0.49685460329055786,15142,True,False,True,26.826644400003715
debug_algorithm_dqn_statev1_sparse_seed44_20261010_222347_402045_cb915684,dqn,44,v1,sparse,653,16199,40.0,5,58,0.19790245911547694,0.5042377050066816,15200,True,False,True,26.925809400003345
debug_algorithm_dqn_statev1_sparse_seed44_20261010_222347_402045_cb915684,dqn,44,v1,sparse,654,16210,20.0,3,11,0.19768487522415512,0.49171927029436285,15211,True,False,True,26.942650199998752
debug_algorithm_dqn_statev1_sparse_seed44_20261010_222347_402045_cb915684,dqn,44,v1,sparse,655,16273,70.0,8,63,0.19644331345735372,0.5390609220143349,15274,True,False,True,27.041174999998475
debug_algorithm_dqn_statev1_sparse_seed44_20261010_222347_402045_cb915684,dqn,44,v1,sparse,656,16294,10.0,2,21,0.19603119476889946,0.5801829411869958,15295,True,False,True,27.078404100000625
debug_algorithm_dqn_statev1_sparse_seed44_20261010_222347_402045_cb915684,dqn,44,v1,sparse,657,16297,-10.0,0,3,0.1959723912912086,0.45076005657513935,15298,True,False,True,27.084689800001797
debug_algorithm_dqn_statev1_sparse_seed44_20261010_222347_402045_cb915684,dqn,44,v1,sparse,658,16389,70.0,8,92,0.1941776241400777,0.5118125559681136,15390,True,False,True,27.261276400000497
debug_algorithm_dqn_statev1_sparse_seed44_20261010_222347_402045_cb915684,dqn,44,v1,sparse,659,16411,10.0,2,22,0.19375088161838971,0.4613158790902658,15412,True,False,True,27.298701799998526
debug_algorithm_dqn_statev1_sparse_seed44_20261010_222347_402045_cb915684,dqn,44,v1,sparse,660,16424,10.0,2,13,0.19349915654257466,0.477312656549307,15425,True,False,True,27.324161100004858
debug_algorithm_dqn_statev1_sparse_seed44_20261010_222347_402045_cb915684,dqn,44,v1,sparse,661,16436,10.0,2,12,0.19326708522160668,0.5208234116435051,15437,True,False,True,27.34720440000092
debug_algorithm_dqn_statev1_sparse_seed44_20261010_222347_402045_cb915684,dqn,44,v1,sparse,662,16508,30.0,4,72,0.19188049060811657,0.48624221173425514,15509,True,False,True,27.483501399998204
debug_algorithm_dqn_statev1_sparse_seed44_20261010_222347_402045_cb915684,dqn,44,v1,sparse,663,16590,50.0,6,82,0.19031342597679582,0.5378389039599314,15591,True,False,True,27.62348010000278
debug_algorithm_dqn_statev1_sparse_seed44_20261010_222347_402045_cb915684,dqn,44,v1,sparse,664,16653,20.0,3,63,0.1891181606681379,0.5588299823658807,15654,True,False,True,27.739953600001172
debug_algorithm_dqn_statev1_sparse_seed44_20261010_222347_402045_cb915684,dqn,44,v1,sparse,665,16698,50.0,6,45,0.18826899853415074,0.5730557100640403,15699,True,False,True,27.816201400004502
debug_algorithm_dqn_statev1_sparse_seed44_20261010_222347_402045_cb915684,dqn,44,v1,sparse,666,16751,30.0,4,53,0.18727376278383767,0.5072905350968523,15752,True,False,True,27.908237200004805
debug_algorithm_dqn_statev1_sparse_seed44_20261010_222347_402045_cb915684,dqn,44,v1,sparse,667,16843,70.0,8,92,0.18555865998033277,0.49821404140928516,15844,True,False,True,28.064028300002974
debug_algorithm_dqn_statev1_sparse_seed44_20261010_222347_402045_cb915684,dqn,44,v1,sparse,668,16947,70.0,8,104,0.18363875473254385,0.5480242867309314,15948,True,False,True,28.235036500002025
debug_algorithm_dqn_statev1_sparse_seed44_20261010_222347_402045_cb915684,dqn,44,v1,sparse,669,17052,60.0,7,105,0.18172054014654626,0.49976908628429684,16053,True,False,True,28.40712699999858
debug_algorithm_dqn_statev1_sparse_seed44_20261010_222347_402045_cb915684,dqn,44,v1,sparse,670,17087,10.0,2,35,0.18108559830483723,0.4742922425270081,16088,True,False,True,28.468412300004275
debug_algorithm_dqn_statev1_sparse_seed44_20261010_222347_402045_cb915684,dqn,44,v1,sparse,671,17191,130.0,14,104,0.17921197413379975,0.5104350176854775,16192,True,False,True,28.638310000002093
debug_algorithm_dqn_statev1_sparse_seed44_20261010_222347_402045_cb915684,dqn,44,v1,sparse,672,17204,10.0,2,13,0.17897913830152384,0.41689881453147304,16205,True,False,True,28.661272099998314
debug_algorithm_dqn_statev1_sparse_seed44_20261010_222347_402045_cb915684,dqn,44,v1,sparse,673,17209,-10.0,0,5,0.17888966662849723,0.6389363050460816,16210,True,False,True,28.66860920000181
debug_algorithm_dqn_statev1_sparse_seed44_20261010_222347_402045_cb915684,dqn,44,v1,sparse,674,17228,10.0,2,19,0.17855008198995828,0.4990701600909233,16229,True,False,True,28.702455999999074
debug_algorithm_dqn_statev1_sparse_seed44_20261010_222347_402045_cb915684,dqn,44,v1,sparse,675,17276,40.0,5,48,0.1776950525566003,0.5234462244746586,16277,True,False,True,28.781693000004452
debug_algorithm_dqn_statev1_sparse_seed44_20261010_222347_402045_cb915684,dqn,44,v1,sparse,676,17403,110.0,12,127,0.17545248371438882,0.5061998653012937,16404,True,False,True,28.9879906999995
debug_algorithm_dqn_statev1_sparse_seed44_20261010_222347_402045_cb915684,dqn,44,v1,sparse,677,17450,30.0,4,47,0.1746297508404449,0.5606786836969092,16451,True,False,True,29.065154800002347
debug_algorithm_dqn_statev1_sparse_seed44_20261010_222347_402045_cb915684,dqn,44,v1,sparse,678,17474,10.0,2,24,0.17421112106327502,0.5159924725691477,16475,True,False,True,29.10628970000107
debug_algorithm_dqn_statev1_sparse_seed44_20261010_222347_402045_cb915684,dqn,44,v1,sparse,679,17491,0.0,1,17,0.17391519896617003,0.4252990672693533,16492,True,False,True,29.135269700003846
debug_algorithm_dqn_statev1_sparse_seed44_20261010_222347_402045_cb915684,dqn,44,v1,sparse,680,17502,-10.0,0,11,0.17372398787197643,0.4706170870499177,16503,True,False,True,29.15500769999926
debug_algorithm_dqn_statev1_sparse_seed44_20261010_222347_402045_cb915684,dqn,44,v1,sparse,681,17504,-10.0,0,2,0.17368924481164194,0.6654697060585022,16505,True,False,True,29.15841570000339
debug_algorithm_dqn_statev1_sparse_seed44_20261010_222347_402045_cb915684,dqn,44,v1,sparse,682,17583,90.0,10,79,0.1723224374341487,0.5292007076212123,16584,True,False,True,29.292723300000944
debug_algorithm_dqn_statev1_sparse_seed44_20261010_222347_402045_cb915684,dqn,44,v1,sparse,683,17720,130.0,14,137,0.16997760159992528,0.49684011987852356,16721,True,False,True,29.52368070000375
debug_algorithm_dqn_statev1_sparse_seed44_20261010_222347_402045_cb915684,dqn,44,v1,sparse,684,17747,10.0,2,27,0.16951925820010086,0.5205503288242552,16748,True,False,True,29.567553100001533
debug_algorithm_dqn_statev1_sparse_seed44_20261010_222347_402045_cb915684,dqn,44,v1,sparse,685,17900,110.0,12,153,0.16694522640438217,0.5300035987024992,16901,True,False,True,29.84174090000306
debug_algorithm_dqn_statev1_sparse_seed44_20261010_222347_402045_cb915684,dqn,44,v1,sparse,686,17999,80.0,9,99,0.16530054105344533,0.550914429504462,17000,True,False,True,30.01642630000424
debug_algorithm_dqn_statev1_sparse_seed44_20261010_222347_402045_cb915684,dqn,44,v1,sparse,687,18037,20.0,3,38,0.16467355966698988,0.5941607075694361,17038,True,False,True,30.08600650000153
debug_algorithm_dqn_statev1_sparse_seed44_20261010_222347_402045_cb915684,dqn,44,v1,sparse,688,18159,90.0,10,122,0.16267664832056855,0.5342224861999028,17160,True,False,True,30.32360830000107
debug_algorithm_dqn_statev1_sparse_seed44_20261010_222347_402045_cb915684,dqn,44,v1,sparse,689,18185,50.0,6,26,0.16225421731132597,0.5540626891530477,17186,True,False,True,30.376275200003874
debug_algorithm_dqn_statev1_sparse_seed44_20261010_222347_402045_cb915684,dqn,44,v1,sparse,690,18213,30.0,4,28,0.16180051829258305,0.5750424899160862,17214,True,False,True,30.430032399999618
debug_algorithm_dqn_statev1_sparse_seed44_20261010_222347_402045_cb915684,dqn,44,v1,sparse,691,18226,10.0,2,13,0.1615903037769436,0.6538512821380909,17227,True,False,True,30.456737699998484
debug_algorithm_dqn_statev1_sparse_seed44_20261010_222347_402045_cb915684,dqn,44,v1,sparse,692,18316,70.0,8,90,0.16014244379220702,0.5159394161568748,17317,True,False,True,30.615535500000988
debug_algorithm_dqn_statev1_sparse_seed44_20261010_222347_402045_cb915684,dqn,44,v1,sparse,693,18317,-10.0,0,1,0.1601264295478278,0.555109441280365,17318,True,False,True,30.617261100000178
debug_algorithm_dqn_statev1_sparse_seed44_20261010_222347_402045_cb915684,dqn,44,v1,sparse,694,18326,-10.0,0,9,0.1599823733933008,0.5513655973805321,17327,True,False,True,30.633345300004294
debug_algorithm_dqn_statev1_sparse_seed44_20261010_222347_402045_cb915684,dqn,44,v1,sparse,695,18391,60.0,7,65,0.15894580862239926,0.5267611634272795,17392,True,False,True,30.744831299998623
debug_algorithm_dqn_statev1_sparse_seed44_20261010_222347_402045_cb915684,dqn,44,v1,sparse,696,18559,110.0,12,168,0.15629769308655944,0.566659639234699,17560,True,False,True,31.040250500002003
debug_algorithm_dqn_statev1_sparse_seed44_20261010_222347_402045_cb915684,dqn,44,v1,sparse,697,18701,130.0,14,142,0.15409384004067206,0.5825855430792755,17702,True,False,True,31.295957700000145
debug_algorithm_dqn_statev1_sparse_seed44_20261010_222347_402045_cb915684,dqn,44,v1,sparse,698,18792,60.0,7,91,0.15269787756007422,0.5905942147249704,17793,True,False,True,31.466747899998154
debug_algorithm_dqn_statev1_sparse_seed44_20261010_222347_402045_cb915684,dqn,44,v1,sparse,699,18875,80.0,9,83,0.15143566748308127,0.5299817618117275,17876,True,False,True,31.628879700001562
debug_algorithm_dqn_statev1_sparse_seed44_20261010_222347_402045_cb915684,dqn,44,v1,sparse,700,18927,50.0,6,52,0.1506502067064876,0.5676317156220858,17928,True,False,True,31.748921999998856
debug_algorithm_dqn_statev1_sparse_seed44_20261010_222347_402045_cb915684,dqn,44,v1,sparse,701,18982,40.0,5,55,0.14982386377799617,0.5568232196298513,17983,True,False,True,31.869917000003625
debug_algorithm_dqn_statev1_sparse_seed44_20261010_222347_402045_cb915684,dqn,44,v1,sparse,702,19055,80.0,9,73,0.14873407764139665,0.5428737765305662,18056,True,False,True,32.00220239999908
debug_algorithm_dqn_statev1_sparse_seed44_20261010_222347_402045_cb915684,dqn,44,v1,sparse,703,19065,-10.0,0,10,0.14858541047624527,0.569712495803833,18066,True,False,True,32.02044040000328
debug_algorithm_dqn_statev1_sparse_seed44_20261010_222347_402045_cb915684,dqn,44,v1,sparse,704,19105,30.0,4,40,0.14799222633387518,0.5283280070871115,18106,True,False,True,32.086225099999865
debug_algorithm_dqn_statev1_sparse_seed44_20261010_222347_402045_cb915684,dqn,44,v1,sparse,705,19229,110.0,12,124,0.1461683628570769,0.5498647957799896,18230,True,False,True,32.31060750000324
debug_algorithm_dqn_statev1_sparse_seed44_20261010_222347_402045_cb915684,dqn,44,v1,sparse,706,19231,-10.0,0,2,0.14613913064618914,0.45586010813713074,18232,True,False,True,32.314988600002835
debug_algorithm_dqn_statev1_sparse_seed44_20261010_222347_402045_cb915684,dqn,44,v1,sparse,707,19291,50.0,6,60,0.14526487753116166,0.547632655253013,18292,True,False,True,32.42103430000134
debug_algorithm_dqn_statev1_sparse_seed44_20261010_222347_402045_cb915684,dqn,44,v1,sparse,708,19337,50.0,6,46,0.14459816038324855,0.5880865179326223,18338,True,False,True,32.500566000002436
debug_algorithm_dqn_statev1_sparse_seed44_20261010_222347_402045_cb915684,dqn,44,v1,sparse,709,19397,70.0,8,60,0.14373312586728212,0.5480735174069802,18398,True,False,True,32.60583410000254
debug_algorithm_dqn_statev1_sparse_seed44_20261010_222347_402045_cb915684,dqn,44,v1,sparse,710,19535,190.0,20,138,0.14176313443521,0.5295946807533071,18536,True,False,True,32.86795830000483
debug_algorithm_dqn_statev1_sparse_seed44_20261010_222347_402045_cb915684,dqn,44,v1,sparse,711,19554,0.0,1,19,0.14149402675742948,0.5516033407888914,18555,True,False,True,32.909414599998854
debug_algorithm_dqn_statev1_sparse_seed44_20261010_222347_402045_cb915684,dqn,44,v1,sparse,712,19564,-10.0,0,10,0.1413525963860078,0.5460727244615555,18565,True,False,True,32.9255994999985
debug_algorithm_dqn_statev1_sparse_seed44_20261010_222347_402045_cb915684,dqn,44,v1,sparse,713,19613,50.0,6,49,0.140661628368962,0.5252246701595734,18614,True,False,True,33.01883839999937
debug_algorithm_dqn_statev1_sparse_seed44_20261010_222347_402045_cb915684,dqn,44,v1,sparse,714,19663,40.0,5,50,0.13996004057833336,0.5840138790011405,18664,True,False,True,33.11362020000524
debug_algorithm_dqn_statev1_sparse_seed44_20261010_222347_402045_cb915684,dqn,44,v1,sparse,715,19700,10.0,2,37,0.13944311947549812,0.5450893688846279,18701,True,False,True,33.19036570000026
debug_algorithm_dqn_statev1_sparse_seed44_20261010_222347_402045_cb915684,dqn,44,v1,sparse,716,19821,130.0,14,121,0.13776594126167507,0.5475655748578142,18822,True,False,True,33.4304822999984
debug_algorithm_dqn_statev1_sparse_seed44_20261010_222347_402045_cb915684,dqn,44,v1,sparse,717,19871,30.0,4,50,0.13707879649110466,0.571726864874363,18872,True,False,True,33.52792590000172
debug_algorithm_dqn_statev1_sparse_seed44_20261010_222347_402045_cb915684,dqn,44,v1,sparse,718,19900,20.0,3,29,0.1366818240206338,0.5868501036331571,18901,True,False,True,33.580992300005164
debug_algorithm_dqn_statev1_sparse_seed44_20261010_222347_402045_cb915684,dqn,44,v1,sparse,719,20000,90.0,9,100,0.13532174948275888,0.5841605196893215,19001,False,False,False,33.754645699998946
