run_id,algorithm,seed,state_mode,reward_mode,episode,global_step,episode_return,score,episode_length,epsilon,loss,update_count,terminated,truncated,episode_complete,wall_clock_time
debug_algorithm_dueling_dqn_statev1_sparse_seed43_20261010_222704_637561_e009c4fd,dueling_dqn,43,v1,sparse,1,21,-10.0,0,21,0.9979020986705985,,0,True,False,True,0.014380599997821264
debug_algorithm_dueling_dqn_statev1_sparse_seed43_20261010_222704_637561_e009c4fd,dueling_dqn,43,v1,sparse,2,22,-10.0,0,1,0.9978023084607315,,0,True,False,True,0.01453369999944698
debug_algorithm_dueling_dqn_statev1_sparse_seed43_20261010_222704_637561_e009c4fd,dueling_dqn,43,v1,sparse,3,25,-10.0,0,3,0.9975029977012647,,0,True,False,True,0.014628899996750988
debug_algorithm_dueling_dqn_statev1_sparse_seed43_20261010_222704_637561_e009c4fd,dueling_dqn,43,v1,sparse,4,48,-10.0,0,23,0.9952112627234414,,0,True,False,True,0.014916400003130548
debug_algorithm_dueling_dqn_statev1_sparse_seed43_20261010_222704_637561_e009c4fd,dueling_dqn,43,v1,sparse,5,51,-10.0,0,3,0.9949127291999671,,0,True,False,True,0.015123999997740611
debug_algorithm_dueling_dqn_statev1_sparse_seed43_20261010_222704_637561_e009c4fd,dueling_dqn,43,v1,sparse,6,83,-10.0,0,32,0.9917339383024733,,0,True,False,True,0.015480499998375308
debug_algorithm_dueling_dqn_statev1_sparse_seed43_20261010_222704_637561_e009c4fd,dueling_dqn,43,v1,sparse,7,96,-10.0,0,13,0.990445457451587,,0,True,False,True,0.015650399996957276
debug_algorithm_dueling_dqn_statev1_sparse_seed43_20261010_222704_637561_e009c4fd,dueling_dqn,43,v1,sparse,8,97,-10.0,0,1,0.9903464129058418,,0,True,False,True,0.01570460000220919
debug_algorithm_dueling_dqn_statev1_sparse_seed43_20261010_222704_637561_e009c4fd,dueling_dqn,43,v1,sparse,9,99,-10.0,0,2,0.9901483535267248,,0,True,False,True,0.015767199998663273
debug_algorithm_dueling_dqn_statev1_sparse_seed43_20261010_222704_637561_e009c4fd,dueling_dqn,43,v1,sparse,10,117,0.0,1,18,0.9883676006096995,,0,True,False,True,0.016017699999792967
debug_algorithm_dueling_dqn_statev1_sparse_seed43_20261010_222704_637561_e009c4fd,dueling_dqn,43,v1,sparse,11,133,-10.0,0,16,0.9867873979365388,,0,True,False,True,0.016235600000072736
debug_algorithm_dueling_dqn_statev1_sparse_seed43_20261010_222704_637561_e009c4fd,dueling_dqn,43,v1,sparse,12,160,-10.0,0,27,0.9841265327012553,,0,True,False,True,0.016548400002648123
debug_algorithm_dueling_dqn_statev1_sparse_seed43_20261010_222704_637561_e009c4fd,dueling_dqn,43,v1,sparse,13,177,-10.0,0,17,0.982454855338776,,0,True,False,True,0.016809699998702854
debug_algorithm_dueling_dqn_statev1_sparse_seed43_20261010_222704_637561_e009c4fd,dueling_dqn,43,v1,sparse,14,200,-10.0,0,23,0.980197693043223,,0,True,False,True,0.01791100000264123
debug_algorithm_dueling_dqn_statev1_sparse_seed43_20261010_222704_637561_e009c4fd,dueling_dqn,43,v1,sparse,15,201,-10.0,0,1,0.9800996732739187,,0,True,False,True,0.018026099998678546
debug_algorithm_dueling_dqn_statev1_sparse_seed43_20261010_222704_637561_e009c4fd,dueling_dqn,43,v1,sparse,16,203,-10.0,0,2,0.9799036631402607,,0,True,False,True,0.018096799998602364
debug_algorithm_dueling_dqn_statev1_sparse_seed43_20261010_222704_637561_e009c4fd,dueling_dqn,43,v1,sparse,17,205,-10.0,0,2,0.9797076922066693,,0,True,False,True,0.018168900001910515
debug_algorithm_dueling_dqn_statev1_sparse_seed43_20261010_222704_637561_e009c4fd,dueling_dqn,43,v1,sparse,18,214,-10.0,0,9,0.9788263078961694,,0,True,False,True,0.018308500002603978
debug_algorithm_dueling_dqn_statev1_sparse_seed43_20261010_222704_637561_e009c4fd,dueling_dqn,43,v1,sparse,19,240,-10.0,0,26,0.9762845381376548,,0,True,False,True,0.018611300001794007
debug_algorithm_dueling_dqn_statev1_sparse_seed43_20261010_222704_637561_e009c4fd,dueling_dqn,43,v1,sparse,20,251,-10.0,0,11,0.9752111619411448,,0,True,False,True,0.018776700002490543
debug_algorithm_dueling_dqn_statev1_sparse_seed43_20261010_222704_637561_e009c4fd,dueling_dqn,43,v1,sparse,21,261,-10.0,0,10,0.9742363895072217,,0,True,False,True,0.019186099998478312
debug_algorithm_dueling_dqn_statev1_sparse_seed43_20261010_222704_637561_e009c4fd,dueling_dqn,43,v1,sparse,22,289,0.0,1,28,0.9715122070405492,,0,True,False,True,0.0199510000020382
debug_algorithm_dueling_dqn_statev1_sparse_seed43_20261010_222704_637561_e009c4fd,dueling_dqn,43,v1,sparse,23,296,-10.0,0,7,0.9708323524791846,,0,True,False,True,0.020162799999525305
debug_algorithm_dueling_dqn_statev1_sparse_seed43_20261010_222704_637561_e009c4fd,dueling_dqn,43,v1,sparse,24,301,-10.0,0,5,0.9703470333764725,,0,True,False,True,0.020269599997845944
debug_algorithm_dueling_dqn_statev1_sparse_seed43_20261010_222704_637561_e009c4fd,dueling_dqn,43,v1,sparse,25,308,-10.0,0,7,0.9696679941920274,,0,True,False,True,0.02038159999938216
debug_algorithm_dueling_dqn_statev1_sparse_seed43_20261010_222704_637561_e009c4fd,dueling_dqn,43,v1,sparse,26,314,-10.0,0,6,0.9690863388263196,,0,True,False,True,0.020486699999310076
debug_algorithm_dueling_dqn_statev1_sparse_seed43_20261010_222704_637561_e009c4fd,dueling_dqn,43,v1,sparse,27,320,-10.0,0,6,0.9685050323665944,,0,True,False,True,0.02058979999856092
debug_algorithm_dueling_dqn_statev1_sparse_seed43_20261010_222704_637561_e009c4fd,dueling_dqn,43,v1,sparse,28,353,-10.0,0,33,0.9653140741861533,,0,True,False,True,0.021133199996256735
debug_algorithm_dueling_dqn_statev1_sparse_seed43_20261010_222704_637561_e009c4fd,dueling_dqn,43,v1,sparse,29,369,-10.0,0,16,0.9637707295039442,,0,True,False,True,0.02150650000112364
debug_algorithm_dueling_dqn_statev1_sparse_seed43_20261010_222704_637561_e009c4fd,dueling_dqn,43,v1,sparse,30,372,-10.0,0,3,0.9634816271972511,,0,True,False,True,0.02159419999952661
debug_algorithm_dueling_dqn_statev1_sparse_seed43_20261010_222704_637561_e009c4fd,dueling_dqn,43,v1,sparse,31,377,-10.0,0,5,0.9629999827221808,,0,True,False,True,0.021713599999202415
debug_algorithm_dueling_dqn_statev1_sparse_seed43_20261010_222704_637561_e009c4fd,dueling_dqn,43,v1,sparse,32,388,-10.0,0,11,0.961941212232314,,0,True,False,True,0.021873799996683374
debug_algorithm_dueling_dqn_statev1_sparse_seed43_20261010_222704_637561_e009c4fd,dueling_dqn,43,v1,sparse,33,410,-10.0,0,22,0.9598271621689177,,0,True,False,True,0.0221529999980703
debug_algorithm_dueling_dqn_statev1_sparse_seed43_20261010_222704_637561_e009c4fd,dueling_dqn,43,v1,sparse,34,437,20.0,3,27,0.9572389950185903,,0,True,False,True,0.02296539999952074
debug_algorithm_dueling_dqn_statev1_sparse_seed43_20261010_222704_637561_e009c4fd,dueling_dqn,43,v1,sparse,35,439,-10.0,0,2,0.9570475567919766,,0,True,False,True,0.023063300002831966
debug_algorithm_dueling_dqn_statev1_sparse_seed43_20261010_222704_637561_e009c4fd,dueling_dqn,43,v1,sparse,36,443,-10.0,0,4,0.9566647951882852,,0,True,False,True,0.023157999996328726
debug_algorithm_dueling_dqn_statev1_sparse_seed43_20261010_222704_637561_e009c4fd,dueling_dqn,43,v1,sparse,37,467,0.0,1,24,0.9543714381393948,,0,True,False,True,0.023608000003150664
debug_algorithm_dueling_dqn_statev1_sparse_seed43_20261010_222704_637561_e009c4fd,dueling_dqn,43,v1,sparse,38,508,0.0,1,41,0.9504663309248748,,0,True,False,True,0.024217600002884865
debug_algorithm_dueling_dqn_statev1_sparse_seed43_20261010_222704_637561_e009c4fd,dueling_dqn,43,v1,sparse,39,518,-10.0,0,10,0.9495162921897629,,0,True,False,True,0.024389899997913744
debug_algorithm_dueling_dqn_statev1_sparse_seed43_20261010_222704_637561_e009c4fd,dueling_dqn,43,v1,sparse,40,520,-10.0,0,2,0.9493263984264878,,0,True,False,True,0.02446590000181459
debug_algorithm_dueling_dqn_statev1_sparse_seed43_20261010_222704_637561_e009c4fd,dueling_dqn,43,v1,sparse,41,522,-10.0,0,2,0.9491365426400665,,0,True,False,True,0.02456079999683425
debug_algorithm_dueling_dqn_statev1_sparse_seed43_20261010_222704_637561_e009c4fd,dueling_dqn,43,v1,sparse,42,527,-10.0,0,5,0.94866206927291,,0,True,False,True,0.02481190000253264
debug_algorithm_dueling_dqn_statev1_sparse_seed43_20261010_222704_637561_e009c4fd,dueling_dqn,43,v1,sparse,43,550,-10.0,0,23,0.9464825449493767,,0,True,False,True,0.02533679999760352
debug_algorithm_dueling_dqn_statev1_sparse_seed43_20261010_222704_637561_e009c4fd,dueling_dqn,43,v1,sparse,44,554,-10.0,0,4,0.9461040087165637,,0,True,False,True,0.02547670000058133
debug_algorithm_dueling_dqn_statev1_sparse_seed43_20261010_222704_637561_e009c4fd,dueling_dqn,43,v1,sparse,45,583,-10.0,0,29,0.9433641448187432,,0,True,False,True,0.026038800002424978
debug_algorithm_dueling_dqn_statev1_sparse_seed43_20261010_222704_637561_e009c4fd,dueling_dqn,43,v1,sparse,46,584,-10.0,0,1,0.9432698084042613,,0,True,False,True,0.026124999996682163
debug_algorithm_dueling_dqn_statev1_sparse_seed43_20261010_222704_637561_e009c4fd,dueling_dqn,43,v1,sparse,47,589,-10.0,0,5,0.9427982678176078,,0,True,False,True,0.026441800000611693
debug_algorithm_dueling_dqn_statev1_sparse_seed43_20261010_222704_637561_e009c4fd,dueling_dqn,43,v1,sparse,48,592,-10.0,0,3,0.9425154566202677,,0,True,False,True,0.026531399998930283
debug_algorithm_dueling_dqn_statev1_sparse_seed43_20261010_222704_637561_e009c4fd,dueling_dqn,43,v1,sparse,49,618,-10.0,0,26,0.9400679771591576,,0,True,False,True,0.02682230000209529
debug_algorithm_dueling_dqn_statev1_sparse_seed43_20261010_222704_637561_e009c4fd,dueling_dqn,43,v1,sparse,50,627,-10.0,0,9,0.9392222543252324,,0,True,False,True,0.026957100002618972
debug_algorithm_dueling_dqn_statev1_sparse_seed43_20261010_222704_637561_e009c4fd,dueling_dqn,43,v1,sparse,51,655,-10.0,0,28,0.9365959791982735,,0,True,False,True,0.027616799998213537
debug_algorithm_dueling_dqn_statev1_sparse_seed43_20261010_222704_637561_e009c4fd,dueling_dqn,43,v1,sparse,52,660,-10.0,0,5,0.9361277748589067,,0,True,False,True,0.027743799997551832
debug_algorithm_dueling_dqn_statev1_sparse_seed43_20261010_222704_637561_e009c4fd,dueling_dqn,43,v1,sparse,53,661,-10.0,0,1,0.9360341620814209,,0,True,False,True,0.027805700003227685
debug_algorithm_dueling_dqn_statev1_sparse_seed43_20261010_222704_637561_e009c4fd,dueling_dqn,43,v1,sparse,54,712,-10.0,0,51,0.931272302820831,,0,True,False,True,0.02860330000112299
debug_algorithm_dueling_dqn_statev1_sparse_seed43_20261010_222704_637561_e009c4fd,dueling_dqn,43,v1,sparse,55,716,-10.0,0,4,0.9308998497723158,,0,True,False,True,0.02870919999986654
debug_algorithm_dueling_dqn_statev1_sparse_seed43_20261010_222704_637561_e009c4fd,dueling_dqn,43,v1,sparse,56,724,-10.0,0,8,0.930155390492332,,0,True,False,True,0.028966600002604537
debug_algorithm_dueling_dqn_statev1_sparse_seed43_20261010_222704_637561_e009c4fd,dueling_dqn,43,v1,sparse,57,726,-10.0,0,2,0.9299693687157875,,0,True,False,True,0.029148599998734426
debug_algorithm_dueling_dqn_statev1_sparse_seed43_20261010_222704_637561_e009c4fd,dueling_dqn,43,v1,sparse,58,792,-10.0,0,66,0.9238514762367666,,0,True,False,True,0.030249700001149904
debug_algorithm_dueling_dqn_statev1_sparse_seed43_20261010_222704_637561_e009c4fd,dueling_dqn,43,v1,sparse,59,794,-10.0,0,2,0.923666715180034,,0,True,False,True,0.030327399996167514
debug_algorithm_dueling_dqn_statev1_sparse_seed43_20261010_222704_637561_e009c4fd,dueling_dqn,43,v1,sparse,60,801,-10.0,0,7,0.9230203424170932,,0,True,False,True,0.030658800002129283
debug_algorithm_dueling_dqn_statev1_sparse_seed43_20261010_222704_637561_e009c4fd,dueling_dqn,43,v1,sparse,61,809,0.0,1,8,0.9222821845371728,,0,True,False,True,0.030832700002065394
debug_algorithm_dueling_dqn_statev1_sparse_seed43_20261010_222704_637561_e009c4fd,dueling_dqn,43,v1,sparse,62,823,-10.0,0,14,0.9209918284199904,,0,True,False,True,0.031238999996276107
debug_algorithm_dueling_dqn_statev1_sparse_seed43_20261010_222704_637561_e009c4fd,dueling_dqn,43,v1,sparse,63,850,-10.0,0,27,0.9185083804722889,,0,True,False,True,0.031865999997535255
debug_algorithm_dueling_dqn_statev1_sparse_seed43_20261010_222704_637561_e009c4fd,dueling_dqn,43,v1,sparse,64,871,-10.0,0,21,0.9165814405198298,,0,True,False,True,0.03234900000097696
debug_algorithm_dueling_dqn_statev1_sparse_seed43_20261010_222704_637561_e009c4fd,dueling_dqn,43,v1,sparse,65,875,-10.0,0,4,0.9162148629348421,,0,True,False,True,0.032676199996785726
debug_algorithm_dueling_dqn_statev1_sparse_seed43_20261010_222704_637561_e009c4fd,dueling_dqn,43,v1,sparse,66,876,-10.0,0,1,0.9161232414485486,,0,True,False,True,0.03282839999883436
debug_algorithm_dueling_dqn_statev1_sparse_seed43_20261010_222704_637561_e009c4fd,dueling_dqn,43,v1,sparse,67,900,-10.0,0,24,0.9139270723159584,,0,True,False,True,0.03432009999960428
debug_algorithm_dueling_dqn_statev1_sparse_seed43_20261010_222704_637561_e009c4fd,dueling_dqn,43,v1,sparse,68,909,-10.0,0,9,0.9131048668878616,,0,True,False,True,0.03516069999750471
debug_algorithm_dueling_dqn_statev1_sparse_seed43_20261010_222704_637561_e009c4fd,dueling_dqn,43,v1,sparse,69,919,-10.0,0,10,0.9121921728086106,,0,True,False,True,0.03567309999925783
debug_algorithm_dueling_dqn_statev1_sparse_seed43_20261010_222704_637561_e009c4fd,dueling_dqn,43,v1,sparse,70,942,-10.0,0,23,0.9100964370426634,,0,True,False,True,0.036753200001840014
debug_algorithm_dueling_dqn_statev1_sparse_seed43_20261010_222704_637561_e009c4fd,dueling_dqn,43,v1,sparse,71,943,-10.0,0,1,0.9100054273989592,,0,True,False,True,0.036929200003214646
debug_algorithm_dueling_dqn_statev1_sparse_seed43_20261010_222704_637561_e009c4fd,dueling_dqn,43,v1,sparse,72,947,-10.0,0,4,0.9096414798246854,,0,True,False,True,0.037033300002804026
debug_algorithm_dueling_dqn_statev1_sparse_seed43_20261010_222704_637561_e009c4fd,dueling_dqn,43,v1,sparse,73,1001,-10.0,0,54,0.9047424102692004,0.6729874163866043,2,True,False,True,0.043636700000206474
debug_algorithm_dueling_dqn_statev1_sparse_seed43_20261010_222704_637561_e009c4fd,dueling_dqn,43,v1,sparse,74,1009,-10.0,0,8,0.9040188696182008,0.7857903577387333,10,True,False,True,0.05892969999695197
debug_algorithm_dueling_dqn_statev1_sparse_seed43_20261010_222704_637561_e009c4fd,dueling_dqn,43,v1,sparse,75,1109,0.0,1,100,0.8950232840300215,0.6360540448874236,110,True,False,True,0.2645249999986845
debug_algorithm_dueling_dqn_statev1_sparse_seed43_20261010_222704_637561_e009c4fd,dueling_dqn,43,v1,sparse,76,1114,-10.0,0,5,0.8945758618813853,0.2456283912062645,115,True,False,True,0.2770146999973804
debug_algorithm_dueling_dqn_statev1_sparse_seed43_20261010_222704_637561_e009c4fd,dueling_dqn,43,v1,sparse,77,1175,-10.0,0,61,0.8891352877130271,0.11116841105652638,176,True,False,True,0.41537209999660263
debug_algorithm_dueling_dqn_statev1_sparse_seed43_20261010_222704_637561_e009c4fd,dueling_dqn,43,v1,sparse,78,1198,-10.0,0,23,0.8870925244896938,0.07986313550044662,199,True,False,True,0.4678591999982018
debug_algorithm_dueling_dqn_statev1_sparse_seed43_20261010_222704_637561_e009c4fd,dueling_dqn,43,v1,sparse,79,1219,-10.0,0,21,0.8852314919032646,0.07049090448500854,220,True,False,True,0.5174803999980213
debug_algorithm_dueling_dqn_statev1_sparse_seed43_20261010_222704_637561_e009c4fd,dueling_dqn,43,v1,sparse,80,1221,-10.0,0,2,0.8850544544571989,0.08291508816182613,222,True,False,True,0.5217006000020774
debug_algorithm_dueling_dqn_statev1_sparse_seed43_20261010_222704_637561_e009c4fd,dueling_dqn,43,v1,sparse,81,1258,0.0,1,37,0.8817856405673423,0.05674114386626595,259,True,False,True,0.6198978999964311
debug_algorithm_dueling_dqn_statev1_sparse_seed43_20261010_222704_637561_e009c4fd,dueling_dqn,43,v1,sparse,82,1261,-10.0,0,3,0.8815211313278596,0.10103062586858869,262,True,False,True,0.6273966000007931
debug_algorithm_dueling_dqn_statev1_sparse_seed43_20261010_222704_637561_e009c4fd,dueling_dqn,43,v1,sparse,83,1286,-10.0,0,25,0.8793199710365504,0.08624557834118604,287,True,False,True,0.6852452000021003
debug_algorithm_dueling_dqn_statev1_sparse_seed43_20261010_222704_637561_e009c4fd,dueling_dqn,43,v1,sparse,84,1287,-10.0,0,1,0.8792320390394467,0.14743438363075256,288,True,False,True,0.6878524999992806
debug_algorithm_dueling_dqn_statev1_sparse_seed43_20261010_222704_637561_e009c4fd,dueling_dqn,43,v1,sparse,85,1312,-10.0,0,25,0.8770365946168437,0.09725049049593508,313,True,False,True,0.7395584999976563
debug_algorithm_dueling_dqn_statev1_sparse_seed43_20261010_222704_637561_e009c4fd,dueling_dqn,43,v1,sparse,86,1331,-10.0,0,19,0.87537172397014,0.08052139487852783,332,True,False,True,0.7784650999965379
debug_algorithm_dueling_dqn_statev1_sparse_seed43_20261010_222704_637561_e009c4fd,dueling_dqn,43,v1,sparse,87,1341,-10.0,0,10,0.8744967460584195,0.07670207389164715,342,True,False,True,0.8044318000029307
debug_algorithm_dueling_dqn_statev1_sparse_seed43_20261010_222704_637561_e009c4fd,dueling_dqn,43,v1,sparse,88,1348,-10.0,0,7,0.873884781949891,0.08728033756571156,349,True,False,True,0.8213439000028302
debug_algorithm_dueling_dqn_statev1_sparse_seed43_20261010_222704_637561_e009c4fd,dueling_dqn,43,v1,sparse,89,1350,-10.0,0,2,0.8737100137323489,0.07819757470861077,351,True,False,True,0.8251403999965987
debug_algorithm_dueling_dqn_statev1_sparse_seed43_20261010_222704_637561_e009c4fd,dueling_dqn,43,v1,sparse,90,1368,-10.0,0,18,0.8721386717712716,0.044129179816486105,369,True,False,True,0.8702381999974023
debug_algorithm_dueling_dqn_statev1_sparse_seed43_20261010_222704_637561_e009c4fd,dueling_dqn,43,v1,sparse,91,1375,-10.0,0,7,0.871528357819631,0.10878963176427144,376,True,False,True,0.8868332999991253
debug_algorithm_dueling_dqn_statev1_sparse_seed43_20261010_222704_637561_e009c4fd,dueling_dqn,43,v1,sparse,92,1384,-10.0,0,9,0.8707442959746048,0.069389936229628,385,True,False,True,0.9038881000014953
debug_algorithm_dueling_dqn_statev1_sparse_seed43_20261010_222704_637561_e009c4fd,dueling_dqn,43,v1,sparse,93,1388,-10.0,0,4,0.8703960504973899,0.11449107911903411,389,True,False,True,0.9103496000025189
debug_algorithm_dueling_dqn_statev1_sparse_seed43_20261010_222704_637561_e009c4fd,dueling_dqn,43,v1,sparse,94,1389,-10.0,0,1,0.8703090108923401,0.006570653058588505,390,True,False,True,0.9121910000030766
debug_algorithm_dueling_dqn_statev1_sparse_seed43_20261010_222704_637561_e009c4fd,dueling_dqn,43,v1,sparse,95,1390,-10.0,0,1,0.870221979991251,0.007992960512638092,391,True,False,True,0.9143007000020589
debug_algorithm_dueling_dqn_statev1_sparse_seed43_20261010_222704_637561_e009c4fd,dueling_dqn,43,v1,sparse,96,1466,-10.0,0,76,0.8636330332046294,0.06756231131868462,467,True,False,True,1.0796552000028896
debug_algorithm_dueling_dqn_statev1_sparse_seed43_20261010_222704_637561_e009c4fd,dueling_dqn,43,v1,sparse,97,1477,0.0,1,11,0.8626835117238016,0.06801098253345117,478,True,False,True,1.1037291000029654
debug_algorithm_dueling_dqn_statev1_sparse_seed43_20261010_222704_637561_e009c4fd,dueling_dqn,43,v1,sparse,98,1480,-10.0,0,3,0.8624247325499271,0.0020759200754885874,481,True,False,True,1.1101446999964537
debug_algorithm_dueling_dqn_statev1_sparse_seed43_20261010_222704_637561_e009c4fd,dueling_dqn,43,v1,sparse,99,1493,-10.0,0,13,0.861304252842312,0.06016122528280203,494,True,False,True,1.1362108000030275
debug_algorithm_dueling_dqn_statev1_sparse_seed43_20261010_222704_637561_e009c4fd,dueling_dqn,43,v1,sparse,100,1500,-10.0,0,7,0.8607015207090729,0.10813375283032656,501,True,False,True,1.151848000001337
debug_algorithm_dueling_dqn_statev1_sparse_seed43_20261010_222704_637561_e009c4fd,dueling_dqn,43,v1,sparse,101,1509,-10.0,0,9,0.8599271991206943,0.05163169883760727,510,True,False,True,1.1892157999973278
debug_algorithm_dueling_dqn_statev1_sparse_seed43_20261010_222704_637561_e009c4fd,dueling_dqn,43,v1,sparse,102,1536,-10.0,0,27,0.857608411513759,0.034745699564357184,537,True,False,True,1.249877900001593
debug_algorithm_dueling_dqn_statev1_sparse_seed43_20261010_222704_637561_e009c4fd,dueling_dqn,43,v1,sparse,103,1546,-10.0,0,10,0.8567511889231355,0.11737544590141624,547,True,False,True,1.2704467000003206
debug_algorithm_dueling_dqn_statev1_sparse_seed43_20261010_222704_637561_e009c4fd,dueling_dqn,43,v1,sparse,104,1551,-10.0,0,5,0.8563228989952257,0.09023939128965139,552,True,False,True,1.2845702999984496
debug_algorithm_dueling_dqn_statev1_sparse_seed43_20261010_222704_637561_e009c4fd,dueling_dqn,43,v1,sparse,105,1574,0.0,1,23,0.8543555213086812,0.042314958029791065,575,True,False,True,1.3377044000008027
debug_algorithm_dueling_dqn_statev1_sparse_seed43_20261010_222704_637561_e009c4fd,dueling_dqn,43,v1,sparse,106,1582,-10.0,0,8,0.8536722760633424,0.11208504339447245,583,True,False,True,1.3576134999966598
debug_algorithm_dueling_dqn_statev1_sparse_seed43_20261010_222704_637561_e009c4fd,dueling_dqn,43,v1,sparse,107,1584,-10.0,0,2,0.8535015501448525,0.004303112160414457,585,True,False,True,1.3629277000000002
debug_algorithm_dueling_dqn_statev1_sparse_seed43_20261010_222704_637561_e009c4fd,dueling_dqn,43,v1,sparse,108,1606,0.0,1,22,0.8516258170093467,0.061182282865047455,607,True,False,True,1.4131664000015007
debug_algorithm_dueling_dqn_statev1_sparse_seed43_20261010_222704_637561_e009c4fd,dueling_dqn,43,v1,sparse,109,1624,-10.0,0,18,0.8500941928315641,0.04376213728553719,625,True,False,True,1.4544323000009172
debug_algorithm_dueling_dqn_statev1_sparse_seed43_20261010_222704_637561_e009c4fd,dueling_dqn,43,v1,sparse,110,1652,-10.0,0,28,0.8477171396645162,0.0644632565007279,653,True,False,True,1.5264322000002721
debug_algorithm_dueling_dqn_statev1_sparse_seed43_20261010_222704_637561_e009c4fd,dueling_dqn,43,v1,sparse,111,1673,-10.0,0,21,0.8459387127502577,0.12120871814078696,674,True,False,True,1.5930515000000014
debug_algorithm_dueling_dqn_statev1_sparse_seed43_20261010_222704_637561_e009c4fd,dueling_dqn,43,v1,sparse,112,1676,-10.0,0,3,0.845684956513748,0.09981080222253998,677,True,False,True,1.6034419999996317
debug_algorithm_dueling_dqn_statev1_sparse_seed43_20261010_222704_637561_e009c4fd,dueling_dqn,43,v1,sparse,113,1710,-10.0,0,34,0.8428143668975484,0.09099018247113289,711,True,False,True,1.716313099997933
debug_algorithm_dueling_dqn_statev1_sparse_seed43_20261010_222704_637561_e009c4fd,dueling_dqn,43,v1,sparse,114,1782,-10.0,0,72,0.8367675956122459,0.06669385527897652,783,True,False,True,1.9764162999999826
debug_algorithm_dueling_dqn_statev1_sparse_seed43_20261010_222704_637561_e009c4fd,dueling_dqn,43,v1,sparse,115,1787,-10.0,0,5,0.8363492954828321,0.03209218424744904,788,True,False,True,1.99367920000077
debug_algorithm_dueling_dqn_statev1_sparse_seed43_20261010_222704_637561_e009c4fd,dueling_dqn,43,v1,sparse,116,1797,-10.0,0,10,0.8355133224441879,0.046582506934646516,798,True,False,True,2.023370499999146
debug_algorithm_dueling_dqn_statev1_sparse_seed43_20261010_222704_637561_e009c4fd,dueling_dqn,43,v1,sparse,117,1825,-10.0,0,28,0.8331770406462715,0.053831561701372266,826,True,False,True,2.1003895999965607
debug_algorithm_dueling_dqn_statev1_sparse_seed43_20261010_222704_637561_e009c4fd,dueling_dqn,43,v1,sparse,118,1868,-10.0,0,43,0.8296018926882063,0.06603497658520503,869,True,False,True,2.221199200001138
debug_algorithm_dueling_dqn_statev1_sparse_seed43_20261010_222704_637561_e009c4fd,dueling_dqn,43,v1,sparse,119,1883,-10.0,0,15,0.8283583605538057,0.07054033098587145,884,True,False,True,2.2580042999979923
debug_algorithm_dueling_dqn_statev1_sparse_seed43_20261010_222704_637561_e009c4fd,dueling_dqn,43,v1,sparse,120,1893,-10.0,0,10,0.8275303748551286,0.0319263864425011,894,True,False,True,2.2796071999982814
debug_algorithm_dueling_dqn_statev1_sparse_seed43_20261010_222704_637561_e009c4fd,dueling_dqn,43,v1,sparse,121,1931,-10.0,0,38,0.8243915699942728,0.06331188850239605,932,True,False,True,2.3790207999991253
debug_algorithm_dueling_dqn_statev1_sparse_seed43_20261010_222704_637561_e009c4fd,dueling_dqn,43,v1,sparse,122,1940,-10.0,0,9,0.8236499142930047,0.06529565952304336,941,True,False,True,2.404641300003277
debug_algorithm_dueling_dqn_statev1_sparse_seed43_20261010_222704_637561_e009c4fd,dueling_dqn,43,v1,sparse,123,1962,0.0,1,22,0.8218397858450438,0.0614922835110602,963,True,False,True,2.4653920999990078
debug_algorithm_dueling_dqn_statev1_sparse_seed43_20261010_222704_637561_e009c4fd,dueling_dqn,43,v1,sparse,124,1984,-10.0,0,22,0.8200336355010579,0.06183593066155233,985,True,False,True,2.5257622999997693
debug_algorithm_dueling_dqn_statev1_sparse_seed43_20261010_222704_637561_e009c4fd,dueling_dqn,43,v1,sparse,125,2002,0.0,1,18,0.8185588289397216,0.05237667400312299,1003,True,False,True,2.580329399999755
debug_algorithm_dueling_dqn_statev1_sparse_seed43_20261010_222704_637561_e009c4fd,dueling_dqn,43,v1,sparse,126,2010,-10.0,0,8,0.8179042110272086,0.07694082980742678,1011,True,False,True,2.597961599996779
debug_algorithm_dueling_dqn_statev1_sparse_seed43_20261010_222704_637561_e009c4fd,dueling_dqn,43,v1,sparse,127,2018,-10.0,0,8,0.8172501166257691,0.02250269500655122,1019,True,False,True,2.620103299996117
debug_algorithm_dueling_dqn_statev1_sparse_seed43_20261010_222704_637561_e009c4fd,dueling_dqn,43,v1,sparse,128,2076,-10.0,0,58,0.8125235499113347,0.06397870662301008,1077,True,False,True,2.7755185999994865
debug_algorithm_dueling_dqn_statev1_sparse_seed43_20261010_222704_637561_e009c4fd,dueling_dqn,43,v1,sparse,129,2078,-10.0,0,2,0.8123610533265879,0.009028295520693064,1079,True,False,True,2.779557699999714
debug_algorithm_dueling_dqn_statev1_sparse_seed43_20261010_222704_637561_e009c4fd,dueling_dqn,43,v1,sparse,130,2085,-10.0,0,7,0.8117925711566507,0.11046969551326973,1086,True,False,True,2.7961782999991556
debug_algorithm_dueling_dqn_statev1_sparse_seed43_20261010_222704_637561_e009c4fd,dueling_dqn,43,v1,sparse,131,2096,-10.0,0,11,0.8109000456803733,0.07155082920904864,1097,True,False,True,2.8225935000009486
debug_algorithm_dueling_dqn_statev1_sparse_seed43_20261010_222704_637561_e009c4fd,dueling_dqn,43,v1,sparse,132,2130,-10.0,0,34,0.8081475298256491,0.10385758414015393,1131,True,False,True,2.9082190999979503
debug_algorithm_dueling_dqn_statev1_sparse_seed43_20261010_222704_637561_e009c4fd,dueling_dqn,43,v1,sparse,133,2156,-10.0,0,26,0.8060489706275987,0.04967487023140375,1157,True,False,True,2.9648839000001317
debug_algorithm_dueling_dqn_statev1_sparse_seed43_20261010_222704_637561_e009c4fd,dueling_dqn,43,v1,sparse,134,2159,-10.0,0,3,0.8058071801170735,0.09883579526407023,1160,True,False,True,2.9711596999986796
debug_algorithm_dueling_dqn_statev1_sparse_seed43_20261010_222704_637561_e009c4fd,dueling_dqn,43,v1,sparse,135,2183,-10.0,0,24,0.8038754652825121,0.07585967537791778,1184,True,False,True,3.0185415000014473
debug_algorithm_dueling_dqn_statev1_sparse_seed43_20261010_222704_637561_e009c4fd,dueling_dqn,43,v1,sparse,136,2185,-10.0,0,2,0.8037146982282102,0.07725220313295722,1186,True,False,True,3.022177599996212
debug_algorithm_dueling_dqn_statev1_sparse_seed43_20261010_222704_637561_e009c4fd,dueling_dqn,43,v1,sparse,137,2186,-10.0,0,1,0.8036343267583874,0.1454920470714569,1187,True,False,True,3.024300299999595
debug_algorithm_dueling_dqn_statev1_sparse_seed43_20261010_222704_637561_e009c4fd,dueling_dqn,43,v1,sparse,138,2187,-10.0,0,1,0.8035539633257116,0.14447234570980072,1188,True,False,True,3.0263976999995066
debug_algorithm_dueling_dqn_statev1_sparse_seed43_20261010_222704_637561_e009c4fd,dueling_dqn,43,v1,sparse,139,2224,0.0,1,37,0.8005861590924918,0.05466419287856568,1225,True,False,True,3.104685199999949
debug_algorithm_dueling_dqn_statev1_sparse_seed43_20261010_222704_637561_e009c4fd,dueling_dqn,43,v1,sparse,140,2236,-10.0,0,12,0.7996259839123566,0.08943350108650823,1237,True,False,True,3.130450099997688
debug_algorithm_dueling_dqn_statev1_sparse_seed43_20261010_222704_637561_e009c4fd,dueling_dqn,43,v1,sparse,141,2240,-10.0,0,4,0.7993061814931522,0.040901364816818386,1241,True,False,True,3.1410542000012356
debug_algorithm_dueling_dqn_statev1_sparse_seed43_20261010_222704_637561_e009c4fd,dueling_dqn,43,v1,sparse,142,2247,-10.0,0,7,0.7987468349924324,0.04545953257807663,1248,True,False,True,3.1567834000015864
debug_algorithm_dueling_dqn_statev1_sparse_seed43_20261010_222704_637561_e009c4fd,dueling_dqn,43,v1,sparse,143,2249,-10.0,0,2,0.7985870936129023,0.0755777636077255,1250,True,False,True,3.160784200001217
debug_algorithm_dueling_dqn_statev1_sparse_seed43_20261010_222704_637561_e009c4fd,dueling_dqn,43,v1,sparse,144,2272,0.0,1,23,0.7967523623093486,0.04223846535846267,1273,True,False,True,3.2148689000023296
debug_algorithm_dueling_dqn_statev1_sparse_seed43_20261010_222704_637561_e009c4fd,dueling_dqn,43,v1,sparse,145,2276,-10.0,0,4,0.7964337091663797,0.11109412380028516,1277,True,False,True,3.224458600001526
debug_algorithm_dueling_dqn_statev1_sparse_seed43_20261010_222704_637561_e009c4fd,dueling_dqn,43,v1,sparse,146,2298,-10.0,0,22,0.7946833935421564,0.10292587035589597,1299,True,False,True,3.2724674999990384
debug_algorithm_dueling_dqn_statev1_sparse_seed43_20261010_222704_637561_e009c4fd,dueling_dqn,43,v1,sparse,147,2347,-10.0,0,49,0.7907987757660838,0.04582246425276508,1348,True,False,True,3.388557899997977
debug_algorithm_dueling_dqn_statev1_sparse_seed43_20261010_222704_637561_e009c4fd,dueling_dqn,43,v1,sparse,148,2393,-10.0,0,46,0.787169274173458,0.09136986267327776,1394,True,False,True,3.491617400002724
debug_algorithm_dueling_dqn_statev1_sparse_seed43_20261010_222704_637561_e009c4fd,dueling_dqn,43,v1,sparse,149,2422,-10.0,0,29,0.7848896763111606,0.07448548020730758,1423,True,False,True,3.563921000000846
debug_algorithm_dueling_dqn_statev1_sparse_seed43_20261010_222704_637561_e009c4fd,dueling_dqn,43,v1,sparse,150,2462,-10.0,0,40,0.7817562319978494,0.08719219858176075,1463,True,False,True,3.67154219999793
debug_algorithm_dueling_dqn_statev1_sparse_seed43_20261010_222704_637561_e009c4fd,dueling_dqn,43,v1,sparse,151,2481,20.0,3,19,0.7802722312029914,0.12513715094935737,1482,True,False,True,3.7219034000008833
debug_algorithm_dueling_dqn_statev1_sparse_seed43_20261010_222704_637561_e009c4fd,dueling_dqn,43,v1,sparse,152,2484,-10.0,0,3,0.7800381729410172,0.19287172177185616,1485,True,False,True,3.7288799000016297
debug_algorithm_dueling_dqn_statev1_sparse_seed43_20261010_222704_637561_e009c4fd,dueling_dqn,43,v1,sparse,153,2511,-10.0,0,27,0.7779348055278205,0.09034380006293456,1512,True,False,True,3.796339499996975
debug_algorithm_dueling_dqn_statev1_sparse_seed43_20261010_222704_637561_e009c4fd,dueling_dqn,43,v1,sparse,154,2521,-10.0,0,10,0.7771572206996192,0.04947938395198435,1522,True,False,True,3.8252313999983016
debug_algorithm_dueling_dqn_statev1_sparse_seed43_20261010_222704_637561_e009c4fd,dueling_dqn,43,v1,sparse,155,2529,-10.0,0,8,0.7765357124835661,0.13087540707783774,1530,True,False,True,3.84514979999949
debug_algorithm_dueling_dqn_statev1_sparse_seed43_20261010_222704_637561_e009c4fd,dueling_dqn,43,v1,sparse,156,2544,-10.0,0,15,0.7753717239241212,0.09117087808748087,1545,True,False,True,3.8758432999966317
debug_algorithm_dueling_dqn_statev1_sparse_seed43_20261010_222704_637561_e009c4fd,dueling_dqn,43,v1,sparse,157,2547,-10.0,0,3,0.7751391356673204,0.1584529960528016,1548,True,False,True,3.883235200002673
debug_algorithm_dueling_dqn_statev1_sparse_seed43_20261010_222704_637561_e009c4fd,dueling_dqn,43,v1,sparse,158,2568,-10.0,0,21,0.7735129702441328,0.110181738201174,1569,True,False,True,3.926657999996678
debug_algorithm_dueling_dqn_statev1_sparse_seed43_20261010_222704_637561_e009c4fd,dueling_dqn,43,v1,sparse,159,2575,-10.0,0,7,0.7729716735756155,0.04550489320951913,1576,True,False,True,3.942198600001575
debug_algorithm_dueling_dqn_statev1_sparse_seed43_20261010_222704_637561_e009c4fd,dueling_dqn,43,v1,sparse,160,2577,-10.0,0,2,0.772817086970617,0.009832696057856083,1578,True,False,True,3.9463850000029197
debug_algorithm_dueling_dqn_statev1_sparse_seed43_20261010_222704_637561_e009c4fd,dueling_dqn,43,v1,sparse,161,2589,-10.0,0,12,0.7718902163555482,0.029238319334884483,1590,True,False,True,3.9743565000026138
debug_algorithm_dueling_dqn_statev1_sparse_seed43_20261010_222704_637561_e009c4fd,dueling_dqn,43,v1,sparse,162,2620,10.0,2,31,0.7695009425071333,0.08193932270120469,1621,True,False,True,4.053394299997308
debug_algorithm_dueling_dqn_statev1_sparse_seed43_20261010_222704_637561_e009c4fd,dueling_dqn,43,v1,sparse,163,2662,-10.0,0,42,0.7662756551264543,0.08014583179084141,1663,True,False,True,4.154276299996127
debug_algorithm_dueling_dqn_statev1_sparse_seed43_20261010_222704_637561_e009c4fd,dueling_dqn,43,v1,sparse,164,2688,0.0,1,26,0.7642858268278333,0.05941603390965611,1689,True,False,True,4.210942199999408
debug_algorithm_dueling_dqn_statev1_sparse_seed43_20261010_222704_637561_e009c4fd,dueling_dqn,43,v1,sparse,165,2692,-10.0,0,4,0.7639801583511947,0.11009454424493015,1693,True,False,True,4.218754699999408
debug_algorithm_dueling_dqn_statev1_sparse_seed43_20261010_222704_637561_e009c4fd,dueling_dqn,43,v1,sparse,166,2695,-10.0,0,3,0.76375098722233,0.10385294258594513,1696,True,False,True,4.22452009999688
debug_algorithm_dueling_dqn_statev1_sparse_seed43_20261010_222704_637561_e009c4fd,dueling_dqn,43,v1,sparse,167,2722,0.0,1,27,0.7616915380901634,0.08380738913978415,1723,True,False,True,4.288896199999726
debug_algorithm_dueling_dqn_statev1_sparse_seed43_20261010_222704_637561_e009c4fd,dueling_dqn,43,v1,sparse,168,2724,-10.0,0,2,0.7615392073994608,0.004616202553734183,1725,True,False,True,4.293603899997834
debug_algorithm_dueling_dqn_statev1_sparse_seed43_20261010_222704_637561_e009c4fd,dueling_dqn,43,v1,sparse,169,2728,-10.0,0,4,0.7612346374058074,0.11453199805691838,1729,True,False,True,4.30295820000174
debug_algorithm_dueling_dqn_statev1_sparse_seed43_20261010_222704_637561_e009c4fd,dueling_dqn,43,v1,sparse,170,2735,-10.0,0,7,0.7607019329922566,0.0264327112319214,1736,True,False,True,4.3166717999993125
debug_algorithm_dueling_dqn_statev1_sparse_seed43_20261010_222704_637561_e009c4fd,dueling_dqn,43,v1,sparse,171,2768,-10.0,0,33,0.7581956289723096,0.07853355703198096,1769,True,False,True,4.424769799996284
debug_algorithm_dueling_dqn_statev1_sparse_seed43_20261010_222704_637561_e009c4fd,dueling_dqn,43,v1,sparse,172,2794,-10.0,0,26,0.7562267825026004,0.11546754667786165,1795,True,False,True,4.518970600001921
debug_algorithm_dueling_dqn_statev1_sparse_seed43_20261010_222704_637561_e009c4fd,dueling_dqn,43,v1,sparse,173,2795,-10.0,0,1,0.7561511598243502,0.006878180895000696,1796,True,False,True,4.522946700002649
debug_algorithm_dueling_dqn_statev1_sparse_seed43_20261010_222704_637561_e009c4fd,dueling_dqn,43,v1,sparse,174,2833,-10.0,0,38,0.753283094786358,0.08805964701490379,1834,True,False,True,4.664577099996677
debug_algorithm_dueling_dqn_statev1_sparse_seed43_20261010_222704_637561_e009c4fd,dueling_dqn,43,v1,sparse,175,2834,-10.0,0,1,0.7532077664768794,0.006216155830770731,1835,True,False,True,4.667986699998437
debug_algorithm_dueling_dqn_statev1_sparse_seed43_20261010_222704_637561_e009c4fd,dueling_dqn,43,v1,sparse,176,2853,-10.0,0,19,0.7517779589762875,0.11015250472547977,1854,True,False,True,4.746021500002826
debug_algorithm_dueling_dqn_statev1_sparse_seed43_20261010_222704_637561_e009c4fd,dueling_dqn,43,v1,sparse,177,2883,-10.0,0,30,0.7495258922833211,0.0912362477586915,1884,True,False,True,4.847051800003101
debug_algorithm_dueling_dqn_statev1_sparse_seed43_20261010_222704_637561_e009c4fd,dueling_dqn,43,v1,sparse,178,2892,-10.0,0,9,0.7488515887466368,0.1324996720585558,1893,True,False,True,4.873169300000882
debug_algorithm_dueling_dqn_statev1_sparse_seed43_20261010_222704_637561_e009c4fd,dueling_dqn,43,v1,sparse,179,2906,0.0,1,14,0.7478038777048304,0.06547927001624235,1907,True,False,True,4.914448399998946
debug_algorithm_dueling_dqn_statev1_sparse_seed43_20261010_222704_637561_e009c4fd,dueling_dqn,43,v1,sparse,180,2911,-10.0,0,5,0.7474300505388882,0.08944688220508397,1912,True,False,True,4.928769400001329
debug_algorithm_dueling_dqn_statev1_sparse_seed43_20261010_222704_637561_e009c4fd,dueling_dqn,43,v1,sparse,181,2930,-10.0,0,19,0.7460112108242809,0.11829064105098185,1931,True,False,True,4.979109200001403
debug_algorithm_dueling_dqn_statev1_sparse_seed43_20261010_222704_637561_e009c4fd,dueling_dqn,43,v1,sparse,182,2966,20.0,3,36,0.7433302650138134,0.10768354339395753,1967,True,False,True,5.083728999998129
debug_algorithm_dueling_dqn_statev1_sparse_seed43_20261010_222704_637561_e009c4fd,dueling_dqn,43,v1,sparse,183,2991,-10.0,0,25,0.7414741676333542,0.052346717659384014,1992,True,False,True,5.146420500001113
debug_algorithm_dueling_dqn_statev1_sparse_seed43_20261010_222704_637561_e009c4fd,dueling_dqn,43,v1,sparse,184,2993,-10.0,0,2,0.7413258802145691,0.14662238722667098,1994,True,False,True,5.150402100000065
debug_algorithm_dueling_dqn_statev1_sparse_seed43_20261010_222704_637561_e009c4fd,dueling_dqn,43,v1,sparse,185,2999,-10.0,0,6,0.7408811958704971,0.0539300002468129,2000,True,False,True,5.163267800002359
debug_algorithm_dueling_dqn_statev1_sparse_seed43_20261010_222704_637561_e009c4fd,dueling_dqn,43,v1,sparse,186,3000,-10.0,0,1,0.74080710775091,0.008511148393154144,2001,True,False,True,5.16533150000032
debug_algorithm_dueling_dqn_statev1_sparse_seed43_20261010_222704_637561_e009c4fd,dueling_dqn,43,v1,sparse,187,3022,20.0,3,22,0.7391790422379757,0.09750034482302991,2023,True,False,True,5.228191100002732
debug_algorithm_dueling_dqn_statev1_sparse_seed43_20261010_222704_637561_e009c4fd,dueling_dqn,43,v1,sparse,188,3041,-10.0,0,19,0.7377758653379076,0.0833837411513454,2042,True,False,True,5.27799380000215
debug_algorithm_dueling_dqn_statev1_sparse_seed43_20261010_222704_637561_e009c4fd,dueling_dqn,43,v1,sparse,189,3058,-10.0,0,17,0.7365226492404982,0.07256023273529376,2059,True,False,True,5.322943799998029
debug_algorithm_dueling_dqn_statev1_sparse_seed43_20261010_222704_637561_e009c4fd,dueling_dqn,43,v1,sparse,190,3117,-10.0,0,59,0.7321897436023782,0.0950148104279602,2118,True,False,True,5.4873116000017035
debug_algorithm_dueling_dqn_statev1_sparse_seed43_20261010_222704_637561_e009c4fd,dueling_dqn,43,v1,sparse,191,3118,-10.0,0,1,0.732116524628018,0.01066182553768158,2119,True,False,True,5.490037299998221
debug_algorithm_dueling_dqn_statev1_sparse_seed43_20261010_222704_637561_e009c4fd,dueling_dqn,43,v1,sparse,192,3131,-10.0,0,13,0.7311653439875581,0.123931704984548,2132,True,False,True,5.529746899999736
debug_algorithm_dueling_dqn_statev1_sparse_seed43_20261010_222704_637561_e009c4fd,dueling_dqn,43,v1,sparse,193,3136,-10.0,0,5,0.7307998344247874,0.09287930615246295,2137,True,False,True,5.546212900000683
debug_algorithm_dueling_dqn_statev1_sparse_seed43_20261010_222704_637561_e009c4fd,dueling_dqn,43,v1,sparse,194,3169,-10.0,0,33,0.7283920496100564,0.0884473070248284,2170,True,False,True,5.6478891000006115
debug_algorithm_dueling_dqn_statev1_sparse_seed43_20261010_222704_637561_e009c4fd,dueling_dqn,43,v1,sparse,195,3176,-10.0,0,7,0.7278823281121687,0.11179067467206291,2177,True,False,True,5.666464100002486
debug_algorithm_dueling_dqn_statev1_sparse_seed43_20261010_222704_637561_e009c4fd,dueling_dqn,43,v1,sparse,196,3211,-10.0,0,35,0.7253390661034478,0.09619572787944759,2212,True,False,True,5.762193399998068
debug_algorithm_dueling_dqn_statev1_sparse_seed43_20261010_222704_637561_e009c4fd,dueling_dqn,43,v1,sparse,197,3268,0.0,1,57,0.7212161886433541,0.13022370555993626,2269,True,False,True,5.91251889999694
debug_algorithm_dueling_dqn_statev1_sparse_seed43_20261010_222704_637561_e009c4fd,dueling_dqn,43,v1,sparse,198,3269,-10.0,0,1,0.7211440670244899,0.14484582841396332,2270,True,False,True,5.914802799998142
debug_algorithm_dueling_dqn_statev1_sparse_seed43_20261010_222704_637561_e009c4fd,dueling_dqn,43,v1,sparse,199,3287,-10.0,0,18,0.7198471104660354,0.06847974593337211,2288,True,False,True,5.959159500001988
debug_algorithm_dueling_dqn_statev1_sparse_seed43_20261010_222704_637561_e009c4fd,dueling_dqn,43,v1,sparse,200,3289,-10.0,0,2,0.7197031482424133,0.07591393729671836,2290,True,False,True,5.963704800000414
debug_algorithm_dueling_dqn_statev1_sparse_seed43_20261010_222704_637561_e009c4fd,dueling_dqn,43,v1,sparse,201,3315,-10.0,0,26,0.7178342572220624,0.09873987353729227,2316,True,False,True,6.042479900002945
debug_algorithm_dueling_dqn_statev1_sparse_seed43_20261010_222704_637561_e009c4fd,dueling_dqn,43,v1,sparse,202,3331,-10.0,0,16,0.716686583409759,0.11472764567588456,2332,True,False,True,6.083306900000025
debug_algorithm_dueling_dqn_statev1_sparse_seed43_20261010_222704_637561_e009c4fd,dueling_dqn,43,v1,sparse,203,3450,0.0,1,119,0.7082081359575977,0.08453048441457335,2451,True,False,True,6.341631700001017
debug_algorithm_dueling_dqn_statev1_sparse_seed43_20261010_222704_637561_e009c4fd,dueling_dqn,43,v1,sparse,204,3486,10.0,2,36,0.7056630433269699,0.07660297059919685,2487,True,False,True,6.421401499996136
debug_algorithm_dueling_dqn_statev1_sparse_seed43_20261010_222704_637561_e009c4fd,dueling_dqn,43,v1,sparse,205,3499,-10.0,0,13,0.7047462315860497,0.050474848705702104,2500,True,False,True,6.4484111999991
debug_algorithm_dueling_dqn_statev1_sparse_seed43_20261010_222704_637561_e009c4fd,dueling_dqn,43,v1,sparse,206,3509,0.0,1,10,0.7040418024057132,0.1635987942572683,2510,True,False,True,6.470593400001235
debug_algorithm_dueling_dqn_statev1_sparse_seed43_20261010_222704_637561_e009c4fd,dueling_dqn,43,v1,sparse,207,3517,-10.0,0,8,0.703478766056072,0.14788669836707413,2518,True,False,True,6.489119099998788
debug_algorithm_dueling_dqn_statev1_sparse_seed43_20261010_222704_637561_e009c4fd,dueling_dqn,43,v1,sparse,208,3530,-10.0,0,13,0.7025647921724919,0.07390972402376625,2531,True,False,True,6.5184556000021985
debug_algorithm_dueling_dqn_statev1_sparse_seed43_20261010_222704_637561_e009c4fd,dueling_dqn,43,v1,sparse,209,3560,-10.0,0,30,0.7004601511023318,0.11907281288101028,2561,True,False,True,6.588356100000965
debug_algorithm_dueling_dqn_statev1_sparse_seed43_20261010_222704_637561_e009c4fd,dueling_dqn,43,v1,sparse,210,3598,0.0,1,38,0.6978033208590906,0.11630897684709023,2599,True,False,True,6.680370199996105
debug_algorithm_dueling_dqn_statev1_sparse_seed43_20261010_222704_637561_e009c4fd,dueling_dqn,43,v1,sparse,211,3617,-10.0,0,19,0.6964786871172362,0.12751752037653014,2618,True,False,True,6.720736399998714
debug_algorithm_dueling_dqn_statev1_sparse_seed43_20261010_222704_637561_e009c4fd,dueling_dqn,43,v1,sparse,212,3664,0.0,1,47,0.6932127549414036,0.11396304628950485,2665,True,False,True,6.831399900001998
debug_algorithm_dueling_dqn_statev1_sparse_seed43_20261010_222704_637561_e009c4fd,dueling_dqn,43,v1,sparse,213,3777,0.0,1,113,0.6854231554530086,0.1075418756396996,2778,True,False,True,7.106098600001133
debug_algorithm_dueling_dqn_statev1_sparse_seed43_20261010_222704_637561_e009c4fd,dueling_dqn,43,v1,sparse,214,3778,-10.0,0,1,0.6853546131374633,0.004761427640914917,2779,True,False,True,7.108304900000803
debug_algorithm_dueling_dqn_statev1_sparse_seed43_20261010_222704_637561_e009c4fd,dueling_dqn,43,v1,sparse,215,3830,30.0,4,52,0.6817998418235185,0.08693393057462974,2831,True,False,True,7.217769100003352
debug_algorithm_dueling_dqn_statev1_sparse_seed43_20261010_222704_637561_e009c4fd,dueling_dqn,43,v1,sparse,216,3839,0.0,1,9,0.681186467356558,0.12914122134033176,2840,True,False,True,7.237533100000292
debug_algorithm_dueling_dqn_statev1_sparse_seed43_20261010_222704_637561_e009c4fd,dueling_dqn,43,v1,sparse,217,3855,0.0,1,16,0.680097386051208,0.12931558348645922,2856,True,False,True,7.2730048000012175
debug_algorithm_dueling_dqn_statev1_sparse_seed43_20261010_222704_637561_e009c4fd,dueling_dqn,43,v1,sparse,218,3865,-10.0,0,10,0.6794175946273832,0.16155546633526682,2866,True,False,True,7.296282499999506
debug_algorithm_dueling_dqn_statev1_sparse_seed43_20261010_222704_637561_e009c4fd,dueling_dqn,43,v1,sparse,219,3866,-10.0,0,1,0.6793496528679204,0.007718788459897041,2867,True,False,True,7.298159099998884
debug_algorithm_dueling_dqn_statev1_sparse_seed43_20261010_222704_637561_e009c4fd,dueling_dqn,43,v1,sparse,220,3874,-10.0,0,8,0.6788063633254902,0.09546143838088028,2875,True,False,True,7.314277299999958
debug_algorithm_dueling_dqn_statev1_sparse_seed43_20261010_222704_637561_e009c4fd,dueling_dqn,43,v1,sparse,221,3880,-10.0,0,6,0.6783991813148742,0.0759001870950063,2881,True,False,True,7.326039400002628
debug_algorithm_dueling_dqn_statev1_sparse_seed43_20261010_222704_637561_e009c4fd,dueling_dqn,43,v1,sparse,222,3884,-10.0,0,4,0.6781278623435856,0.07793559867423028,2885,True,False,True,7.332798299998103
debug_algorithm_dueling_dqn_statev1_sparse_seed43_20261010_222704_637561_e009c4fd,dueling_dqn,43,v1,sparse,223,3955,0.0,1,71,0.6733299673057286,0.11144105986442784,2956,True,False,True,7.489835200001835
debug_algorithm_dueling_dqn_statev1_sparse_seed43_20261010_222704_637561_e009c4fd,dueling_dqn,43,v1,sparse,224,3970,-10.0,0,15,0.6723206790449627,0.09133842696125309,2971,True,False,True,7.52706020000187
debug_algorithm_dueling_dqn_statev1_sparse_seed43_20261010_222704_637561_e009c4fd,dueling_dqn,43,v1,sparse,225,4001,-10.0,0,31,0.6702396082111141,0.10483155446878124,3002,True,False,True,7.60499990000244
debug_algorithm_dueling_dqn_statev1_sparse_seed43_20261010_222704_637561_e009c4fd,dueling_dqn,43,v1,sparse,226,4009,0.0,1,8,0.6697036041541068,0.13914028438739479,3010,True,False,True,7.627671299997019
debug_algorithm_dueling_dqn_statev1_sparse_seed43_20261010_222704_637561_e009c4fd,dueling_dqn,43,v1,sparse,227,4014,0.0,1,5,0.6693688193156936,0.15489761643111705,3015,True,False,True,7.64304589999665
debug_algorithm_dueling_dqn_statev1_sparse_seed43_20261010_222704_637561_e009c4fd,dueling_dqn,43,v1,sparse,228,4015,-10.0,0,1,0.669301882433762,0.009270048700273037,3016,True,False,True,7.645981000001484
debug_algorithm_dueling_dqn_statev1_sparse_seed43_20261010_222704_637561_e009c4fd,dueling_dqn,43,v1,sparse,229,4040,-10.0,0,25,0.6676306340947771,0.14823114269413054,3041,True,False,True,7.702045799996995
debug_algorithm_dueling_dqn_statev1_sparse_seed43_20261010_222704_637561_e009c4fd,dueling_dqn,43,v1,sparse,230,4047,10.0,2,7,0.6671634328299793,0.07171019811981491,3048,True,False,True,7.720211799998651
debug_algorithm_dueling_dqn_statev1_sparse_seed43_20261010_222704_637561_e009c4fd,dueling_dqn,43,v1,sparse,231,4055,-10.0,0,8,0.6666298888521199,0.120766406878829,3056,True,False,True,7.7372337999986485
debug_algorithm_dueling_dqn_statev1_sparse_seed43_20261010_222704_637561_e009c4fd,dueling_dqn,43,v1,sparse,232,4090,0.0,1,35,0.664300646329372,0.07239613408621932,3091,True,False,True,7.822366399996099
debug_algorithm_dueling_dqn_statev1_sparse_seed43_20261010_222704_637561_e009c4fd,dueling_dqn,43,v1,sparse,233,4094,-10.0,0,4,0.664034965926222,0.18047953175846487,3095,True,False,True,7.830024499999126
debug_algorithm_dueling_dqn_statev1_sparse_seed43_20261010_222704_637561_e009c4fd,dueling_dqn,43,v1,sparse,234,4108,-10.0,0,14,0.6631059210041022,0.08528011405308332,3109,True,False,True,7.864122400002088
debug_algorithm_dueling_dqn_statev1_sparse_seed43_20261010_222704_637561_e009c4fd,dueling_dqn,43,v1,sparse,235,4126,0.0,1,18,0.6619133443574623,0.1678520387245549,3127,True,False,True,7.906325500000094
debug_algorithm_dueling_dqn_statev1_sparse_seed43_20261010_222704_637561_e009c4fd,dueling_dqn,43,v1,sparse,236,4130,-10.0,0,4,0.6616486187318724,0.11560459318570793,3131,True,False,True,7.916902299999492
debug_algorithm_dueling_dqn_statev1_sparse_seed43_20261010_222704_637561_e009c4fd,dueling_dqn,43,v1,sparse,237,4148,-10.0,0,18,0.6604586630008388,0.06669657682586047,3149,True,False,True,7.959828799997922
debug_algorithm_dueling_dqn_statev1_sparse_seed43_20261010_222704_637561_e009c4fd,dueling_dqn,43,v1,sparse,238,4150,-10.0,0,2,0.6603265778728252,0.15162538830190897,3151,True,False,True,7.963706900001853
debug_algorithm_dueling_dqn_statev1_sparse_seed43_20261010_222704_637561_e009c4fd,dueling_dqn,43,v1,sparse,239,4165,-10.0,0,15,0.6593367810485643,0.19826779756695032,3166,True,False,True,7.998079299999517
debug_algorithm_dueling_dqn_statev1_sparse_seed43_20261010_222704_637561_e009c4fd,dueling_dqn,43,v1,sparse,240,4224,10.0,2,59,0.655457953888298,0.1204671696838686,3225,True,False,True,8.130538600002183
debug_algorithm_dueling_dqn_statev1_sparse_seed43_20261010_222704_637561_e009c4fd,dueling_dqn,43,v1,sparse,241,4230,-10.0,0,6,0.6550647774215498,0.15159161916623512,3231,True,False,True,8.14291499999672
debug_algorithm_dueling_dqn_statev1_sparse_seed43_20261010_222704_637561_e009c4fd,dueling_dqn,43,v1,sparse,242,4250,-10.0,0,20,0.6537558917433272,0.1584955938626081,3251,True,False,True,8.181625999997777
debug_algorithm_dueling_dqn_statev1_sparse_seed43_20261010_222704_637561_e009c4fd,dueling_dqn,43,v1,sparse,243,4262,-10.0,0,12,0.65297181600833,0.11695494161297877,3263,True,False,True,8.209341299996595
debug_algorithm_dueling_dqn_statev1_sparse_seed43_20261010_222704_637561_e009c4fd,dueling_dqn,43,v1,sparse,244,4284,0.0,1,22,0.6515367853729076,0.11787404678761959,3285,True,False,True,8.253270399996836
debug_algorithm_dueling_dqn_statev1_sparse_seed43_20261010_222704_637561_e009c4fd,dueling_dqn,43,v1,sparse,245,4285,-10.0,0,1,0.6514716316943703,0.2632612884044647,3286,True,False,True,8.255355799999961
debug_algorithm_dueling_dqn_statev1_sparse_seed43_20261010_222704_637561_e009c4fd,dueling_dqn,43,v1,sparse,246,4290,-10.0,0,5,0.6511459610191719,0.181397258117795,3291,True,False,True,8.26743429999624
debug_algorithm_dueling_dqn_statev1_sparse_seed43_20261010_222704_637561_e009c4fd,dueling_dqn,43,v1,sparse,247,4300,-10.0,0,10,0.6504951079957114,0.1112237174063921,3301,True,False,True,8.289232199997059
debug_algorithm_dueling_dqn_statev1_sparse_seed43_20261010_222704_637561_e009c4fd,dueling_dqn,43,v1,sparse,248,4301,-10.0,0,1,0.6504300584849119,0.012771790847182274,3302,True,False,True,8.29112680000253
debug_algorithm_dueling_dqn_statev1_sparse_seed43_20261010_222704_637561_e009c4fd,dueling_dqn,43,v1,sparse,249,4382,10.0,2,81,0.645182593558435,0.12543542118007203,3383,True,False,True,8.463903999996546
debug_algorithm_dueling_dqn_statev1_sparse_seed43_20261010_222704_637561_e009c4fd,dueling_dqn,43,v1,sparse,250,4383,-10.0,0,1,0.6451180752990792,0.15423141419887543,3384,True,False,True,8.465774600001168
debug_algorithm_dueling_dqn_statev1_sparse_seed43_20261010_222704_637561_e009c4fd,dueling_dqn,43,v1,sparse,251,4413,-10.0,0,30,0.6431855247193975,0.15345406215637922,3414,True,False,True,8.535455700002785
debug_algorithm_dueling_dqn_statev1_sparse_seed43_20261010_222704_637561_e009c4fd,dueling_dqn,43,v1,sparse,252,4422,-10.0,0,9,0.6426068892399196,0.1765834509084622,3423,True,False,True,8.560907599996426
debug_algorithm_dueling_dqn_statev1_sparse_seed43_20261010_222704_637561_e009c4fd,dueling_dqn,43,v1,sparse,253,4462,10.0,2,40,0.6400414676736089,0.11339445201447233,3463,True,False,True,8.660156600002665
debug_algorithm_dueling_dqn_statev1_sparse_seed43_20261010_222704_637561_e009c4fd,dueling_dqn,43,v1,sparse,254,4468,-10.0,0,6,0.639657538786425,0.1031066336048146,3469,True,False,True,8.675400200001604
debug_algorithm_dueling_dqn_statev1_sparse_seed43_20261010_222704_637561_e009c4fd,dueling_dqn,43,v1,sparse,255,4472,-10.0,0,4,0.6394017141478041,0.04737691371701658,3473,True,False,True,8.688758999996935
debug_algorithm_dueling_dqn_statev1_sparse_seed43_20261010_222704_637561_e009c4fd,dueling_dqn,43,v1,sparse,256,4479,-10.0,0,7,0.6389542671998839,0.08705996282930885,3480,True,False,True,8.709008600002562
debug_algorithm_dueling_dqn_statev1_sparse_seed43_20261010_222704_637561_e009c4fd,dueling_dqn,43,v1,sparse,257,4509,10.0,2,30,0.6370401812569426,0.13427808435323338,3510,True,False,True,8.79460090000066
debug_algorithm_dueling_dqn_statev1_sparse_seed43_20261010_222704_637561_e009c4fd,dueling_dqn,43,v1,sparse,258,4530,0.0,1,21,0.6357037338138014,0.07591189681330607,3531,True,False,True,8.845685200001753
debug_algorithm_dueling_dqn_statev1_sparse_seed43_20261010_222704_637561_e009c4fd,dueling_dqn,43,v1,sparse,259,4541,-10.0,0,11,0.6350048092387897,0.11253902125595645,3542,True,False,True,8.87296680000145
debug_algorithm_dueling_dqn_statev1_sparse_seed43_20261010_222704_637561_e009c4fd,dueling_dqn,43,v1,sparse,260,4556,-10.0,0,15,0.6340529684911407,0.114455487113446,3557,True,False,True,8.904398600003333
debug_algorithm_dueling_dqn_statev1_sparse_seed43_20261010_222704_637561_e009c4fd,dueling_dqn,43,v1,sparse,261,4563,-10.0,0,7,0.6336092645421306,0.1718879799757685,3564,True,False,True,8.921814399996947
debug_algorithm_dueling_dqn_statev1_sparse_seed43_20261010_222704_637561_e009c4fd,dueling_dqn,43,v1,sparse,262,4599,10.0,2,36,0.6313322584079054,0.15226932574943122,3600,True,False,True,9.016069700002845
debug_algorithm_dueling_dqn_statev1_sparse_seed43_20261010_222704_637561_e009c4fd,dueling_dqn,43,v1,sparse,263,4608,-10.0,0,9,0.6307642866019273,0.12169463632421361,3609,True,False,True,9.037532700000156
debug_algorithm_dueling_dqn_statev1_sparse_seed43_20261010_222704_637561_e009c4fd,dueling_dqn,43,v1,sparse,264,4655,0.0,1,47,0.6278065028002345,0.15505409353670288,3656,True,False,True,9.140575500001432
debug_algorithm_dueling_dqn_statev1_sparse_seed43_20261010_222704_637561_e009c4fd,dueling_dqn,43,v1,sparse,265,4656,-10.0,0,1,0.6277437221499546,0.14979927241802216,3657,True,False,True,9.144431599997915
debug_algorithm_dueling_dqn_statev1_sparse_seed43_20261010_222704_637561_e009c4fd,dueling_dqn,43,v1,sparse,266,4705,-10.0,0,49,0.6246751486253306,0.13921219409842575,3706,True,False,True,9.27099140000064
debug_algorithm_dueling_dqn_statev1_sparse_seed43_20261010_222704_637561_e009c4fd,dueling_dqn,43,v1,sparse,267,4715,-10.0,0,10,0.6240507545055743,0.1416735343635082,3716,True,False,True,9.29239989999769
debug_algorithm_dueling_dqn_statev1_sparse_seed43_20261010_222704_637561_e009c4fd,dueling_dqn,43,v1,sparse,268,4719,-10.0,0,4,0.6238011716443214,0.11815223447047174,3720,True,False,True,9.300495099996624
debug_algorithm_dueling_dqn_statev1_sparse_seed43_20261010_222704_637561_e009c4fd,dueling_dqn,43,v1,sparse,269,4740,-10.0,0,21,0.6224924983370466,0.14473998080939054,3741,True,False,True,9.343950000002224
debug_algorithm_dueling_dqn_statev1_sparse_seed43_20261010_222704_637561_e009c4fd,dueling_dqn,43,v1,sparse,270,4741,-10.0,0,1,0.6224302490872129,0.148630291223526,3742,True,False,True,9.346126299999014
debug_algorithm_dueling_dqn_statev1_sparse_seed43_20261010_222704_637561_e009c4fd,dueling_dqn,43,v1,sparse,271,4765,20.0,3,24,0.6209381331377534,0.14380400854861364,3766,True,False,True,9.394688399996085
debug_algorithm_dueling_dqn_statev1_sparse_seed43_20261010_222704_637561_e009c4fd,dueling_dqn,43,v1,sparse,272,4800,0.0,1,35,0.6187685401928729,0.12426643287762999,3801,True,False,True,9.467008699997677
debug_algorithm_dueling_dqn_statev1_sparse_seed43_20261010_222704_637561_e009c4fd,dueling_dqn,43,v1,sparse,273,4806,-10.0,0,6,0.6183973718716637,0.08355818254252274,3807,True,False,True,9.481118299998343
debug_algorithm_dueling_dqn_statev1_sparse_seed43_20261010_222704_637561_e009c4fd,dueling_dqn,43,v1,sparse,274,4839,10.0,2,33,0.6163599223111638,0.10455931254634351,3840,True,False,True,9.562510900002962
debug_algorithm_dueling_dqn_statev1_sparse_seed43_20261010_222704_637561_e009c4fd,dueling_dqn,43,v1,sparse,275,4848,-10.0,0,9,0.6158054202188893,0.17904075773225891,3849,True,False,True,9.583039299999655
debug_algorithm_dueling_dqn_statev1_sparse_seed43_20261010_222704_637561_e009c4fd,dueling_dqn,43,v1,sparse,276,4873,0.0,1,25,0.6142677526690292,0.13904910891316832,3874,True,False,True,9.646073900003103
debug_algorithm_dueling_dqn_statev1_sparse_seed43_20261010_222704_637561_e009c4fd,dueling_dqn,43,v1,sparse,277,4921,10.0,2,48,0.6113261857840352,0.1549679162465812,3922,True,False,True,9.76492860000144
debug_algorithm_dueling_dqn_statev1_sparse_seed43_20261010_222704_637561_e009c4fd,dueling_dqn,43,v1,sparse,278,4950,0.0,1,29,0.6095558195972414,0.15825164497926317,3951,True,False,True,9.839768300000287
debug_algorithm_dueling_dqn_statev1_sparse_seed43_20261010_222704_637561_e009c4fd,dueling_dqn,43,v1,sparse,279,5041,30.0,4,91,0.6040337490604613,0.17849297275521106,4042,True,False,True,10.056457200000295
debug_algorithm_dueling_dqn_statev1_sparse_seed43_20261010_222704_637561_e009c4fd,dueling_dqn,43,v1,sparse,280,5102,-10.0,0,61,0.600360175301112,0.13949973323977874,4103,True,False,True,10.202692999999272
debug_algorithm_dueling_dqn_statev1_sparse_seed43_20261010_222704_637561_e009c4fd,dueling_dqn,43,v1,sparse,281,5130,-10.0,0,28,0.5986814342061803,0.17797581518867187,4131,True,False,True,10.263240300002508
debug_algorithm_dueling_dqn_statev1_sparse_seed43_20261010_222704_637561_e009c4fd,dueling_dqn,43,v1,sparse,282,5140,-10.0,0,10,0.5980830221067902,0.22311528399586678,4141,True,False,True,10.28718310000113
debug_algorithm_dueling_dqn_statev1_sparse_seed43_20261010_222704_637561_e009c4fd,dueling_dqn,43,v1,sparse,283,5188,0.0,1,48,0.5952189596443506,0.15442570471592867,4189,True,False,True,10.39650139999867
debug_algorithm_dueling_dqn_statev1_sparse_seed43_20261010_222704_637561_e009c4fd,dueling_dqn,43,v1,sparse,284,5220,10.0,2,32,0.5933172083093821,0.16295647149672732,4221,True,False,True,10.477300300000934
debug_algorithm_dueling_dqn_statev1_sparse_seed43_20261010_222704_637561_e009c4fd,dueling_dqn,43,v1,sparse,285,5226,-10.0,0,6,0.5929613069701122,0.16341706924140453,4227,True,False,True,10.494005900000047
debug_algorithm_dueling_dqn_statev1_sparse_seed43_20261010_222704_637561_e009c4fd,dueling_dqn,43,v1,sparse,286,5251,-10.0,0,25,0.5914806812235465,0.16149047784507276,4252,True,False,True,10.556849799999327
debug_algorithm_dueling_dqn_statev1_sparse_seed43_20261010_222704_637561_e009c4fd,dueling_dqn,43,v1,sparse,287,5271,10.0,2,20,0.5902988430003923,0.13247728468850256,4272,True,False,True,10.603188399996725
debug_algorithm_dueling_dqn_statev1_sparse_seed43_20261010_222704_637561_e009c4fd,dueling_dqn,43,v1,sparse,288,5277,-10.0,0,6,0.5899447522276133,0.22127308820684752,4278,True,False,True,10.618530300002021
debug_algorithm_dueling_dqn_statev1_sparse_seed43_20261010_222704_637561_e009c4fd,dueling_dqn,43,v1,sparse,289,5317,10.0,2,40,0.587589568964504,0.148905660957098,4318,True,False,True,10.713066500000423
debug_algorithm_dueling_dqn_statev1_sparse_seed43_20261010_222704_637561_e009c4fd,dueling_dqn,43,v1,sparse,290,5340,-10.0,0,23,0.5862395985173944,0.18454110782350536,4341,True,False,True,10.76132740000321
debug_algorithm_dueling_dqn_statev1_sparse_seed43_20261010_222704_637561_e009c4fd,dueling_dqn,43,v1,sparse,291,5341,-10.0,0,1,0.5861809745575427,0.1808631718158722,4342,True,False,True,10.763334600000235
debug_algorithm_dueling_dqn_statev1_sparse_seed43_20261010_222704_637561_e009c4fd,dueling_dqn,43,v1,sparse,292,5348,-10.0,0,7,0.5857707709528428,0.05437230584876878,4349,True,False,True,10.781745200001751
debug_algorithm_dueling_dqn_statev1_sparse_seed43_20261010_222704_637561_e009c4fd,dueling_dqn,43,v1,sparse,293,5352,-10.0,0,4,0.5855364977883649,0.23515534400939941,4353,True,False,True,10.794954700002563
debug_algorithm_dueling_dqn_statev1_sparse_seed43_20261010_222704_637561_e009c4fd,dueling_dqn,43,v1,sparse,294,5353,-10.0,0,1,0.5854779441385861,0.028911197558045387,4354,True,False,True,10.797718100002385
debug_algorithm_dueling_dqn_statev1_sparse_seed43_20261010_222704_637561_e009c4fd,dueling_dqn,43,v1,sparse,295,5355,-10.0,0,2,0.5853608544045379,0.09309163317084312,4356,True,False,True,10.807054700002482
debug_algorithm_dueling_dqn_statev1_sparse_seed43_20261010_222704_637561_e009c4fd,dueling_dqn,43,v1,sparse,296,5376,10.0,2,21,0.5841328250899032,0.12269014732113906,4377,True,False,True,10.863977399996656
debug_algorithm_dueling_dqn_statev1_sparse_seed43_20261010_222704_637561_e009c4fd,dueling_dqn,43,v1,sparse,297,5422,0.0,1,46,0.5814518510116174,0.1290006523789919,4423,True,False,True,10.975165399999241
debug_algorithm_dueling_dqn_statev1_sparse_seed43_20261010_222704_637561_e009c4fd,dueling_dqn,43,v1,sparse,298,5459,0.0,1,37,0.5793043471181593,0.16934389802249702,4460,True,False,True,11.071954799997911
debug_algorithm_dueling_dqn_statev1_sparse_seed43_20261010_222704_637561_e009c4fd,dueling_dqn,43,v1,sparse,299,5468,-10.0,0,9,0.5787831817066637,0.1729595928142468,4469,True,False,True,11.096656900001108
debug_algorithm_dueling_dqn_statev1_sparse_seed43_20261010_222704_637561_e009c4fd,dueling_dqn,43,v1,sparse,300,5501,0.0,1,33,0.576876250026757,0.17828432117786372,4502,True,False,True,11.173450800000865
debug_algorithm_dueling_dqn_statev1_sparse_seed43_20261010_222704_637561_e009c4fd,dueling_dqn,43,v1,sparse,301,5517,-10.0,0,16,0.5759539399552686,0.10047484387177974,4518,True,False,True,11.22330779999902
debug_algorithm_dueling_dqn_statev1_sparse_seed43_20261010_222704_637561_e009c4fd,dueling_dqn,43,v1,sparse,302,5522,-10.0,0,5,0.5756660205749257,0.15132979191839696,4523,True,False,True,11.237102400002186
debug_algorithm_dueling_dqn_statev1_sparse_seed43_20261010_222704_637561_e009c4fd,dueling_dqn,43,v1,sparse,303,5542,-10.0,0,20,0.5745157816432345,0.20004212714266031,4543,True,False,True,11.288076299999375
debug_algorithm_dueling_dqn_statev1_sparse_seed43_20261010_222704_637561_e009c4fd,dueling_dqn,43,v1,sparse,304,5606,30.0,4,64,0.5708504389787102,0.16267380805220455,4607,True,False,True,11.429203200001211
debug_algorithm_dueling_dqn_statev1_sparse_seed43_20261010_222704_637561_e009c4fd,dueling_dqn,43,v1,sparse,305,5624,-10.0,0,18,0.5698237811240809,0.19136101819781792,4625,True,False,True,11.46826339999825
debug_algorithm_dueling_dqn_statev1_sparse_seed43_20261010_222704_637561_e009c4fd,dueling_dqn,43,v1,sparse,306,5670,0.0,1,46,0.5672084807664111,0.15501747903940472,4671,True,False,True,11.578319400003238
debug_algorithm_dueling_dqn_statev1_sparse_seed43_20261010_222704_637561_e009c4fd,dueling_dqn,43,v1,sparse,307,5673,-10.0,0,3,0.5670383352378684,0.16557037892440954,4674,True,False,True,11.586459600002854
debug_algorithm_dueling_dqn_statev1_sparse_seed43_20261010_222704_637561_e009c4fd,dueling_dqn,43,v1,sparse,308,5685,0.0,1,12,0.566358263356164,0.1742501542903483,4686,True,False,True,11.615273800001887
debug_algorithm_dueling_dqn_statev1_sparse_seed43_20261010_222704_637561_e009c4fd,dueling_dqn,43,v1,sparse,309,5700,0.0,1,15,0.565509320379691,0.14739020131528377,4701,True,False,True,11.652815000001283
debug_algorithm_dueling_dqn_statev1_sparse_seed43_20261010_222704_637561_e009c4fd,dueling_dqn,43,v1,sparse,310,5718,10.0,2,18,0.5644922683709854,0.14348102702448765,4719,True,False,True,11.698406999996223
debug_algorithm_dueling_dqn_statev1_sparse_seed43_20261010_222704_637561_e009c4fd,dueling_dqn,43,v1,sparse,311,5774,-10.0,0,56,0.5613397892220272,0.1636535950736808,4775,True,False,True,11.843358699996315
debug_algorithm_dueling_dqn_statev1_sparse_seed43_20261010_222704_637561_e009c4fd,dueling_dqn,43,v1,sparse,312,5779,-10.0,0,5,0.561059175455782,0.10072436500340701,4780,True,False,True,11.85520710000128
debug_algorithm_dueling_dqn_statev1_sparse_seed43_20261010_222704_637561_e009c4fd,dueling_dqn,43,v1,sparse,313,5781,-10.0,0,2,0.5609469692312826,0.15186448255553842,4782,True,False,True,11.860507500001404
debug_algorithm_dueling_dqn_statev1_sparse_seed43_20261010_222704_637561_e009c4fd,dueling_dqn,43,v1,sparse,314,5798,0.0,1,17,0.5599941218901573,0.22087733721470132,4799,True,False,True,11.898703899998509
debug_algorithm_dueling_dqn_statev1_sparse_seed43_20261010_222704_637561_e009c4fd,dueling_dqn,43,v1,sparse,315,5875,-10.0,0,77,0.5556985116917125,0.15048099499703807,4876,True,False,True,12.083936800001538
debug_algorithm_dueling_dqn_statev1_sparse_seed43_20261010_222704_637561_e009c4fd,dueling_dqn,43,v1,sparse,316,5947,20.0,3,72,0.5517116529767244,0.19139522237754944,4948,True,False,True,12.265886799999862
debug_algorithm_dueling_dqn_statev1_sparse_seed43_20261010_222704_637561_e009c4fd,dueling_dqn,43,v1,sparse,317,5973,10.0,2,26,0.5502789943082314,0.16617138576335633,4974,True,False,True,12.322845499998948
debug_algorithm_dueling_dqn_statev1_sparse_seed43_20261010_222704_637561_e009c4fd,dueling_dqn,43,v1,sparse,318,6006,10.0,2,33,0.5484659761000323,0.19299743584159648,5007,True,False,True,12.394105400002445
debug_algorithm_dueling_dqn_statev1_sparse_seed43_20261010_222704_637561_e009c4fd,dueling_dqn,43,v1,sparse,319,6020,0.0,1,14,0.5476986226379438,0.13228824668164765,5021,True,False,True,12.423711999996158
debug_algorithm_dueling_dqn_statev1_sparse_seed43_20261010_222704_637561_e009c4fd,dueling_dqn,43,v1,sparse,320,6032,0.0,1,12,0.5470417456514028,0.15420498745515943,5033,True,False,True,12.4487947000016
debug_algorithm_dueling_dqn_statev1_sparse_seed43_20261010_222704_637561_e009c4fd,dueling_dqn,43,v1,sparse,321,6057,0.0,1,25,0.5456757811550071,0.21311917416751386,5058,True,False,True,12.503120499997749
debug_algorithm_dueling_dqn_statev1_sparse_seed43_20261010_222704_637561_e009c4fd,dueling_dqn,43,v1,sparse,322,6066,-10.0,0,9,0.5451848693494189,0.15553113342159325,5067,True,False,True,12.521942300001683
debug_algorithm_dueling_dqn_statev1_sparse_seed43_20261010_222704_637561_e009c4fd,dueling_dqn,43,v1,sparse,323,6078,-10.0,0,12,0.5445310072082996,0.16112361941486597,5079,True,False,True,12.553192899998976
debug_algorithm_dueling_dqn_statev1_sparse_seed43_20261010_222704_637561_e009c4fd,dueling_dqn,43,v1,sparse,324,6082,-10.0,0,4,0.5443132274750987,0.22187603265047073,5083,True,False,True,12.561074400000507
debug_algorithm_dueling_dqn_statev1_sparse_seed43_20261010_222704_637561_e009c4fd,dueling_dqn,43,v1,sparse,325,6111,10.0,2,29,0.5427369270394965,0.16357564383411202,5112,True,False,True,12.627002599998377
debug_algorithm_dueling_dqn_statev1_sparse_seed43_20261010_222704_637561_e009c4fd,dueling_dqn,43,v1,sparse,326,6116,0.0,1,5,0.5424656128442423,0.13859954942017794,5117,True,False,True,12.641538299998501
debug_algorithm_dueling_dqn_statev1_sparse_seed43_20261010_222704_637561_e009c4fd,dueling_dqn,43,v1,sparse,327,6120,-10.0,0,4,0.5422486591448716,0.24204875156283379,5121,True,False,True,12.651075000001583
debug_algorithm_dueling_dqn_statev1_sparse_seed43_20261010_222704_637561_e009c4fd,dueling_dqn,43,v1,sparse,328,6131,-10.0,0,11,0.5416524837671217,0.279737689955668,5132,True,False,True,12.678092499998456
debug_algorithm_dueling_dqn_statev1_sparse_seed43_20261010_222704_637561_e009c4fd,dueling_dqn,43,v1,sparse,329,6153,0.0,1,22,0.5404620986863231,0.14379348745569587,5154,True,False,True,12.726679899998999
debug_algorithm_dueling_dqn_statev1_sparse_seed43_20261010_222704_637561_e009c4fd,dueling_dqn,43,v1,sparse,330,6168,-10.0,0,15,0.539651972777661,0.20431968122720717,5169,True,False,True,12.763282499996421
debug_algorithm_dueling_dqn_statev1_sparse_seed43_20261010_222704_637561_e009c4fd,dueling_dqn,43,v1,sparse,331,6220,20.0,3,52,0.5368529263926637,0.18725523495903382,5221,True,False,True,12.900170699998853
debug_algorithm_dueling_dqn_statev1_sparse_seed43_20261010_222704_637561_e009c4fd,dueling_dqn,43,v1,sparse,332,6253,0.0,1,33,0.5350841433921454,0.17846097461314817,5254,True,False,True,12.978254699999525
debug_algorithm_dueling_dqn_statev1_sparse_seed43_20261010_222704_637561_e009c4fd,dueling_dqn,43,v1,sparse,333,6264,-10.0,0,11,0.5344958450424218,0.2051690076901154,5265,True,False,True,13.010118600002897
debug_algorithm_dueling_dqn_statev1_sparse_seed43_20261010_222704_637561_e009c4fd,dueling_dqn,43,v1,sparse,334,6289,0.0,1,25,0.5331612076886864,0.15370302498340607,5290,True,False,True,13.073878299997887
debug_algorithm_dueling_dqn_statev1_sparse_seed43_20261010_222704_637561_e009c4fd,dueling_dqn,43,v1,sparse,335,6326,10.0,2,37,0.5311920579347379,0.1471814438700676,5327,True,False,True,13.159940300000017
debug_algorithm_dueling_dqn_statev1_sparse_seed43_20261010_222704_637561_e009c4fd,dueling_dqn,43,v1,sparse,336,6328,-10.0,0,2,0.5310858248350716,0.1691257255151868,5329,True,False,True,13.163975099996605
debug_algorithm_dueling_dqn_statev1_sparse_seed43_20261010_222704_637561_e009c4fd,dueling_dqn,43,v1,sparse,337,6354,30.0,4,26,0.5297067263394017,0.22095506115315053,5355,True,False,True,13.217844899998454
debug_algorithm_dueling_dqn_statev1_sparse_seed43_20261010_222704_637561_e009c4fd,dueling_dqn,43,v1,sparse,338,6468,10.0,2,114,0.5237020610466689,0.19515749709190508,5469,True,False,True,13.470436499999778
debug_algorithm_dueling_dqn_statev1_sparse_seed43_20261010_222704_637561_e009c4fd,dueling_dqn,43,v1,sparse,339,6535,0.0,1,67,0.5202048112423694,0.20085066057908446,5536,True,False,True,13.634986500001105
debug_algorithm_dueling_dqn_statev1_sparse_seed43_20261010_222704_637561_e009c4fd,dueling_dqn,43,v1,sparse,340,6549,0.0,1,14,0.5194769977037058,0.20914791963462318,5550,True,False,True,13.665941400002339
debug_algorithm_dueling_dqn_statev1_sparse_seed43_20261010_222704_637561_e009c4fd,dueling_dqn,43,v1,sparse,341,6551,-10.0,0,2,0.5193731074989351,0.42713475227355957,5552,True,False,True,13.670945600002597
debug_algorithm_dueling_dqn_statev1_sparse_seed43_20261010_222704_637561_e009c4fd,dueling_dqn,43,v1,sparse,342,6566,-10.0,0,15,0.5185945929432056,0.21541661123434702,5567,True,False,True,13.712593299998844
debug_algorithm_dueling_dqn_statev1_sparse_seed43_20261010_222704_637561_e009c4fd,dueling_dqn,43,v1,sparse,343,6591,10.0,2,25,0.5172996610525148,0.1613284546136856,5592,True,False,True,13.769539699998859
debug_algorithm_dueling_dqn_statev1_sparse_seed43_20261010_222704_637561_e009c4fd,dueling_dqn,43,v1,sparse,344,6622,10.0,2,31,0.5156984352230408,0.20323864977446296,5623,True,False,True,13.835754599997017
debug_algorithm_dueling_dqn_statev1_sparse_seed43_20261010_222704_637561_e009c4fd,dueling_dqn,43,v1,sparse,345,6634,0.0,1,12,0.5150799373483123,0.16017786599695683,5635,True,False,True,13.862663499996415
debug_algorithm_dueling_dqn_statev1_sparse_seed43_20261010_222704_637561_e009c4fd,dueling_dqn,43,v1,sparse,346,6689,10.0,2,55,0.5122546331343936,0.19723152052611112,5690,True,False,True,13.992885499996191
debug_algorithm_dueling_dqn_statev1_sparse_seed43_20261010_222704_637561_e009c4fd,dueling_dqn,43,v1,sparse,347,6720,10.0,2,31,0.5106690234547472,0.2248069630154679,5721,True,False,True,14.073417400002654
debug_algorithm_dueling_dqn_statev1_sparse_seed43_20261010_222704_637561_e009c4fd,dueling_dqn,43,v1,sparse,348,6747,-10.0,0,27,0.509292008046881,0.1696111752341191,5748,True,False,True,14.132600199998706
debug_algorithm_dueling_dqn_statev1_sparse_seed43_20261010_222704_637561_e009c4fd,dueling_dqn,43,v1,sparse,349,6807,20.0,3,60,0.5062452530639772,0.19367654665062825,5808,True,False,True,14.286423799996555
debug_algorithm_dueling_dqn_statev1_sparse_seed43_20261010_222704_637561_e009c4fd,dueling_dqn,43,v1,sparse,350,6844,-10.0,0,37,0.5043755132908417,0.18488013628568198,5845,True,False,True,14.36365079999814
debug_algorithm_dueling_dqn_statev1_sparse_seed43_20261010_222704_637561_e009c4fd,dueling_dqn,43,v1,sparse,351,6859,0.0,1,15,0.5036194793857728,0.2026417632897695,5860,True,False,True,14.39662970000063
debug_algorithm_dueling_dqn_statev1_sparse_seed43_20261010_222704_637561_e009c4fd,dueling_dqn,43,v1,sparse,352,6884,20.0,3,25,0.5023619403880584,0.1811937953159213,5885,True,False,True,14.455038899999636
debug_algorithm_dueling_dqn_statev1_sparse_seed43_20261010_222704_637561_e009c4fd,dueling_dqn,43,v1,sparse,353,6903,0.0,1,19,0.5014083112536452,0.17720072128270803,5904,True,False,True,14.50888699999632
debug_algorithm_dueling_dqn_statev1_sparse_seed43_20261010_222704_637561_e009c4fd,dueling_dqn,43,v1,sparse,354,6913,-10.0,0,10,0.5009071285159731,0.2639872027561069,5914,True,False,True,14.540052299998933
debug_algorithm_dueling_dqn_statev1_sparse_seed43_20261010_222704_637561_e009c4fd,dueling_dqn,43,v1,sparse,355,6935,10.0,2,22,0.4998062891576742,0.19270447459579867,5936,True,False,True,14.591371399998025
debug_algorithm_dueling_dqn_statev1_sparse_seed43_20261010_222704_637561_e009c4fd,dueling_dqn,43,v1,sparse,356,6969,40.0,5,34,0.49810974869929603,0.25748119881267056,5970,True,False,True,14.682905299996492
debug_algorithm_dueling_dqn_statev1_sparse_seed43_20261010_222704_637561_e009c4fd,dueling_dqn,43,v1,sparse,357,6981,0.0,1,12,0.4975123456437317,0.3316108724102378,5982,True,False,True,14.714489699996193
debug_algorithm_dueling_dqn_statev1_sparse_seed43_20261010_222704_637561_e009c4fd,dueling_dqn,43,v1,sparse,358,7007,10.0,2,26,0.49622042916739273,0.18691851793286893,6008,True,False,True,14.79117579999729
debug_algorithm_dueling_dqn_statev1_sparse_seed43_20261010_222704_637561_e009c4fd,dueling_dqn,43,v1,sparse,359,7017,0.0,1,10,0.49572443197788246,0.1512852879241109,6018,True,False,True,14.818593700001657
debug_algorithm_dueling_dqn_statev1_sparse_seed43_20261010_222704_637561_e009c4fd,dueling_dqn,43,v1,sparse,360,7038,-10.0,0,21,0.4946844510330192,0.2184876033238002,6039,True,False,True,14.870957799997996
debug_algorithm_dueling_dqn_statev1_sparse_seed43_20261010_222704_637561_e009c4fd,dueling_dqn,43,v1,sparse,361,7063,20.0,3,25,0.4934492228216411,0.18218533702194692,6064,True,False,True,14.932035600002564
debug_algorithm_dueling_dqn_statev1_sparse_seed43_20261010_222704_637561_e009c4fd,dueling_dqn,43,v1,sparse,362,7065,-10.0,0,2,0.493350537911569,0.28911086171865463,6066,True,False,True,14.938357099999848
debug_algorithm_dueling_dqn_statev1_sparse_seed43_20261010_222704_637561_e009c4fd,dueling_dqn,43,v1,sparse,363,7077,-10.0,0,12,0.4927588427689175,0.222321771706144,6078,True,False,True,14.964471200000844
debug_algorithm_dueling_dqn_statev1_sparse_seed43_20261010_222704_637561_e009c4fd,dueling_dqn,43,v1,sparse,364,7090,0.0,1,13,0.4921186404843217,0.16877695087056893,6091,True,False,True,14.997581600000558
debug_algorithm_dueling_dqn_statev1_sparse_seed43_20261010_222704_637561_e009c4fd,dueling_dqn,43,v1,sparse,365,7111,0.0,1,21,0.4910862241342265,0.2522820079078277,6112,True,False,True,15.047406300000148
debug_algorithm_dueling_dqn_statev1_sparse_seed43_20261010_222704_637561_e009c4fd,dueling_dqn,43,v1,sparse,366,7128,-10.0,0,17,0.4902520450966415,0.2853673085132066,6129,True,False,True,15.088917399996717
debug_algorithm_dueling_dqn_statev1_sparse_seed43_20261010_222704_637561_e009c4fd,dueling_dqn,43,v1,sparse,367,7169,20.0,3,41,0.4882460265573895,0.21396081567537495,6170,True,False,True,15.176170300001104
debug_algorithm_dueling_dqn_statev1_sparse_seed43_20261010_222704_637561_e009c4fd,dueling_dqn,43,v1,sparse,368,7184,-10.0,0,15,0.4875141699537961,0.26318437084555624,6185,True,False,True,15.209499899996445
debug_algorithm_dueling_dqn_statev1_sparse_seed43_20261010_222704_637561_e009c4fd,dueling_dqn,43,v1,sparse,369,7225,0.0,1,41,0.4855193542812118,0.22673387765293804,6226,True,False,True,15.310899800002517
debug_algorithm_dueling_dqn_statev1_sparse_seed43_20261010_222704_637561_e009c4fd,dueling_dqn,43,v1,sparse,370,7230,-10.0,0,5,0.4852766431511517,0.2858930412679911,6231,True,False,True,15.321788900000683
debug_algorithm_dueling_dqn_statev1_sparse_seed43_20261010_222704_637561_e009c4fd,dueling_dqn,43,v1,sparse,371,7276,20.0,3,46,0.48304938584732615,0.23113596658019916,6277,True,False,True,15.419340200001898
debug_algorithm_dueling_dqn_statev1_sparse_seed43_20261010_222704_637561_e009c4fd,dueling_dqn,43,v1,sparse,372,7299,0.0,1,23,0.4819395935197709,0.2127799417661584,6300,True,False,True,15.465452099997492
debug_algorithm_dueling_dqn_statev1_sparse_seed43_20261010_222704_637561_e009c4fd,dueling_dqn,43,v1,sparse,373,7311,-10.0,0,12,0.48136158398167617,0.17639402921001116,6312,True,False,True,15.490835299999162
debug_algorithm_dueling_dqn_statev1_sparse_seed43_20261010_222704_637561_e009c4fd,dueling_dqn,43,v1,sparse,374,7316,0.0,1,5,0.48112095132103044,0.15152872875332832,6317,True,False,True,15.499850200001674
debug_algorithm_dueling_dqn_statev1_sparse_seed43_20261010_222704_637561_e009c4fd,dueling_dqn,43,v1,sparse,375,7349,10.0,2,33,0.4795357898772659,0.2122103456746448,6350,True,False,True,15.57721550000133
debug_algorithm_dueling_dqn_statev1_sparse_seed43_20261010_222704_637561_e009c4fd,dueling_dqn,43,v1,sparse,376,7386,0.0,1,37,0.47776469744025263,0.22892544851512522,6387,True,False,True,15.656202600002871
debug_algorithm_dueling_dqn_statev1_sparse_seed43_20261010_222704_637561_e009c4fd,dueling_dqn,43,v1,sparse,377,7416,0.0,1,30,0.4763334796859498,0.23179462120557826,6417,True,False,True,15.727166800003033
debug_algorithm_dueling_dqn_statev1_sparse_seed43_20261010_222704_637561_e009c4fd,dueling_dqn,43,v1,sparse,378,7435,-10.0,0,19,0.4754292601434143,0.17809642184721797,6436,True,False,True,15.785297700000228
debug_algorithm_dueling_dqn_statev1_sparse_seed43_20261010_222704_637561_e009c4fd,dueling_dqn,43,v1,sparse,379,7446,-10.0,0,11,0.4749065493649195,0.15159687789326365,6447,True,False,True,15.821984000001976
debug_algorithm_dueling_dqn_statev1_sparse_seed43_20261010_222704_637561_e009c4fd,dueling_dqn,43,v1,sparse,380,7513,10.0,2,67,0.471735152953938,0.2470924769347506,6514,True,False,True,15.990345400001388
debug_algorithm_dueling_dqn_statev1_sparse_seed43_20261010_222704_637561_e009c4fd,dueling_dqn,43,v1,sparse,381,7563,10.0,2,50,0.4693822467096375,0.19594338145107032,6564,True,False,True,16.114596899999015
debug_algorithm_dueling_dqn_statev1_sparse_seed43_20261010_222704_637561_e009c4fd,dueling_dqn,43,v1,sparse,382,7613,20.0,3,50,0.4670410762195196,0.24349581182003022,6614,True,False,True,16.23065730000235
debug_algorithm_dueling_dqn_statev1_sparse_seed43_20261010_222704_637561_e009c4fd,dueling_dqn,43,v1,sparse,383,7643,10.0,2,30,0.46564198272463536,0.25892992640535034,6644,True,False,True,16.300765100000717
debug_algorithm_dueling_dqn_statev1_sparse_seed43_20261010_222704_637561_e009c4fd,dueling_dqn,43,v1,sparse,384,7644,-10.0,0,1,0.4655954185263629,0.02941053919494152,6645,True,False,True,16.302570100000594
debug_algorithm_dueling_dqn_statev1_sparse_seed43_20261010_222704_637561_e009c4fd,dueling_dqn,43,v1,sparse,385,7756,20.0,3,112,0.4604095854201254,0.2435770004272594,6757,True,False,True,16.58502700000099
debug_algorithm_dueling_dqn_statev1_sparse_seed43_20261010_222704_637561_e009c4fd,dueling_dqn,43,v1,sparse,386,7764,0.0,1,8,0.4600413866406935,0.14318537642247975,6765,True,False,True,16.601676899997983
debug_algorithm_dueling_dqn_statev1_sparse_seed43_20261010_222704_637561_e009c4fd,dueling_dqn,43,v1,sparse,387,7795,0.0,1,31,0.4586173954681161,0.22072322909990627,6796,True,False,True,16.68917269999656
debug_algorithm_dueling_dqn_statev1_sparse_seed43_20261010_222704_637561_e009c4fd,dueling_dqn,43,v1,sparse,388,7818,10.0,2,23,0.4575637349487446,0.2698846186875649,6819,True,False,True,16.737383499996213
debug_algorithm_dueling_dqn_statev1_sparse_seed43_20261010_222704_637561_e009c4fd,dueling_dqn,43,v1,sparse,389,7846,0.0,1,28,0.45628428458376386,0.1790528808986502,6847,True,False,True,16.80440020000242
debug_algorithm_dueling_dqn_statev1_sparse_seed43_20261010_222704_637561_e009c4fd,dueling_dqn,43,v1,sparse,390,7848,-10.0,0,2,0.45619303228969,0.24215377867221832,6849,True,False,True,16.80830550000246
debug_algorithm_dueling_dqn_statev1_sparse_seed43_20261010_222704_637561_e009c4fd,dueling_dqn,43,v1,sparse,391,7860,0.0,1,12,0.45564590163800384,0.23191362774620453,6861,True,False,True,16.836604800002533
debug_algorithm_dueling_dqn_statev1_sparse_seed43_20261010_222704_637561_e009c4fd,dueling_dqn,43,v1,sparse,392,7870,0.0,1,10,0.4551904607223537,0.2223027590662241,6871,True,False,True,16.863091999999597
debug_algorithm_dueling_dqn_statev1_sparse_seed43_20261010_222704_637561_e009c4fd,dueling_dqn,43,v1,sparse,393,7890,-10.0,0,20,0.4542809441440878,0.24779565688222646,6891,True,False,True,16.913750699997763
debug_algorithm_dueling_dqn_statev1_sparse_seed43_20261010_222704_637561_e009c4fd,dueling_dqn,43,v1,sparse,394,7908,10.0,2,18,0.4534639331239188,0.256284234734873,6909,True,False,True,16.95537950000289
debug_algorithm_dueling_dqn_statev1_sparse_seed43_20261010_222704_637561_e009c4fd,dueling_dqn,43,v1,sparse,395,7909,-10.0,0,1,0.4534185867306064,0.01648489572107792,6910,True,False,True,16.957277800000156
debug_algorithm_dueling_dqn_statev1_sparse_seed43_20261010_222704_637561_e009c4fd,dueling_dqn,43,v1,sparse,396,7935,0.0,1,26,0.45224117083730303,0.30943898541422993,6936,True,False,True,17.015942099998938
debug_algorithm_dueling_dqn_statev1_sparse_seed43_20261010_222704_637561_e009c4fd,dueling_dqn,43,v1,sparse,397,7953,0.0,1,18,0.4514278282898969,0.243112251886891,6954,True,False,True,17.056965999996464
debug_algorithm_dueling_dqn_statev1_sparse_seed43_20261010_222704_637561_e009c4fd,dueling_dqn,43,v1,sparse,398,8000,10.0,2,47,0.4493109901199013,0.26451230136320947,7001,True,False,True,17.172134799999185
debug_algorithm_dueling_dqn_statev1_sparse_seed43_20261010_222704_637561_e009c4fd,dueling_dqn,43,v1,sparse,399,8087,10.0,2,87,0.4454187457051264,0.25055692640358,7088,True,False,True,17.371207199998025
debug_algorithm_dueling_dqn_statev1_sparse_seed43_20261010_222704_637561_e009c4fd,dueling_dqn,43,v1,sparse,400,8106,10.0,2,19,0.4445732113229038,0.27757563030249194,7107,True,False,True,17.414112500002375
debug_algorithm_dueling_dqn_statev1_sparse_seed43_20261010_222704_637561_e009c4fd,dueling_dqn,43,v1,sparse,401,8136,10.0,2,30,0.443241423778655,0.2899003190298875,7137,True,False,True,17.489183700003196
debug_algorithm_dueling_dqn_statev1_sparse_seed43_20261010_222704_637561_e009c4fd,dueling_dqn,43,v1,sparse,402,8182,20.0,3,46,0.44120709405683173,0.29893239895286766,7183,True,False,True,17.590629999998782
debug_algorithm_dueling_dqn_statev1_sparse_seed43_20261010_222704_637561_e009c4fd,dueling_dqn,43,v1,sparse,403,8203,-10.0,0,21,0.44028148510766846,0.2755668755798113,7204,True,False,True,17.63689439999871
debug_algorithm_dueling_dqn_statev1_sparse_seed43_20261010_222704_637561_e009c4fd,dueling_dqn,43,v1,sparse,404,8204,-10.0,0,1,0.44023745695915767,0.4168126583099365,7205,True,False,True,17.638871499999368
debug_algorithm_dueling_dqn_statev1_sparse_seed43_20261010_222704_637561_e009c4fd,dueling_dqn,43,v1,sparse,405,8207,-10.0,0,3,0.44010539892875344,0.3508080244064331,7208,True,False,True,17.645988500000385
debug_algorithm_dueling_dqn_statev1_sparse_seed43_20261010_222704_637561_e009c4fd,dueling_dqn,43,v1,sparse,406,8227,-10.0,0,20,0.439226023829647,0.28690803311765195,7228,True,False,True,17.69353289999708
debug_algorithm_dueling_dqn_statev1_sparse_seed43_20261010_222704_637561_e009c4fd,dueling_dqn,43,v1,sparse,407,8241,10.0,2,14,0.43861150693213286,0.2724515186356647,7242,True,False,True,17.727781499997946
debug_algorithm_dueling_dqn_statev1_sparse_seed43_20261010_222704_637561_e009c4fd,dueling_dqn,43,v1,sparse,408,8271,-10.0,0,30,0.43729757859183044,0.2223164507498344,7272,True,False,True,17.803130000000237
debug_algorithm_dueling_dqn_statev1_sparse_seed43_20261010_222704_637561_e009c4fd,dueling_dqn,43,v1,sparse,409,8356,50.0,6,85,0.4335961175938745,0.27032853549017627,7357,True,False,True,18.00920700000279
debug_algorithm_dueling_dqn_statev1_sparse_seed43_20261010_222704_637561_e009c4fd,dueling_dqn,43,v1,sparse,410,8379,20.0,3,23,0.4325999427540714,0.25090425923142745,7380,True,False,True,18.064055599999847
debug_algorithm_dueling_dqn_statev1_sparse_seed43_20261010_222704_637561_e009c4fd,dueling_dqn,43,v1,sparse,411,8386,0.0,1,7,0.4322972136249921,0.2862542032131127,7387,True,False,True,18.079118699999526
debug_algorithm_dueling_dqn_statev1_sparse_seed43_20261010_222704_637561_e009c4fd,dueling_dqn,43,v1,sparse,412,8397,0.0,1,11,0.4318219243821574,0.29069744456898083,7398,True,False,True,18.103748699999414
debug_algorithm_dueling_dqn_statev1_sparse_seed43_20261010_222704_637561_e009c4fd,dueling_dqn,43,v1,sparse,413,8455,20.0,3,58,0.42932448193115497,0.29132982924709033,7456,True,False,True,18.24052759999904
debug_algorithm_dueling_dqn_statev1_sparse_seed43_20261010_222704_637561_e009c4fd,dueling_dqn,43,v1,sparse,414,8459,-10.0,0,4,0.42915277789613426,0.1086711511015892,7460,True,False,True,18.251959200002602
debug_algorithm_dueling_dqn_statev1_sparse_seed43_20261010_222704_637561_e009c4fd,dueling_dqn,43,v1,sparse,415,8501,0.0,1,42,0.42735402631251446,0.28274349673163324,7502,True,False,True,18.361393099999987
debug_algorithm_dueling_dqn_statev1_sparse_seed43_20261010_222704_637561_e009c4fd,dueling_dqn,43,v1,sparse,416,8524,10.0,2,23,0.4263721925012167,0.2811613920266214,7525,True,False,True,18.417319000000134
debug_algorithm_dueling_dqn_statev1_sparse_seed43_20261010_222704_637561_e009c4fd,dueling_dqn,43,v1,sparse,417,8549,10.0,2,25,0.4253075401564244,0.29059541784226894,7550,True,False,True,18.47577160000219
debug_algorithm_dueling_dqn_statev1_sparse_seed43_20261010_222704_637561_e009c4fd,dueling_dqn,43,v1,sparse,418,8567,-10.0,0,18,0.42454263695775857,0.33432425579263103,7568,True,False,True,18.513595299998997
debug_algorithm_dueling_dqn_statev1_sparse_seed43_20261010_222704_637561_e009c4fd,dueling_dqn,43,v1,sparse,419,8604,0.0,1,37,0.42297465335908296,0.3009025095081007,7605,True,False,True,18.597173900001508
debug_algorithm_dueling_dqn_statev1_sparse_seed43_20261010_222704_637561_e009c4fd,dueling_dqn,43,v1,sparse,420,8605,-10.0,0,1,0.42293235589374706,0.4246993958950043,7606,True,False,True,18.59928349999973
debug_algorithm_dueling_dqn_statev1_sparse_seed43_20261010_222704_637561_e009c4fd,dueling_dqn,43,v1,sparse,421,8620,-10.0,0,15,0.4222984012465038,0.24502907395362855,7621,True,False,True,18.63703379999788
debug_algorithm_dueling_dqn_statev1_sparse_seed43_20261010_222704_637561_e009c4fd,dueling_dqn,43,v1,sparse,422,8621,-10.0,0,1,0.42225617140637917,0.5262714624404907,7622,True,False,True,18.639245200000005
debug_algorithm_dueling_dqn_statev1_sparse_seed43_20261010_222704_637561_e009c4fd,dueling_dqn,43,v1,sparse,423,8643,20.0,3,22,0.42132818259107546,0.2716207249428738,7644,True,False,True,18.69115349999629
debug_algorithm_dueling_dqn_statev1_sparse_seed43_20261010_222704_637561_e009c4fd,dueling_dqn,43,v1,sparse,424,8657,10.0,2,14,0.420738706390773,0.26570228380816324,7658,True,False,True,18.721287200001825
debug_algorithm_dueling_dqn_statev1_sparse_seed43_20261010_222704_637561_e009c4fd,dueling_dqn,43,v1,sparse,425,8666,-10.0,0,9,0.42036019298561894,0.23736137131022084,7667,True,False,True,18.745593499996176
debug_algorithm_dueling_dqn_statev1_sparse_seed43_20261010_222704_637561_e009c4fd,dueling_dqn,43,v1,sparse,426,8673,0.0,1,7,0.4200660291114585,0.2008143663406372,7674,True,False,True,18.763622600003146
debug_algorithm_dueling_dqn_statev1_sparse_seed43_20261010_222704_637561_e009c4fd,dueling_dqn,43,v1,sparse,427,8724,20.0,3,51,0.4179290394674741,0.26463069606061074,7725,True,False,True,18.906553300002997
debug_algorithm_dueling_dqn_statev1_sparse_seed43_20261010_222704_637561_e009c4fd,dueling_dqn,43,v1,sparse,428,8733,0.0,1,9,0.41755305375130686,0.30178186297416687,7734,True,False,True,18.929016399997636
debug_algorithm_dueling_dqn_statev1_sparse_seed43_20261010_222704_637561_e009c4fd,dueling_dqn,43,v1,sparse,429,8816,30.0,4,83,0.41410153444700754,0.2875126184873193,7817,True,False,True,19.135352500001318
debug_algorithm_dueling_dqn_statev1_sparse_seed43_20261010_222704_637561_e009c4fd,dueling_dqn,43,v1,sparse,430,8827,-10.0,0,11,0.41364625044664666,0.3564435744827444,7828,True,False,True,19.16987849999714
debug_algorithm_dueling_dqn_statev1_sparse_seed43_20261010_222704_637561_e009c4fd,dueling_dqn,43,v1,sparse,431,8850,-10.0,0,23,0.41269590986343174,0.3024188024194344,7851,True,False,True,19.23182629999792
debug_algorithm_dueling_dqn_statev1_sparse_seed43_20261010_222704_637561_e009c4fd,dueling_dqn,43,v1,sparse,432,8897,10.0,2,47,0.41076069364534995,0.26325093134445077,7898,True,False,True,19.360064100001182
debug_algorithm_dueling_dqn_statev1_sparse_seed43_20261010_222704_637561_e009c4fd,dueling_dqn,43,v1,sparse,433,8958,30.0,4,61,0.40826255557294133,0.25134732336050175,7959,True,False,True,19.513883599996916
debug_algorithm_dueling_dqn_statev1_sparse_seed43_20261010_222704_637561_e009c4fd,dueling_dqn,43,v1,sparse,434,8991,10.0,2,33,0.40691744254003337,0.30692187109679886,7992,True,False,True,19.590682200003357
debug_algorithm_dueling_dqn_statev1_sparse_seed43_20261010_222704_637561_e009c4fd,dueling_dqn,43,v1,sparse,435,9025,20.0,3,34,0.40553620360914194,0.31505259827655907,8026,True,False,True,19.67065339999681
debug_algorithm_dueling_dqn_statev1_sparse_seed43_20261010_222704_637561_e009c4fd,dueling_dqn,43,v1,sparse,436,9054,10.0,2,29,0.4043617936147956,0.2838446622521713,8055,True,False,True,19.748601999999664
debug_algorithm_dueling_dqn_statev1_sparse_seed43_20261010_222704_637561_e009c4fd,dueling_dqn,43,v1,sparse,437,9075,10.0,2,21,0.40351348247041186,0.30594472356495406,8076,True,False,True,19.801796200001263
debug_algorithm_dueling_dqn_statev1_sparse_seed43_20261010_222704_637561_e009c4fd,dueling_dqn,43,v1,sparse,438,9082,-10.0,0,7,0.40323110775639237,0.4131890343768256,8083,True,False,True,19.8231014999983
debug_algorithm_dueling_dqn_statev1_sparse_seed43_20261010_222704_637561_e009c4fd,dueling_dqn,43,v1,sparse,439,9089,0.0,1,7,0.4029489306453839,0.3328334146312305,8090,True,False,True,19.839907200002926
debug_algorithm_dueling_dqn_statev1_sparse_seed43_20261010_222704_637561_e009c4fd,dueling_dqn,43,v1,sparse,440,9143,20.0,3,54,0.40077876263708184,0.23457288397131143,8144,True,False,True,19.980720599996857
debug_algorithm_dueling_dqn_statev1_sparse_seed43_20261010_222704_637561_e009c4fd,dueling_dqn,43,v1,sparse,441,9184,10.0,2,41,0.3991388518278777,0.262640543282032,8185,True,False,True,20.087257899998804
debug_algorithm_dueling_dqn_statev1_sparse_seed43_20261010_222704_637561_e009c4fd,dueling_dqn,43,v1,sparse,442,9192,0.0,1,8,0.39881965248294504,0.24621733091771603,8193,True,False,True,20.10533469999791
debug_algorithm_dueling_dqn_statev1_sparse_seed43_20261010_222704_637561_e009c4fd,dueling_dqn,43,v1,sparse,443,9256,60.0,7,64,0.3962752303201363,0.27480872452724725,8257,True,False,True,20.261683800003084
debug_algorithm_dueling_dqn_statev1_sparse_seed43_20261010_222704_637561_e009c4fd,dueling_dqn,43,v1,sparse,444,9265,0.0,1,9,0.39591872523864896,0.18071062780088848,8266,True,False,True,20.28665919999912
debug_algorithm_dueling_dqn_statev1_sparse_seed43_20261010_222704_637561_e009c4fd,dueling_dqn,43,v1,sparse,445,9266,-10.0,0,1,0.3958791333661251,0.310543954372406,8267,True,False,True,20.289445800000976
debug_algorithm_dueling_dqn_statev1_sparse_seed43_20261010_222704_637561_e009c4fd,dueling_dqn,43,v1,sparse,446,9308,0.0,1,42,0.3942198449850611,0.3214461916081962,8309,True,False,True,20.399539099998947
debug_algorithm_dueling_dqn_statev1_sparse_seed43_20261010_222704_637561_e009c4fd,dueling_dqn,43,v1,sparse,447,9395,50.0,6,87,0.39080483840036373,0.30928735734745005,8396,True,False,True,20.60629009999684
debug_algorithm_dueling_dqn_statev1_sparse_seed43_20261010_222704_637561_e009c4fd,dueling_dqn,43,v1,sparse,448,9424,10.0,2,29,0.3896730896095734,0.27026599619922964,8425,True,False,True,20.678460399998585
debug_algorithm_dueling_dqn_statev1_sparse_seed43_20261010_222704_637561_e009c4fd,dueling_dqn,43,v1,sparse,449,9505,40.0,5,81,0.3865293298096633,0.2883530008940049,8506,True,False,True,20.90286449999985
debug_algorithm_dueling_dqn_statev1_sparse_seed43_20261010_222704_637561_e009c4fd,dueling_dqn,43,v1,sparse,450,9561,30.0,4,56,0.3843707074139974,0.31493118315535995,8562,True,False,True,21.058331799998996
debug_algorithm_dueling_dqn_statev1_sparse_seed43_20261010_222704_637561_e009c4fd,dueling_dqn,43,v1,sparse,451,9581,0.0,1,20,0.38360269586551704,0.3053908789530396,8582,True,False,True,21.113743000001705
debug_algorithm_dueling_dqn_statev1_sparse_seed43_20261010_222704_637561_e009c4fd,dueling_dqn,43,v1,sparse,452,9610,40.0,5,29,0.3824918040736787,0.23925712935883423,8611,True,False,True,21.183395899999596
debug_algorithm_dueling_dqn_statev1_sparse_seed43_20261010_222704_637561_e009c4fd,dueling_dqn,43,v1,sparse,453,9629,20.0,3,19,0.38176572333643755,0.2844561910942981,8630,True,False,True,21.230714999997872
debug_algorithm_dueling_dqn_statev1_sparse_seed43_20261010_222704_637561_e009c4fd,dueling_dqn,43,v1,sparse,454,9639,-10.0,0,10,0.3813841293618728,0.2616677828133106,8640,True,False,True,21.256712700000207
debug_algorithm_dueling_dqn_statev1_sparse_seed43_20261010_222704_637561_e009c4fd,dueling_dqn,43,v1,sparse,455,9643,0.0,1,4,0.38123159859165034,0.14405511692166328,8644,True,False,True,21.266936400003033
debug_algorithm_dueling_dqn_statev1_sparse_seed43_20261010_222704_637561_e009c4fd,dueling_dqn,43,v1,sparse,456,9654,-10.0,0,11,0.3808124534476882,0.20725968209179965,8655,True,False,True,21.29433070000232
debug_algorithm_dueling_dqn_statev1_sparse_seed43_20261010_222704_637561_e009c4fd,dueling_dqn,43,v1,sparse,457,9694,30.0,4,40,0.3792921702120852,0.2940721525810659,8695,True,False,True,21.40432200000214
debug_algorithm_dueling_dqn_statev1_sparse_seed43_20261010_222704_637561_e009c4fd,dueling_dqn,43,v1,sparse,458,9707,-10.0,0,13,0.3787993861302519,0.33979398757219315,8708,True,False,True,21.433148600001005
debug_algorithm_dueling_dqn_statev1_sparse_seed43_20261010_222704_637561_e009c4fd,dueling_dqn,43,v1,sparse,459,9728,0.0,1,21,0.37800470239451267,0.317064211836883,8729,True,False,True,21.487032500001078
debug_algorithm_dueling_dqn_statev1_sparse_seed43_20261010_222704_637561_e009c4fd,dueling_dqn,43,v1,sparse,460,9747,0.0,1,19,0.37728713948186404,0.3544762042400084,8748,True,False,True,21.535382000001846
debug_algorithm_dueling_dqn_statev1_sparse_seed43_20261010_222704_637561_e009c4fd,dueling_dqn,43,v1,sparse,461,9801,30.0,4,54,0.3752551785613178,0.29337015334102845,8802,True,False,True,21.669853799998236
debug_algorithm_dueling_dqn_statev1_sparse_seed43_20261010_222704_637561_e009c4fd,dueling_dqn,43,v1,sparse,462,9850,40.0,5,49,0.3734208342815094,0.30253927926627955,8851,True,False,True,21.79349809999985
debug_algorithm_dueling_dqn_statev1_sparse_seed43_20261010_222704_637561_e009c4fd,dueling_dqn,43,v1,sparse,463,9868,20.0,3,18,0.372749247809082,0.37342899127138984,8869,True,False,True,21.845493399996485
debug_algorithm_dueling_dqn_statev1_sparse_seed43_20261010_222704_637561_e009c4fd,dueling_dqn,43,v1,sparse,464,9899,20.0,3,31,0.3715954567505406,0.3313476343549067,8900,True,False,True,21.921997500001453
debug_algorithm_dueling_dqn_statev1_sparse_seed43_20261010_222704_637561_e009c4fd,dueling_dqn,43,v1,sparse,465,9922,0.0,1,23,0.3707417266787534,0.39707244058018143,8923,True,False,True,21.989209699997446
debug_algorithm_dueling_dqn_statev1_sparse_seed43_20261010_222704_637561_e009c4fd,dueling_dqn,43,v1,sparse,466,9927,-10.0,0,5,0.37055639288587944,0.2563097894191742,8928,True,False,True,22.005799799997476
debug_algorithm_dueling_dqn_statev1_sparse_seed43_20261010_222704_637561_e009c4fd,dueling_dqn,43,v1,sparse,467,9972,20.0,3,45,0.368892552373504,0.34676495583520994,8973,True,False,True,22.130443100002594
debug_algorithm_dueling_dqn_statev1_sparse_seed43_20261010_222704_637561_e009c4fd,dueling_dqn,43,v1,sparse,468,10089,90.0,10,117,0.3646014468721882,0.3546133816687979,9090,True,False,True,22.441909499997564
debug_algorithm_dueling_dqn_statev1_sparse_seed43_20261010_222704_637561_e009c4fd,dueling_dqn,43,v1,sparse,469,10092,-10.0,0,3,0.36449207737580536,0.4317504366238912,9093,True,False,True,22.451656500001263
debug_algorithm_dueling_dqn_statev1_sparse_seed43_20261010_222704_637561_e009c4fd,dueling_dqn,43,v1,sparse,470,10152,30.0,4,60,0.36231156396615544,0.3247224632029732,9153,True,False,True,22.603251900000032
debug_algorithm_dueling_dqn_statev1_sparse_seed43_20261010_222704_637561_e009c4fd,dueling_dqn,43,v1,sparse,471,10185,10.0,2,33,0.3611178468348348,0.35499337992884894,9186,True,False,True,22.680149300002086
debug_algorithm_dueling_dqn_statev1_sparse_seed43_20261010_222704_637561_e009c4fd,dueling_dqn,43,v1,sparse,472,10203,10.0,2,18,0.36046838692627603,0.38916590354508823,9204,True,False,True,22.722402799998235
debug_algorithm_dueling_dqn_statev1_sparse_seed43_20261010_222704_637561_e009c4fd,dueling_dqn,43,v1,sparse,473,10233,10.0,2,30,0.35938854834046624,0.33001326049367585,9234,True,False,True,22.790200000003097
debug_algorithm_dueling_dqn_statev1_sparse_seed43_20261010_222704_637561_e009c4fd,dueling_dqn,43,v1,sparse,474,10283,20.0,3,50,0.3575960010727347,0.3250751905888319,9284,True,False,True,22.919102400002885
debug_algorithm_dueling_dqn_statev1_sparse_seed43_20261010_222704_637561_e009c4fd,dueling_dqn,43,v1,sparse,475,10289,-10.0,0,6,0.35738149710433986,0.290725772579511,9290,True,False,True,22.934535599997616
debug_algorithm_dueling_dqn_statev1_sparse_seed43_20261010_222704_637561_e009c4fd,dueling_dqn,43,v1,sparse,476,10348,30.0,4,59,0.3552790494669725,0.369348556182142,9349,True,False,True,23.085898400000588
debug_algorithm_dueling_dqn_statev1_sparse_seed43_20261010_222704_637561_e009c4fd,dueling_dqn,43,v1,sparse,477,10355,-10.0,0,7,0.3550304287285125,0.3549869252102716,9356,True,False,True,23.10178420000011
debug_algorithm_dueling_dqn_statev1_sparse_seed43_20261010_222704_637561_e009c4fd,dueling_dqn,43,v1,sparse,478,10382,10.0,2,27,0.35407309168990936,0.31491621321550123,9383,True,False,True,23.165182099997764
debug_algorithm_dueling_dqn_statev1_sparse_seed43_20261010_222704_637561_e009c4fd,dueling_dqn,43,v1,sparse,479,10404,10.0,2,22,0.35329494825201974,0.38660581020469015,9405,True,False,True,23.220934800003306
debug_algorithm_dueling_dqn_statev1_sparse_seed43_20261010_222704_637561_e009c4fd,dueling_dqn,43,v1,sparse,480,10438,0.0,1,34,0.3520957253001431,0.3930811833809404,9439,True,False,True,23.31195149999985
debug_algorithm_dueling_dqn_statev1_sparse_seed43_20261010_222704_637561_e009c4fd,dueling_dqn,43,v1,sparse,481,10439,-10.0,0,1,0.3520605157276131,0.24078521132469177,9440,True,False,True,23.314770099997986
debug_algorithm_dueling_dqn_statev1_sparse_seed43_20261010_222704_637561_e009c4fd,dueling_dqn,43,v1,sparse,482,10473,10.0,2,34,0.3508654829285341,0.35304651738089676,9474,True,False,True,23.39849040000263
debug_algorithm_dueling_dqn_statev1_sparse_seed43_20261010_222704_637561_e009c4fd,dueling_dqn,43,v1,sparse,483,10492,10.0,2,19,0.3501994381510931,0.45901391380711604,9493,True,False,True,23.448957300002803
debug_algorithm_dueling_dqn_statev1_sparse_seed43_20261010_222704_637561_e009c4fd,dueling_dqn,43,v1,sparse,484,10520,10.0,2,28,0.3492202023316096,0.36278844558234724,9521,True,False,True,23.508649099996546
debug_algorithm_dueling_dqn_statev1_sparse_seed43_20261010_222704_637561_e009c4fd,dueling_dqn,43,v1,sparse,485,10534,0.0,1,14,0.3487316117116484,0.3614765075700624,9535,True,False,True,23.540449699998135
debug_algorithm_dueling_dqn_statev1_sparse_seed43_20261010_222704_637561_e009c4fd,dueling_dqn,43,v1,sparse,486,10610,30.0,4,76,0.3460911658424187,0.3324077616592771,9611,True,False,True,23.715722399996594
debug_algorithm_dueling_dqn_statev1_sparse_seed43_20261010_222704_637561_e009c4fd,dueling_dqn,43,v1,sparse,487,10657,50.0,6,47,0.3444682730027618,0.3538533463440043,9658,True,False,True,23.814054199996463
debug_algorithm_dueling_dqn_statev1_sparse_seed43_20261010_222704_637561_e009c4fd,dueling_dqn,43,v1,sparse,488,10719,50.0,6,62,0.34233907059659097,0.3346684800400849,9720,True,False,True,23.969869100001233
debug_algorithm_dueling_dqn_statev1_sparse_seed43_20261010_222704_637561_e009c4fd,dueling_dqn,43,v1,sparse,489,10813,70.0,8,94,0.3391360011894697,0.3587560704413881,9814,True,False,True,24.219679499998165
debug_algorithm_dueling_dqn_statev1_sparse_seed43_20261010_222704_637561_e009c4fd,dueling_dqn,43,v1,sparse,490,10817,-10.0,0,4,0.33900036713579745,0.3732943497598171,9818,True,False,True,24.22798760000296
debug_algorithm_dueling_dqn_statev1_sparse_seed43_20261010_222704_637561_e009c4fd,dueling_dqn,43,v1,sparse,491,10860,60.0,7,43,0.3375457225510058,0.4067082593953887,9861,True,False,True,24.328511300001992
debug_algorithm_dueling_dqn_statev1_sparse_seed43_20261010_222704_637561_e009c4fd,dueling_dqn,43,v1,sparse,492,10878,0.0,1,18,0.3369386564200355,0.41874750289652085,9879,True,False,True,24.374549899999693
debug_algorithm_dueling_dqn_statev1_sparse_seed43_20261010_222704_637561_e009c4fd,dueling_dqn,43,v1,sparse,493,10914,20.0,3,36,0.33572779756670024,0.3749414094620281,9915,True,False,True,24.46326489999774
debug_algorithm_dueling_dqn_statev1_sparse_seed43_20261010_222704_637561_e009c4fd,dueling_dqn,43,v1,sparse,494,10944,20.0,3,30,0.3347220732277844,0.37305598134795825,9945,True,False,True,24.5470639999985
debug_algorithm_dueling_dqn_statev1_sparse_seed43_20261010_222704_637561_e009c4fd,dueling_dqn,43,v1,sparse,495,10991,30.0,4,47,0.3331524924076723,0.3269297536858853,9992,True,False,True,24.658462400002463
debug_algorithm_dueling_dqn_statev1_sparse_seed43_20261010_222704_637561_e009c4fd,dueling_dqn,43,v1,sparse,496,11011,0.0,1,20,0.3324868200329602,0.3656708328053355,10012,True,False,True,24.70837020000181
debug_algorithm_dueling_dqn_statev1_sparse_seed43_20261010_222704_637561_e009c4fd,dueling_dqn,43,v1,sparse,497,11014,-10.0,0,3,0.33238708396122246,0.40749987959861755,10015,True,False,True,24.714845499998773
debug_algorithm_dueling_dqn_statev1_sparse_seed43_20261010_222704_637561_e009c4fd,dueling_dqn,43,v1,sparse,498,11101,70.0,8,87,0.32950771577406535,0.3454301543105608,10102,True,False,True,24.956040299999586
debug_algorithm_dueling_dqn_statev1_sparse_seed43_20261010_222704_637561_e009c4fd,dueling_dqn,43,v1,sparse,499,11112,0.0,1,11,0.32914543846159977,0.3393610946156762,10113,True,False,True,24.98489359999803
debug_algorithm_dueling_dqn_statev1_sparse_seed43_20261010_222704_637561_e009c4fd,dueling_dqn,43,v1,sparse,500,11134,10.0,2,22,0.3284220783163039,0.3734577271071347,10135,True,False,True,25.037281700002495
debug_algorithm_dueling_dqn_statev1_sparse_seed43_20261010_222704_637561_e009c4fd,dueling_dqn,43,v1,sparse,501,11148,-10.0,0,14,0.3279625861512396,0.44774635987622396,10149,True,False,True,25.08636000000115
debug_algorithm_dueling_dqn_statev1_sparse_seed43_20261010_222704_637561_e009c4fd,dueling_dqn,43,v1,sparse,502,11191,30.0,4,43,0.32655530448960035,0.35512239122113515,10192,True,False,True,25.18751969999721
debug_algorithm_dueling_dqn_statev1_sparse_seed43_20261010_222704_637561_e009c4fd,dueling_dqn,43,v1,sparse,503,11238,40.0,5,47,0.32502401933206626,0.4086571594185017,10239,True,False,True,25.305945899999642
debug_algorithm_dueling_dqn_statev1_sparse_seed43_20261010_222704_637561_e009c4fd,dueling_dqn,43,v1,sparse,504,11267,20.0,3,29,0.3240827680866557,0.3921859850143564,10268,True,False,True,25.37798379999731
debug_algorithm_dueling_dqn_statev1_sparse_seed43_20261010_222704_637561_e009c4fd,dueling_dqn,43,v1,sparse,505,11274,-10.0,0,7,0.32385597819503464,0.48243774686540875,10275,True,False,True,25.396048700000392
debug_algorithm_dueling_dqn_statev1_sparse_seed43_20261010_222704_637561_e009c4fd,dueling_dqn,43,v1,sparse,506,11278,-10.0,0,4,0.32372645523382,0.37833305448293686,10279,True,False,True,25.405186900003173
debug_algorithm_dueling_dqn_statev1_sparse_seed43_20261010_222704_637561_e009c4fd,dueling_dqn,43,v1,sparse,507,11363,40.0,5,85,0.3209863054897642,0.4153701199328198,10364,True,False,True,25.63232479999715
debug_algorithm_dueling_dqn_statev1_sparse_seed43_20261010_222704_637561_e009c4fd,dueling_dqn,43,v1,sparse,508,11366,-10.0,0,3,0.3208900192273854,0.37758802374204,10367,True,False,True,25.640991300002497
debug_algorithm_dueling_dqn_statev1_sparse_seed43_20261010_222704_637561_e009c4fd,dueling_dqn,43,v1,sparse,509,11449,60.0,7,83,0.3182375225303309,0.3668838080512472,10450,True,False,True,25.836470299997018
debug_algorithm_dueling_dqn_statev1_sparse_seed43_20261010_222704_637561_e009c4fd,dueling_dqn,43,v1,sparse,510,11475,20.0,3,26,0.31741113841675844,0.3996977092554936,10476,True,False,True,25.900581399997463
debug_algorithm_dueling_dqn_statev1_sparse_seed43_20261010_222704_637561_e009c4fd,dueling_dqn,43,v1,sparse,511,11502,10.0,2,27,0.3165552415282583,0.40286278793657265,10503,True,False,True,25.9716574999984
debug_algorithm_dueling_dqn_statev1_sparse_seed43_20261010_222704_637561_e009c4fd,dueling_dqn,43,v1,sparse,512,11511,0.0,1,9,0.3162704557441832,0.4124277068508996,10512,True,False,True,25.99116839999624
debug_algorithm_dueling_dqn_statev1_sparse_seed43_20261010_222704_637561_e009c4fd,dueling_dqn,43,v1,sparse,513,11531,10.0,2,20,0.3156385153861658,0.381772418320179,10532,True,False,True,26.049367799998436
debug_algorithm_dueling_dqn_statev1_sparse_seed43_20261010_222704_637561_e009c4fd,dueling_dqn,43,v1,sparse,514,11557,30.0,4,26,0.3148188802511482,0.4031779717367429,10558,True,False,True,26.12271289999626
debug_algorithm_dueling_dqn_statev1_sparse_seed43_20261010_222704_637561_e009c4fd,dueling_dqn,43,v1,sparse,515,11621,40.0,5,64,0.31281037306953197,0.4052887330763042,10622,True,False,True,26.276951100000588
debug_algorithm_dueling_dqn_statev1_sparse_seed43_20261010_222704_637561_e009c4fd,dueling_dqn,43,v1,sparse,516,11683,20.0,3,62,0.31087685218759703,0.43635102253287067,10684,True,False,True,26.41857170000003
debug_algorithm_dueling_dqn_statev1_sparse_seed43_20261010_222704_637561_e009c4fd,dueling_dqn,43,v1,sparse,517,11720,30.0,4,37,0.3097286758608774,0.42040433553425044,10721,True,False,True,26.507116799999494
debug_algorithm_dueling_dqn_statev1_sparse_seed43_20261010_222704_637561_e009c4fd,dueling_dqn,43,v1,sparse,518,11741,20.0,3,21,0.3090788956600352,0.3438798160780044,10742,True,False,True,26.569440200000827
debug_algorithm_dueling_dqn_statev1_sparse_seed43_20261010_222704_637561_e009c4fd,dueling_dqn,43,v1,sparse,519,11760,0.0,1,19,0.3084921739838152,0.5218832908492339,10761,True,False,True,26.614797599999292
debug_algorithm_dueling_dqn_statev1_sparse_seed43_20261010_222704_637561_e009c4fd,dueling_dqn,43,v1,sparse,520,11778,10.0,2,18,0.30793735981203524,0.4196649504204591,10779,True,False,True,26.656005099997856
debug_algorithm_dueling_dqn_statev1_sparse_seed43_20261010_222704_637561_e009c4fd,dueling_dqn,43,v1,sparse,521,11793,0.0,1,15,0.3074757769664756,0.35058586349089943,10794,True,False,True,26.686821399998735
debug_algorithm_dueling_dqn_statev1_sparse_seed43_20261010_222704_637561_e009c4fd,dueling_dqn,43,v1,sparse,522,11805,-10.0,0,12,0.30710700890049913,0.4115101620554924,10806,True,False,True,26.708902999998827
debug_algorithm_dueling_dqn_statev1_sparse_seed43_20261010_222704_637561_e009c4fd,dueling_dqn,43,v1,sparse,523,11893,70.0,8,88,0.30441618964927464,0.4410282817076553,10894,True,False,True,26.919104399996286
debug_algorithm_dueling_dqn_statev1_sparse_seed43_20261010_222704_637561_e009c4fd,dueling_dqn,43,v1,sparse,524,11899,-10.0,0,6,0.3042335855918257,0.48379626373449963,10900,True,False,True,26.93444720000116
debug_algorithm_dueling_dqn_statev1_sparse_seed43_20261010_222704_637561_e009c4fd,dueling_dqn,43,v1,sparse,525,11965,30.0,4,66,0.3022321558375017,0.44478442141729774,10966,True,False,True,27.08808339999814
debug_algorithm_dueling_dqn_statev1_sparse_seed43_20261010_222704_637561_e009c4fd,dueling_dqn,43,v1,sparse,526,12007,10.0,2,42,0.30096537953560126,0.408060042985848,11008,True,False,True,27.188595100000384
debug_algorithm_dueling_dqn_statev1_sparse_seed43_20261010_222704_637561_e009c4fd,dueling_dqn,43,v1,sparse,527,12077,60.0,7,70,0.2988658737454821,0.44699992111751014,11078,True,False,True,27.343608800001675
debug_algorithm_dueling_dqn_statev1_sparse_seed43_20261010_222704_637561_e009c4fd,dueling_dqn,43,v1,sparse,528,12095,0.0,1,18,0.29832837219374403,0.4096308714813656,11096,True,False,True,27.388601200000267
debug_algorithm_dueling_dqn_statev1_sparse_seed43_20261010_222704_637561_e009c4fd,dueling_dqn,43,v1,sparse,529,12132,20.0,3,37,0.2972265417675437,0.3993120453244931,11133,True,False,True,27.47313920000306
debug_algorithm_dueling_dqn_statev1_sparse_seed43_20261010_222704_637561_e009c4fd,dueling_dqn,43,v1,sparse,530,12151,-10.0,0,19,0.2966623193076745,0.3866254161847265,11152,True,False,True,27.516934899998887
debug_algorithm_dueling_dqn_statev1_sparse_seed43_20261010_222704_637561_e009c4fd,dueling_dqn,43,v1,sparse,531,12253,60.0,7,102,0.2936515939157059,0.43188658699977633,11254,True,False,True,27.756931999996596
debug_algorithm_dueling_dqn_statev1_sparse_seed43_20261010_222704_637561_e009c4fd,dueling_dqn,43,v1,sparse,532,12292,30.0,4,39,0.2925085259764773,0.41501354712706345,11293,True,False,True,27.842898399998376
debug_algorithm_dueling_dqn_statev1_sparse_seed43_20261010_222704_637561_e009c4fd,dueling_dqn,43,v1,sparse,533,12318,20.0,3,26,0.2917489537015629,0.44635549703469646,11319,True,False,True,27.90756539999711
debug_algorithm_dueling_dqn_statev1_sparse_seed43_20261010_222704_637561_e009c4fd,dueling_dqn,43,v1,sparse,534,12357,20.0,3,39,0.29061329197797814,0.40812770334573895,11358,True,False,True,27.99524509999901
debug_algorithm_dueling_dqn_statev1_sparse_seed43_20261010_222704_637561_e009c4fd,dueling_dqn,43,v1,sparse,535,12368,0.0,1,11,0.2902937771461714,0.47443892739035864,11369,True,False,True,28.020529800000077
debug_algorithm_dueling_dqn_statev1_sparse_seed43_20261010_222704_637561_e009c4fd,dueling_dqn,43,v1,sparse,536,12377,0.0,1,9,0.2900326172281186,0.3524809827407201,11378,True,False,True,28.043467099996633
debug_algorithm_dueling_dqn_statev1_sparse_seed43_20261010_222704_637561_e009c4fd,dueling_dqn,43,v1,sparse,537,12408,40.0,5,31,0.2891348634635971,0.44640428885336847,11409,True,False,True,28.123340600002848
debug_algorithm_dueling_dqn_statev1_sparse_seed43_20261010_222704_637561_e009c4fd,dueling_dqn,43,v1,sparse,538,12431,10.0,2,23,0.28847058427703365,0.46528849070486816,11432,True,False,True,28.178025200002594
debug_algorithm_dueling_dqn_statev1_sparse_seed43_20261010_222704_637561_e009c4fd,dueling_dqn,43,v1,sparse,539,12497,40.0,5,66,0.2865728529351892,0.38420854830606416,11498,True,False,True,28.378910200000973
debug_algorithm_dueling_dqn_statev1_sparse_seed43_20261010_222704_637561_e009c4fd,dueling_dqn,43,v1,sparse,540,12503,-10.0,0,6,0.286400952203625,0.3388327931364377,11504,True,False,True,28.39762950000295
debug_algorithm_dueling_dqn_statev1_sparse_seed43_20261010_222704_637561_e009c4fd,dueling_dqn,43,v1,sparse,541,12543,50.0,6,40,0.2852575794952118,0.43406778704375026,11544,True,False,True,28.5166046000013
debug_algorithm_dueling_dqn_statev1_sparse_seed43_20261010_222704_637561_e009c4fd,dueling_dqn,43,v1,sparse,542,12577,30.0,4,34,0.28428930231428984,0.370788821402718,11578,True,False,True,28.616241399999126
debug_algorithm_dueling_dqn_statev1_sparse_seed43_20261010_222704_637561_e009c4fd,dueling_dqn,43,v1,sparse,543,12587,0.0,1,10,0.2840051409080529,0.47517738603055476,11588,True,False,True,28.64556640000228
debug_algorithm_dueling_dqn_statev1_sparse_seed43_20261010_222704_637561_e009c4fd,dueling_dqn,43,v1,sparse,544,12606,0.0,1,19,0.28346601651402775,0.42631288108072785,11607,True,False,True,28.69869050000125
debug_algorithm_dueling_dqn_statev1_sparse_seed43_20261010_222704_637561_e009c4fd,dueling_dqn,43,v1,sparse,545,12665,50.0,6,59,0.28179840791782784,0.4257687489360066,11666,True,False,True,28.84295310000016
debug_algorithm_dueling_dqn_statev1_sparse_seed43_20261010_222704_637561_e009c4fd,dueling_dqn,43,v1,sparse,546,12668,-10.0,0,3,0.2817138768491229,0.2768447721997897,11669,True,False,True,28.849100599996746
debug_algorithm_dueling_dqn_statev1_sparse_seed43_20261010_222704_637561_e009c4fd,dueling_dqn,43,v1,sparse,547,12671,-10.0,0,3,0.28162937113720277,0.46835437417030334,11672,True,False,True,28.858902300002228
debug_algorithm_dueling_dqn_statev1_sparse_seed43_20261010_222704_637561_e009c4fd,dueling_dqn,43,v1,sparse,548,12745,50.0,6,74,0.27955290237611935,0.43926659397579526,11746,True,False,True,29.02930899999774
debug_algorithm_dueling_dqn_statev1_sparse_seed43_20261010_222704_637561_e009c4fd,dueling_dqn,43,v1,sparse,549,12755,-10.0,0,10,0.2792734752390088,0.3647689148783684,11756,True,False,True,29.048953999998048
debug_algorithm_dueling_dqn_statev1_sparse_seed43_20261010_222704_637561_e009c4fd,dueling_dqn,43,v1,sparse,550,12779,10.0,2,24,0.278603989128274,0.43626051147778827,11780,True,False,True,29.107307799997216
debug_algorithm_dueling_dqn_statev1_sparse_seed43_20261010_222704_637561_e009c4fd,dueling_dqn,43,v1,sparse,551,12818,40.0,5,39,0.2775194954823614,0.4710245881325159,11819,True,False,True,29.202415799998562
debug_algorithm_dueling_dqn_statev1_sparse_seed43_20261010_222704_637561_e009c4fd,dueling_dqn,43,v1,sparse,552,12819,-10.0,0,1,0.27749174353281314,0.5089847445487976,11820,True,False,True,29.204699200003233
debug_algorithm_dueling_dqn_statev1_sparse_seed43_20261010_222704_637561_e009c4fd,dueling_dqn,43,v1,sparse,553,12841,10.0,2,22,0.276881902275834,0.4042103121226484,11842,True,False,True,29.255613299996185
debug_algorithm_dueling_dqn_statev1_sparse_seed43_20261010_222704_637561_e009c4fd,dueling_dqn,43,v1,sparse,554,12922,60.0,7,81,0.27464810626346475,0.4608845427448367,11923,True,False,True,29.465884199998982
debug_algorithm_dueling_dqn_statev1_sparse_seed43_20261010_222704_637561_e009c4fd,dueling_dqn,43,v1,sparse,555,12949,20.0,3,27,0.27390751958854265,0.4254282177598388,11950,True,False,True,29.530872800001816
debug_algorithm_dueling_dqn_statev1_sparse_seed43_20261010_222704_637561_e009c4fd,dueling_dqn,43,v1,sparse,556,12985,10.0,2,36,0.27292317618131023,0.44786575953993535,11986,True,False,True,29.616303800001333
debug_algorithm_dueling_dqn_statev1_sparse_seed43_20261010_222704_637561_e009c4fd,dueling_dqn,43,v1,sparse,557,13016,0.0,1,31,0.2720783822019862,0.4256562657894627,12017,True,False,True,29.691072100002202
debug_algorithm_dueling_dqn_statev1_sparse_seed43_20261010_222704_637561_e009c4fd,dueling_dqn,43,v1,sparse,558,13067,50.0,6,51,0.2706942457928898,0.44421567855512395,12068,True,False,True,29.80346080000163
debug_algorithm_dueling_dqn_statev1_sparse_seed43_20261010_222704_637561_e009c4fd,dueling_dqn,43,v1,sparse,559,13113,30.0,4,46,0.26945184984296144,0.4693303425674853,12114,True,False,True,29.910808499997074
debug_algorithm_dueling_dqn_statev1_sparse_seed43_20261010_222704_637561_e009c4fd,dueling_dqn,43,v1,sparse,560,13177,40.0,5,64,0.26773277894391734,0.4463245648657903,12178,True,False,True,30.066100600000937
debug_algorithm_dueling_dqn_statev1_sparse_seed43_20261010_222704_637561_e009c4fd,dueling_dqn,43,v1,sparse,561,13220,40.0,5,43,0.26658394232066374,0.43166184234757754,12221,True,False,True,30.167967800000042
debug_algorithm_dueling_dqn_statev1_sparse_seed43_20261010_222704_637561_e009c4fd,dueling_dqn,43,v1,sparse,562,13259,40.0,5,39,0.2655462378985061,0.41369027892748517,12260,True,False,True,30.26601110000047
debug_algorithm_dueling_dqn_statev1_sparse_seed43_20261010_222704_637561_e009c4fd,dueling_dqn,43,v1,sparse,563,13285,10.0,2,26,0.2648566800152199,0.5002668393919101,12286,True,False,True,30.337458699999843
debug_algorithm_dueling_dqn_statev1_sparse_seed43_20261010_222704_637561_e009c4fd,dueling_dqn,43,v1,sparse,564,13377,80.0,9,92,0.26243105227287894,0.5021288486440545,12378,True,False,True,30.562066500002402
debug_algorithm_dueling_dqn_statev1_sparse_seed43_20261010_222704_637561_e009c4fd,dueling_dqn,43,v1,sparse,565,13396,10.0,2,19,0.26193288177646595,0.4686601275676175,12397,True,False,True,30.613555600000836
debug_algorithm_dueling_dqn_statev1_sparse_seed43_20261010_222704_637561_e009c4fd,dueling_dqn,43,v1,sparse,566,13417,0.0,1,21,0.26138337243557314,0.5543799882843381,12418,True,False,True,30.66882110000006
debug_algorithm_dueling_dqn_statev1_sparse_seed43_20261010_222704_637561_e009c4fd,dueling_dqn,43,v1,sparse,567,13438,0.0,1,21,0.260835015911057,0.515195583658559,12439,True,False,True,30.715759899998375
debug_algorithm_dueling_dqn_statev1_sparse_seed43_20261010_222704_637561_e009c4fd,dueling_dqn,43,v1,sparse,568,13464,20.0,3,26,0.2601576919057087,0.42521701036737514,12465,True,False,True,30.776374100001703
debug_algorithm_dueling_dqn_statev1_sparse_seed43_20261010_222704_637561_e009c4fd,dueling_dqn,43,v1,sparse,569,13479,10.0,2,15,0.2597677284150904,0.6788807610670725,12480,True,False,True,30.814299700003176
debug_algorithm_dueling_dqn_statev1_sparse_seed43_20261010_222704_637561_e009c4fd,dueling_dqn,43,v1,sparse,570,13527,40.0,5,48,0.2585237690107821,0.4473605079886814,12528,True,False,True,30.93481790000078
debug_algorithm_dueling_dqn_statev1_sparse_seed43_20261010_222704_637561_e009c4fd,dueling_dqn,43,v1,sparse,571,13557,20.0,3,30,0.2577493212332468,0.3610532934466998,12558,True,False,True,31.00388859999657
debug_algorithm_dueling_dqn_statev1_sparse_seed43_20261010_222704_637561_e009c4fd,dueling_dqn,43,v1,sparse,572,13584,10.0,2,27,0.25705430201256996,0.47109662272312025,12585,True,False,True,31.065341200002877
debug_algorithm_dueling_dqn_statev1_sparse_seed43_20261010_222704_637561_e009c4fd,dueling_dqn,43,v1,sparse,573,13601,0.0,1,17,0.2566176591182636,0.4274778935839148,12602,True,False,True,31.110414100003254
debug_algorithm_dueling_dqn_statev1_sparse_seed43_20261010_222704_637561_e009c4fd,dueling_dqn,43,v1,sparse,574,13639,10.0,2,38,0.2556443138728243,0.5049083417183474,12640,True,False,True,31.203088399997796
debug_algorithm_dueling_dqn_statev1_sparse_seed43_20261010_222704_637561_e009c4fd,dueling_dqn,43,v1,sparse,575,13680,30.0,4,41,0.2545982657467382,0.4492989952971296,12681,True,False,True,31.29702549999638
debug_algorithm_dueling_dqn_statev1_sparse_seed43_20261010_222704_637561_e009c4fd,dueling_dqn,43,v1,sparse,576,13681,-10.0,0,1,0.25457280592016357,0.6554452776908875,12682,True,False,True,31.299157800000103
debug_algorithm_dueling_dqn_statev1_sparse_seed43_20261010_222704_637561_e009c4fd,dueling_dqn,43,v1,sparse,577,13682,-10.0,0,1,0.25454734863957157,0.33465325832366943,12683,True,False,True,31.30125019999832
debug_algorithm_dueling_dqn_statev1_sparse_seed43_20261010_222704_637561_e009c4fd,dueling_dqn,43,v1,sparse,578,13704,10.0,2,22,0.2539879320851231,0.5039665739644658,12705,True,False,True,31.351580900001863
debug_algorithm_dueling_dqn_statev1_sparse_seed43_20261010_222704_637561_e009c4fd,dueling_dqn,43,v1,sparse,579,13729,10.0,2,25,0.2533537236348555,0.4284938564896584,12730,True,False,True,31.41762139999628
debug_algorithm_dueling_dqn_statev1_sparse_seed43_20261010_222704_637561_e009c4fd,dueling_dqn,43,v1,sparse,580,13764,10.0,2,35,0.2524684913999148,0.4173543738467353,12765,True,False,True,31.504665899999964
debug_algorithm_dueling_dqn_statev1_sparse_seed43_20261010_222704_637561_e009c4fd,dueling_dqn,43,v1,sparse,581,13794,30.0,4,30,0.251712183139322,0.4286168004075686,12795,True,False,True,31.576320200001646
debug_algorithm_dueling_dqn_statev1_sparse_seed43_20261010_222704_637561_e009c4fd,dueling_dqn,43,v1,sparse,582,13857,50.0,6,63,0.2501313023437146,0.4294565603846595,12858,True,False,True,31.7330237999995
debug_algorithm_dueling_dqn_statev1_sparse_seed43_20261010_222704_637561_e009c4fd,dueling_dqn,43,v1,sparse,583,13922,60.0,7,65,0.24851064070074833,0.5119988232851028,12923,True,False,True,31.880425399998785
debug_algorithm_dueling_dqn_statev1_sparse_seed43_20261010_222704_637561_e009c4fd,dueling_dqn,43,v1,sparse,584,13973,50.0,6,51,0.24724639977481394,0.5066877967294525,12974,True,False,True,31.9980676999985
debug_algorithm_dueling_dqn_statev1_sparse_seed43_20261010_222704_637561_e009c4fd,dueling_dqn,43,v1,sparse,585,13992,10.0,2,19,0.24677705416709947,0.44495533563588796,12993,True,False,True,32.04378110000107
debug_algorithm_dueling_dqn_statev1_sparse_seed43_20261010_222704_637561_e009c4fd,dueling_dqn,43,v1,sparse,586,13993,-10.0,0,1,0.24675237646168277,0.13161934912204742,12994,True,False,True,32.04603369999677
debug_algorithm_dueling_dqn_statev1_sparse_seed43_20261010_222704_637561_e009c4fd,dueling_dqn,43,v1,sparse,587,14021,20.0,3,28,0.24606240172371735,0.46373850479722023,13022,True,False,True,32.11500679999881
debug_algorithm_dueling_dqn_statev1_sparse_seed43_20261010_222704_637561_e009c4fd,dueling_dqn,43,v1,sparse,588,14061,10.0,2,40,0.2450800689747067,0.48119329772889613,13062,True,False,True,32.20692989999952
debug_algorithm_dueling_dqn_statev1_sparse_seed43_20261010_222704_637561_e009c4fd,dueling_dqn,43,v1,sparse,589,14074,0.0,1,13,0.24476165597741803,0.5449881278551542,13075,True,False,True,32.23619899999903
debug_algorithm_dueling_dqn_statev1_sparse_seed43_20261010_222704_637561_e009c4fd,dueling_dqn,43,v1,sparse,590,14158,70.0,8,84,0.24271416718381708,0.45680487005128745,13159,True,False,True,32.43959080000059
debug_algorithm_dueling_dqn_statev1_sparse_seed43_20261010_222704_637561_e009c4fd,dueling_dqn,43,v1,sparse,591,14209,50.0,6,51,0.24147941448834856,0.39061154695410355,13210,True,False,True,32.559719400000176
debug_algorithm_dueling_dqn_statev1_sparse_seed43_20261010_222704_637561_e009c4fd,dueling_dqn,43,v1,sparse,592,14253,30.0,4,44,0.24041918626498315,0.4302359777079387,13254,True,False,True,32.670805100002326
debug_algorithm_dueling_dqn_statev1_sparse_seed43_20261010_222704_637561_e009c4fd,dueling_dqn,43,v1,sparse,593,14297,30.0,4,44,0.23936361303006878,0.4476686575534669,13298,True,False,True,32.77727369999775
debug_algorithm_dueling_dqn_statev1_sparse_seed43_20261010_222704_637561_e009c4fd,dueling_dqn,43,v1,sparse,594,14322,10.0,2,25,0.23876592153809914,0.5598223721981048,13323,True,False,True,32.839689100001124
debug_algorithm_dueling_dqn_statev1_sparse_seed43_20261010_222704_637561_e009c4fd,dueling_dqn,43,v1,sparse,595,14333,0.0,1,11,0.23850341030627562,0.49948881701989606,13334,True,False,True,32.86654139999882
debug_algorithm_dueling_dqn_statev1_sparse_seed43_20261010_222704_637561_e009c4fd,dueling_dqn,43,v1,sparse,596,14360,10.0,2,27,0.23786028754821478,0.47581764724519515,13361,True,False,True,32.93907410000247
debug_algorithm_dueling_dqn_statev1_sparse_seed43_20261010_222704_637561_e009c4fd,dueling_dqn,43,v1,sparse,597,14420,60.0,7,60,0.23643732782202206,0.5142492787291606,13421,True,False,True,33.12546819999989
debug_algorithm_dueling_dqn_statev1_sparse_seed43_20261010_222704_637561_e009c4fd,dueling_dqn,43,v1,sparse,598,14427,-10.0,0,7,0.23627187133611102,0.689152296100344,13428,True,False,True,33.14155100000062
debug_algorithm_dueling_dqn_statev1_sparse_seed43_20261010_222704_637561_e009c4fd,dueling_dqn,43,v1,sparse,599,14483,20.0,3,56,0.23495238090266019,0.5911307491894279,13484,True,False,True,33.2673158999969
debug_algorithm_dueling_dqn_statev1_sparse_seed43_20261010_222704_637561_e009c4fd,dueling_dqn,43,v1,sparse,600,14517,10.0,2,34,0.23415485948558207,0.46571910249836307,13518,True,False,True,33.356098700001894
debug_algorithm_dueling_dqn_statev1_sparse_seed43_20261010_222704_637561_e009c4fd,dueling_dqn,43,v1,sparse,601,14531,10.0,2,14,0.2338272556780155,0.5084839750613485,13532,True,False,True,33.406729900001665
debug_algorithm_dueling_dqn_statev1_sparse_seed43_20261010_222704_637561_e009c4fd,dueling_dqn,43,v1,sparse,602,14574,20.0,3,43,0.23282390705594022,0.5004025820729344,13575,True,False,True,33.507526499997766
debug_algorithm_dueling_dqn_statev1_sparse_seed43_20261010_222704_637561_e009c4fd,dueling_dqn,43,v1,sparse,603,14642,40.0,5,68,0.2312459965672965,0.48339511717067046,13643,True,False,True,33.665974199997436
debug_algorithm_dueling_dqn_statev1_sparse_seed43_20261010_222704_637561_e009c4fd,dueling_dqn,43,v1,sparse,604,14705,40.0,5,63,0.2297936538539841,0.47210072489484906,13706,True,False,True,33.80266410000331
debug_algorithm_dueling_dqn_statev1_sparse_seed43_20261010_222704_637561_e009c4fd,dueling_dqn,43,v1,sparse,605,14739,30.0,4,34,0.2290136431992586,0.4783892302828677,13740,True,False,True,33.8841861999972
debug_algorithm_dueling_dqn_statev1_sparse_seed43_20261010_222704_637561_e009c4fd,dueling_dqn,43,v1,sparse,606,14805,50.0,6,66,0.22750705503361104,0.47923473223592294,13806,True,False,True,34.039090999998734
debug_algorithm_dueling_dqn_statev1_sparse_seed43_20261010_222704_637561_e009c4fd,dueling_dqn,43,v1,sparse,607,14848,30.0,4,43,0.22653082628081447,0.4791859206418658,13849,True,False,True,34.142854899997474
debug_algorithm_dueling_dqn_statev1_sparse_seed43_20261010_222704_637561_e009c4fd,dueling_dqn,43,v1,sparse,608,14921,70.0,8,73,0.2248830904143904,0.5370435039066288,13922,True,False,True,34.31409300000087
debug_algorithm_dueling_dqn_statev1_sparse_seed43_20261010_222704_637561_e009c4fd,dueling_dqn,43,v1,sparse,609,14984,40.0,5,63,0.223470709994583,0.5227816070592592,13985,True,False,True,34.48027590000129
debug_algorithm_dueling_dqn_statev1_sparse_seed43_20261010_222704_637561_e009c4fd,dueling_dqn,43,v1,sparse,610,15029,70.0,8,45,0.22246730099191395,0.5146882620122698,14030,True,False,True,34.60710729999846
debug_algorithm_dueling_dqn_statev1_sparse_seed43_20261010_222704_637561_e009c4fd,dueling_dqn,43,v1,sparse,611,15072,40.0,5,43,0.22151269773465126,0.570392157882452,14073,True,False,True,34.714136900001904
debug_algorithm_dueling_dqn_statev1_sparse_seed43_20261010_222704_637561_e009c4fd,dueling_dqn,43,v1,sparse,612,15123,30.0,4,51,0.22038580265562924,0.5079409794188013,14124,True,False,True,34.83452949999628
debug_algorithm_dueling_dqn_statev1_sparse_seed43_20261010_222704_637561_e009c4fd,dueling_dqn,43,v1,sparse,613,15159,30.0,4,36,0.21959380062436853,0.513761448363463,14160,True,False,True,34.9162617999973
debug_algorithm_dueling_dqn_statev1_sparse_seed43_20261010_222704_637561_e009c4fd,dueling_dqn,43,v1,sparse,614,15195,30.0,4,36,0.2188046448164578,0.5249429610040452,14196,True,False,True,34.99684939999861
debug_algorithm_dueling_dqn_statev1_sparse_seed43_20261010_222704_637561_e009c4fd,dueling_dqn,43,v1,sparse,615,15288,60.0,7,93,0.2167790937527383,0.5324983983751266,14289,True,False,True,35.20340459999716
debug_algorithm_dueling_dqn_statev1_sparse_seed43_20261010_222704_637561_e009c4fd,dueling_dqn,43,v1,sparse,616,15306,-10.0,0,18,0.21638922287917148,0.47113145556714797,14307,True,False,True,35.24547490000259
debug_algorithm_dueling_dqn_statev1_sparse_seed43_20261010_222704_637561_e009c4fd,dueling_dqn,43,v1,sparse,617,15357,50.0,6,51,0.21528839230417643,0.5370027886009684,14358,True,False,True,35.37191249999887
debug_algorithm_dueling_dqn_statev1_sparse_seed43_20261010_222704_637561_e009c4fd,dueling_dqn,43,v1,sparse,618,15410,20.0,3,53,0.21415032546196253,0.5244799613390329,14411,True,False,True,35.50537079999776
debug_algorithm_dueling_dqn_statev1_sparse_seed43_20261010_222704_637561_e009c4fd,dueling_dqn,43,v1,sparse,619,15426,0.0,1,16,0.21380794180172877,0.43725224304944277,14427,True,False,True,35.545895099996415
debug_algorithm_dueling_dqn_statev1_sparse_seed43_20261010_222704_637561_e009c4fd,dueling_dqn,43,v1,sparse,620,15461,20.0,3,35,0.21306088476442236,0.5521629699638911,14462,True,False,True,35.625297699996736
debug_algorithm_dueling_dqn_statev1_sparse_seed43_20261010_222704_637561_e009c4fd,dueling_dqn,43,v1,sparse,621,15499,20.0,3,38,0.21225274942452763,0.5222561798597637,14500,True,False,True,35.70902319999732
debug_algorithm_dueling_dqn_statev1_sparse_seed43_20261010_222704_637561_e009c4fd,dueling_dqn,43,v1,sparse,622,15557,70.0,8,58,0.21102518547553828,0.5013330193429157,14558,True,False,True,35.83560099999886
debug_algorithm_dueling_dqn_statev1_sparse_seed43_20261010_222704_637561_e009c4fd,dueling_dqn,43,v1,sparse,623,15626,60.0,7,69,0.20957405130837437,0.480672767844753,14627,True,False,True,36.003852499998175
debug_algorithm_dueling_dqn_statev1_sparse_seed43_20261010_222704_637561_e009c4fd,dueling_dqn,43,v1,sparse,624,15629,-10.0,0,3,0.2095111853799938,0.7296319405237833,14630,True,False,True,36.01107580000098
debug_algorithm_dueling_dqn_statev1_sparse_seed43_20261010_222704_637561_e009c4fd,dueling_dqn,43,v1,sparse,625,15649,-10.0,0,20,0.20909256084174477,0.5364152535796165,14650,True,False,True,36.05983929999638
debug_algorithm_dueling_dqn_statev1_sparse_seed43_20261010_222704_637561_e009c4fd,dueling_dqn,43,v1,sparse,626,15678,20.0,3,29,0.2084870405675729,0.5422952735218508,14679,True,False,True,36.13494229999924
debug_algorithm_dueling_dqn_statev1_sparse_seed43_20261010_222704_637561_e009c4fd,dueling_dqn,43,v1,sparse,627,15775,90.0,10,97,0.20647439276345045,0.49062097548823996,14776,True,False,True,36.36432519999653
debug_algorithm_dueling_dqn_statev1_sparse_seed43_20261010_222704_637561_e009c4fd,dueling_dqn,43,v1,sparse,628,15776,-10.0,0,1,0.2064537453241741,0.4363550543785095,14777,True,False,True,36.36658989999705
debug_algorithm_dueling_dqn_statev1_sparse_seed43_20261010_222704_637561_e009c4fd,dueling_dqn,43,v1,sparse,629,15842,60.0,7,66,0.20509556960540962,0.548223703309442,14843,True,False,True,36.54230419999658
debug_algorithm_dueling_dqn_statev1_sparse_seed43_20261010_222704_637561_e009c4fd,dueling_dqn,43,v1,sparse,630,15844,-10.0,0,2,0.20505455254244423,0.6720298230648041,14845,True,False,True,36.54686650000076
debug_algorithm_dueling_dqn_statev1_sparse_seed43_20261010_222704_637561_e009c4fd,dueling_dqn,43,v1,sparse,631,15855,0.0,1,11,0.20482910528082424,0.4416965490037745,14856,True,False,True,36.57521480000287
debug_algorithm_dueling_dqn_statev1_sparse_seed43_20261010_222704_637561_e009c4fd,dueling_dqn,43,v1,sparse,632,15856,-10.0,0,1,0.20480862237029615,0.4998879134654999,14857,True,False,True,36.57736119999754
debug_algorithm_dueling_dqn_statev1_sparse_seed43_20261010_222704_637561_e009c4fd,dueling_dqn,43,v1,sparse,633,15955,130.0,14,99,0.2027909202280254,0.529162425886501,14956,True,False,True,36.8115536999976
debug_algorithm_dueling_dqn_statev1_sparse_seed43_20261010_222704_637561_e009c4fd,dueling_dqn,43,v1,sparse,634,16007,50.0,6,52,0.20173909197424741,0.5490747228121529,15008,True,False,True,36.92995930000325
debug_algorithm_dueling_dqn_statev1_sparse_seed43_20261010_222704_637561_e009c4fd,dueling_dqn,43,v1,sparse,635,16009,-10.0,0,2,0.2016987461732435,0.589176207780838,15010,True,False,True,36.93448989999888
debug_algorithm_dueling_dqn_statev1_sparse_seed43_20261010_222704_637561_e009c4fd,dueling_dqn,43,v1,sparse,636,16051,20.0,3,42,0.20085334575227481,0.49310506889153094,15052,True,False,True,37.02247709999938
debug_algorithm_dueling_dqn_statev1_sparse_seed43_20261010_222704_637561_e009c4fd,dueling_dqn,43,v1,sparse,637,16137,80.0,9,86,0.19913332765584385,0.5218245681635169,15138,True,False,True,37.230599199996504
debug_algorithm_dueling_dqn_statev1_sparse_seed43_20261010_222704_637561_e009c4fd,dueling_dqn,43,v1,sparse,638,16145,0.0,1,8,0.1989740767399009,0.48772946558892727,15146,True,False,True,37.24815339999623
debug_algorithm_dueling_dqn_statev1_sparse_seed43_20261010_222704_637561_e009c4fd,dueling_dqn,43,v1,sparse,639,16210,40.0,5,65,0.19768487522415512,0.540445662691043,15211,True,False,True,37.410002700002224
debug_algorithm_dueling_dqn_statev1_sparse_seed43_20261010_222704_637561_e009c4fd,dueling_dqn,43,v1,sparse,640,16262,50.0,6,52,0.19665953081094611,0.5799113639558737,15263,True,False,True,37.54584359999717
debug_algorithm_dueling_dqn_statev1_sparse_seed43_20261010_222704_637561_e009c4fd,dueling_dqn,43,v1,sparse,641,16286,30.0,4,24,0.19618809031947493,0.5074531678110361,15287,True,False,True,37.61031699999876
debug_algorithm_dueling_dqn_statev1_sparse_seed43_20261010_222704_637561_e009c4fd,dueling_dqn,43,v1,sparse,642,16319,40.0,5,33,0.19554170442493768,0.5746773838093786,15320,True,False,True,37.69662529999914
debug_algorithm_dueling_dqn_statev1_sparse_seed43_20261010_222704_637561_e009c4fd,dueling_dqn,43,v1,sparse,643,16331,-10.0,0,12,0.19530718339414324,0.6070541130999724,15332,True,False,True,37.72442099999898
debug_algorithm_dueling_dqn_statev1_sparse_seed43_20261010_222704_637561_e009c4fd,dueling_dqn,43,v1,sparse,644,16356,20.0,3,25,0.19481950090824848,0.5240721017122268,15357,True,False,True,37.79080480000266
debug_algorithm_dueling_dqn_statev1_sparse_seed43_20261010_222704_637561_e009c4fd,dueling_dqn,43,v1,sparse,645,16439,80.0,9,83,0.19320911089385948,0.5523645300642553,15440,True,False,True,37.98248710000189
debug_algorithm_dueling_dqn_statev1_sparse_seed43_20261010_222704_637561_e009c4fd,dueling_dqn,43,v1,sparse,646,16448,-10.0,0,9,0.19303529223310784,0.6075108018186357,15449,True,False,True,38.00579280000238
debug_algorithm_dueling_dqn_statev1_sparse_seed43_20261010_222704_637561_e009c4fd,dueling_dqn,43,v1,sparse,647,16463,10.0,2,15,0.19274594189401034,0.49104156891504924,15464,True,False,True,38.03579339999851
debug_algorithm_dueling_dqn_statev1_sparse_seed43_20261010_222704_637561_e009c4fd,dueling_dqn,43,v1,sparse,648,16488,10.0,2,25,0.192264654834029,0.4919247853755951,15489,True,False,True,38.08767590000207
debug_algorithm_dueling_dqn_statev1_sparse_seed43_20261010_222704_637561_e009c4fd,dueling_dqn,43,v1,sparse,649,16562,50.0,6,74,0.19084707701531198,0.5791061043336585,15563,True,False,True,38.26822119999997
debug_algorithm_dueling_dqn_statev1_sparse_seed43_20261010_222704_637561_e009c4fd,dueling_dqn,43,v1,sparse,650,16569,0.0,1,7,0.19071352413260842,0.5499017132180077,15570,True,False,True,38.28696079999645
debug_algorithm_dueling_dqn_statev1_sparse_seed43_20261010_222704_637561_e009c4fd,dueling_dqn,43,v1,sparse,651,16605,40.0,5,36,0.1900281555803613,0.43652014682690304,15606,True,False,True,38.37331599999743
debug_algorithm_dueling_dqn_statev1_sparse_seed43_20261010_222704_637561_e009c4fd,dueling_dqn,43,v1,sparse,652,16660,30.0,4,55,0.1889858176638655,0.5351416308771481,15661,True,False,True,38.534806700001354
debug_algorithm_dueling_dqn_statev1_sparse_seed43_20261010_222704_637561_e009c4fd,dueling_dqn,43,v1,sparse,653,16761,90.0,10,101,0.18708657327177816,0.5530700478518363,15762,True,False,True,38.80722490000335
debug_algorithm_dueling_dqn_statev1_sparse_seed43_20261010_222704_637561_e009c4fd,dueling_dqn,43,v1,sparse,654,16770,30.0,4,9,0.18691826269128703,0.3769864473077986,15771,True,False,True,38.82738480000262
debug_algorithm_dueling_dqn_statev1_sparse_seed43_20261010_222704_637561_e009c4fd,dueling_dqn,43,v1,sparse,655,16776,-10.0,0,6,0.1868061397676736,0.436927263935407,15777,True,False,True,38.841162700002315
debug_algorithm_dueling_dqn_statev1_sparse_seed43_20261010_222704_637561_e009c4fd,dueling_dqn,43,v1,sparse,656,16799,0.0,1,23,0.18637695793507328,0.5487861526401147,15800,True,False,True,38.888511799996195
debug_algorithm_dueling_dqn_statev1_sparse_seed43_20261010_222704_637561_e009c4fd,dueling_dqn,43,v1,sparse,657,16841,40.0,5,42,0.18559577727983095,0.5845343678125313,15842,True,False,True,38.99779980000312
debug_algorithm_dueling_dqn_statev1_sparse_seed43_20261010_222704_637561_e009c4fd,dueling_dqn,43,v1,sparse,658,16930,90.0,10,89,0.18395122176091874,0.5916730557264906,15931,True,False,True,39.19395549999899
debug_algorithm_dueling_dqn_statev1_sparse_seed43_20261010_222704_637561_e009c4fd,dueling_dqn,43,v1,sparse,659,16945,10.0,2,15,0.18367548799338762,0.5173893590768178,15946,True,False,True,39.22753779999766
debug_algorithm_dueling_dqn_statev1_sparse_seed43_20261010_222704_637561_e009c4fd,dueling_dqn,43,v1,sparse,660,16960,0.0,1,15,0.1834001675371127,0.5066075424353281,15961,True,False,True,39.26301090000197
debug_algorithm_dueling_dqn_statev1_sparse_seed43_20261010_222704_637561_e009c4fd,dueling_dqn,43,v1,sparse,661,17008,30.0,4,48,0.1825219123183006,0.5309231646048526,16009,True,False,True,39.37163129999681
debug_algorithm_dueling_dqn_statev1_sparse_seed43_20261010_222704_637561_e009c4fd,dueling_dqn,43,v1,sparse,662,17009,-10.0,0,1,0.18250366012706876,0.5173754692077637,16010,True,False,True,39.37360179999814
debug_algorithm_dueling_dqn_statev1_sparse_seed43_20261010_222704_637561_e009c4fd,dueling_dqn,43,v1,sparse,663,17128,90.0,10,119,0.18034463032515363,0.5650401497337999,16129,True,False,True,39.66649280000274
debug_algorithm_dueling_dqn_statev1_sparse_seed43_20261010_222704_637561_e009c4fd,dueling_dqn,43,v1,sparse,664,17155,10.0,2,27,0.17985833230573653,0.5600959597914307,16156,True,False,True,39.73650359999738
debug_algorithm_dueling_dqn_statev1_sparse_seed43_20261010_222704_637561_e009c4fd,dueling_dqn,43,v1,sparse,665,17171,10.0,2,16,0.17957077470335825,0.5528226103633642,16172,True,False,True,39.77616059999855
debug_algorithm_dueling_dqn_statev1_sparse_seed43_20261010_222704_637561_e009c4fd,dueling_dqn,43,v1,sparse,666,17198,10.0,2,27,0.1790865633801489,0.5363657380695697,16199,True,False,True,39.8386387999999
debug_algorithm_dueling_dqn_statev1_sparse_seed43_20261010_222704_637561_e009c4fd,dueling_dqn,43,v1,sparse,667,17245,70.0,8,47,0.17824678955731532,0.5413253447635377,16246,True,False,True,39.95478049999656
debug_algorithm_dueling_dqn_statev1_sparse_seed43_20261010_222704_637561_e009c4fd,dueling_dqn,43,v1,sparse,668,17282,30.0,4,37,0.17758846217577057,0.5903500366855312,16283,True,False,True,40.05506410000089
debug_algorithm_dueling_dqn_statev1_sparse_seed43_20261010_222704_637561_e009c4fd,dueling_dqn,43,v1,sparse,669,17301,0.0,1,19,0.17725134760189254,0.5101339895474283,16302,True,False,True,40.10091590000229
debug_algorithm_dueling_dqn_statev1_sparse_seed43_20261010_222704_637561_e009c4fd,dueling_dqn,43,v1,sparse,670,17422,80.0,9,121,0.17511942384913318,0.528002524979351,16423,True,False,True,40.413184199998796
debug_algorithm_dueling_dqn_statev1_sparse_seed43_20261010_222704_637561_e009c4fd,dueling_dqn,43,v1,sparse,671,17436,0.0,1,14,0.17487441595069417,0.5465660840272903,16437,True,False,True,40.44642000000022
debug_algorithm_dueling_dqn_statev1_sparse_seed43_20261010_222704_637561_e009c4fd,dueling_dqn,43,v1,sparse,672,17476,30.0,4,40,0.1741762805811736,0.5149857066571712,16477,True,False,True,40.54950909999752
debug_algorithm_dueling_dqn_statev1_sparse_seed43_20261010_222704_637561_e009c4fd,dueling_dqn,43,v1,sparse,673,17507,50.0,6,31,0.1736371432487021,0.6303529210629002,16508,True,False,True,40.63191989999905
debug_algorithm_dueling_dqn_statev1_sparse_seed43_20261010_222704_637561_e009c4fd,dueling_dqn,43,v1,sparse,674,17545,30.0,4,38,0.17297854130995205,0.516487518423482,16546,True,False,True,40.738084500000696
debug_algorithm_dueling_dqn_statev1_sparse_seed43_20261010_222704_637561_e009c4fd,dueling_dqn,43,v1,sparse,675,17592,30.0,4,47,0.17216740926206253,0.6065736013524076,16593,True,False,True,40.84510500000033
debug_algorithm_dueling_dqn_statev1_sparse_seed43_20261010_222704_637561_e009c4fd,dueling_dqn,43,v1,sparse,676,17636,40.0,5,44,0.17141149908715136,0.560552617027001,16637,True,False,True,40.96477060000325
debug_algorithm_dueling_dqn_statev1_sparse_seed43_20261010_222704_637561_e009c4fd,dueling_dqn,43,v1,sparse,677,17665,20.0,3,29,0.17091510104455426,0.5750070789764667,16666,True,False,True,41.045484000002034
debug_algorithm_dueling_dqn_statev1_sparse_seed43_20261010_222704_637561_e009c4fd,dueling_dqn,43,v1,sparse,678,17753,90.0,10,88,0.16941757206967942,0.5877956284040754,16754,True,False,True,41.29150169999775
debug_algorithm_dueling_dqn_statev1_sparse_seed43_20261010_222704_637561_e009c4fd,dueling_dqn,43,v1,sparse,679,17780,20.0,3,27,0.1689607387855201,0.5514082687872427,16781,True,False,True,41.36164770000323
debug_algorithm_dueling_dqn_statev1_sparse_seed43_20261010_222704_637561_e009c4fd,dueling_dqn,43,v1,sparse,680,17864,70.0,8,84,0.16754734248436992,0.5887838218006349,16865,True,False,True,41.59347770000022
debug_algorithm_dueling_dqn_statev1_sparse_seed43_20261010_222704_637561_e009c4fd,dueling_dqn,43,v1,sparse,681,17927,70.0,8,63,0.16649505978281315,0.5564644164036191,16928,True,False,True,41.76173189999827
debug_algorithm_dueling_dqn_statev1_sparse_seed43_20261010_222704_637561_e009c4fd,dueling_dqn,43,v1,sparse,682,17998,50.0,6,71,0.16531707276072138,0.5752466223399404,16999,True,False,True,41.958353900001384
debug_algorithm_dueling_dqn_statev1_sparse_seed43_20261010_222704_637561_e009c4fd,dueling_dqn,43,v1,sparse,683,18087,110.0,12,89,0.16385220589594812,0.6232042432333647,17088,True,False,True,42.17449939999642
debug_algorithm_dueling_dqn_statev1_sparse_seed43_20261010_222704_637561_e009c4fd,dueling_dqn,43,v1,sparse,684,18183,90.0,10,96,0.16228667302306385,0.5703298885685703,17184,True,False,True,42.39817480000056
debug_algorithm_dueling_dqn_statev1_sparse_seed43_20261010_222704_637561_e009c4fd,dueling_dqn,43,v1,sparse,685,18230,40.0,5,47,0.1615256773502047,0.6099329012188506,17231,True,False,True,42.506852600003185
debug_algorithm_dueling_dqn_statev1_sparse_seed43_20261010_222704_637561_e009c4fd,dueling_dqn,43,v1,sparse,686,18236,-10.0,0,6,0.16142878616941592,0.7778658966223398,17237,True,False,True,42.523641400002816
debug_algorithm_dueling_dqn_statev1_sparse_seed43_20261010_222704_637561_e009c4fd,dueling_dqn,43,v1,sparse,687,18280,40.0,5,44,0.1607200244908145,0.5544772510501471,17281,True,False,True,42.63571080000111
debug_algorithm_dueling_dqn_statev1_sparse_seed43_20261010_222704_637561_e009c4fd,dueling_dqn,43,v1,sparse,688,18281,-10.0,0,1,0.16070395248836541,0.6009469032287598,17282,True,False,True,42.638896500000556
debug_algorithm_dueling_dqn_statev1_sparse_seed43_20261010_222704_637561_e009c4fd,dueling_dqn,43,v1,sparse,689,18323,30.0,4,42,0.16003037770586123,0.6105277339617411,17324,True,False,True,42.76843319999898
debug_algorithm_dueling_dqn_statev1_sparse_seed43_20261010_222704_637561_e009c4fd,dueling_dqn,43,v1,sparse,690,18420,80.0,9,97,0.15848551051696674,0.6054735396479823,17421,True,False,True,43.02993830000196
debug_algorithm_dueling_dqn_statev1_sparse_seed43_20261010_222704_637561_e009c4fd,dueling_dqn,43,v1,sparse,691,18477,50.0,6,57,0.15758466790473574,0.5592037266806552,17478,True,False,True,43.1676398999989
debug_algorithm_dueling_dqn_statev1_sparse_seed43_20261010_222704_637561_e009c4fd,dueling_dqn,43,v1,sparse,692,18483,-10.0,0,6,0.15749014073854162,0.5889150450627009,17484,True,False,True,43.18506740000157
debug_algorithm_dueling_dqn_statev1_sparse_seed43_20261010_222704_637561_e009c4fd,dueling_dqn,43,v1,sparse,693,18495,10.0,2,12,0.1573012564785082,0.5431956195582947,17496,True,False,True,43.212237699997786
debug_algorithm_dueling_dqn_statev1_sparse_seed43_20261010_222704_637561_e009c4fd,dueling_dqn,43,v1,sparse,694,18561,50.0,6,66,0.15626643511091906,0.5942657781821309,17562,True,False,True,43.378474899996945
debug_algorithm_dueling_dqn_statev1_sparse_seed43_20261010_222704_637561_e009c4fd,dueling_dqn,43,v1,sparse,695,18570,0.0,1,9,0.1561258515621115,0.6539099944962395,17571,True,False,True,43.403171699996165
debug_algorithm_dueling_dqn_statev1_sparse_seed43_20261010_222704_637561_e009c4fd,dueling_dqn,43,v1,sparse,696,18575,0.0,1,5,0.15604780424735445,0.5607099264860154,17576,True,False,True,43.41888199999812
debug_algorithm_dueling_dqn_statev1_sparse_seed43_20261010_222704_637561_e009c4fd,dueling_dqn,43,v1,sparse,697,18641,60.0,7,66,0.1550212288352083,0.5875212801902583,17642,True,False,True,43.58298099999956
debug_algorithm_dueling_dqn_statev1_sparse_seed43_20261010_222704_637561_e009c4fd,dueling_dqn,43,v1,sparse,698,18745,90.0,10,104,0.1534172828334913,0.6053883301524016,17746,True,False,True,43.832502700002806
debug_algorithm_dueling_dqn_statev1_sparse_seed43_20261010_222704_637561_e009c4fd,dueling_dqn,43,v1,sparse,699,18760,0.0,1,15,0.15318731792760412,0.6159397900104523,17761,True,False,True,43.869905200001085
debug_algorithm_dueling_dqn_statev1_sparse_seed43_20261010_222704_637561_e009c4fd,dueling_dqn,43,v1,sparse,700,18828,60.0,7,68,0.1521491261081227,0.6000881437212229,17829,True,False,True,44.03943160000199
debug_algorithm_dueling_dqn_statev1_sparse_seed43_20261010_222704_637561_e009c4fd,dueling_dqn,43,v1,sparse,701,18929,100.0,11,101,0.15062007817164838,0.5419408307217135,17930,True,False,True,44.29921820000163
debug_algorithm_dueling_dqn_statev1_sparse_seed43_20261010_222704_637561_e009c4fd,dueling_dqn,43,v1,sparse,702,18962,30.0,4,33,0.15012382636652755,0.5706973640304623,17963,True,False,True,44.384273000003304
debug_algorithm_dueling_dqn_statev1_sparse_seed43_20261010_222704_637561_e009c4fd,dueling_dqn,43,v1,sparse,703,19026,80.0,9,64,0.1491660541288893,0.6061230890918523,18027,True,False,True,44.5460757999972
debug_algorithm_dueling_dqn_statev1_sparse_seed43_20261010_222704_637561_e009c4fd,dueling_dqn,43,v1,sparse,704,19107,90.0,10,81,0.14796262936853066,0.6062850696437153,18108,True,False,True,44.74724250000145
debug_algorithm_dueling_dqn_statev1_sparse_seed43_20261010_222704_637561_e009c4fd,dueling_dqn,43,v1,sparse,705,19129,10.0,2,22,0.14763745314983948,0.528528306633234,18130,True,False,True,44.80278830000316
debug_algorithm_dueling_dqn_statev1_sparse_seed43_20261010_222704_637561_e009c4fd,dueling_dqn,43,v1,sparse,706,19212,130.0,14,83,0.14641707285323702,0.6011305833796421,18213,True,False,True,45.01883010000165
debug_algorithm_dueling_dqn_statev1_sparse_seed43_20261010_222704_637561_e009c4fd,dueling_dqn,43,v1,sparse,707,19265,20.0,3,53,0.14564307656869577,0.6165081805215692,18266,True,False,True,45.14072229999874
debug_algorithm_dueling_dqn_statev1_sparse_seed43_20261010_222704_637561_e009c4fd,dueling_dqn,43,v1,sparse,708,19266,-10.0,0,1,0.1456285122610389,0.694549024105072,18267,True,False,True,45.14310159999877
debug_algorithm_dueling_dqn_statev1_sparse_seed43_20261010_222704_637561_e009c4fd,dueling_dqn,43,v1,sparse,709,19312,40.0,5,46,0.14496012615147372,0.587434052773144,18313,True,False,True,45.261264399996435
debug_algorithm_dueling_dqn_statev1_sparse_seed43_20261010_222704_637561_e009c4fd,dueling_dqn,43,v1,sparse,710,19324,-10.0,0,12,0.1447862696418912,0.6302761050562063,18325,True,False,True,45.291463399997156
debug_algorithm_dueling_dqn_statev1_sparse_seed43_20261010_222704_637561_e009c4fd,dueling_dqn,43,v1,sparse,711,19557,220.0,23,233,0.14145158279408157,0.6209854206046321,18558,True,False,True,45.89759829999821
debug_algorithm_dueling_dqn_statev1_sparse_seed43_20261010_222704_637561_e009c4fd,dueling_dqn,43,v1,sparse,712,19599,50.0,6,42,0.14085870242219228,0.5457459102783885,18600,True,False,True,46.00402049999684
debug_algorithm_dueling_dqn_statev1_sparse_seed43_20261010_222704_637561_e009c4fd,dueling_dqn,43,v1,sparse,713,19689,100.0,11,90,0.1395965989792747,0.5809547401136822,18690,True,False,True,46.237686100001156
debug_algorithm_dueling_dqn_statev1_sparse_seed43_20261010_222704_637561_e009c4fd,dueling_dqn,43,v1,sparse,714,19723,30.0,4,34,0.13912275284496647,0.6139301486751613,18724,True,False,True,46.31860150000284
debug_algorithm_dueling_dqn_statev1_sparse_seed43_20261010_222704_637561_e009c4fd,dueling_dqn,43,v1,sparse,715,19773,50.0,6,50,0.1384288406108591,0.6830556455254555,18774,True,False,True,46.44537120000314
debug_algorithm_dueling_dqn_statev1_sparse_seed43_20261010_222704_637561_e009c4fd,dueling_dqn,43,v1,sparse,716,19888,90.0,10,115,0.13684594887105206,0.6112837094327678,18889,True,False,True,46.752659400000994
debug_algorithm_dueling_dqn_statev1_sparse_seed43_20261010_222704_637561_e009c4fd,dueling_dqn,43,v1,sparse,717,19964,70.0,8,76,0.13580981016643662,0.5513748012875256,18965,True,False,True,46.94678549999662
debug_algorithm_dueling_dqn_statev1_sparse_seed43_20261010_222704_637561_e009c4fd,dueling_dqn,43,v1,sparse,718,19971,-10.0,0,7,0.1357147718146274,0.617517773594175,18972,True,False,True,46.9624788000001
debug_algorithm_dueling_dqn_statev1_sparse_seed43_20261010_222704_637561_e009c4fd,dueling_dqn,43,v1,sparse,719,20000,40.0,4,29,0.13532174948275888,0.7259503135393406,19001,False,False,False,47.03585049999674
