run_id,algorithm,seed,state_mode,reward_mode,episode,global_step,episode_return,score,episode_length,epsilon,loss,update_count,terminated,truncated,episode_complete,wall_clock_time
debug_algorithm_double_dqn_statev1_sparse_seed43_20261010_222457_976518_a963744f,double_dqn,43,v1,sparse,1,21,-10.0,0,21,0.9979020986705985,,0,True,False,True,0.015341799997258931
debug_algorithm_double_dqn_statev1_sparse_seed43_20261010_222457_976518_a963744f,double_dqn,43,v1,sparse,2,22,-10.0,0,1,0.9978023084607315,,0,True,False,True,0.015523199996096082
debug_algorithm_double_dqn_statev1_sparse_seed43_20261010_222457_976518_a963744f,double_dqn,43,v1,sparse,3,25,-10.0,0,3,0.9975029977012647,,0,True,False,True,0.015652899994165637
debug_algorithm_double_dqn_statev1_sparse_seed43_20261010_222457_976518_a963744f,double_dqn,43,v1,sparse,4,48,-10.0,0,23,0.9952112627234414,,0,True,False,True,0.015976999995473307
debug_algorithm_double_dqn_statev1_sparse_seed43_20261010_222457_976518_a963744f,double_dqn,43,v1,sparse,5,51,-10.0,0,3,0.9949127291999671,,0,True,False,True,0.016323699994245544
debug_algorithm_double_dqn_statev1_sparse_seed43_20261010_222457_976518_a963744f,double_dqn,43,v1,sparse,6,83,-10.0,0,32,0.9917339383024733,,0,True,False,True,0.016712199998437427
debug_algorithm_double_dqn_statev1_sparse_seed43_20261010_222457_976518_a963744f,double_dqn,43,v1,sparse,7,96,-10.0,0,13,0.990445457451587,,0,True,False,True,0.01689349999651313
debug_algorithm_double_dqn_statev1_sparse_seed43_20261010_222457_976518_a963744f,double_dqn,43,v1,sparse,8,97,-10.0,0,1,0.9903464129058418,,0,True,False,True,0.016951300000073388
debug_algorithm_double_dqn_statev1_sparse_seed43_20261010_222457_976518_a963744f,double_dqn,43,v1,sparse,9,99,-10.0,0,2,0.9901483535267248,,0,True,False,True,0.01701869999669725
debug_algorithm_double_dqn_statev1_sparse_seed43_20261010_222457_976518_a963744f,double_dqn,43,v1,sparse,10,117,0.0,1,18,0.9883676006096995,,0,True,False,True,0.01727769999706652
debug_algorithm_double_dqn_statev1_sparse_seed43_20261010_222457_976518_a963744f,double_dqn,43,v1,sparse,11,133,-10.0,0,16,0.9867873979365388,,0,True,False,True,0.017578599996340927
debug_algorithm_double_dqn_statev1_sparse_seed43_20261010_222457_976518_a963744f,double_dqn,43,v1,sparse,12,160,-10.0,0,27,0.9841265327012553,,0,True,False,True,0.017948900000192225
debug_algorithm_double_dqn_statev1_sparse_seed43_20261010_222457_976518_a963744f,double_dqn,43,v1,sparse,13,177,-10.0,0,17,0.982454855338776,,0,True,False,True,0.018164399996749125
debug_algorithm_double_dqn_statev1_sparse_seed43_20261010_222457_976518_a963744f,double_dqn,43,v1,sparse,14,204,0.0,1,27,0.9798056727739467,,0,True,False,True,0.018834299997251946
debug_algorithm_double_dqn_statev1_sparse_seed43_20261010_222457_976518_a963744f,double_dqn,43,v1,sparse,15,205,-10.0,0,1,0.9797076922066693,,0,True,False,True,0.018913899999461137
debug_algorithm_double_dqn_statev1_sparse_seed43_20261010_222457_976518_a963744f,double_dqn,43,v1,sparse,16,206,-10.0,0,1,0.9796097214374486,,0,True,False,True,0.01897599999938393
debug_algorithm_double_dqn_statev1_sparse_seed43_20261010_222457_976518_a963744f,double_dqn,43,v1,sparse,17,211,-10.0,0,5,0.9791200145279065,,0,True,False,True,0.01908269999694312
debug_algorithm_double_dqn_statev1_sparse_seed43_20261010_222457_976518_a963744f,double_dqn,43,v1,sparse,18,214,-10.0,0,3,0.9788263078961694,,0,True,False,True,0.01916250000067521
debug_algorithm_double_dqn_statev1_sparse_seed43_20261010_222457_976518_a963744f,double_dqn,43,v1,sparse,19,228,-10.0,0,14,0.9774568414408605,,0,True,False,True,0.019345699998666532
debug_algorithm_double_dqn_statev1_sparse_seed43_20261010_222457_976518_a963744f,double_dqn,43,v1,sparse,20,253,-10.0,0,25,0.9750161294608681,,0,True,False,True,0.019633699994301423
debug_algorithm_double_dqn_statev1_sparse_seed43_20261010_222457_976518_a963744f,double_dqn,43,v1,sparse,21,259,-10.0,0,6,0.9744312660161123,,0,True,False,True,0.019761099996685516
debug_algorithm_double_dqn_statev1_sparse_seed43_20261010_222457_976518_a963744f,double_dqn,43,v1,sparse,22,262,-10.0,0,3,0.974138965868271,,0,True,False,True,0.01984000000084052
debug_algorithm_double_dqn_statev1_sparse_seed43_20261010_222457_976518_a963744f,double_dqn,43,v1,sparse,23,274,-10.0,0,12,0.9729706418266841,,0,True,False,True,0.020273899994208477
debug_algorithm_double_dqn_statev1_sparse_seed43_20261010_222457_976518_a963744f,double_dqn,43,v1,sparse,24,277,-10.0,0,3,0.9726787798222825,,0,True,False,True,0.020373299994389527
debug_algorithm_double_dqn_statev1_sparse_seed43_20261010_222457_976518_a963744f,double_dqn,43,v1,sparse,25,280,-10.0,0,3,0.9723870053677265,,0,True,False,True,0.020450600000913255
debug_algorithm_double_dqn_statev1_sparse_seed43_20261010_222457_976518_a963744f,double_dqn,43,v1,sparse,26,291,-10.0,0,11,0.9713179143142632,,0,True,False,True,0.020608799997717142
debug_algorithm_double_dqn_statev1_sparse_seed43_20261010_222457_976518_a963744f,double_dqn,43,v1,sparse,27,305,-10.0,0,14,0.9699589527800627,,0,True,False,True,0.020794500000192784
debug_algorithm_double_dqn_statev1_sparse_seed43_20261010_222457_976518_a963744f,double_dqn,43,v1,sparse,28,312,-10.0,0,7,0.9692801851705518,,0,True,False,True,0.02091699999436969
debug_algorithm_double_dqn_statev1_sparse_seed43_20261010_222457_976518_a963744f,double_dqn,43,v1,sparse,29,344,0.0,1,32,0.9661832914035788,,0,True,False,True,0.02143449999857694
debug_algorithm_double_dqn_statev1_sparse_seed43_20261010_222457_976518_a963744f,double_dqn,43,v1,sparse,30,351,-10.0,0,7,0.9655071659642745,,0,True,False,True,0.021566899995377753
debug_algorithm_double_dqn_statev1_sparse_seed43_20261010_222457_976518_a963744f,double_dqn,43,v1,sparse,31,359,-10.0,0,8,0.9647350305194479,,0,True,False,True,0.02171709999674931
debug_algorithm_double_dqn_statev1_sparse_seed43_20261010_222457_976518_a963744f,double_dqn,43,v1,sparse,32,363,-10.0,0,4,0.9643491943874831,,0,True,False,True,0.021929799993813504
debug_algorithm_double_dqn_statev1_sparse_seed43_20261010_222457_976518_a963744f,double_dqn,43,v1,sparse,33,364,-10.0,0,1,0.9642527594680443,,0,True,False,True,0.02199749999999767
debug_algorithm_double_dqn_statev1_sparse_seed43_20261010_222457_976518_a963744f,double_dqn,43,v1,sparse,34,369,-10.0,0,5,0.9637707295039442,,0,True,False,True,0.022097699998994358
debug_algorithm_double_dqn_statev1_sparse_seed43_20261010_222457_976518_a963744f,double_dqn,43,v1,sparse,35,372,-10.0,0,3,0.9634816271972511,,0,True,False,True,0.022176599995873403
debug_algorithm_double_dqn_statev1_sparse_seed43_20261010_222457_976518_a963744f,double_dqn,43,v1,sparse,36,384,-10.0,0,12,0.9623260849305701,,0,True,False,True,0.022342399999615736
debug_algorithm_double_dqn_statev1_sparse_seed43_20261010_222457_976518_a963744f,double_dqn,43,v1,sparse,37,446,0.0,1,62,0.9563778244487159,,0,True,False,True,0.023322399996686727
debug_algorithm_double_dqn_statev1_sparse_seed43_20261010_222457_976518_a963744f,double_dqn,43,v1,sparse,38,455,-10.0,0,9,0.9555174286224053,,0,True,False,True,0.023494699998991564
debug_algorithm_double_dqn_statev1_sparse_seed43_20261010_222457_976518_a963744f,double_dqn,43,v1,sparse,39,462,-10.0,0,7,0.95484876704759,,0,True,False,True,0.023873799997090828
debug_algorithm_double_dqn_statev1_sparse_seed43_20261010_222457_976518_a963744f,double_dqn,43,v1,sparse,40,486,-10.0,0,24,0.9525597634576733,,0,True,False,True,0.02420229999552248
debug_algorithm_double_dqn_statev1_sparse_seed43_20261010_222457_976518_a963744f,double_dqn,43,v1,sparse,41,498,-10.0,0,12,0.9514173202214522,,0,True,False,True,0.024551700000301935
debug_algorithm_double_dqn_statev1_sparse_seed43_20261010_222457_976518_a963744f,double_dqn,43,v1,sparse,42,503,-10.0,0,5,0.9509417066935597,,0,True,False,True,0.02466450000065379
debug_algorithm_double_dqn_statev1_sparse_seed43_20261010_222457_976518_a963744f,double_dqn,43,v1,sparse,43,551,-10.0,0,48,0.9463878966948818,,0,True,False,True,0.02542410000023665
debug_algorithm_double_dqn_statev1_sparse_seed43_20261010_222457_976518_a963744f,double_dqn,43,v1,sparse,44,565,0.0,1,14,0.9450638145081044,,0,True,False,True,0.025728000000526663
debug_algorithm_double_dqn_statev1_sparse_seed43_20261010_222457_976518_a963744f,double_dqn,43,v1,sparse,45,568,-10.0,0,3,0.9447803237147213,,0,True,False,True,0.025817699999606702
debug_algorithm_double_dqn_statev1_sparse_seed43_20261010_222457_976518_a963744f,double_dqn,43,v1,sparse,46,611,-10.0,0,43,0.940726288041188,,0,True,False,True,0.026530700000876095
debug_algorithm_double_dqn_statev1_sparse_seed43_20261010_222457_976518_a963744f,double_dqn,43,v1,sparse,47,644,-10.0,0,33,0.9376268531966981,,0,True,False,True,0.027109999995445833
debug_algorithm_double_dqn_statev1_sparse_seed43_20261010_222457_976518_a963744f,double_dqn,43,v1,sparse,48,645,-10.0,0,1,0.9375330905113785,,0,True,False,True,0.027198099996894598
debug_algorithm_double_dqn_statev1_sparse_seed43_20261010_222457_976518_a963744f,double_dqn,43,v1,sparse,49,658,10.0,2,13,0.9363150285014568,,0,True,False,True,0.02752139999938663
debug_algorithm_double_dqn_statev1_sparse_seed43_20261010_222457_976518_a963744f,double_dqn,43,v1,sparse,50,659,-10.0,0,1,0.9362213969986066,,0,True,False,True,0.02758769999491051
debug_algorithm_double_dqn_statev1_sparse_seed43_20261010_222457_976518_a963744f,double_dqn,43,v1,sparse,51,676,-10.0,0,17,0.9346310932484012,,0,True,False,True,0.028042300000379328
debug_algorithm_double_dqn_statev1_sparse_seed43_20261010_222457_976518_a963744f,double_dqn,43,v1,sparse,52,708,-10.0,0,32,0.9316449048878183,,0,True,False,True,0.028406400000676513
debug_algorithm_double_dqn_statev1_sparse_seed43_20261010_222457_976518_a963744f,double_dqn,43,v1,sparse,53,709,-10.0,0,1,0.9315517403973295,,0,True,False,True,0.028469500000937842
debug_algorithm_double_dqn_statev1_sparse_seed43_20261010_222457_976518_a963744f,double_dqn,43,v1,sparse,54,715,-10.0,0,6,0.9309929490672225,,0,True,False,True,0.028585599997313693
debug_algorithm_double_dqn_statev1_sparse_seed43_20261010_222457_976518_a963744f,double_dqn,43,v1,sparse,55,719,-10.0,0,4,0.9306206077434487,,0,True,False,True,0.028677199996309355
debug_algorithm_double_dqn_statev1_sparse_seed43_20261010_222457_976518_a963744f,double_dqn,43,v1,sparse,56,723,-10.0,0,4,0.9302484153338654,,0,True,False,True,0.02889809999760473
debug_algorithm_double_dqn_statev1_sparse_seed43_20261010_222457_976518_a963744f,double_dqn,43,v1,sparse,57,724,-10.0,0,1,0.930155390492332,,0,True,False,True,0.02896129999862751
debug_algorithm_double_dqn_statev1_sparse_seed43_20261010_222457_976518_a963744f,double_dqn,43,v1,sparse,58,729,-10.0,0,5,0.9296904058033238,,0,True,False,True,0.029149299996788613
debug_algorithm_double_dqn_statev1_sparse_seed43_20261010_222457_976518_a963744f,double_dqn,43,v1,sparse,59,752,-10.0,0,23,0.9275544683410445,,0,True,False,True,0.029835399996954948
debug_algorithm_double_dqn_statev1_sparse_seed43_20261010_222457_976518_a963744f,double_dqn,43,v1,sparse,60,765,-10.0,0,13,0.9263493707594722,,0,True,False,True,0.030111899999610614
debug_algorithm_double_dqn_statev1_sparse_seed43_20261010_222457_976518_a963744f,double_dqn,43,v1,sparse,61,768,-10.0,0,3,0.9260714937377992,,0,True,False,True,0.030242900000303052
debug_algorithm_double_dqn_statev1_sparse_seed43_20261010_222457_976518_a963744f,double_dqn,43,v1,sparse,62,771,-10.0,0,3,0.9257937000708967,,0,True,False,True,0.030516200000420213
debug_algorithm_double_dqn_statev1_sparse_seed43_20261010_222457_976518_a963744f,double_dqn,43,v1,sparse,63,780,-10.0,0,9,0.92496081894881,,0,True,False,True,0.03088459999707993
debug_algorithm_double_dqn_statev1_sparse_seed43_20261010_222457_976518_a963744f,double_dqn,43,v1,sparse,64,793,-10.0,0,13,0.9237590910891429,,0,True,False,True,0.031154799995420035
debug_algorithm_double_dqn_statev1_sparse_seed43_20261010_222457_976518_a963744f,double_dqn,43,v1,sparse,65,795,-10.0,0,2,0.9235743485085159,,0,True,False,True,0.03127409999433439
debug_algorithm_double_dqn_statev1_sparse_seed43_20261010_222457_976518_a963744f,double_dqn,43,v1,sparse,66,817,-10.0,0,22,0.9215446169769135,,0,True,False,True,0.032732199993915856
debug_algorithm_double_dqn_statev1_sparse_seed43_20261010_222457_976518_a963744f,double_dqn,43,v1,sparse,67,840,-10.0,0,23,0.9194273942345079,,0,True,False,True,0.03375889999733772
debug_algorithm_double_dqn_statev1_sparse_seed43_20261010_222457_976518_a963744f,double_dqn,43,v1,sparse,68,869,0.0,1,29,0.9167647843090437,,0,True,False,True,0.03450409999641124
debug_algorithm_double_dqn_statev1_sparse_seed43_20261010_222457_976518_a963744f,double_dqn,43,v1,sparse,69,872,-10.0,0,3,0.9164897823757778,,0,True,False,True,0.03479710000101477
debug_algorithm_double_dqn_statev1_sparse_seed43_20261010_222457_976518_a963744f,double_dqn,43,v1,sparse,70,912,-10.0,0,40,0.9128309628200283,,0,True,False,True,0.03585509999538772
debug_algorithm_double_dqn_statev1_sparse_seed43_20261010_222457_976518_a963744f,double_dqn,43,v1,sparse,71,924,-10.0,0,12,0.9117361679323023,,0,True,False,True,0.03617699999449542
debug_algorithm_double_dqn_statev1_sparse_seed43_20261010_222457_976518_a963744f,double_dqn,43,v1,sparse,72,935,0.0,1,11,0.9107337594520628,,0,True,False,True,0.03645729999698233
debug_algorithm_double_dqn_statev1_sparse_seed43_20261010_222457_976518_a963744f,double_dqn,43,v1,sparse,73,943,-10.0,0,8,0.9100054273989592,,0,True,False,True,0.0366001000002143
debug_algorithm_double_dqn_statev1_sparse_seed43_20261010_222457_976518_a963744f,double_dqn,43,v1,sparse,74,944,-10.0,0,1,0.9099144268562193,,0,True,False,True,0.03666529999463819
debug_algorithm_double_dqn_statev1_sparse_seed43_20261010_222457_976518_a963744f,double_dqn,43,v1,sparse,75,949,0.0,1,5,0.9094595606251352,,0,True,False,True,0.036784999996598344
debug_algorithm_double_dqn_statev1_sparse_seed43_20261010_222457_976518_a963744f,double_dqn,43,v1,sparse,76,954,-10.0,0,5,0.9090049217816846,,0,True,False,True,0.037007499995524995
debug_algorithm_double_dqn_statev1_sparse_seed43_20261010_222457_976518_a963744f,double_dqn,43,v1,sparse,77,955,-10.0,0,1,0.9089140212895064,,0,True,False,True,0.0370794999980717
debug_algorithm_double_dqn_statev1_sparse_seed43_20261010_222457_976518_a963744f,double_dqn,43,v1,sparse,78,956,-10.0,0,1,0.9088231298873775,,0,True,False,True,0.03724739999597659
debug_algorithm_double_dqn_statev1_sparse_seed43_20261010_222457_976518_a963744f,double_dqn,43,v1,sparse,79,957,-10.0,0,1,0.9087322475743888,,0,True,False,True,0.03732109999691602
debug_algorithm_double_dqn_statev1_sparse_seed43_20261010_222457_976518_a963744f,double_dqn,43,v1,sparse,80,969,-10.0,0,12,0.9076423684407068,,0,True,False,True,0.0375962999969488
debug_algorithm_double_dqn_statev1_sparse_seed43_20261010_222457_976518_a963744f,double_dqn,43,v1,sparse,81,1012,-10.0,0,43,0.9037476910769774,0.9663360691987551,13,True,False,True,0.06029619999753777
debug_algorithm_double_dqn_statev1_sparse_seed43_20261010_222457_976518_a963744f,double_dqn,43,v1,sparse,82,1013,-10.0,0,1,0.9036573163078697,0.8724480271339417,14,True,False,True,0.061870099998486694
debug_algorithm_double_dqn_statev1_sparse_seed43_20261010_222457_976518_a963744f,double_dqn,43,v1,sparse,83,1022,-10.0,0,9,0.9028443499639306,0.7728737460242378,23,True,False,True,0.07672289999754867
debug_algorithm_double_dqn_statev1_sparse_seed43_20261010_222457_976518_a963744f,double_dqn,43,v1,sparse,84,1036,-10.0,0,14,0.9015811891337948,0.8677974428449359,37,True,False,True,0.10109820000070613
debug_algorithm_double_dqn_statev1_sparse_seed43_20261010_222457_976518_a963744f,double_dqn,43,v1,sparse,85,1055,-10.0,0,19,0.8998697257049915,0.8317244437180067,56,True,False,True,0.1339659000004758
debug_algorithm_double_dqn_statev1_sparse_seed43_20261010_222457_976518_a963744f,double_dqn,43,v1,sparse,86,1066,-10.0,0,11,0.8988803637866164,0.7134238996288993,67,True,False,True,0.15585379999538418
debug_algorithm_double_dqn_statev1_sparse_seed43_20261010_222457_976518_a963744f,double_dqn,43,v1,sparse,87,1109,-10.0,0,43,0.8950232840300215,0.5388053767816272,110,True,False,True,0.24271030000090832
debug_algorithm_double_dqn_statev1_sparse_seed43_20261010_222457_976518_a963744f,double_dqn,43,v1,sparse,88,1148,-10.0,0,39,0.8915393171725781,0.2040137847742209,149,True,False,True,0.31078129999514204
debug_algorithm_double_dqn_statev1_sparse_seed43_20261010_222457_976518_a963744f,double_dqn,43,v1,sparse,89,1160,-10.0,0,12,0.8904700582118259,0.11009437047565977,161,True,False,True,0.3315392000004067
debug_algorithm_double_dqn_statev1_sparse_seed43_20261010_222457_976518_a963744f,double_dqn,43,v1,sparse,90,1184,0.0,1,24,0.8883353859681129,0.11828218392717342,185,True,False,True,0.37774029999854974
debug_algorithm_double_dqn_statev1_sparse_seed43_20261010_222457_976518_a963744f,double_dqn,43,v1,sparse,91,1198,-10.0,0,14,0.8870925244896938,0.11769407242536545,199,True,False,True,0.40141769999900134
debug_algorithm_double_dqn_statev1_sparse_seed43_20261010_222457_976518_a963744f,double_dqn,43,v1,sparse,92,1215,-10.0,0,17,0.8855856730408828,0.08847495606716942,216,True,False,True,0.42769939999561757
debug_algorithm_double_dqn_statev1_sparse_seed43_20261010_222457_976518_a963744f,double_dqn,43,v1,sparse,93,1239,-10.0,0,24,0.8834627098505575,0.12158836948219687,240,True,False,True,0.4667814999993425
debug_algorithm_double_dqn_statev1_sparse_seed43_20261010_222457_976518_a963744f,double_dqn,43,v1,sparse,94,1243,-10.0,0,4,0.8831093777708461,0.12884740717709064,244,True,False,True,0.4737620999949286
debug_algorithm_double_dqn_statev1_sparse_seed43_20261010_222457_976518_a963744f,double_dqn,43,v1,sparse,95,1245,-10.0,0,2,0.8829327647263857,0.08741103857755661,246,True,False,True,0.4770060000009835
debug_algorithm_double_dqn_statev1_sparse_seed43_20261010_222457_976518_a963744f,double_dqn,43,v1,sparse,96,1249,-10.0,0,4,0.8825796445929295,0.09623229876160622,250,True,False,True,0.48325439999462105
debug_algorithm_double_dqn_statev1_sparse_seed43_20261010_222457_976518_a963744f,double_dqn,43,v1,sparse,97,1269,-10.0,0,20,0.8808161611993552,0.11444578161463141,270,True,False,True,0.5340001999938977
debug_algorithm_double_dqn_statev1_sparse_seed43_20261010_222457_976518_a963744f,double_dqn,43,v1,sparse,98,1272,-10.0,0,3,0.8805519427745995,0.11950372532010078,273,True,False,True,0.5519774999993388
debug_algorithm_double_dqn_statev1_sparse_seed43_20261010_222457_976518_a963744f,double_dqn,43,v1,sparse,99,1275,-10.0,0,3,0.8802878036074449,0.06466009964545567,276,True,False,True,0.5672313999966718
debug_algorithm_double_dqn_statev1_sparse_seed43_20261010_222457_976518_a963744f,double_dqn,43,v1,sparse,100,1284,-10.0,0,9,0.8794958614138745,0.06190416754947768,285,True,False,True,0.5901165999966906
debug_algorithm_double_dqn_statev1_sparse_seed43_20261010_222457_976518_a963744f,double_dqn,43,v1,sparse,101,1308,0.0,1,24,0.8773874969758937,0.1167520727807035,309,True,False,True,0.6398502999945777
debug_algorithm_double_dqn_statev1_sparse_seed43_20261010_222457_976518_a963744f,double_dqn,43,v1,sparse,102,1312,-10.0,0,4,0.8770365946168437,0.09006754215806723,313,True,False,True,0.6478226999970502
debug_algorithm_double_dqn_statev1_sparse_seed43_20261010_222457_976518_a963744f,double_dqn,43,v1,sparse,103,1320,-10.0,0,8,0.8763352108622888,0.06842887063976377,321,True,False,True,0.6613700999951106
debug_algorithm_double_dqn_statev1_sparse_seed43_20261010_222457_976518_a963744f,double_dqn,43,v1,sparse,104,1331,-10.0,0,11,0.87537172397014,0.09220061468129809,332,True,False,True,0.6822851999968407
debug_algorithm_double_dqn_statev1_sparse_seed43_20261010_222457_976518_a963744f,double_dqn,43,v1,sparse,105,1335,-10.0,0,4,0.8750216277993541,0.13007304770871997,336,True,False,True,0.6891069999983301
debug_algorithm_double_dqn_statev1_sparse_seed43_20261010_222457_976518_a963744f,double_dqn,43,v1,sparse,106,1347,-10.0,0,12,0.8739721791678078,0.0791064933873713,348,True,False,True,0.7153036999952747
debug_algorithm_double_dqn_statev1_sparse_seed43_20261010_222457_976518_a963744f,double_dqn,43,v1,sparse,107,1349,-10.0,0,2,0.873797393471696,0.08704017288982868,350,True,False,True,0.7189278000005288
debug_algorithm_double_dqn_statev1_sparse_seed43_20261010_222457_976518_a963744f,double_dqn,43,v1,sparse,108,1367,-10.0,0,18,0.8722258943607076,0.07345722905463642,368,True,False,True,0.7533758999998099
debug_algorithm_double_dqn_statev1_sparse_seed43_20261010_222457_976518_a963744f,double_dqn,43,v1,sparse,109,1398,0.0,1,31,0.8695260460206861,0.14592599745599494,399,True,False,True,0.8171843999953126
debug_algorithm_double_dqn_statev1_sparse_seed43_20261010_222457_976518_a963744f,double_dqn,43,v1,sparse,110,1399,-10.0,0,1,0.869439093416084,0.024768467992544174,400,True,False,True,0.8205757999967318
debug_algorithm_double_dqn_statev1_sparse_seed43_20261010_222457_976518_a963744f,double_dqn,43,v1,sparse,111,1432,-10.0,0,33,0.8665745303061205,0.10332634610434373,433,True,False,True,0.8831636999966577
debug_algorithm_double_dqn_statev1_sparse_seed43_20261010_222457_976518_a963744f,double_dqn,43,v1,sparse,112,1433,-10.0,0,1,0.8664878728530899,0.017813416197896004,434,True,False,True,0.8852591999966535
debug_algorithm_double_dqn_statev1_sparse_seed43_20261010_222457_976518_a963744f,double_dqn,43,v1,sparse,113,1437,-10.0,0,4,0.8661413296897552,0.053660898469388485,438,True,False,True,0.8943671999950311
debug_algorithm_double_dqn_statev1_sparse_seed43_20261010_222457_976518_a963744f,double_dqn,43,v1,sparse,114,1455,10.0,2,18,0.8645835997860419,0.11480763691684438,456,True,False,True,0.940532799999346
debug_algorithm_double_dqn_statev1_sparse_seed43_20261010_222457_976518_a963744f,double_dqn,43,v1,sparse,115,1465,-10.0,0,10,0.8637194051451439,0.14638302586972712,466,True,False,True,0.9623566000009305
debug_algorithm_double_dqn_statev1_sparse_seed43_20261010_222457_976518_a963744f,double_dqn,43,v1,sparse,116,1467,-10.0,0,2,0.8635466699013089,0.0926319444552064,468,True,False,True,0.9672613000002457
debug_algorithm_double_dqn_statev1_sparse_seed43_20261010_222457_976518_a963744f,double_dqn,43,v1,sparse,117,1483,10.0,2,16,0.8621660310020418,0.1323619099566713,484,True,False,True,0.9944983999957913
debug_algorithm_double_dqn_statev1_sparse_seed43_20261010_222457_976518_a963744f,double_dqn,43,v1,sparse,118,1493,-10.0,0,10,0.861304252842312,0.060317528806626795,494,True,False,True,1.0150706999993417
debug_algorithm_double_dqn_statev1_sparse_seed43_20261010_222457_976518_a963744f,double_dqn,43,v1,sparse,119,1505,-10.0,0,12,0.860271256010264,0.13355696364305913,506,True,False,True,1.0408271999986027
debug_algorithm_double_dqn_statev1_sparse_seed43_20261010_222457_976518_a963744f,double_dqn,43,v1,sparse,120,1517,-10.0,0,12,0.8592394980928637,0.1421875019247333,518,True,False,True,1.0667556999978842
debug_algorithm_double_dqn_statev1_sparse_seed43_20261010_222457_976518_a963744f,double_dqn,43,v1,sparse,121,1543,-10.0,0,26,0.8570082656934526,0.09198283801714961,544,True,False,True,1.1218918999948073
debug_algorithm_double_dqn_statev1_sparse_seed43_20261010_222457_976518_a963744f,double_dqn,43,v1,sparse,122,1557,-10.0,0,14,0.8558092336871382,0.06893194460176996,558,True,False,True,1.152643999994325
debug_algorithm_double_dqn_statev1_sparse_seed43_20261010_222457_976518_a963744f,double_dqn,43,v1,sparse,123,1568,-10.0,0,11,0.8548683140839806,0.0718526357615536,569,True,False,True,1.1735907999973278
debug_algorithm_double_dqn_statev1_sparse_seed43_20261010_222457_976518_a963744f,double_dqn,43,v1,sparse,124,1577,-10.0,0,9,0.8540992402820999,0.1588909903334247,578,True,False,True,1.193067299995164
debug_algorithm_double_dqn_statev1_sparse_seed43_20261010_222457_976518_a963744f,double_dqn,43,v1,sparse,125,1582,-10.0,0,5,0.8536722760633424,0.10192516148090362,583,True,False,True,1.2047378999996
debug_algorithm_double_dqn_statev1_sparse_seed43_20261010_222457_976518_a963744f,double_dqn,43,v1,sparse,126,1619,-10.0,0,37,0.850519367471868,0.1153010411087323,620,True,False,True,1.2784102999939932
debug_algorithm_double_dqn_statev1_sparse_seed43_20261010_222457_976518_a963744f,double_dqn,43,v1,sparse,127,1627,-10.0,0,8,0.8498391900756904,0.08532733132597059,628,True,False,True,1.2930167999948026
debug_algorithm_double_dqn_statev1_sparse_seed43_20261010_222457_976518_a963744f,double_dqn,43,v1,sparse,128,1629,-10.0,0,2,0.8496692307360671,0.23808109015226364,630,True,False,True,1.2968980999939959
debug_algorithm_double_dqn_statev1_sparse_seed43_20261010_222457_976518_a963744f,double_dqn,43,v1,sparse,129,1650,-10.0,0,21,0.8478867085273546,0.11390732627894197,651,True,False,True,1.3393610999992234
debug_algorithm_double_dqn_statev1_sparse_seed43_20261010_222457_976518_a963744f,double_dqn,43,v1,sparse,130,1658,-10.0,0,8,0.8472086365213355,0.11010604212060571,659,True,False,True,1.3576680999976816
debug_algorithm_double_dqn_statev1_sparse_seed43_20261010_222457_976518_a963744f,double_dqn,43,v1,sparse,131,1659,-10.0,0,1,0.8471239156576834,0.4291461408138275,660,True,False,True,1.359635900000285
debug_algorithm_double_dqn_statev1_sparse_seed43_20261010_222457_976518_a963744f,double_dqn,43,v1,sparse,132,1664,0.0,1,5,0.8467004384037754,0.047883015125989914,665,True,False,True,1.371267499998794
debug_algorithm_double_dqn_statev1_sparse_seed43_20261010_222457_976518_a963744f,double_dqn,43,v1,sparse,133,1677,-10.0,0,13,0.8456003880180966,0.0968677460287626,678,True,False,True,1.3951643999971566
debug_algorithm_double_dqn_statev1_sparse_seed43_20261010_222457_976518_a963744f,double_dqn,43,v1,sparse,134,1680,-10.0,0,3,0.8453467332688572,0.06602351429561774,681,True,False,True,1.4001013999950374
debug_algorithm_double_dqn_statev1_sparse_seed43_20261010_222457_976518_a963744f,double_dqn,43,v1,sparse,135,1681,-10.0,0,1,0.8452621985955303,0.010870582424104214,682,True,False,True,1.401939699993818
debug_algorithm_double_dqn_statev1_sparse_seed43_20261010_222457_976518_a963744f,double_dqn,43,v1,sparse,136,1755,-10.0,0,74,0.8390300341617535,0.155447359347867,756,True,False,True,1.5800043999988702
debug_algorithm_double_dqn_statev1_sparse_seed43_20261010_222457_976518_a963744f,double_dqn,43,v1,sparse,137,1760,-10.0,0,5,0.838610603039286,0.10238655954599381,761,True,False,True,1.5937069999999949
debug_algorithm_double_dqn_statev1_sparse_seed43_20261010_222457_976518_a963744f,double_dqn,43,v1,sparse,138,1794,-10.0,0,34,0.8357640265800769,0.12616532736950936,795,True,False,True,1.7160877999995137
debug_algorithm_double_dqn_statev1_sparse_seed43_20261010_222457_976518_a963744f,double_dqn,43,v1,sparse,139,1795,-10.0,0,1,0.8356804501774189,0.013525068759918213,796,True,False,True,1.7204940999945393
debug_algorithm_double_dqn_statev1_sparse_seed43_20261010_222457_976518_a963744f,double_dqn,43,v1,sparse,140,1804,0.0,1,9,0.8349286385470347,0.08155847444302505,805,True,False,True,1.7584792999987258
debug_algorithm_double_dqn_statev1_sparse_seed43_20261010_222457_976518_a963744f,double_dqn,43,v1,sparse,141,1833,-10.0,0,29,0.8325107322566739,0.1150984660369055,834,True,False,True,1.853357199994207
debug_algorithm_double_dqn_statev1_sparse_seed43_20261010_222457_976518_a963744f,double_dqn,43,v1,sparse,142,1836,-10.0,0,3,0.8322610040114864,0.017338942736387253,837,True,False,True,1.8607273999950849
debug_algorithm_double_dqn_statev1_sparse_seed43_20261010_222457_976518_a963744f,double_dqn,43,v1,sparse,143,1850,0.0,1,14,0.8310965956605244,0.09765199651675564,851,True,False,True,1.9047751999969478
debug_algorithm_double_dqn_statev1_sparse_seed43_20261010_222457_976518_a963744f,double_dqn,43,v1,sparse,144,1868,-10.0,0,18,0.8296018926882063,0.0985274732682026,869,True,False,True,1.9622135999961756
debug_algorithm_double_dqn_statev1_sparse_seed43_20261010_222457_976518_a963744f,double_dqn,43,v1,sparse,145,1870,-10.0,0,2,0.8294359806056876,0.29907917976379395,871,True,False,True,1.9691804999965825
debug_algorithm_double_dqn_statev1_sparse_seed43_20261010_222457_976518_a963744f,double_dqn,43,v1,sparse,146,1881,-10.0,0,11,0.8285240570799811,0.07480390941385519,882,True,False,True,2.0066139999980805
debug_algorithm_double_dqn_statev1_sparse_seed43_20261010_222457_976518_a963744f,double_dqn,43,v1,sparse,147,1883,-10.0,0,2,0.8283583605538057,0.02013238985091448,884,True,False,True,2.0126837999996496
debug_algorithm_double_dqn_statev1_sparse_seed43_20261010_222457_976518_a963744f,double_dqn,43,v1,sparse,148,1894,-10.0,0,11,0.8274476218176431,0.1799370307813991,895,True,False,True,2.054352299994207
debug_algorithm_double_dqn_statev1_sparse_seed43_20261010_222457_976518_a963744f,double_dqn,43,v1,sparse,149,1920,-10.0,0,26,0.825298945055561,0.10025362330130659,921,True,False,True,2.122405999994953
debug_algorithm_double_dqn_statev1_sparse_seed43_20261010_222457_976518_a963744f,double_dqn,43,v1,sparse,150,1928,-10.0,0,8,0.8246389369370104,0.06697770830942318,929,True,False,True,2.1436294999948586
debug_algorithm_double_dqn_statev1_sparse_seed43_20261010_222457_976518_a963744f,double_dqn,43,v1,sparse,151,1940,0.0,1,12,0.8236499142930047,0.11852225645755728,941,True,False,True,2.1770857999945292
debug_algorithm_double_dqn_statev1_sparse_seed43_20261010_222457_976518_a963744f,double_dqn,43,v1,sparse,152,1944,0.0,1,4,0.8233205037429878,0.12599897012114525,945,True,False,True,2.1874211999966064
debug_algorithm_double_dqn_statev1_sparse_seed43_20261010_222457_976518_a963744f,double_dqn,43,v1,sparse,153,1945,-10.0,0,1,0.8232381716926135,0.01763160713016987,946,True,False,True,2.1896568999945885
debug_algorithm_double_dqn_statev1_sparse_seed43_20261010_222457_976518_a963744f,double_dqn,43,v1,sparse,154,1954,-10.0,0,9,0.8224975536346905,0.09406448486778471,955,True,False,True,2.210097899995162
debug_algorithm_double_dqn_statev1_sparse_seed43_20261010_222457_976518_a963744f,double_dqn,43,v1,sparse,155,1957,-10.0,0,3,0.8222508290427042,0.24843275050322214,958,True,False,True,2.21786979999888
debug_algorithm_double_dqn_statev1_sparse_seed43_20261010_222457_976518_a963744f,double_dqn,43,v1,sparse,156,1960,-10.0,0,3,0.8220041784606941,0.15498315511892238,961,True,False,True,2.227153799998632
debug_algorithm_double_dqn_statev1_sparse_seed43_20261010_222457_976518_a963744f,double_dqn,43,v1,sparse,157,2002,-10.0,0,42,0.8185588289397216,0.1026349720611636,1003,True,False,True,2.3335896999997203
debug_algorithm_double_dqn_statev1_sparse_seed43_20261010_222457_976518_a963744f,double_dqn,43,v1,sparse,158,2003,-10.0,0,1,0.8184769730568277,0.14647549390792847,1004,True,False,True,2.3355111999990186
debug_algorithm_double_dqn_statev1_sparse_seed43_20261010_222457_976518_a963744f,double_dqn,43,v1,sparse,159,2020,-10.0,0,17,0.8170866747749451,0.07654254952007357,1021,True,False,True,2.3790679999947315
debug_algorithm_double_dqn_statev1_sparse_seed43_20261010_222457_976518_a963744f,double_dqn,43,v1,sparse,160,2047,-10.0,0,27,0.8148834063387363,0.09831819721256141,1048,True,False,True,2.4405564999979106
debug_algorithm_double_dqn_statev1_sparse_seed43_20261010_222457_976518_a963744f,double_dqn,43,v1,sparse,161,2055,-10.0,0,8,0.8142317277353915,0.11629855504725128,1056,True,False,True,2.4583009999987553
debug_algorithm_double_dqn_statev1_sparse_seed43_20261010_222457_976518_a963744f,double_dqn,43,v1,sparse,162,2075,-10.0,0,20,0.8126048103923739,0.10082550870720297,1076,True,False,True,2.5047409999970114
debug_algorithm_double_dqn_statev1_sparse_seed43_20261010_222457_976518_a963744f,double_dqn,43,v1,sparse,163,2082,-10.0,0,7,0.8120361576436711,0.14792125153222255,1083,True,False,True,2.524707699994906
debug_algorithm_double_dqn_statev1_sparse_seed43_20261010_222457_976518_a963744f,double_dqn,43,v1,sparse,164,2085,-10.0,0,3,0.8117925711566507,0.14516894022623697,1086,True,False,True,2.5316057999953046
debug_algorithm_double_dqn_statev1_sparse_seed43_20261010_222457_976518_a963744f,double_dqn,43,v1,sparse,165,2130,-10.0,0,45,0.8081475298256491,0.1201013453097807,1131,True,False,True,2.643321099996683
debug_algorithm_double_dqn_statev1_sparse_seed43_20261010_222457_976518_a963744f,double_dqn,43,v1,sparse,166,2165,-10.0,0,35,0.8053238166639655,0.10057413974510772,1166,True,False,True,2.733623699998134
debug_algorithm_double_dqn_statev1_sparse_seed43_20261010_222457_976518_a963744f,double_dqn,43,v1,sparse,167,2174,-10.0,0,9,0.8045993150779049,0.03921529542033871,1175,True,False,True,2.759805999994569
debug_algorithm_double_dqn_statev1_sparse_seed43_20261010_222457_976518_a963744f,double_dqn,43,v1,sparse,168,2209,-10.0,0,35,0.8017879995791649,0.07970927538616317,1210,True,False,True,2.844139799999539
debug_algorithm_double_dqn_statev1_sparse_seed43_20261010_222457_976518_a963744f,double_dqn,43,v1,sparse,169,2219,-10.0,0,10,0.8009865722879879,0.156275590416044,1220,True,False,True,2.865889900000184
debug_algorithm_double_dqn_statev1_sparse_seed43_20261010_222457_976518_a963744f,double_dqn,43,v1,sparse,170,2222,-10.0,0,3,0.8007463003450978,0.05821396503597498,1223,True,False,True,2.871238899999298
debug_algorithm_double_dqn_statev1_sparse_seed43_20261010_222457_976518_a963744f,double_dqn,43,v1,sparse,171,2253,0.0,1,31,0.7982677066874884,0.11561350476357245,1254,True,False,True,2.9432522999995854
debug_algorithm_double_dqn_statev1_sparse_seed43_20261010_222457_976518_a963744f,double_dqn,43,v1,sparse,172,2256,-10.0,0,3,0.7980282503227151,0.1890879931549231,1257,True,False,True,2.9498452999978326
debug_algorithm_double_dqn_statev1_sparse_seed43_20261010_222457_976518_a963744f,double_dqn,43,v1,sparse,173,2323,10.0,2,67,0.792699067281715,0.08868247009257772,1324,True,False,True,3.0993104000008316
debug_algorithm_double_dqn_statev1_sparse_seed43_20261010_222457_976518_a963744f,double_dqn,43,v1,sparse,174,2340,-10.0,0,17,0.791352556399221,0.112737314282533,1341,True,False,True,3.131686799999443
debug_algorithm_double_dqn_statev1_sparse_seed43_20261010_222457_976518_a963744f,double_dqn,43,v1,sparse,175,2391,-10.0,0,51,0.7873267316465199,0.095959482910842,1392,True,False,True,3.267625799999223
debug_algorithm_double_dqn_statev1_sparse_seed43_20261010_222457_976518_a963744f,double_dqn,43,v1,sparse,176,2395,-10.0,0,4,0.787011848190316,0.07600997376721352,1396,True,False,True,3.2814785999944434
debug_algorithm_double_dqn_statev1_sparse_seed43_20261010_222457_976518_a963744f,double_dqn,43,v1,sparse,177,2397,-10.0,0,2,0.7868544536907964,0.008658051956444979,1398,True,False,True,3.2867569999943953
debug_algorithm_double_dqn_statev1_sparse_seed43_20261010_222457_976518_a963744f,double_dqn,43,v1,sparse,178,2407,10.0,2,10,0.7860679532272039,0.1328270028345287,1408,True,False,True,3.310991099999228
debug_algorithm_double_dqn_statev1_sparse_seed43_20261010_222457_976518_a963744f,double_dqn,43,v1,sparse,179,2423,0.0,1,16,0.7848111873435295,0.1389053090242669,1424,True,False,True,3.3430736000009347
debug_algorithm_double_dqn_statev1_sparse_seed43_20261010_222457_976518_a963744f,double_dqn,43,v1,sparse,180,2458,-10.0,0,35,0.7820690126819095,0.1394425333943218,1459,True,False,True,3.4213721999985864
debug_algorithm_double_dqn_statev1_sparse_seed43_20261010_222457_976518_a963744f,double_dqn,43,v1,sparse,181,2478,0.0,1,20,0.7805063596964901,0.15231451010331512,1479,True,False,True,3.46212199999718
debug_algorithm_double_dqn_statev1_sparse_seed43_20261010_222457_976518_a963744f,double_dqn,43,v1,sparse,182,2490,-10.0,0,12,0.7795702670273791,0.10115050497309615,1491,True,False,True,3.4936365999965346
debug_algorithm_double_dqn_statev1_sparse_seed43_20261010_222457_976518_a963744f,double_dqn,43,v1,sparse,183,2511,-10.0,0,21,0.7779348055278205,0.11524925695820934,1512,True,False,True,3.5397000999946613
debug_algorithm_double_dqn_statev1_sparse_seed43_20261010_222457_976518_a963744f,double_dqn,43,v1,sparse,184,2517,-10.0,0,6,0.777468161319167,0.1890845576611658,1518,True,False,True,3.5511674000008497
debug_algorithm_double_dqn_statev1_sparse_seed43_20261010_222457_976518_a963744f,double_dqn,43,v1,sparse,185,2529,-10.0,0,12,0.7765357124835661,0.1124724866822362,1530,True,False,True,3.57660549999855
debug_algorithm_double_dqn_statev1_sparse_seed43_20261010_222457_976518_a963744f,double_dqn,43,v1,sparse,186,2576,-10.0,0,47,0.7728943764082579,0.12831751767427046,1577,True,False,True,3.674060699995607
debug_algorithm_double_dqn_statev1_sparse_seed43_20261010_222457_976518_a963744f,double_dqn,43,v1,sparse,187,2577,-10.0,0,1,0.772817086970617,0.14674034714698792,1578,True,False,True,3.676187899996876
debug_algorithm_double_dqn_statev1_sparse_seed43_20261010_222457_976518_a963744f,double_dqn,43,v1,sparse,188,2592,0.0,1,15,0.7716586724465762,0.13445609997337063,1593,True,False,True,3.7071253999965847
debug_algorithm_double_dqn_statev1_sparse_seed43_20261010_222457_976518_a963744f,double_dqn,43,v1,sparse,189,2691,-10.0,0,99,0.7640565640075955,0.09749162812350375,1692,True,False,True,3.90242009999929
debug_algorithm_double_dqn_statev1_sparse_seed43_20261010_222457_976518_a963744f,double_dqn,43,v1,sparse,190,2706,-10.0,0,15,0.7629112810734351,0.11116483217726152,1707,True,False,True,3.930175199995574
debug_algorithm_double_dqn_statev1_sparse_seed43_20261010_222457_976518_a963744f,double_dqn,43,v1,sparse,191,2714,-10.0,0,8,0.7623011656210174,0.05832076200749725,1715,True,False,True,3.945629599998938
debug_algorithm_double_dqn_statev1_sparse_seed43_20261010_222457_976518_a963744f,double_dqn,43,v1,sparse,192,2736,-10.0,0,22,0.7606258627989574,0.09412842430174351,1737,True,False,True,3.993963499997335
debug_algorithm_double_dqn_statev1_sparse_seed43_20261010_222457_976518_a963744f,double_dqn,43,v1,sparse,193,2771,0.0,1,35,0.7579681930287285,0.0865283735628639,1772,True,False,True,4.0796705999964615
debug_algorithm_double_dqn_statev1_sparse_seed43_20261010_222457_976518_a963744f,double_dqn,43,v1,sparse,194,2778,-10.0,0,7,0.7574377744404028,0.07027960954500097,1779,True,False,True,4.0943049999987124
debug_algorithm_double_dqn_statev1_sparse_seed43_20261010_222457_976518_a963744f,double_dqn,43,v1,sparse,195,2798,0.0,1,20,0.7559243371601816,0.09167148964479566,1799,True,False,True,4.132310299995879
debug_algorithm_double_dqn_statev1_sparse_seed43_20261010_222457_976518_a963744f,double_dqn,43,v1,sparse,196,2805,-10.0,0,7,0.7553953488418256,0.14752003656966345,1806,True,False,True,4.1459876999942935
debug_algorithm_double_dqn_statev1_sparse_seed43_20261010_222457_976518_a963744f,double_dqn,43,v1,sparse,197,2808,-10.0,0,3,0.7551687528982781,0.1475805640220642,1809,True,False,True,4.151584499995806
debug_algorithm_double_dqn_statev1_sparse_seed43_20261010_222457_976518_a963744f,double_dqn,43,v1,sparse,198,2809,-10.0,0,1,0.7550932360229883,0.005812166258692741,1810,True,False,True,4.153216499995324
debug_algorithm_double_dqn_statev1_sparse_seed43_20261010_222457_976518_a963744f,double_dqn,43,v1,sparse,199,2833,-10.0,0,24,0.753283094786358,0.1292379469765971,1834,True,False,True,4.203379999999015
debug_algorithm_double_dqn_statev1_sparse_seed43_20261010_222457_976518_a963744f,double_dqn,43,v1,sparse,200,2836,-10.0,0,3,0.7530571324556617,0.09808427995691697,1837,True,False,True,4.213512999995146
debug_algorithm_double_dqn_statev1_sparse_seed43_20261010_222457_976518_a963744f,double_dqn,43,v1,sparse,201,2844,-10.0,0,8,0.7524548975635285,0.11034889903385192,1845,True,False,True,4.238393699997687
debug_algorithm_double_dqn_statev1_sparse_seed43_20261010_222457_976518_a963744f,double_dqn,43,v1,sparse,202,2863,-10.0,0,19,0.7510265192271953,0.08700604932872873,1864,True,False,True,4.275437899996177
debug_algorithm_double_dqn_statev1_sparse_seed43_20261010_222457_976518_a963744f,double_dqn,43,v1,sparse,203,2876,-10.0,0,13,0.7500507703381453,0.11113852061904393,1877,True,False,True,4.306637099994987
debug_algorithm_double_dqn_statev1_sparse_seed43_20261010_222457_976518_a963744f,double_dqn,43,v1,sparse,204,2878,-10.0,0,2,0.7499007676845854,0.07919318554922938,1879,True,False,True,4.312512599994079
debug_algorithm_double_dqn_statev1_sparse_seed43_20261010_222457_976518_a963744f,double_dqn,43,v1,sparse,205,2880,-10.0,0,2,0.7497507950300561,0.08526326064020395,1881,True,False,True,4.31633029999648
debug_algorithm_double_dqn_statev1_sparse_seed43_20261010_222457_976518_a963744f,double_dqn,43,v1,sparse,206,2915,20.0,3,35,0.7471311233614861,0.11456090830532568,1916,True,False,True,4.385036499996204
debug_algorithm_double_dqn_statev1_sparse_seed43_20261010_222457_976518_a963744f,double_dqn,43,v1,sparse,207,2917,-10.0,0,2,0.7469817046081252,0.2228589579463005,1918,True,False,True,4.388872600000468
debug_algorithm_double_dqn_statev1_sparse_seed43_20261010_222457_976518_a963744f,double_dqn,43,v1,sparse,208,2929,0.0,1,12,0.7460858194062215,0.14417550441188118,1930,True,False,True,4.4382658999966225
debug_algorithm_double_dqn_statev1_sparse_seed43_20261010_222457_976518_a963744f,double_dqn,43,v1,sparse,209,2930,-10.0,0,1,0.7460112108242809,0.008203391917049885,1931,True,False,True,4.442689600000449
debug_algorithm_double_dqn_statev1_sparse_seed43_20261010_222457_976518_a963744f,double_dqn,43,v1,sparse,210,2953,-10.0,0,23,0.7442972711272233,0.09624958212446907,1954,True,False,True,4.511625399994955
debug_algorithm_double_dqn_statev1_sparse_seed43_20261010_222457_976518_a963744f,double_dqn,43,v1,sparse,211,2972,0.0,1,19,0.7428843783394793,0.1315470081508944,1973,True,False,True,4.5639764000006835
debug_algorithm_double_dqn_statev1_sparse_seed43_20261010_222457_976518_a963744f,double_dqn,43,v1,sparse,212,2995,10.0,2,23,0.741177622451785,0.09965919952272721,1996,True,False,True,4.616747899999609
debug_algorithm_double_dqn_statev1_sparse_seed43_20261010_222457_976518_a963744f,double_dqn,43,v1,sparse,213,3038,10.0,2,43,0.7379972423714398,0.0880772173837867,2039,True,False,True,4.717245799998636
debug_algorithm_double_dqn_statev1_sparse_seed43_20261010_222457_976518_a963744f,double_dqn,43,v1,sparse,214,3039,-10.0,0,1,0.7379234426472027,0.16066978871822357,2040,True,False,True,4.719501199993829
debug_algorithm_double_dqn_statev1_sparse_seed43_20261010_222457_976518_a963744f,double_dqn,43,v1,sparse,215,3062,10.0,2,23,0.7362280843692149,0.15137176163008678,2063,True,False,True,4.780758299995796
debug_algorithm_double_dqn_statev1_sparse_seed43_20261010_222457_976518_a963744f,double_dqn,43,v1,sparse,216,3068,-10.0,0,6,0.7357864579380827,0.1278158249333501,2069,True,False,True,4.791981199996371
debug_algorithm_double_dqn_statev1_sparse_seed43_20261010_222457_976518_a963744f,double_dqn,43,v1,sparse,217,3093,0.0,1,25,0.7339491974612334,0.15128875132650138,2094,True,False,True,4.843294999998761
debug_algorithm_double_dqn_statev1_sparse_seed43_20261010_222457_976518_a963744f,double_dqn,43,v1,sparse,218,3098,-10.0,0,5,0.7335822962500834,0.13218692727386952,2099,True,False,True,4.85207139999693
debug_algorithm_double_dqn_statev1_sparse_seed43_20261010_222457_976518_a963744f,double_dqn,43,v1,sparse,219,3131,10.0,2,33,0.7311653439875581,0.13225338311696594,2132,True,False,True,4.926697899994906
debug_algorithm_double_dqn_statev1_sparse_seed43_20261010_222457_976518_a963744f,double_dqn,43,v1,sparse,220,3137,-10.0,0,6,0.7307267544413448,0.2430423063536485,2138,True,False,True,4.9394026000009035
debug_algorithm_double_dqn_statev1_sparse_seed43_20261010_222457_976518_a963744f,double_dqn,43,v1,sparse,221,3178,10.0,2,41,0.7277367589253696,0.12475748294282978,2179,True,False,True,5.025476799994067
debug_algorithm_double_dqn_statev1_sparse_seed43_20261010_222457_976518_a963744f,double_dqn,43,v1,sparse,222,3255,0.0,1,77,0.7221544263236067,0.12448364879645697,2256,True,False,True,5.186092699994333
debug_algorithm_double_dqn_statev1_sparse_seed43_20261010_222457_976518_a963744f,double_dqn,43,v1,sparse,223,3260,-10.0,0,5,0.7217934213186664,0.20192954391241075,2261,True,False,True,5.197428100000252
debug_algorithm_double_dqn_statev1_sparse_seed43_20261010_222457_976518_a963744f,double_dqn,43,v1,sparse,224,3333,10.0,2,73,0.716543253259943,0.15512721342583224,2334,True,False,True,5.343521299997519
debug_algorithm_double_dqn_statev1_sparse_seed43_20261010_222457_976518_a963744f,double_dqn,43,v1,sparse,225,3362,0.0,1,29,0.7144681843745495,0.16981565717864652,2363,True,False,True,5.397066400000767
debug_algorithm_double_dqn_statev1_sparse_seed43_20261010_222457_976518_a963744f,double_dqn,43,v1,sparse,226,3365,-10.0,0,3,0.7142538653525683,0.20319611206650734,2366,True,False,True,5.404563899995992
debug_algorithm_double_dqn_statev1_sparse_seed43_20261010_222457_976518_a963744f,double_dqn,43,v1,sparse,227,3370,-10.0,0,5,0.7138968098381363,0.1335312146693468,2371,True,False,True,5.412482899999304
debug_algorithm_double_dqn_statev1_sparse_seed43_20261010_222457_976518_a963744f,double_dqn,43,v1,sparse,228,3407,0.0,1,37,0.7112601406522225,0.13685928647582596,2408,True,False,True,5.486933399995905
debug_algorithm_double_dqn_statev1_sparse_seed43_20261010_222457_976518_a963744f,double_dqn,43,v1,sparse,229,3413,-10.0,0,6,0.7108334912426282,0.18406622856855392,2414,True,False,True,5.496944999998959
debug_algorithm_double_dqn_statev1_sparse_seed43_20261010_222457_976518_a963744f,double_dqn,43,v1,sparse,230,3416,-10.0,0,3,0.7106202625195494,0.0584988488505284,2417,True,False,True,5.502350199996727
debug_algorithm_double_dqn_statev1_sparse_seed43_20261010_222457_976518_a963744f,double_dqn,43,v1,sparse,231,3450,0.0,1,34,0.7082081359575977,0.14479467097450704,2451,True,False,True,5.566615799994906
debug_algorithm_double_dqn_statev1_sparse_seed43_20261010_222457_976518_a963744f,double_dqn,43,v1,sparse,232,3455,-10.0,0,5,0.7078541027033508,0.1318084320053458,2456,True,False,True,5.578407299995888
debug_algorithm_double_dqn_statev1_sparse_seed43_20261010_222457_976518_a963744f,double_dqn,43,v1,sparse,233,3481,-10.0,0,26,0.706015980722793,0.16167842410504818,2482,True,False,True,5.626839699994889
debug_algorithm_double_dqn_statev1_sparse_seed43_20261010_222457_976518_a963744f,double_dqn,43,v1,sparse,234,3487,-10.0,0,6,0.7055924770226373,0.26176614966243505,2488,True,False,True,5.641653699996823
debug_algorithm_double_dqn_statev1_sparse_seed43_20261010_222457_976518_a963744f,double_dqn,43,v1,sparse,235,3539,20.0,3,52,0.7019327367238553,0.1297688086051494,2540,True,False,True,5.759714599997096
debug_algorithm_double_dqn_statev1_sparse_seed43_20261010_222457_976518_a963744f,double_dqn,43,v1,sparse,236,3564,-10.0,0,25,0.7001800090666982,0.14058744240552187,2565,True,False,True,5.803707799997937
debug_algorithm_double_dqn_statev1_sparse_seed43_20261010_222457_976518_a963744f,double_dqn,43,v1,sparse,237,3570,-10.0,0,6,0.6997600060742571,0.12650426973899206,2571,True,False,True,5.8151336000009906
debug_algorithm_double_dqn_statev1_sparse_seed43_20261010_222457_976518_a963744f,double_dqn,43,v1,sparse,238,3571,-10.0,0,1,0.6996900300736497,0.014580218121409416,2572,True,False,True,5.817142599997169
debug_algorithm_double_dqn_statev1_sparse_seed43_20261010_222457_976518_a963744f,double_dqn,43,v1,sparse,239,3582,-10.0,0,11,0.6989207557546595,0.2578934082253413,2583,True,False,True,5.837565199995879
debug_algorithm_double_dqn_statev1_sparse_seed43_20261010_222457_976518_a963744f,double_dqn,43,v1,sparse,240,3594,-10.0,0,12,0.6980825119817248,0.08853086588593821,2595,True,False,True,5.859092200000305
debug_algorithm_double_dqn_statev1_sparse_seed43_20261010_222457_976518_a963744f,double_dqn,43,v1,sparse,241,3617,-10.0,0,23,0.6964786871172362,0.15611081521796144,2618,True,False,True,5.899239300000772
debug_algorithm_double_dqn_statev1_sparse_seed43_20261010_222457_976518_a963744f,double_dqn,43,v1,sparse,242,3635,-10.0,0,18,0.6952260905247033,0.16674434339317182,2636,True,False,True,5.929088699995191
debug_algorithm_double_dqn_statev1_sparse_seed43_20261010_222457_976518_a963744f,double_dqn,43,v1,sparse,243,3660,-10.0,0,25,0.6934901093785222,0.20302811272442342,2661,True,False,True,5.976722799998242
debug_algorithm_double_dqn_statev1_sparse_seed43_20261010_222457_976518_a963744f,double_dqn,43,v1,sparse,244,3664,0.0,1,4,0.6932127549414036,0.2177237682044506,2665,True,False,True,5.983835299994098
debug_algorithm_double_dqn_statev1_sparse_seed43_20261010_222457_976518_a963744f,double_dqn,43,v1,sparse,245,3665,-10.0,0,1,0.6931434336659095,0.1321946233510971,2666,True,False,True,5.9855300999988685
debug_algorithm_double_dqn_statev1_sparse_seed43_20261010_222457_976518_a963744f,double_dqn,43,v1,sparse,246,3684,-10.0,0,19,0.6918276457458287,0.16333405546059734,2685,True,False,True,6.019476999994367
debug_algorithm_double_dqn_statev1_sparse_seed43_20261010_222457_976518_a963744f,double_dqn,43,v1,sparse,247,3685,-10.0,0,1,0.6917584629812541,0.2997824251651764,2686,True,False,True,6.020935000000463
debug_algorithm_double_dqn_statev1_sparse_seed43_20261010_222457_976518_a963744f,double_dqn,43,v1,sparse,248,3706,0.0,1,21,0.6903072219821411,0.22495256807832492,2707,True,False,True,6.056665799995244
debug_algorithm_double_dqn_statev1_sparse_seed43_20261010_222457_976518_a963744f,double_dqn,43,v1,sparse,249,3727,-10.0,0,21,0.6888590255434492,0.09187219775326196,2728,True,False,True,6.097974199998134
debug_algorithm_double_dqn_statev1_sparse_seed43_20261010_222457_976518_a963744f,double_dqn,43,v1,sparse,250,3744,-10.0,0,17,0.68768890158004,0.1790085961932645,2745,True,False,True,6.13089570000011
debug_algorithm_double_dqn_statev1_sparse_seed43_20261010_222457_976518_a963744f,double_dqn,43,v1,sparse,251,3745,-10.0,0,1,0.6876201326898821,0.03021995536983013,2746,True,False,True,6.1331596999953035
debug_algorithm_double_dqn_statev1_sparse_seed43_20261010_222457_976518_a963744f,double_dqn,43,v1,sparse,252,3808,20.0,3,63,0.6833015278099557,0.1476401856080407,2809,True,False,True,6.247340699999768
debug_algorithm_double_dqn_statev1_sparse_seed43_20261010_222457_976518_a963744f,double_dqn,43,v1,sparse,253,3809,-10.0,0,1,0.6832331976571747,0.14087627828121185,2810,True,False,True,6.249166900001001
debug_algorithm_double_dqn_statev1_sparse_seed43_20261010_222457_976518_a963744f,double_dqn,43,v1,sparse,254,3839,-10.0,0,30,0.681186467356558,0.2204633907104532,2840,True,False,True,6.3075958999979775
debug_algorithm_double_dqn_statev1_sparse_seed43_20261010_222457_976518_a963744f,double_dqn,43,v1,sparse,255,3845,-10.0,0,6,0.6807778576404915,0.0910011858989795,2846,True,False,True,6.318792099998973
debug_algorithm_double_dqn_statev1_sparse_seed43_20261010_222457_976518_a963744f,double_dqn,43,v1,sparse,256,3859,0.0,1,14,0.6798253878999103,0.1514639481236892,2860,True,False,True,6.342819799996505
debug_algorithm_double_dqn_statev1_sparse_seed43_20261010_222457_976518_a963744f,double_dqn,43,v1,sparse,257,3861,-10.0,0,2,0.6796894296205842,0.030146940611302853,2862,True,False,True,6.3465071999962674
debug_algorithm_double_dqn_statev1_sparse_seed43_20261010_222457_976518_a963744f,double_dqn,43,v1,sparse,258,3919,10.0,2,58,0.6757584452513656,0.13981923978807853,2920,True,False,True,6.448228299996117
debug_algorithm_double_dqn_statev1_sparse_seed43_20261010_222457_976518_a963744f,double_dqn,43,v1,sparse,259,3989,20.0,3,70,0.6710444187719203,0.14656793190432446,2990,True,False,True,6.5754794999957085
debug_algorithm_double_dqn_statev1_sparse_seed43_20261010_222457_976518_a963744f,double_dqn,43,v1,sparse,260,3991,-10.0,0,2,0.6709102165986102,0.2263297364115715,2992,True,False,True,6.578792899999826
debug_algorithm_double_dqn_statev1_sparse_seed43_20261010_222457_976518_a963744f,double_dqn,43,v1,sparse,261,4003,-10.0,0,12,0.6701055669918679,0.16586428430552283,3004,True,False,True,6.600657499999215
debug_algorithm_double_dqn_statev1_sparse_seed43_20261010_222457_976518_a963744f,double_dqn,43,v1,sparse,262,4020,-10.0,0,17,0.6689672984160407,0.25505658326780095,3021,True,False,True,6.633572099999583
debug_algorithm_double_dqn_statev1_sparse_seed43_20261010_222457_976518_a963744f,double_dqn,43,v1,sparse,263,4054,0.0,1,34,0.6666965585079707,0.20727747821194284,3055,True,False,True,6.687894399998186
debug_algorithm_double_dqn_statev1_sparse_seed43_20261010_222457_976518_a963744f,double_dqn,43,v1,sparse,264,4055,-10.0,0,1,0.6666298888521199,0.05031565576791763,3056,True,False,True,6.689714699998149
debug_algorithm_double_dqn_statev1_sparse_seed43_20261010_222457_976518_a963744f,double_dqn,43,v1,sparse,265,4084,0.0,1,29,0.6646993662575146,0.15739003144975366,3085,True,False,True,6.744918899996264
debug_algorithm_double_dqn_statev1_sparse_seed43_20261010_222457_976518_a963744f,double_dqn,43,v1,sparse,266,4108,20.0,3,24,0.6631059210041022,0.1647807885116587,3109,True,False,True,6.800055899999279
debug_algorithm_double_dqn_statev1_sparse_seed43_20261010_222457_976518_a963744f,double_dqn,43,v1,sparse,267,4146,-10.0,0,38,0.6605907745498409,0.22100190700669037,3147,True,False,True,6.865392499996233
debug_algorithm_double_dqn_statev1_sparse_seed43_20261010_222457_976518_a963744f,double_dqn,43,v1,sparse,268,4176,0.0,1,30,0.6586118731158718,0.19052112797896067,3177,True,False,True,6.93002069999784
debug_algorithm_double_dqn_statev1_sparse_seed43_20261010_222457_976518_a963744f,double_dqn,43,v1,sparse,269,4183,-10.0,0,7,0.6581509830901351,0.2695382237434387,3184,True,False,True,6.94271679999656
debug_algorithm_double_dqn_statev1_sparse_seed43_20261010_222457_976518_a963744f,double_dqn,43,v1,sparse,270,4230,20.0,3,47,0.6550647774215498,0.18581942738370694,3231,True,False,True,7.042446200000995
debug_algorithm_double_dqn_statev1_sparse_seed43_20261010_222457_976518_a963744f,double_dqn,43,v1,sparse,271,4250,-10.0,0,20,0.6537558917433272,0.23321382496505977,3251,True,False,True,7.07857420000073
debug_algorithm_double_dqn_statev1_sparse_seed43_20261010_222457_976518_a963744f,double_dqn,43,v1,sparse,272,4275,0.0,1,25,0.6521234617788324,0.2147708834707737,3276,True,False,True,7.116742999998678
debug_algorithm_double_dqn_statev1_sparse_seed43_20261010_222457_976518_a963744f,double_dqn,43,v1,sparse,273,4283,-10.0,0,8,0.6516019455674643,0.1276629432104528,3284,True,False,True,7.130096900000353
debug_algorithm_double_dqn_statev1_sparse_seed43_20261010_222457_976518_a963744f,double_dqn,43,v1,sparse,274,4294,-10.0,0,11,0.6508855417009173,0.1971992730078372,3295,True,False,True,7.156447900000785
debug_algorithm_double_dqn_statev1_sparse_seed43_20261010_222457_976518_a963744f,double_dqn,43,v1,sparse,275,4301,-10.0,0,7,0.6504300584849119,0.24750628588455065,3302,True,False,True,7.171583700001065
debug_algorithm_double_dqn_statev1_sparse_seed43_20261010_222457_976518_a963744f,double_dqn,43,v1,sparse,276,4315,0.0,1,14,0.6495200480576949,0.2573131466550486,3316,True,False,True,7.2018940999987535
debug_algorithm_double_dqn_statev1_sparse_seed43_20261010_222457_976518_a963744f,double_dqn,43,v1,sparse,277,4412,20.0,3,97,0.6432498497043679,0.20352992522962315,3413,True,False,True,7.378746199996385
debug_algorithm_double_dqn_statev1_sparse_seed43_20261010_222457_976518_a963744f,double_dqn,43,v1,sparse,278,4434,-10.0,0,22,0.6418361849520372,0.2504227012395859,3435,True,False,True,7.41512249999505
debug_algorithm_double_dqn_statev1_sparse_seed43_20261010_222457_976518_a963744f,double_dqn,43,v1,sparse,279,4509,20.0,3,75,0.6370401812569426,0.18732408061623573,3510,True,False,True,7.5819311999948695
debug_algorithm_double_dqn_statev1_sparse_seed43_20261010_222457_976518_a963744f,double_dqn,43,v1,sparse,280,4541,0.0,1,32,0.6350048092387897,0.18782844388624653,3542,True,False,True,7.650645199995779
debug_algorithm_double_dqn_statev1_sparse_seed43_20261010_222457_976518_a963744f,double_dqn,43,v1,sparse,281,4586,-10.0,0,45,0.6321535651435619,0.22221285233067142,3587,True,False,True,7.758369799994398
debug_algorithm_double_dqn_statev1_sparse_seed43_20261010_222457_976518_a963744f,double_dqn,43,v1,sparse,282,4608,0.0,1,22,0.6307642866019273,0.23816075455397367,3609,True,False,True,7.808506399996986
debug_algorithm_double_dqn_statev1_sparse_seed43_20261010_222457_976518_a963744f,double_dqn,43,v1,sparse,283,4616,-10.0,0,8,0.6302598517513275,0.18862604023888707,3617,True,False,True,7.822211499995319
debug_algorithm_double_dqn_statev1_sparse_seed43_20261010_222457_976518_a963744f,double_dqn,43,v1,sparse,284,4621,-10.0,0,5,0.6299447848451347,0.20176196917891503,3622,True,False,True,7.830188899999484
debug_algorithm_double_dqn_statev1_sparse_seed43_20261010_222457_976518_a963744f,double_dqn,43,v1,sparse,285,4636,-10.0,0,15,0.6290005288233523,0.22441901117563248,3637,True,False,True,7.861355099994398
debug_algorithm_double_dqn_statev1_sparse_seed43_20261010_222457_976518_a963744f,double_dqn,43,v1,sparse,286,4647,-10.0,0,11,0.6283089740881731,0.17914160865951667,3648,True,False,True,7.883387899993977
debug_algorithm_double_dqn_statev1_sparse_seed43_20261010_222457_976518_a963744f,double_dqn,43,v1,sparse,287,4667,0.0,1,20,0.6270535492110799,0.15845210310071706,3668,True,False,True,7.922221199994965
debug_algorithm_double_dqn_statev1_sparse_seed43_20261010_222457_976518_a963744f,double_dqn,43,v1,sparse,288,4673,-10.0,0,6,0.6266774111270456,0.301104133327802,3674,True,False,True,7.932662599996547
debug_algorithm_double_dqn_statev1_sparse_seed43_20261010_222457_976518_a963744f,double_dqn,43,v1,sparse,289,4699,-10.0,0,26,0.6250500849312767,0.24218448903411627,3700,True,False,True,7.979923699997016
debug_algorithm_double_dqn_statev1_sparse_seed43_20261010_222457_976518_a963744f,double_dqn,43,v1,sparse,290,4719,-10.0,0,20,0.6238011716443214,0.2051562795881182,3720,True,False,True,8.020469099996262
debug_algorithm_double_dqn_statev1_sparse_seed43_20261010_222457_976518_a963744f,double_dqn,43,v1,sparse,291,4737,-10.0,0,18,0.6226792834423234,0.22966925065136617,3738,True,False,True,8.059480199997779
debug_algorithm_double_dqn_statev1_sparse_seed43_20261010_222457_976518_a963744f,double_dqn,43,v1,sparse,292,4740,-10.0,0,3,0.6224924983370466,0.0754814272125562,3741,True,False,True,8.065045299998019
debug_algorithm_double_dqn_statev1_sparse_seed43_20261010_222457_976518_a963744f,double_dqn,43,v1,sparse,293,4755,0.0,1,15,0.6215594129235152,0.18621814524134,3756,True,False,True,8.093942100000277
debug_algorithm_double_dqn_statev1_sparse_seed43_20261010_222457_976518_a963744f,double_dqn,43,v1,sparse,294,4798,20.0,3,43,0.6188923124664429,0.157916612489972,3799,True,False,True,8.18009109999548
debug_algorithm_double_dqn_statev1_sparse_seed43_20261010_222457_976518_a963744f,double_dqn,43,v1,sparse,295,4806,-10.0,0,8,0.6183973718716637,0.23991958796977997,3807,True,False,True,8.196181200000865
debug_algorithm_double_dqn_statev1_sparse_seed43_20261010_222457_976518_a963744f,double_dqn,43,v1,sparse,296,4825,-10.0,0,19,0.617223473725626,0.20215344134914248,3826,True,False,True,8.23284849999618
debug_algorithm_double_dqn_statev1_sparse_seed43_20261010_222457_976518_a963744f,double_dqn,43,v1,sparse,297,4922,30.0,4,97,0.6112650531654568,0.19195007317766702,3923,True,False,True,8.420765499999106
debug_algorithm_double_dqn_statev1_sparse_seed43_20261010_222457_976518_a963744f,double_dqn,43,v1,sparse,298,4972,10.0,2,50,0.6082162039298006,0.20478125233203173,3973,True,False,True,8.53232879999996
debug_algorithm_double_dqn_statev1_sparse_seed43_20261010_222457_976518_a963744f,double_dqn,43,v1,sparse,299,4978,-10.0,0,6,0.6078513654277099,0.1607005118081967,3979,True,False,True,8.542331699994975
debug_algorithm_double_dqn_statev1_sparse_seed43_20261010_222457_976518_a963744f,double_dqn,43,v1,sparse,300,5018,-10.0,0,40,0.605424695206629,0.2114284007810056,4019,True,False,True,8.635372400000051
debug_algorithm_double_dqn_statev1_sparse_seed43_20261010_222457_976518_a963744f,double_dqn,43,v1,sparse,301,5052,0.0,1,34,0.6033696440554112,0.18016464646686525,4053,True,False,True,8.712226499999815
debug_algorithm_double_dqn_statev1_sparse_seed43_20261010_222457_976518_a963744f,double_dqn,43,v1,sparse,302,5087,0.0,1,35,0.6012614364047024,0.18570941377963338,4088,True,False,True,8.787692199999583
debug_algorithm_double_dqn_statev1_sparse_seed43_20261010_222457_976518_a963744f,double_dqn,43,v1,sparse,303,5106,-10.0,0,19,0.6001200672502006,0.20864109577316986,4107,True,False,True,8.829301099998702
debug_algorithm_double_dqn_statev1_sparse_seed43_20261010_222457_976518_a963744f,double_dqn,43,v1,sparse,304,5183,20.0,3,77,0.5955166584278536,0.19381015975173418,4184,True,False,True,8.998827899995376
debug_algorithm_double_dqn_statev1_sparse_seed43_20261010_222457_976518_a963744f,double_dqn,43,v1,sparse,305,5186,0.0,1,3,0.5953380212952294,0.12097947796185811,4187,True,False,True,9.004555699997582
debug_algorithm_double_dqn_statev1_sparse_seed43_20261010_222457_976518_a963744f,double_dqn,43,v1,sparse,306,5281,20.0,3,95,0.5897088097210478,0.20575532760275037,4282,True,False,True,9.21708189999481
debug_algorithm_double_dqn_statev1_sparse_seed43_20261010_222457_976518_a963744f,double_dqn,43,v1,sparse,307,5303,10.0,2,22,0.5884128116592916,0.28762169114568015,4304,True,False,True,9.262206399995193
debug_algorithm_double_dqn_statev1_sparse_seed43_20261010_222457_976518_a963744f,double_dqn,43,v1,sparse,308,5310,-10.0,0,7,0.5880010462372282,0.2149472822036062,4311,True,False,True,9.274967099998321
debug_algorithm_double_dqn_statev1_sparse_seed43_20261010_222457_976518_a963744f,double_dqn,43,v1,sparse,309,5313,-10.0,0,3,0.5878246635628004,0.2884048819541931,4314,True,False,True,9.27998210000078
debug_algorithm_double_dqn_statev1_sparse_seed43_20261010_222457_976518_a963744f,double_dqn,43,v1,sparse,310,5317,-10.0,0,4,0.587589568964504,0.29049699008464813,4318,True,False,True,9.287272299996403
debug_algorithm_double_dqn_statev1_sparse_seed43_20261010_222457_976518_a963744f,double_dqn,43,v1,sparse,311,5331,-10.0,0,14,0.5867674780606377,0.184962572529912,4332,True,False,True,9.314708399993833
debug_algorithm_double_dqn_statev1_sparse_seed43_20261010_222457_976518_a963744f,double_dqn,43,v1,sparse,312,5340,-10.0,0,9,0.5862395985173944,0.20989307595623863,4341,True,False,True,9.330529599996225
debug_algorithm_double_dqn_statev1_sparse_seed43_20261010_222457_976518_a963744f,double_dqn,43,v1,sparse,313,5400,20.0,3,60,0.5827325173346204,0.21722161211073399,4401,True,False,True,9.4557089000009
debug_algorithm_double_dqn_statev1_sparse_seed43_20261010_222457_976518_a963744f,double_dqn,43,v1,sparse,314,5409,0.0,1,9,0.5822082678037833,0.2522297783030404,4410,True,False,True,9.477055699993798
debug_algorithm_double_dqn_statev1_sparse_seed43_20261010_222457_976518_a963744f,double_dqn,43,v1,sparse,315,5484,10.0,2,75,0.5778578228317378,0.23673682962854703,4485,True,False,True,9.631240099995921
debug_algorithm_double_dqn_statev1_sparse_seed43_20261010_222457_976518_a963744f,double_dqn,43,v1,sparse,316,5530,0.0,1,46,0.5752056489127182,0.23567211486237205,4531,True,False,True,9.740668899998127
debug_algorithm_double_dqn_statev1_sparse_seed43_20261010_222457_976518_a963744f,double_dqn,43,v1,sparse,317,5535,-10.0,0,5,0.5749181036030749,0.2700600951910019,4536,True,False,True,9.750715499998478
debug_algorithm_double_dqn_statev1_sparse_seed43_20261010_222457_976518_a963744f,double_dqn,43,v1,sparse,318,5565,0.0,1,30,0.5731958478534238,0.1799012469748656,4566,True,False,True,9.805598299994017
debug_algorithm_double_dqn_statev1_sparse_seed43_20261010_222457_976518_a963744f,double_dqn,43,v1,sparse,319,5566,-10.0,0,1,0.5731385282686384,0.4481334686279297,4567,True,False,True,9.808239199999662
debug_algorithm_double_dqn_statev1_sparse_seed43_20261010_222457_976518_a963744f,double_dqn,43,v1,sparse,320,5579,0.0,1,13,0.5723938950660648,0.22355859640699166,4580,True,False,True,9.83484309999767
debug_algorithm_double_dqn_statev1_sparse_seed43_20261010_222457_976518_a963744f,double_dqn,43,v1,sparse,321,5618,-10.0,0,39,0.5701657950876667,0.19505076291851509,4619,True,False,True,9.916377499997907
debug_algorithm_double_dqn_statev1_sparse_seed43_20261010_222457_976518_a963744f,double_dqn,43,v1,sparse,322,5639,-10.0,0,21,0.5689696435081731,0.25547616503068377,4640,True,False,True,9.962841299995489
debug_algorithm_double_dqn_statev1_sparse_seed43_20261010_222457_976518_a963744f,double_dqn,43,v1,sparse,323,5664,10.0,2,25,0.5675489250004226,0.2501377360522747,4665,True,False,True,10.013776499996311
debug_algorithm_double_dqn_statev1_sparse_seed43_20261010_222457_976518_a963744f,double_dqn,43,v1,sparse,324,5709,10.0,2,45,0.5650005655272091,0.1867306118624078,4710,True,False,True,10.121594299998833
debug_algorithm_double_dqn_statev1_sparse_seed43_20261010_222457_976518_a963744f,double_dqn,43,v1,sparse,325,5755,0.0,1,46,0.5624074021141411,0.20933497316487457,4756,True,False,True,10.224904399998195
debug_algorithm_double_dqn_statev1_sparse_seed43_20261010_222457_976518_a963744f,double_dqn,43,v1,sparse,326,5776,10.0,2,21,0.5612275268775807,0.1824030459281944,4777,True,False,True,10.273538599998574
debug_algorithm_double_dqn_statev1_sparse_seed43_20261010_222457_976518_a963744f,double_dqn,43,v1,sparse,327,5777,-10.0,0,1,0.561171404124893,0.15353180468082428,4778,True,False,True,10.276431300000695
debug_algorithm_double_dqn_statev1_sparse_seed43_20261010_222457_976518_a963744f,double_dqn,43,v1,sparse,328,5791,0.0,1,14,0.5603862746208857,0.22289895465863602,4792,True,False,True,10.30521459999727
debug_algorithm_double_dqn_statev1_sparse_seed43_20261010_222457_976518_a963744f,double_dqn,43,v1,sparse,329,5798,0.0,1,7,0.5599941218901573,0.28292541950941086,4799,True,False,True,10.322688399995968
debug_algorithm_double_dqn_statev1_sparse_seed43_20261010_222457_976518_a963744f,double_dqn,43,v1,sparse,330,5825,10.0,2,27,0.5584841017034214,0.26723284936613506,4826,True,False,True,10.372903899995435
debug_algorithm_double_dqn_statev1_sparse_seed43_20261010_222457_976518_a963744f,double_dqn,43,v1,sparse,331,5828,0.0,1,3,0.558316573226875,0.1701368217666944,4829,True,False,True,10.378936799999792
debug_algorithm_double_dqn_statev1_sparse_seed43_20261010_222457_976518_a963744f,double_dqn,43,v1,sparse,332,5845,10.0,2,17,0.5573681939834066,0.225411769002676,4846,True,False,True,10.405758699998842
debug_algorithm_double_dqn_statev1_sparse_seed43_20261010_222457_976518_a963744f,double_dqn,43,v1,sparse,333,5886,0.0,1,41,0.5550875488713611,0.26298586424531006,4887,True,False,True,10.481534499995178
debug_algorithm_double_dqn_statev1_sparse_seed43_20261010_222457_976518_a963744f,double_dqn,43,v1,sparse,334,5918,20.0,3,32,0.5533140191979764,0.24383819673676044,4919,True,False,True,10.546807099999569
debug_algorithm_double_dqn_statev1_sparse_seed43_20261010_222457_976518_a963744f,double_dqn,43,v1,sparse,335,5927,-10.0,0,9,0.5528162357272736,0.2177988944782151,4928,True,False,True,10.571841699995275
debug_algorithm_double_dqn_statev1_sparse_seed43_20261010_222457_976518_a963744f,double_dqn,43,v1,sparse,336,5956,0.0,1,29,0.5512153110589036,0.22395428475634804,4957,True,False,True,10.644795399995928
debug_algorithm_double_dqn_statev1_sparse_seed43_20261010_222457_976518_a963744f,double_dqn,43,v1,sparse,337,5982,20.0,3,26,0.5497839412675753,0.2769773303029629,4983,True,False,True,10.700093100000231
debug_algorithm_double_dqn_statev1_sparse_seed43_20261010_222457_976518_a963744f,double_dqn,43,v1,sparse,338,5989,0.0,1,7,0.5493992079440754,0.3170430495270661,4990,True,False,True,10.715306899997813
debug_algorithm_double_dqn_statev1_sparse_seed43_20261010_222457_976518_a963744f,double_dqn,43,v1,sparse,339,6008,10.0,2,19,0.548356288389472,0.2701176573571406,5009,True,False,True,10.758648399998492
debug_algorithm_double_dqn_statev1_sparse_seed43_20261010_222457_976518_a963744f,double_dqn,43,v1,sparse,340,6023,-10.0,0,15,0.5475343294815634,0.33566227157910666,5024,True,False,True,10.79012949999742
debug_algorithm_double_dqn_statev1_sparse_seed43_20261010_222457_976518_a963744f,double_dqn,43,v1,sparse,341,6080,50.0,6,57,0.544422106452168,0.30793308741167974,5081,True,False,True,10.907804299997224
debug_algorithm_double_dqn_statev1_sparse_seed43_20261010_222457_976518_a963744f,double_dqn,43,v1,sparse,342,6098,10.0,2,18,0.5434429791822951,0.2083187767614921,5099,True,False,True,10.946556599999894
debug_algorithm_double_dqn_statev1_sparse_seed43_20261010_222457_976518_a963744f,double_dqn,43,v1,sparse,343,6101,10.0,2,3,0.5432799625912865,0.1969529390335083,5102,True,False,True,10.953297499996552
debug_algorithm_double_dqn_statev1_sparse_seed43_20261010_222457_976518_a963744f,double_dqn,43,v1,sparse,344,6158,30.0,4,57,0.5401919216777855,0.30275007004016324,5159,True,False,True,11.063436299999012
debug_algorithm_double_dqn_statev1_sparse_seed43_20261010_222457_976518_a963744f,double_dqn,43,v1,sparse,345,6170,0.0,1,12,0.5395440477796252,0.3095627799630165,5171,True,False,True,11.0878098999965
debug_algorithm_double_dqn_statev1_sparse_seed43_20261010_222457_976518_a963744f,double_dqn,43,v1,sparse,346,6191,10.0,2,21,0.5384121376045177,0.27859707744348616,5192,True,False,True,11.129212299994833
debug_algorithm_double_dqn_statev1_sparse_seed43_20261010_222457_976518_a963744f,double_dqn,43,v1,sparse,347,6225,20.0,3,34,0.5365845536093917,0.2881760145811474,5226,True,False,True,11.200881899996602
debug_algorithm_double_dqn_statev1_sparse_seed43_20261010_222457_976518_a963744f,double_dqn,43,v1,sparse,348,6234,-10.0,0,9,0.5361018206365161,0.3996764686372545,5235,True,False,True,11.216575499995088
debug_algorithm_double_dqn_statev1_sparse_seed43_20261010_222457_976518_a963744f,double_dqn,43,v1,sparse,349,6261,10.0,2,27,0.5346562258710309,0.3270999413949472,5262,True,False,True,11.265726400000858
debug_algorithm_double_dqn_statev1_sparse_seed43_20261010_222457_976518_a963744f,double_dqn,43,v1,sparse,350,6265,-10.0,0,4,0.5344423954579175,0.1889903899282217,5266,True,False,True,11.274004799997783
debug_algorithm_double_dqn_statev1_sparse_seed43_20261010_222457_976518_a963744f,double_dqn,43,v1,sparse,351,6292,0.0,1,27,0.5330012753206828,0.2777226953594773,5293,True,False,True,11.324224899995897
debug_algorithm_double_dqn_statev1_sparse_seed43_20261010_222457_976518_a963744f,double_dqn,43,v1,sparse,352,6325,20.0,3,33,0.5312451824529831,0.2947737482009512,5326,True,False,True,11.404332999998587
debug_algorithm_double_dqn_statev1_sparse_seed43_20261010_222457_976518_a963744f,double_dqn,43,v1,sparse,353,6334,-10.0,0,9,0.5307672529924233,0.2493712297744221,5335,True,False,True,11.42376879999938
debug_algorithm_double_dqn_statev1_sparse_seed43_20261010_222457_976518_a963744f,double_dqn,43,v1,sparse,354,6353,-10.0,0,19,0.5297597023096327,0.29868109014473465,5354,True,False,True,11.466156999995292
debug_algorithm_double_dqn_statev1_sparse_seed43_20261010_222457_976518_a963744f,double_dqn,43,v1,sparse,355,6377,0.0,1,24,0.5284897400891972,0.27166419103741646,5378,True,False,True,11.50972339999862
debug_algorithm_double_dqn_statev1_sparse_seed43_20261010_222457_976518_a963744f,double_dqn,43,v1,sparse,356,6394,0.0,1,17,0.5275920259178449,0.3047120501013363,5395,True,False,True,11.540001499997743
debug_algorithm_double_dqn_statev1_sparse_seed43_20261010_222457_976518_a963744f,double_dqn,43,v1,sparse,357,6437,30.0,4,43,0.5253281378578852,0.3371788285845934,5438,True,False,True,11.630516699995496
debug_algorithm_double_dqn_statev1_sparse_seed43_20261010_222457_976518_a963744f,double_dqn,43,v1,sparse,358,6478,0.0,1,41,0.5231785945887165,0.2913696840405464,5479,True,False,True,11.709650699995109
debug_algorithm_double_dqn_statev1_sparse_seed43_20261010_222457_976518_a963744f,double_dqn,43,v1,sparse,359,6486,0.0,1,8,0.5227601981737576,0.33607327193021774,5487,True,False,True,11.723271700000623
debug_algorithm_double_dqn_statev1_sparse_seed43_20261010_222457_976518_a963744f,double_dqn,43,v1,sparse,360,6490,-10.0,0,4,0.5225511254580091,0.27207609452307224,5491,True,False,True,11.731375899995328
debug_algorithm_double_dqn_statev1_sparse_seed43_20261010_222457_976518_a963744f,double_dqn,43,v1,sparse,361,6541,20.0,3,51,0.5198927663759424,0.31002674982243894,5542,True,False,True,11.83449169999949
debug_algorithm_double_dqn_statev1_sparse_seed43_20261010_222457_976518_a963744f,double_dqn,43,v1,sparse,362,6557,10.0,2,16,0.5190615615300151,0.36425860901363194,5558,True,False,True,11.868599699999322
debug_algorithm_double_dqn_statev1_sparse_seed43_20261010_222457_976518_a963744f,double_dqn,43,v1,sparse,363,6576,10.0,2,19,0.5180762316556089,0.30036155644216034,5577,True,False,True,11.908966099996178
debug_algorithm_double_dqn_statev1_sparse_seed43_20261010_222457_976518_a963744f,double_dqn,43,v1,sparse,364,6579,-10.0,0,3,0.5179208243278811,0.22207406163215637,5580,True,False,True,11.91679839999415
debug_algorithm_double_dqn_statev1_sparse_seed43_20261010_222457_976518_a963744f,double_dqn,43,v1,sparse,365,6630,0.0,1,51,0.5152860208415487,0.2544839812406138,5631,True,False,True,12.02156109999487
debug_algorithm_double_dqn_statev1_sparse_seed43_20261010_222457_976518_a963744f,double_dqn,43,v1,sparse,366,6663,0.0,1,33,0.5135882948736686,0.2852957278038516,5664,True,False,True,12.089657999997144
debug_algorithm_double_dqn_statev1_sparse_seed43_20261010_222457_976518_a963744f,double_dqn,43,v1,sparse,367,6678,-10.0,0,15,0.5128184514654553,0.34751052806774774,5679,True,False,True,12.120166299995617
debug_algorithm_double_dqn_statev1_sparse_seed43_20261010_222457_976518_a963744f,double_dqn,43,v1,sparse,368,6717,10.0,2,39,0.5108222548070325,0.28243590728976786,5718,True,False,True,12.200546699998085
debug_algorithm_double_dqn_statev1_sparse_seed43_20261010_222457_976518_a963744f,double_dqn,43,v1,sparse,369,6718,-10.0,0,1,0.5107711725815518,0.503179669380188,5719,True,False,True,12.20239269999729
debug_algorithm_double_dqn_statev1_sparse_seed43_20261010_222457_976518_a963744f,double_dqn,43,v1,sparse,370,6775,0.0,1,57,0.5078679138807419,0.29207684080067436,5776,True,False,True,12.32147659999464
debug_algorithm_double_dqn_statev1_sparse_seed43_20261010_222457_976518_a963744f,double_dqn,43,v1,sparse,371,6800,0.0,1,25,0.506599766532328,0.29649770230054856,5801,True,False,True,12.372323799994774
debug_algorithm_double_dqn_statev1_sparse_seed43_20261010_222457_976518_a963744f,double_dqn,43,v1,sparse,372,6841,10.0,2,41,0.5045268562124042,0.3139099810363316,5842,True,False,True,12.455247099998815
debug_algorithm_double_dqn_statev1_sparse_seed43_20261010_222457_976518_a963744f,double_dqn,43,v1,sparse,373,6844,-10.0,0,3,0.5043755132908417,0.1852055291334788,5845,True,False,True,12.461974999998347
debug_algorithm_double_dqn_statev1_sparse_seed43_20261010_222457_976518_a963744f,double_dqn,43,v1,sparse,374,6853,-10.0,0,9,0.5039217568617038,0.3083282808462779,5854,True,False,True,12.48553539999557
debug_algorithm_double_dqn_statev1_sparse_seed43_20261010_222457_976518_a963744f,double_dqn,43,v1,sparse,375,6882,0.0,1,29,0.502462427849004,0.30864146505964213,5883,True,False,True,12.541043099998205
debug_algorithm_double_dqn_statev1_sparse_seed43_20261010_222457_976518_a963744f,double_dqn,43,v1,sparse,376,6903,0.0,1,21,0.5014083112536452,0.20666075054378735,5904,True,False,True,12.584660499996971
debug_algorithm_double_dqn_statev1_sparse_seed43_20261010_222457_976518_a963744f,double_dqn,43,v1,sparse,377,6935,10.0,2,32,0.4998062891576742,0.3424545070156455,5936,True,False,True,12.64845939999941
debug_algorithm_double_dqn_statev1_sparse_seed43_20261010_222457_976518_a963744f,double_dqn,43,v1,sparse,378,6948,0.0,1,13,0.499156930687766,0.2980645396388494,5949,True,False,True,12.672637399999076
debug_algorithm_double_dqn_statev1_sparse_seed43_20261010_222457_976518_a963744f,double_dqn,43,v1,sparse,379,6985,10.0,2,37,0.497313370554225,0.3320474975012444,5986,True,False,True,12.742675299996336
debug_algorithm_double_dqn_statev1_sparse_seed43_20261010_222457_976518_a963744f,double_dqn,43,v1,sparse,380,7008,10.0,2,23,0.496170807124476,0.3816895721399266,6009,True,False,True,12.788418699994509
debug_algorithm_double_dqn_statev1_sparse_seed43_20261010_222457_976518_a963744f,double_dqn,43,v1,sparse,381,7024,0.0,1,16,0.4953775289602801,0.31954775750637054,6025,True,False,True,12.819305099998019
debug_algorithm_double_dqn_statev1_sparse_seed43_20261010_222457_976518_a963744f,double_dqn,43,v1,sparse,382,7034,-10.0,0,10,0.49488237429177295,0.3204891361296177,6035,True,False,True,12.837351199996192
debug_algorithm_double_dqn_statev1_sparse_seed43_20261010_222457_976518_a963744f,double_dqn,43,v1,sparse,383,7100,50.0,6,66,0.4916267432381818,0.31256048099109623,6101,True,False,True,12.956053599998995
debug_algorithm_double_dqn_statev1_sparse_seed43_20261010_222457_976518_a963744f,double_dqn,43,v1,sparse,384,7114,-10.0,0,14,0.4909389129990818,0.28347873953836306,6115,True,False,True,12.980973300000187
debug_algorithm_double_dqn_statev1_sparse_seed43_20261010_222457_976518_a963744f,double_dqn,43,v1,sparse,385,7144,40.0,5,30,0.4894682298524892,0.3206422400971254,6145,True,False,True,13.037014399997133
debug_algorithm_double_dqn_statev1_sparse_seed43_20261010_222457_976518_a963744f,double_dqn,43,v1,sparse,386,7169,20.0,3,25,0.4882460265573895,0.3445610737800598,6170,True,False,True,13.083985699995537
debug_algorithm_double_dqn_statev1_sparse_seed43_20261010_222457_976518_a963744f,double_dqn,43,v1,sparse,387,7181,10.0,2,12,0.4876604534605083,0.27763620391488075,6182,True,False,True,13.104602399995201
debug_algorithm_double_dqn_statev1_sparse_seed43_20261010_222457_976518_a963744f,double_dqn,43,v1,sparse,388,7183,-10.0,0,2,0.4875629262464207,0.5686519891023636,6184,True,False,True,13.108516000000236
debug_algorithm_double_dqn_statev1_sparse_seed43_20261010_222457_976518_a963744f,double_dqn,43,v1,sparse,389,7200,0.0,1,17,0.4867347320259549,0.32333670249756646,6201,True,False,True,13.13763199999812
debug_algorithm_double_dqn_statev1_sparse_seed43_20261010_222457_976518_a963744f,double_dqn,43,v1,sparse,390,7221,-10.0,0,21,0.48571361058457174,0.29087877309038523,6222,True,False,True,13.17562889999681
debug_algorithm_double_dqn_statev1_sparse_seed43_20261010_222457_976518_a963744f,double_dqn,43,v1,sparse,391,7264,30.0,4,43,0.48362942206475973,0.3549587911991186,6265,True,False,True,13.261170699996
debug_algorithm_double_dqn_statev1_sparse_seed43_20261010_222457_976518_a963744f,double_dqn,43,v1,sparse,392,7275,10.0,2,11,0.4830976956168878,0.25835337015715515,6276,True,False,True,13.283400199994503
debug_algorithm_double_dqn_statev1_sparse_seed43_20261010_222457_976518_a963744f,double_dqn,43,v1,sparse,393,7356,30.0,4,81,0.47920021551008557,0.3590602756558377,6357,True,False,True,13.460826099995757
debug_algorithm_double_dqn_statev1_sparse_seed43_20261010_222457_976518_a963744f,double_dqn,43,v1,sparse,394,7360,-10.0,0,4,0.47900856417397775,0.32176260463893414,6361,True,False,True,13.469457699997292
debug_algorithm_double_dqn_statev1_sparse_seed43_20261010_222457_976518_a963744f,double_dqn,43,v1,sparse,395,7364,0.0,1,4,0.47881698948690604,0.4150472432374954,6365,True,False,True,13.480774799994833
debug_algorithm_double_dqn_statev1_sparse_seed43_20261010_222457_976518_a963744f,double_dqn,43,v1,sparse,396,7406,10.0,2,42,0.47681007525387703,0.2865075075200626,6407,True,False,True,13.564031199995952
debug_algorithm_double_dqn_statev1_sparse_seed43_20261010_222457_976518_a963744f,double_dqn,43,v1,sparse,397,7478,0.0,1,72,0.47338920158960707,0.30929162653370035,6479,True,False,True,13.70256249999511
debug_algorithm_double_dqn_statev1_sparse_seed43_20261010_222457_976518_a963744f,double_dqn,43,v1,sparse,398,7487,0.0,1,9,0.47296332168853034,0.4569937727517552,6488,True,False,True,13.72056419999717
debug_algorithm_double_dqn_statev1_sparse_seed43_20261010_222457_976518_a963744f,double_dqn,43,v1,sparse,399,7492,-10.0,0,5,0.4727268873192889,0.3125642091035843,6493,True,False,True,13.731090499997663
debug_algorithm_double_dqn_statev1_sparse_seed43_20261010_222457_976518_a963744f,double_dqn,43,v1,sparse,400,7503,0.0,1,11,0.47220714766504146,0.3589456704529849,6504,True,False,True,13.753462499997113
debug_algorithm_double_dqn_statev1_sparse_seed43_20261010_222457_976518_a963744f,double_dqn,43,v1,sparse,401,7555,10.0,2,52,0.4697579215409553,0.3274570431273717,6556,True,False,True,13.856230999997933
debug_algorithm_double_dqn_statev1_sparse_seed43_20261010_222457_976518_a963744f,double_dqn,43,v1,sparse,402,7611,20.0,3,56,0.4671344984478642,0.3628568475666855,6612,True,False,True,13.955447100001038
debug_algorithm_double_dqn_statev1_sparse_seed43_20261010_222457_976518_a963744f,double_dqn,43,v1,sparse,403,7630,10.0,2,19,0.46624774124833346,0.2865522695999396,6631,True,False,True,13.991995299998962
debug_algorithm_double_dqn_statev1_sparse_seed43_20261010_222457_976518_a963744f,double_dqn,43,v1,sparse,404,7678,40.0,5,48,0.4640150033097063,0.3079044937621802,6679,True,False,True,14.088866699996288
debug_algorithm_double_dqn_statev1_sparse_seed43_20261010_222457_976518_a963744f,double_dqn,43,v1,sparse,405,7685,0.0,1,7,0.46369029023430136,0.4201184649552618,6686,True,False,True,14.101682399996207
debug_algorithm_double_dqn_statev1_sparse_seed43_20261010_222457_976518_a963744f,double_dqn,43,v1,sparse,406,7696,0.0,1,11,0.4631804858682097,0.32123100893063977,6697,True,False,True,14.12063539999508
debug_algorithm_double_dqn_statev1_sparse_seed43_20261010_222457_976518_a963744f,double_dqn,43,v1,sparse,407,7701,-10.0,0,5,0.4629489419386927,0.22929930686950684,6702,True,False,True,14.131753900001058
debug_algorithm_double_dqn_statev1_sparse_seed43_20261010_222457_976518_a963744f,double_dqn,43,v1,sparse,408,7706,-10.0,0,5,0.46271751375798825,0.39801245331764223,6707,True,False,True,14.14102009999624
debug_algorithm_double_dqn_statev1_sparse_seed43_20261010_222457_976518_a963744f,double_dqn,43,v1,sparse,409,7754,20.0,3,48,0.4605016811513389,0.3395677232183516,6755,True,False,True,14.234154699995997
debug_algorithm_double_dqn_statev1_sparse_seed43_20261010_222457_976518_a963744f,double_dqn,43,v1,sparse,410,7789,0.0,1,35,0.4588926622407383,0.3577857419848442,6790,True,False,True,14.300985299996682
debug_algorithm_double_dqn_statev1_sparse_seed43_20261010_222457_976518_a963744f,double_dqn,43,v1,sparse,411,7811,10.0,2,22,0.4578841577194994,0.37063456225124275,6812,True,False,True,14.343988799999352
debug_algorithm_double_dqn_statev1_sparse_seed43_20261010_222457_976518_a963744f,double_dqn,43,v1,sparse,412,7850,0.0,1,39,0.4561017982451624,0.29855792912153095,6851,True,False,True,14.417865999996138
debug_algorithm_double_dqn_statev1_sparse_seed43_20261010_222457_976518_a963744f,double_dqn,43,v1,sparse,413,7860,-10.0,0,10,0.45564590163800384,0.3886042356491089,6861,True,False,True,14.435159199994814
debug_algorithm_double_dqn_statev1_sparse_seed43_20261010_222457_976518_a963744f,double_dqn,43,v1,sparse,414,7870,-10.0,0,10,0.4551904607223537,0.35552665442228315,6871,True,False,True,14.451494000000821
debug_algorithm_double_dqn_statev1_sparse_seed43_20261010_222457_976518_a963744f,double_dqn,43,v1,sparse,415,7890,20.0,3,20,0.4542809441440878,0.35560985580086707,6891,True,False,True,14.490159000000858
debug_algorithm_double_dqn_statev1_sparse_seed43_20261010_222457_976518_a963744f,double_dqn,43,v1,sparse,416,7907,10.0,2,17,0.45350928405232405,0.31885697999421286,6908,True,False,True,14.524201499996707
debug_algorithm_double_dqn_statev1_sparse_seed43_20261010_222457_976518_a963744f,double_dqn,43,v1,sparse,417,7989,30.0,4,82,0.4498055288828345,0.3503392859611933,6990,True,False,True,14.675848799997766
debug_algorithm_double_dqn_statev1_sparse_seed43_20261010_222457_976518_a963744f,double_dqn,43,v1,sparse,418,8005,10.0,2,16,0.4490863795514475,0.3043687390163541,7006,True,False,True,14.704162199996063
debug_algorithm_double_dqn_statev1_sparse_seed43_20261010_222457_976518_a963744f,double_dqn,43,v1,sparse,419,8008,-10.0,0,3,0.44895166710972434,0.2111739988128344,7009,True,False,True,14.711909499994363
debug_algorithm_double_dqn_statev1_sparse_seed43_20261010_222457_976518_a963744f,double_dqn,43,v1,sparse,420,8060,0.0,1,52,0.44662306163017046,0.3870489359475099,7061,True,False,True,14.817432499999995
debug_algorithm_double_dqn_statev1_sparse_seed43_20261010_222457_976518_a963744f,double_dqn,43,v1,sparse,421,8139,40.0,5,79,0.4431084646483209,0.3726298092286798,7140,True,False,True,14.953236099994683
debug_algorithm_double_dqn_statev1_sparse_seed43_20261010_222457_976518_a963744f,double_dqn,43,v1,sparse,422,8142,-10.0,0,3,0.4429755454017372,0.3099653522173564,7143,True,False,True,14.958031399997708
debug_algorithm_double_dqn_statev1_sparse_seed43_20261010_222457_976518_a963744f,double_dqn,43,v1,sparse,423,8162,10.0,2,20,0.4420904354596926,0.38459911942481995,7163,True,False,True,14.991291599995748
debug_algorithm_double_dqn_statev1_sparse_seed43_20261010_222457_976518_a963744f,double_dqn,43,v1,sparse,424,8173,-10.0,0,11,0.44160437905749617,0.3573093956167048,7174,True,False,True,15.009957999995095
debug_algorithm_double_dqn_statev1_sparse_seed43_20261010_222457_976518_a963744f,double_dqn,43,v1,sparse,425,8210,0.0,1,37,0.4399733805117967,0.34666874289915367,7211,True,False,True,15.082569999998668
debug_algorithm_double_dqn_statev1_sparse_seed43_20261010_222457_976518_a963744f,double_dqn,43,v1,sparse,426,8212,-10.0,0,2,0.43988539023542816,0.3121272176504135,7213,True,False,True,15.085794699996768
debug_algorithm_double_dqn_statev1_sparse_seed43_20261010_222457_976518_a963744f,double_dqn,43,v1,sparse,427,8238,10.0,2,26,0.4387431167052897,0.3983847424387932,7239,True,False,True,15.13025639999978
debug_algorithm_double_dqn_statev1_sparse_seed43_20261010_222457_976518_a963744f,double_dqn,43,v1,sparse,428,8289,20.0,3,51,0.4365111116589595,0.35858721680500927,7290,True,False,True,15.229207999997016
debug_algorithm_double_dqn_statev1_sparse_seed43_20261010_222457_976518_a963744f,double_dqn,43,v1,sparse,429,8331,0.0,1,42,0.43468151834439817,0.38113691551344736,7332,True,False,True,15.30276109999977
debug_algorithm_double_dqn_statev1_sparse_seed43_20261010_222457_976518_a963744f,double_dqn,43,v1,sparse,430,8339,-10.0,0,8,0.4343338948162087,0.47317532263696194,7340,True,False,True,15.319022600000608
debug_algorithm_double_dqn_statev1_sparse_seed43_20261010_222457_976518_a963744f,double_dqn,43,v1,sparse,431,8401,40.0,5,62,0.4316492215199928,0.35690562553223104,7402,True,False,True,15.43411070000002
debug_algorithm_double_dqn_statev1_sparse_seed43_20261010_222457_976518_a963744f,double_dqn,43,v1,sparse,432,8454,40.0,5,53,0.42936741867302225,0.3809883438472478,7455,True,False,True,15.55085870000039
debug_algorithm_double_dqn_statev1_sparse_seed43_20261010_222457_976518_a963744f,double_dqn,43,v1,sparse,433,8455,-10.0,0,1,0.42932448193115497,0.26353609561920166,7456,True,False,True,15.552883099997416
debug_algorithm_double_dqn_statev1_sparse_seed43_20261010_222457_976518_a963744f,double_dqn,43,v1,sparse,434,8522,50.0,6,67,0.4264574797325884,0.39431079721717693,7523,True,False,True,15.68129009999393
debug_algorithm_double_dqn_statev1_sparse_seed43_20261010_222457_976518_a963744f,double_dqn,43,v1,sparse,435,8532,0.0,1,10,0.4260312141075558,0.36571140587329865,7533,True,False,True,15.697813699996914
debug_algorithm_double_dqn_statev1_sparse_seed43_20261010_222457_976518_a963744f,double_dqn,43,v1,sparse,436,8624,40.0,5,92,0.42212950722222015,0.3941485263083292,7625,True,False,True,15.860775499997544
debug_algorithm_double_dqn_statev1_sparse_seed43_20261010_222457_976518_a963744f,double_dqn,43,v1,sparse,437,8629,-10.0,0,5,0.4219184846773387,0.3494528651237488,7630,True,False,True,15.871105099999113
debug_algorithm_double_dqn_statev1_sparse_seed43_20261010_222457_976518_a963744f,double_dqn,43,v1,sparse,438,8635,-10.0,0,6,0.4216653968658673,0.43745479732751846,7636,True,False,True,15.883439299999736
debug_algorithm_double_dqn_statev1_sparse_seed43_20261010_222457_976518_a963744f,double_dqn,43,v1,sparse,439,8636,-10.0,0,1,0.4216232303261807,0.4402094781398773,7637,True,False,True,15.885394699995231
debug_algorithm_double_dqn_statev1_sparse_seed43_20261010_222457_976518_a963744f,double_dqn,43,v1,sparse,440,8684,50.0,6,48,0.41960418744645506,0.38727402143801254,7685,True,False,True,15.964740299998084
debug_algorithm_double_dqn_statev1_sparse_seed43_20261010_222457_976518_a963744f,double_dqn,43,v1,sparse,441,8699,-10.0,0,15,0.41897522155881967,0.43200307587782544,7700,True,False,True,15.993960299994797
debug_algorithm_double_dqn_statev1_sparse_seed43_20261010_222457_976518_a963744f,double_dqn,43,v1,sparse,442,8757,40.0,5,58,0.41655207802404826,0.37943304143846035,7758,True,False,True,16.10626869999396
debug_algorithm_double_dqn_statev1_sparse_seed43_20261010_222457_976518_a963744f,double_dqn,43,v1,sparse,443,8801,10.0,2,44,0.41472318395223523,0.3714046438478611,7802,True,False,True,16.195304999993823
debug_algorithm_double_dqn_statev1_sparse_seed43_20261010_222457_976518_a963744f,double_dqn,43,v1,sparse,444,8816,10.0,2,15,0.41410153444700754,0.42844839294751486,7817,True,False,True,16.22285429999465
debug_algorithm_double_dqn_statev1_sparse_seed43_20261010_222457_976518_a963744f,double_dqn,43,v1,sparse,445,8873,20.0,3,57,0.4117477526608789,0.39018516954884197,7874,True,False,True,16.329910799999197
debug_algorithm_double_dqn_statev1_sparse_seed43_20261010_222457_976518_a963744f,double_dqn,43,v1,sparse,446,8874,-10.0,0,1,0.41170657788561277,0.5602135062217712,7875,True,False,True,16.331574399999226
debug_algorithm_double_dqn_statev1_sparse_seed43_20261010_222457_976518_a963744f,double_dqn,43,v1,sparse,447,8919,20.0,3,45,0.4098579683442614,0.3899270632200771,7920,True,False,True,16.427895399996487
debug_algorithm_double_dqn_statev1_sparse_seed43_20261010_222457_976518_a963744f,double_dqn,43,v1,sparse,448,8963,20.0,3,44,0.408058465117328,0.42168250696902926,7964,True,False,True,16.509734899998875
debug_algorithm_double_dqn_statev1_sparse_seed43_20261010_222457_976518_a963744f,double_dqn,43,v1,sparse,449,8990,10.0,2,27,0.40695813835386874,0.37426241901185775,7991,True,False,True,16.565948699993896
debug_algorithm_double_dqn_statev1_sparse_seed43_20261010_222457_976518_a963744f,double_dqn,43,v1,sparse,450,8995,-10.0,0,5,0.4067546999764363,0.383590841293335,7996,True,False,True,16.574910899995302
debug_algorithm_double_dqn_statev1_sparse_seed43_20261010_222457_976518_a963744f,double_dqn,43,v1,sparse,451,9054,30.0,4,59,0.4043617936147956,0.4178133822851262,8055,True,False,True,16.690735699994548
debug_algorithm_double_dqn_statev1_sparse_seed43_20261010_222457_976518_a963744f,double_dqn,43,v1,sparse,452,9095,20.0,3,41,0.402707221721278,0.37840189439494437,8096,True,False,True,16.771284899994498
debug_algorithm_double_dqn_statev1_sparse_seed43_20261010_222457_976518_a963744f,double_dqn,43,v1,sparse,453,9169,40.0,5,74,0.3997380393437783,0.44890581635204524,8170,True,False,True,16.91163139999844
debug_algorithm_double_dqn_statev1_sparse_seed43_20261010_222457_976518_a963744f,double_dqn,43,v1,sparse,454,9208,40.0,5,39,0.39818201939928904,0.44063401489685744,8209,True,False,True,16.990812500000175
debug_algorithm_double_dqn_statev1_sparse_seed43_20261010_222457_976518_a963744f,double_dqn,43,v1,sparse,455,9264,60.0,7,56,0.395958321070756,0.4455547013453075,8265,True,False,True,17.12419499999669
debug_algorithm_double_dqn_statev1_sparse_seed43_20261010_222457_976518_a963744f,double_dqn,43,v1,sparse,456,9288,10.0,2,24,0.39500911314415343,0.45295781021316844,8289,True,False,True,17.171367399998417
debug_algorithm_double_dqn_statev1_sparse_seed43_20261010_222457_976518_a963744f,double_dqn,43,v1,sparse,457,9315,0.0,1,27,0.39394397386594265,0.41501368913385606,8316,True,False,True,17.22758829999657
debug_algorithm_double_dqn_statev1_sparse_seed43_20261010_222457_976518_a963744f,double_dqn,43,v1,sparse,458,9328,-10.0,0,13,0.3934321538635767,0.41524674800726086,8329,True,False,True,17.255119399997056
debug_algorithm_double_dqn_statev1_sparse_seed43_20261010_222457_976518_a963744f,double_dqn,43,v1,sparse,459,9359,10.0,2,31,0.3922143418788751,0.41209772589706606,8360,True,False,True,17.315583799994783
debug_algorithm_double_dqn_statev1_sparse_seed43_20261010_222457_976518_a963744f,double_dqn,43,v1,sparse,460,9397,10.0,2,38,0.390726681340732,0.43681547986833674,8398,True,False,True,17.380969999998342
debug_algorithm_double_dqn_statev1_sparse_seed43_20261010_222457_976518_a963744f,double_dqn,43,v1,sparse,461,9411,0.0,1,14,0.39018001940594954,0.4016288476330893,8412,True,False,True,17.40822119999939
debug_algorithm_double_dqn_statev1_sparse_seed43_20261010_222457_976518_a963744f,double_dqn,43,v1,sparse,462,9440,10.0,2,29,0.3890500800557597,0.430662854478277,8441,True,False,True,17.458701399998972
debug_algorithm_double_dqn_statev1_sparse_seed43_20261010_222457_976518_a963744f,double_dqn,43,v1,sparse,463,9500,50.0,6,60,0.3867226524674988,0.41292882288495697,8501,True,False,True,17.57124119999935
debug_algorithm_double_dqn_statev1_sparse_seed43_20261010_222457_976518_a963744f,double_dqn,43,v1,sparse,464,9503,0.0,1,3,0.38660664727305144,0.4876120587189992,8504,True,False,True,17.57718279999972
debug_algorithm_double_dqn_statev1_sparse_seed43_20261010_222457_976518_a963744f,double_dqn,43,v1,sparse,465,9561,30.0,4,58,0.3843707074139974,0.45772540235313874,8562,True,False,True,17.681003599995165
debug_algorithm_double_dqn_statev1_sparse_seed43_20261010_222457_976518_a963744f,double_dqn,43,v1,sparse,466,9580,0.0,1,19,0.3836410599715142,0.37252636332260936,8581,True,False,True,17.719455300000845
debug_algorithm_double_dqn_statev1_sparse_seed43_20261010_222457_976518_a963744f,double_dqn,43,v1,sparse,467,9637,40.0,5,57,0.3814604176307948,0.4353107084569178,8638,True,False,True,17.826592400000663
debug_algorithm_double_dqn_statev1_sparse_seed43_20261010_222457_976518_a963744f,double_dqn,43,v1,sparse,468,9638,-10.0,0,1,0.38142227158903175,0.29568231105804443,8639,True,False,True,17.828407999993942
debug_algorithm_double_dqn_statev1_sparse_seed43_20261010_222457_976518_a963744f,double_dqn,43,v1,sparse,469,9663,0.0,1,25,0.38046985930008514,0.4311211758852005,8664,True,False,True,17.871772899998177
debug_algorithm_double_dqn_statev1_sparse_seed43_20261010_222457_976518_a963744f,double_dqn,43,v1,sparse,470,9715,10.0,2,52,0.37849645266396564,0.4517628807001389,8716,True,False,True,17.95791939999617
debug_algorithm_double_dqn_statev1_sparse_seed43_20261010_222457_976518_a963744f,double_dqn,43,v1,sparse,471,9746,20.0,3,31,0.37732487196906095,0.38523992583636313,8747,True,False,True,18.01280240000051
debug_algorithm_double_dqn_statev1_sparse_seed43_20261010_222457_976518_a963744f,double_dqn,43,v1,sparse,472,9747,-10.0,0,1,0.37728713948186404,0.4769688546657562,8748,True,False,True,18.014584599994123
debug_algorithm_double_dqn_statev1_sparse_seed43_20261010_222457_976518_a963744f,double_dqn,43,v1,sparse,473,9802,50.0,6,55,0.37521765304346166,0.4384927423162894,8803,True,False,True,18.11061989999871
debug_algorithm_double_dqn_statev1_sparse_seed43_20261010_222457_976518_a963744f,double_dqn,43,v1,sparse,474,9911,80.0,9,109,0.3711497873737088,0.43122091773179694,8912,True,False,True,18.310054800000216
debug_algorithm_double_dqn_statev1_sparse_seed43_20261010_222457_976518_a963744f,double_dqn,43,v1,sparse,475,9938,0.0,1,27,0.3701489845985915,0.39621669329978804,8939,True,False,True,18.359747499998775
debug_algorithm_double_dqn_statev1_sparse_seed43_20261010_222457_976518_a963744f,double_dqn,43,v1,sparse,476,9940,-10.0,0,2,0.37007495850316163,0.3023220971226692,8941,True,False,True,18.363809599999513
debug_algorithm_double_dqn_statev1_sparse_seed43_20261010_222457_976518_a963744f,double_dqn,43,v1,sparse,477,9943,-10.0,0,3,0.3699639471174893,0.4380587587753932,8944,True,False,True,18.370244599995203
debug_algorithm_double_dqn_statev1_sparse_seed43_20261010_222457_976518_a963744f,double_dqn,43,v1,sparse,478,9986,20.0,3,43,0.36837643835816386,0.44525571306084477,8987,True,False,True,18.460916799995175
debug_algorithm_double_dqn_statev1_sparse_seed43_20261010_222457_976518_a963744f,double_dqn,43,v1,sparse,479,9989,-10.0,0,3,0.36826593647758116,0.44714653491973877,8990,True,False,True,18.468633599994064
debug_algorithm_double_dqn_statev1_sparse_seed43_20261010_222457_976518_a963744f,double_dqn,43,v1,sparse,480,10027,20.0,3,38,0.36686911172452513,0.46091348756300776,9028,True,False,True,18.543810999995912
debug_algorithm_double_dqn_statev1_sparse_seed43_20261010_222457_976518_a963744f,double_dqn,43,v1,sparse,481,10094,60.0,7,67,0.36441918260525097,0.42567235976457596,9095,True,False,True,18.667051500000525
debug_algorithm_double_dqn_statev1_sparse_seed43_20261010_222457_976518_a963744f,double_dqn,43,v1,sparse,482,10126,0.0,1,32,0.36325484693385074,0.4600917799398303,9127,True,False,True,18.727184299998044
debug_algorithm_double_dqn_statev1_sparse_seed43_20261010_222457_976518_a963744f,double_dqn,43,v1,sparse,483,10186,60.0,7,60,0.3610817350501513,0.47024031082789103,9187,True,False,True,18.83727469999576
debug_algorithm_double_dqn_statev1_sparse_seed43_20261010_222457_976518_a963744f,double_dqn,43,v1,sparse,484,10196,0.0,1,10,0.3607208157585597,0.500510023534298,9197,True,False,True,18.85816150000028
debug_algorithm_double_dqn_statev1_sparse_seed43_20261010_222457_976518_a963744f,double_dqn,43,v1,sparse,485,10205,10.0,2,9,0.36039629685357466,0.47523071699672276,9206,True,False,True,18.87605139999505
debug_algorithm_double_dqn_statev1_sparse_seed43_20261010_222457_976518_a963744f,double_dqn,43,v1,sparse,486,10236,40.0,5,31,0.35928074255726117,0.4041599155433716,9237,True,False,True,18.92982579999807
debug_algorithm_double_dqn_statev1_sparse_seed43_20261010_222457_976518_a963744f,double_dqn,43,v1,sparse,487,10260,10.0,2,24,0.35841945966317057,0.4503837615872423,9261,True,False,True,18.978456199998618
debug_algorithm_double_dqn_statev1_sparse_seed43_20261010_222457_976518_a963744f,double_dqn,43,v1,sparse,488,10286,0.0,1,26,0.35748873299993533,0.5054448768496513,9287,True,False,True,19.021664599997166
debug_algorithm_double_dqn_statev1_sparse_seed43_20261010_222457_976518_a963744f,double_dqn,43,v1,sparse,489,10288,-10.0,0,2,0.3574172388282227,0.7768009901046753,9289,True,False,True,19.025234900000214
debug_algorithm_double_dqn_statev1_sparse_seed43_20261010_222457_976518_a963744f,double_dqn,43,v1,sparse,490,10333,30.0,4,45,0.35581239461773073,0.4971272952026791,9334,True,False,True,19.10655289999704
debug_algorithm_double_dqn_statev1_sparse_seed43_20261010_222457_976518_a963744f,double_dqn,43,v1,sparse,491,10382,30.0,4,49,0.35407309168990936,0.459100495491709,9383,True,False,True,19.2088803000006
debug_algorithm_double_dqn_statev1_sparse_seed43_20261010_222457_976518_a963744f,double_dqn,43,v1,sparse,492,10415,10.0,2,33,0.35290651806288204,0.4442134680170001,9416,True,False,True,19.27105819999997
debug_algorithm_double_dqn_statev1_sparse_seed43_20261010_222457_976518_a963744f,double_dqn,43,v1,sparse,493,10426,-10.0,0,11,0.3525185149333799,0.44420434399084613,9427,True,False,True,19.292745599996124
debug_algorithm_double_dqn_statev1_sparse_seed43_20261010_222457_976518_a963744f,double_dqn,43,v1,sparse,494,10466,10.0,2,40,0.3511111870383994,0.4454700253903866,9467,True,False,True,19.371632499998668
debug_algorithm_double_dqn_statev1_sparse_seed43_20261010_222457_976518_a963744f,double_dqn,43,v1,sparse,495,10476,10.0,2,10,0.35076023380926913,0.40265078395605086,9477,True,False,True,19.39211339999747
debug_algorithm_double_dqn_statev1_sparse_seed43_20261010_222457_976518_a963744f,double_dqn,43,v1,sparse,496,10528,30.0,4,52,0.34894092393184717,0.49074180682118124,9529,True,False,True,19.499379999993835
debug_algorithm_double_dqn_statev1_sparse_seed43_20261010_222457_976518_a963744f,double_dqn,43,v1,sparse,497,10550,20.0,3,22,0.3481740594156177,0.5034983889623121,9551,True,False,True,19.548548399994615
debug_algorithm_double_dqn_statev1_sparse_seed43_20261010_222457_976518_a963744f,double_dqn,43,v1,sparse,498,10564,-10.0,0,14,0.3476869324441294,0.4638475828937122,9565,True,False,True,19.573401699999522
debug_algorithm_double_dqn_statev1_sparse_seed43_20261010_222457_976518_a963744f,double_dqn,43,v1,sparse,499,10567,-10.0,0,3,0.34758263679465645,0.4779628813266754,9568,True,False,True,19.580268099998648
debug_algorithm_double_dqn_statev1_sparse_seed43_20261010_222457_976518_a963744f,double_dqn,43,v1,sparse,500,10581,0.0,1,14,0.3470963372768583,0.45491936057806015,9582,True,False,True,19.609901199997694
debug_algorithm_double_dqn_statev1_sparse_seed43_20261010_222457_976518_a963744f,double_dqn,43,v1,sparse,501,10635,50.0,6,54,0.34522697540573816,0.4527752548456192,9636,True,False,True,19.737005099996168
debug_algorithm_double_dqn_statev1_sparse_seed43_20261010_222457_976518_a963744f,double_dqn,43,v1,sparse,502,10718,70.0,8,83,0.3423733079273837,0.49348094736237125,9719,True,False,True,19.91503289999673
debug_algorithm_double_dqn_statev1_sparse_seed43_20261010_222457_976518_a963744f,double_dqn,43,v1,sparse,503,10728,10.0,2,10,0.3420310886463674,0.4296542972326279,9729,True,False,True,19.93494749999809
debug_algorithm_double_dqn_statev1_sparse_seed43_20261010_222457_976518_a963744f,double_dqn,43,v1,sparse,504,10732,-10.0,0,4,0.34189429673140603,0.23213788866996765,9733,True,False,True,19.944890599996143
debug_algorithm_double_dqn_statev1_sparse_seed43_20261010_222457_976518_a963744f,double_dqn,43,v1,sparse,505,10754,10.0,2,22,0.34114291852815526,0.5054458335719325,9755,True,False,True,19.990952299995115
debug_algorithm_double_dqn_statev1_sparse_seed43_20261010_222457_976518_a963744f,double_dqn,43,v1,sparse,506,10766,10.0,2,12,0.3407337721052133,0.5309450986484686,9767,True,False,True,20.016516199997568
debug_algorithm_double_dqn_statev1_sparse_seed43_20261010_222457_976518_a963744f,double_dqn,43,v1,sparse,507,10807,40.0,5,41,0.33933955402773947,0.4996734603149135,9808,True,False,True,20.104462700001022
debug_algorithm_double_dqn_statev1_sparse_seed43_20261010_222457_976518_a963744f,double_dqn,43,v1,sparse,508,10874,50.0,6,67,0.3370734655832091,0.5222053584545406,9875,True,False,True,20.242885199993907
debug_algorithm_double_dqn_statev1_sparse_seed43_20261010_222457_976518_a963744f,double_dqn,43,v1,sparse,509,10902,20.0,3,28,0.33613093291371315,0.45455840123551233,9903,True,False,True,20.304342699993867
debug_algorithm_double_dqn_statev1_sparse_seed43_20261010_222457_976518_a963744f,double_dqn,43,v1,sparse,510,10907,-10.0,0,5,0.33596290105698845,0.5008139818906784,9908,True,False,True,20.315588699995715
debug_algorithm_double_dqn_statev1_sparse_seed43_20261010_222457_976518_a963744f,double_dqn,43,v1,sparse,511,10908,-10.0,0,1,0.33592930476688276,0.39616698026657104,9909,True,False,True,20.318230799995945
debug_algorithm_double_dqn_statev1_sparse_seed43_20261010_222457_976518_a963744f,double_dqn,43,v1,sparse,512,10947,20.0,3,39,0.3346216666471436,0.47159809256211305,9948,True,False,True,20.399657599999045
debug_algorithm_double_dqn_statev1_sparse_seed43_20261010_222457_976518_a963744f,double_dqn,43,v1,sparse,513,10955,0.0,1,8,0.3343540629891561,0.5487620159983635,9956,True,False,True,20.41510659999767
debug_algorithm_double_dqn_statev1_sparse_seed43_20261010_222457_976518_a963744f,double_dqn,43,v1,sparse,514,10994,20.0,3,39,0.33305255665419164,0.4834518035252889,9995,True,False,True,20.489690199996403
debug_algorithm_double_dqn_statev1_sparse_seed43_20261010_222457_976518_a963744f,double_dqn,43,v1,sparse,515,10995,-10.0,0,1,0.33301925139852623,0.13457895815372467,9996,True,False,True,20.4914834999945
debug_algorithm_double_dqn_statev1_sparse_seed43_20261010_222457_976518_a963744f,double_dqn,43,v1,sparse,516,11011,10.0,2,16,0.3324868200329602,0.6270778682082891,10012,True,False,True,20.52223299999605
debug_algorithm_double_dqn_statev1_sparse_seed43_20261010_222457_976518_a963744f,double_dqn,43,v1,sparse,517,11025,0.0,1,14,0.33202164092692843,0.45445177012256216,10026,True,False,True,20.55663629999617
debug_algorithm_double_dqn_statev1_sparse_seed43_20261010_222457_976518_a963744f,double_dqn,43,v1,sparse,518,11048,10.0,2,23,0.3312588305798318,0.485795872690885,10049,True,False,True,20.604429099999834
debug_algorithm_double_dqn_statev1_sparse_seed43_20261010_222457_976518_a963744f,double_dqn,43,v1,sparse,519,11075,20.0,3,27,0.3303655934874106,0.4748166937519003,10076,True,False,True,20.664850599998317
debug_algorithm_double_dqn_statev1_sparse_seed43_20261010_222457_976518_a963744f,double_dqn,43,v1,sparse,520,11096,10.0,2,21,0.3296725190696448,0.5156603881290981,10097,True,False,True,20.708643799996935
debug_algorithm_double_dqn_statev1_sparse_seed43_20261010_222457_976518_a963744f,double_dqn,43,v1,sparse,521,11099,-10.0,0,3,0.3295736272037698,0.6654639840126038,10100,True,False,True,20.715026399993803
debug_algorithm_double_dqn_statev1_sparse_seed43_20261010_222457_976518_a963744f,double_dqn,43,v1,sparse,522,11101,-10.0,0,2,0.32950771577406535,0.3078407049179077,10102,True,False,True,20.71852729999955
debug_algorithm_double_dqn_statev1_sparse_seed43_20261010_222457_976518_a963744f,double_dqn,43,v1,sparse,523,11129,20.0,3,28,0.3285863386302708,0.5081707358892474,10130,True,False,True,20.77055090000067
debug_algorithm_double_dqn_statev1_sparse_seed43_20261010_222457_976518_a963744f,double_dqn,43,v1,sparse,524,11196,30.0,4,67,0.32639205948962063,0.4671301150055074,10197,True,False,True,20.904695099998207
debug_algorithm_double_dqn_statev1_sparse_seed43_20261010_222457_976518_a963744f,double_dqn,43,v1,sparse,525,11239,10.0,2,43,0.32499151693013306,0.5452389460663463,10240,True,False,True,20.988616099995852
debug_algorithm_double_dqn_statev1_sparse_seed43_20261010_222457_976518_a963744f,double_dqn,43,v1,sparse,526,11278,20.0,3,39,0.32372645523382,0.5088045975336661,10279,True,False,True,21.061112999996112
debug_algorithm_double_dqn_statev1_sparse_seed43_20261010_222457_976518_a963744f,double_dqn,43,v1,sparse,527,11305,10.0,2,27,0.3228535291382145,0.4929291357596715,10306,True,False,True,21.113505900000746
debug_algorithm_double_dqn_statev1_sparse_seed43_20261010_222457_976518_a963744f,double_dqn,43,v1,sparse,528,11309,0.0,1,4,0.32272440709647965,0.5285056307911873,10310,True,False,True,21.12211430000025
debug_algorithm_double_dqn_statev1_sparse_seed43_20261010_222457_976518_a963744f,double_dqn,43,v1,sparse,529,11344,40.0,5,35,0.3215967897713219,0.507073609318052,10345,True,False,True,21.18870120000065
debug_algorithm_double_dqn_statev1_sparse_seed43_20261010_222457_976518_a963744f,double_dqn,43,v1,sparse,530,11364,20.0,3,20,0.3209542068592152,0.5664839535951615,10365,True,False,True,21.225970499996038
debug_algorithm_double_dqn_statev1_sparse_seed43_20261010_222457_976518_a963744f,double_dqn,43,v1,sparse,531,11405,20.0,3,41,0.31964092301746466,0.49460058041462085,10406,True,False,True,21.314552799995
debug_algorithm_double_dqn_statev1_sparse_seed43_20261010_222457_976518_a963744f,double_dqn,43,v1,sparse,532,11430,20.0,3,25,0.3188427788979202,0.5344686156511307,10431,True,False,True,21.361306299993885
debug_algorithm_double_dqn_statev1_sparse_seed43_20261010_222457_976518_a963744f,double_dqn,43,v1,sparse,533,11459,20.0,3,29,0.3179194281765039,0.4715226698538353,10460,True,False,True,21.422905499995977
debug_algorithm_double_dqn_statev1_sparse_seed43_20261010_222457_976518_a963744f,double_dqn,43,v1,sparse,534,11478,0.0,1,19,0.31731592459725017,0.5743194379304585,10479,True,False,True,21.462023100000806
debug_algorithm_double_dqn_statev1_sparse_seed43_20261010_222457_976518_a963744f,double_dqn,43,v1,sparse,535,11502,10.0,2,24,0.3165552415282583,0.5839086063206196,10503,True,False,True,21.506066399997508
debug_algorithm_double_dqn_statev1_sparse_seed43_20261010_222457_976518_a963744f,double_dqn,43,v1,sparse,536,11531,10.0,2,29,0.3156385153861658,0.4510323071274264,10532,True,False,True,21.56470509999781
debug_algorithm_double_dqn_statev1_sparse_seed43_20261010_222457_976518_a963744f,double_dqn,43,v1,sparse,537,11570,40.0,5,39,0.3144098611755327,0.5059856283359039,10571,True,False,True,21.644836899999063
debug_algorithm_double_dqn_statev1_sparse_seed43_20261010_222457_976518_a963744f,double_dqn,43,v1,sparse,538,11595,10.0,2,25,0.31362477902943237,0.5181548631191254,10596,True,False,True,21.692484200000763
debug_algorithm_double_dqn_statev1_sparse_seed43_20261010_222457_976518_a963744f,double_dqn,43,v1,sparse,539,11687,50.0,6,92,0.3107525200980897,0.5472056786327258,10688,True,False,True,21.874630399994203
debug_algorithm_double_dqn_statev1_sparse_seed43_20261010_222457_976518_a963744f,double_dqn,43,v1,sparse,540,11689,-10.0,0,2,0.3106903727015953,0.3952281102538109,10690,True,False,True,21.87840299999516
debug_algorithm_double_dqn_statev1_sparse_seed43_20261010_222457_976518_a963744f,double_dqn,43,v1,sparse,541,11722,10.0,2,33,0.309666733222992,0.5107608074040124,10723,True,False,True,21.940731299997424
debug_algorithm_double_dqn_statev1_sparse_seed43_20261010_222457_976518_a963744f,double_dqn,43,v1,sparse,542,11723,-10.0,0,1,0.3096357665496697,0.5817963480949402,10724,True,False,True,21.943774200000917
debug_algorithm_double_dqn_statev1_sparse_seed43_20261010_222457_976518_a963744f,double_dqn,43,v1,sparse,543,11756,10.0,2,33,0.308615601708797,0.5158052670233177,10757,True,False,True,22.00139230000059
debug_algorithm_double_dqn_statev1_sparse_seed43_20261010_222457_976518_a963744f,double_dqn,43,v1,sparse,544,11795,10.0,2,39,0.30741428488584005,0.532228192457786,10796,True,False,True,22.08058479999454
debug_algorithm_double_dqn_statev1_sparse_seed43_20261010_222457_976518_a963744f,double_dqn,43,v1,sparse,545,11800,-10.0,0,5,0.30726060848175163,0.5465648651123047,10801,True,False,True,22.08868749999965
debug_algorithm_double_dqn_statev1_sparse_seed43_20261010_222457_976518_a963744f,double_dqn,43,v1,sparse,546,11872,60.0,7,72,0.3050561673883808,0.5432821791619062,10873,True,False,True,22.226997799996752
debug_algorithm_double_dqn_statev1_sparse_seed43_20261010_222457_976518_a963744f,double_dqn,43,v1,sparse,547,11893,20.0,3,21,0.30441618964927464,0.49796407776219503,10894,True,False,True,22.272302799996396
debug_algorithm_double_dqn_statev1_sparse_seed43_20261010_222457_976518_a963744f,double_dqn,43,v1,sparse,548,11899,0.0,1,6,0.3042335855918257,0.5019749253988266,10900,True,False,True,22.28418089999468
debug_algorithm_double_dqn_statev1_sparse_seed43_20261010_222457_976518_a963744f,double_dqn,43,v1,sparse,549,11962,50.0,6,63,0.30232284362120504,0.4808552435466221,10963,True,False,True,22.41529919999448
debug_algorithm_double_dqn_statev1_sparse_seed43_20261010_222457_976518_a963744f,double_dqn,43,v1,sparse,550,12014,40.0,5,52,0.30075476696212333,0.5155260952619406,11015,True,False,True,22.51663169999665
debug_algorithm_double_dqn_statev1_sparse_seed43_20261010_222457_976518_a963744f,double_dqn,43,v1,sparse,551,12083,60.0,7,69,0.29868659904513906,0.5313193929800089,11084,True,False,True,22.667591899997205
debug_algorithm_double_dqn_statev1_sparse_seed43_20261010_222457_976518_a963744f,double_dqn,43,v1,sparse,552,12100,10.0,2,17,0.2981792378375013,0.5494925905676449,11101,True,False,True,22.700543499995547
debug_algorithm_double_dqn_statev1_sparse_seed43_20261010_222457_976518_a963744f,double_dqn,43,v1,sparse,553,12118,0.0,1,18,0.2976429711804046,0.5087347428003947,11119,True,False,True,22.744778699998278
debug_algorithm_double_dqn_statev1_sparse_seed43_20261010_222457_976518_a963744f,double_dqn,43,v1,sparse,554,12137,-10.0,0,19,0.297077958216342,0.4758547246456146,11138,True,False,True,22.786477900001046
debug_algorithm_double_dqn_statev1_sparse_seed43_20261010_222457_976518_a963744f,double_dqn,43,v1,sparse,555,12200,30.0,4,63,0.2952121572325153,0.5405393786846645,11201,True,False,True,22.92197809999925
debug_algorithm_double_dqn_statev1_sparse_seed43_20261010_222457_976518_a963744f,double_dqn,43,v1,sparse,556,12238,20.0,3,38,0.2940924238882652,0.5527154967973107,11239,True,False,True,22.99932369999442
debug_algorithm_double_dqn_statev1_sparse_seed43_20261010_222457_976518_a963744f,double_dqn,43,v1,sparse,557,12251,0.0,1,13,0.2937103330452116,0.4208149497325604,11252,True,False,True,23.026962999996613
debug_algorithm_double_dqn_statev1_sparse_seed43_20261010_222457_976518_a963744f,double_dqn,43,v1,sparse,558,12278,20.0,3,27,0.292918345210671,0.49951559250001554,11279,True,False,True,23.078032899997197
debug_algorithm_double_dqn_statev1_sparse_seed43_20261010_222457_976518_a963744f,double_dqn,43,v1,sparse,559,12320,20.0,3,42,0.29169060682831216,0.49465316179252805,11321,True,False,True,23.152468499996758
debug_algorithm_double_dqn_statev1_sparse_seed43_20261010_222457_976518_a963744f,double_dqn,43,v1,sparse,560,12333,0.0,1,13,0.2913116364747061,0.4970055612233969,11334,True,False,True,23.176632199996675
debug_algorithm_double_dqn_statev1_sparse_seed43_20261010_222457_976518_a963744f,double_dqn,43,v1,sparse,561,12434,110.0,12,101,0.28838405175557963,0.5646007307390175,11435,True,False,True,23.387018999994325
debug_algorithm_double_dqn_statev1_sparse_seed43_20261010_222457_976518_a963744f,double_dqn,43,v1,sparse,562,12491,30.0,4,57,0.2867448568433011,0.5376754097248378,11492,True,False,True,23.499996099999407
debug_algorithm_double_dqn_statev1_sparse_seed43_20261010_222457_976518_a963744f,double_dqn,43,v1,sparse,563,12564,60.0,7,73,0.28465913723996694,0.5793556856782469,11565,True,False,True,23.65125779999653
debug_algorithm_double_dqn_statev1_sparse_seed43_20261010_222457_976518_a963744f,double_dqn,43,v1,sparse,564,12566,-10.0,0,2,0.2846022082591103,0.7515782415866852,11567,True,False,True,23.65712530000019
debug_algorithm_double_dqn_statev1_sparse_seed43_20261010_222457_976518_a963744f,double_dqn,43,v1,sparse,565,12608,10.0,2,42,0.2834093261453851,0.5368870166795594,11609,True,False,True,23.75178109999979
debug_algorithm_double_dqn_statev1_sparse_seed43_20261010_222457_976518_a963744f,double_dqn,43,v1,sparse,566,12609,-10.0,0,1,0.28338098521277055,0.4363026022911072,11610,True,False,True,23.753491600000416
debug_algorithm_double_dqn_statev1_sparse_seed43_20261010_222457_976518_a963744f,double_dqn,43,v1,sparse,567,12673,60.0,7,64,0.28157304807926903,0.5623981144744903,11674,True,False,True,23.87916039999982
debug_algorithm_double_dqn_statev1_sparse_seed43_20261010_222457_976518_a963744f,double_dqn,43,v1,sparse,568,12734,30.0,4,61,0.27986059515362877,0.49136281160057566,11735,True,False,True,23.999164499997278
debug_algorithm_double_dqn_statev1_sparse_seed43_20261010_222457_976518_a963744f,double_dqn,43,v1,sparse,569,12736,-10.0,0,2,0.279804625833204,0.5456586480140686,11737,True,False,True,24.00218920000043
debug_algorithm_double_dqn_statev1_sparse_seed43_20261010_222457_976518_a963744f,double_dqn,43,v1,sparse,570,12749,-10.0,0,13,0.27944109798722483,0.6006866292311595,11750,True,False,True,24.02852079999866
debug_algorithm_double_dqn_statev1_sparse_seed43_20261010_222457_976518_a963744f,double_dqn,43,v1,sparse,571,12790,20.0,3,41,0.2782976779264664,0.5910749428155946,11791,True,False,True,24.097206599995843
debug_algorithm_double_dqn_statev1_sparse_seed43_20261010_222457_976518_a963744f,double_dqn,43,v1,sparse,572,12842,30.0,4,52,0.2768542140856064,0.5661188868375925,11843,True,False,True,24.190655999998853
debug_algorithm_double_dqn_statev1_sparse_seed43_20261010_222457_976518_a963744f,double_dqn,43,v1,sparse,573,12850,-10.0,0,8,0.276632808218016,0.47856810316443443,11851,True,False,True,24.204898999996658
debug_algorithm_double_dqn_statev1_sparse_seed43_20261010_222457_976518_a963744f,double_dqn,43,v1,sparse,574,12897,30.0,4,47,0.275335619939377,0.5522679840313628,11898,True,False,True,24.29855129999487
debug_algorithm_double_dqn_statev1_sparse_seed43_20261010_222457_976518_a963744f,double_dqn,43,v1,sparse,575,12949,40.0,5,52,0.27390751958854265,0.554859159514308,11950,True,False,True,24.397542200000316
debug_algorithm_double_dqn_statev1_sparse_seed43_20261010_222457_976518_a963744f,double_dqn,43,v1,sparse,576,12990,40.0,5,41,0.2727867418828081,0.5214564658519698,11991,True,False,True,24.470233399995777
debug_algorithm_double_dqn_statev1_sparse_seed43_20261010_222457_976518_a963744f,double_dqn,43,v1,sparse,577,13078,60.0,7,88,0.2703966309596972,0.5669658769091422,12079,True,False,True,24.653420999995433
debug_algorithm_double_dqn_statev1_sparse_seed43_20261010_222457_976518_a963744f,double_dqn,43,v1,sparse,578,13107,20.0,3,29,0.26961357755284837,0.6137278408839785,12108,True,False,True,24.71117460000096
debug_algorithm_double_dqn_statev1_sparse_seed43_20261010_222457_976518_a963744f,double_dqn,43,v1,sparse,579,13165,60.0,7,58,0.268054267207709,0.544615317007591,12166,True,False,True,24.81990329999826
debug_algorithm_double_dqn_statev1_sparse_seed43_20261010_222457_976518_a963744f,double_dqn,43,v1,sparse,580,13196,20.0,3,31,0.2672245442276466,0.5959624378911911,12197,True,False,True,24.87909299999592
debug_algorithm_double_dqn_statev1_sparse_seed43_20261010_222457_976518_a963744f,double_dqn,43,v1,sparse,581,13220,10.0,2,24,0.26658394232066374,0.5777971384425958,12221,True,False,True,24.929671099998814
debug_algorithm_double_dqn_statev1_sparse_seed43_20261010_222457_976518_a963744f,double_dqn,43,v1,sparse,582,13259,20.0,3,39,0.2655462378985061,0.6163346010905045,12260,True,False,True,25.009753399994224
debug_algorithm_double_dqn_statev1_sparse_seed43_20261010_222457_976518_a963744f,double_dqn,43,v1,sparse,583,13264,-10.0,0,5,0.2654134913315253,0.5347108066082,12265,True,False,True,25.020878600000287
debug_algorithm_double_dqn_statev1_sparse_seed43_20261010_222457_976518_a963744f,double_dqn,43,v1,sparse,584,13333,40.0,5,69,0.2635883509586856,0.5357359526813894,12334,True,False,True,25.153035999996064
debug_algorithm_double_dqn_statev1_sparse_seed43_20261010_222457_976518_a963744f,double_dqn,43,v1,sparse,585,13346,10.0,2,13,0.2632458916259857,0.6644537723981417,12347,True,False,True,25.17858089999936
debug_algorithm_double_dqn_statev1_sparse_seed43_20261010_222457_976518_a963744f,double_dqn,43,v1,sparse,586,13399,40.0,5,53,0.2618543097696575,0.5425364602849169,12400,True,False,True,25.286739899995155
debug_algorithm_double_dqn_statev1_sparse_seed43_20261010_222457_976518_a963744f,double_dqn,43,v1,sparse,587,13445,30.0,4,46,0.2606524861661443,0.5984077544316001,12446,True,False,True,25.372184499996365
debug_algorithm_double_dqn_statev1_sparse_seed43_20261010_222457_976518_a963744f,double_dqn,43,v1,sparse,588,13479,30.0,4,34,0.2597677284150904,0.5714403645080679,12480,True,False,True,25.442351199999393
debug_algorithm_double_dqn_statev1_sparse_seed43_20261010_222457_976518_a963744f,double_dqn,43,v1,sparse,589,13489,10.0,2,10,0.25950807755098654,0.6014268174767494,12490,True,False,True,25.465827599997283
debug_algorithm_double_dqn_statev1_sparse_seed43_20261010_222457_976518_a963744f,double_dqn,43,v1,sparse,590,13490,-10.0,0,1,0.25948212674323146,0.2704310119152069,12491,True,False,True,25.467912799998885
debug_algorithm_double_dqn_statev1_sparse_seed43_20261010_222457_976518_a963744f,double_dqn,43,v1,sparse,591,13526,20.0,3,36,0.25854962397317943,0.5268248129222128,12527,True,False,True,25.54726870000013
debug_algorithm_double_dqn_statev1_sparse_seed43_20261010_222457_976518_a963744f,double_dqn,43,v1,sparse,592,13557,20.0,3,31,0.2577493212332468,0.5535027274200993,12558,True,False,True,25.614318799998728
debug_algorithm_double_dqn_statev1_sparse_seed43_20261010_222457_976518_a963744f,double_dqn,43,v1,sparse,593,13586,20.0,3,29,0.25700289372271046,0.5562139739250315,12587,True,False,True,25.673186799998803
debug_algorithm_double_dqn_statev1_sparse_seed43_20261010_222457_976518_a963744f,double_dqn,43,v1,sparse,594,13601,0.0,1,15,0.2566176591182636,0.5617775559425354,12602,True,False,True,25.702699599998596
debug_algorithm_double_dqn_statev1_sparse_seed43_20261010_222457_976518_a963744f,double_dqn,43,v1,sparse,595,13620,10.0,2,19,0.25613052413357307,0.5333276155747866,12621,True,False,True,25.739756599999964
debug_algorithm_double_dqn_statev1_sparse_seed43_20261010_222457_976518_a963744f,double_dqn,43,v1,sparse,596,13694,40.0,5,74,0.2542420597664664,0.5433484557512644,12695,True,False,True,25.87534329999471
debug_algorithm_double_dqn_statev1_sparse_seed43_20261010_222457_976518_a963744f,double_dqn,43,v1,sparse,597,13754,40.0,5,60,0.2527210988045461,0.5793800085783005,12755,True,False,True,25.99474519999785
debug_algorithm_double_dqn_statev1_sparse_seed43_20261010_222457_976518_a963744f,double_dqn,43,v1,sparse,598,13776,20.0,3,22,0.25216569578390857,0.5790056769143451,12777,True,False,True,26.034821699999156
debug_algorithm_double_dqn_statev1_sparse_seed43_20261010_222457_976518_a963744f,double_dqn,43,v1,sparse,599,13830,40.0,5,54,0.25080760327103124,0.5758718828912135,12831,True,False,True,26.144776099994488
debug_algorithm_double_dqn_statev1_sparse_seed43_20261010_222457_976518_a963744f,double_dqn,43,v1,sparse,600,13857,30.0,4,27,0.2501313023437146,0.6141708184171606,12858,True,False,True,26.20316879999882
debug_algorithm_double_dqn_statev1_sparse_seed43_20261010_222457_976518_a963744f,double_dqn,43,v1,sparse,601,13872,10.0,2,15,0.24975636791429096,0.6079232354958852,12873,True,False,True,26.24092259999452
debug_algorithm_double_dqn_statev1_sparse_seed43_20261010_222457_976518_a963744f,double_dqn,43,v1,sparse,602,13893,20.0,3,21,0.24923240369801708,0.5961162391163054,12894,True,False,True,26.28283169999486
debug_algorithm_double_dqn_statev1_sparse_seed43_20261010_222457_976518_a963744f,double_dqn,43,v1,sparse,603,13993,100.0,11,100,0.24675237646168277,0.5962983564287424,12994,True,False,True,26.48377459999756
debug_algorithm_double_dqn_statev1_sparse_seed43_20261010_222457_976518_a963744f,double_dqn,43,v1,sparse,604,14016,20.0,3,23,0.24618546984255335,0.6597513815631038,13017,True,False,True,26.526377800000773
debug_algorithm_double_dqn_statev1_sparse_seed43_20261010_222457_976518_a963744f,double_dqn,43,v1,sparse,605,14042,30.0,4,26,0.2455461870840255,0.5575379740733367,13043,True,False,True,26.580627499999537
debug_algorithm_double_dqn_statev1_sparse_seed43_20261010_222457_976518_a963744f,double_dqn,43,v1,sparse,606,14067,20.0,3,25,0.244933057690431,0.6280093896389007,13068,True,False,True,26.640476099993975
debug_algorithm_double_dqn_statev1_sparse_seed43_20261010_222457_976518_a963744f,double_dqn,43,v1,sparse,607,14074,0.0,1,7,0.24476165597741803,0.5399162982191358,13075,True,False,True,26.657381999997597
debug_algorithm_double_dqn_statev1_sparse_seed43_20261010_222457_976518_a963744f,double_dqn,43,v1,sparse,608,14185,70.0,8,111,0.24205969014963455,0.565826053689192,13186,True,False,True,26.875893399999768
debug_algorithm_double_dqn_statev1_sparse_seed43_20261010_222457_976518_a963744f,double_dqn,43,v1,sparse,609,14217,40.0,5,32,0.2412862985574728,0.6098315115086734,13218,True,False,True,26.94120959999418
debug_algorithm_double_dqn_statev1_sparse_seed43_20261010_222457_976518_a963744f,double_dqn,43,v1,sparse,610,14265,40.0,5,48,0.2401308418652478,0.5591584409897526,13266,True,False,True,27.03912929999933
debug_algorithm_double_dqn_statev1_sparse_seed43_20261010_222457_976518_a963744f,double_dqn,43,v1,sparse,611,14274,0.0,1,9,0.23991481053450422,0.5651873250802358,13275,True,False,True,27.054805199994007
debug_algorithm_double_dqn_statev1_sparse_seed43_20261010_222457_976518_a963744f,double_dqn,43,v1,sparse,612,14278,-10.0,0,4,0.23981885900421943,0.4376077353954315,13279,True,False,True,27.061955899996974
debug_algorithm_double_dqn_statev1_sparse_seed43_20261010_222457_976518_a963744f,double_dqn,43,v1,sparse,613,14321,30.0,4,43,0.23878980051815096,0.5670021904069323,13322,True,False,True,27.13887650000106
debug_algorithm_double_dqn_statev1_sparse_seed43_20261010_222457_976518_a963744f,double_dqn,43,v1,sparse,614,14389,50.0,6,68,0.23717145755851562,0.5533863998511258,13390,True,False,True,27.27628079999704
debug_algorithm_double_dqn_statev1_sparse_seed43_20261010_222457_976518_a963744f,double_dqn,43,v1,sparse,615,14398,0.0,1,9,0.23695808860851825,0.5388431813981798,13399,True,False,True,27.294225499994354
debug_algorithm_double_dqn_statev1_sparse_seed43_20261010_222457_976518_a963744f,double_dqn,43,v1,sparse,616,14436,10.0,2,38,0.23605931168993835,0.6323563852592519,13437,True,False,True,27.366861999995308
debug_algorithm_double_dqn_statev1_sparse_seed43_20261010_222457_976518_a963744f,double_dqn,43,v1,sparse,617,14462,10.0,2,26,0.2354463240589061,0.6766495933899512,13463,True,False,True,27.421009999998205
debug_algorithm_double_dqn_statev1_sparse_seed43_20261010_222457_976518_a963744f,double_dqn,43,v1,sparse,618,14479,10.0,2,17,0.2350463853549592,0.5790713113896987,13480,True,False,True,27.456405099997937
debug_algorithm_double_dqn_statev1_sparse_seed43_20261010_222457_976518_a963744f,double_dqn,43,v1,sparse,619,14509,30.0,4,30,0.2343422676970262,0.6045076469580333,13510,True,False,True,27.517292199998337
debug_algorithm_double_dqn_statev1_sparse_seed43_20261010_222457_976518_a963744f,double_dqn,43,v1,sparse,620,14520,-10.0,0,11,0.23408462005214803,0.5100536021319303,13521,True,False,True,27.540982599995914
debug_algorithm_double_dqn_statev1_sparse_seed43_20261010_222457_976518_a963744f,double_dqn,43,v1,sparse,621,14575,50.0,6,55,0.23280062466523463,0.5759580143473365,13576,True,False,True,27.66998389999935
debug_algorithm_double_dqn_statev1_sparse_seed43_20261010_222457_976518_a963744f,double_dqn,43,v1,sparse,622,14611,10.0,2,36,0.23196400739954925,0.5883377459314134,13612,True,False,True,27.76010629999655
debug_algorithm_double_dqn_statev1_sparse_seed43_20261010_222457_976518_a963744f,double_dqn,43,v1,sparse,623,14653,10.0,2,42,0.23099175311822265,0.6232418307945842,13654,True,False,True,27.8518849999964
debug_algorithm_double_dqn_statev1_sparse_seed43_20261010_222457_976518_a963744f,double_dqn,43,v1,sparse,624,14669,20.0,3,16,0.2306224433740239,0.5052428590133786,13670,True,False,True,27.88458549999632
debug_algorithm_double_dqn_statev1_sparse_seed43_20261010_222457_976518_a963744f,double_dqn,43,v1,sparse,625,14697,10.0,2,28,0.22997757153036547,0.5701293264116559,13698,True,False,True,27.942203999999037
debug_algorithm_double_dqn_statev1_sparse_seed43_20261010_222457_976518_a963744f,double_dqn,43,v1,sparse,626,14739,20.0,3,42,0.2290136431992586,0.606699797369185,13740,True,False,True,28.03126699999848
debug_algorithm_double_dqn_statev1_sparse_seed43_20261010_222457_976518_a963744f,double_dqn,43,v1,sparse,627,14755,10.0,2,16,0.22864749605830573,0.6152572259306908,13756,True,False,True,28.06596979999449
debug_algorithm_double_dqn_statev1_sparse_seed43_20261010_222457_976518_a963744f,double_dqn,43,v1,sparse,628,14818,50.0,6,63,0.22721147325251956,0.6057525027602438,13819,True,False,True,28.176735199995164
debug_algorithm_double_dqn_statev1_sparse_seed43_20261010_222457_976518_a963744f,double_dqn,43,v1,sparse,629,14848,10.0,2,30,0.22653082628081447,0.632950308918953,13849,True,False,True,28.232200799997372
debug_algorithm_double_dqn_statev1_sparse_seed43_20261010_222457_976518_a963744f,double_dqn,43,v1,sparse,630,14859,10.0,2,11,0.22628176692648994,0.6105772324583747,13860,True,False,True,28.250871500000358
debug_algorithm_double_dqn_statev1_sparse_seed43_20261010_222457_976518_a963744f,double_dqn,43,v1,sparse,631,14879,10.0,2,20,0.22582963307014256,0.5909586533904075,13880,True,False,True,28.286289199997555
debug_algorithm_double_dqn_statev1_sparse_seed43_20261010_222457_976518_a963744f,double_dqn,43,v1,sparse,632,14917,40.0,5,38,0.22497306614336363,0.5916614544234777,13918,True,False,True,28.352523699999438
debug_algorithm_double_dqn_statev1_sparse_seed43_20261010_222457_976518_a963744f,double_dqn,43,v1,sparse,633,14982,60.0,7,65,0.22351541084159718,0.6028739454654547,13983,True,False,True,28.474520699994173
debug_algorithm_double_dqn_statev1_sparse_seed43_20261010_222457_976518_a963744f,double_dqn,43,v1,sparse,634,15051,60.0,7,69,0.22197838648676024,0.5755402335654134,14052,True,False,True,28.626812399998016
debug_algorithm_double_dqn_statev1_sparse_seed43_20261010_222457_976518_a963744f,double_dqn,43,v1,sparse,635,15159,110.0,12,108,0.21959380062436853,0.6180319573592257,14160,True,False,True,28.86036569999851
debug_algorithm_double_dqn_statev1_sparse_seed43_20261010_222457_976518_a963744f,double_dqn,43,v1,sparse,636,15195,30.0,4,36,0.2188046448164578,0.543688953957624,14196,True,False,True,28.942072499994538
debug_algorithm_double_dqn_statev1_sparse_seed43_20261010_222457_976518_a963744f,double_dqn,43,v1,sparse,637,15238,20.0,3,43,0.2178657579521199,0.5943644074506538,14239,True,False,True,29.04832919999899
debug_algorithm_double_dqn_statev1_sparse_seed43_20261010_222457_976518_a963744f,double_dqn,43,v1,sparse,638,15285,40.0,5,47,0.21684414048977785,0.5711002519473116,14286,True,False,True,29.156356299994513
debug_algorithm_double_dqn_statev1_sparse_seed43_20261010_222457_976518_a963744f,double_dqn,43,v1,sparse,639,15325,30.0,4,40,0.21597845317167488,0.6258475996553898,14326,True,False,True,29.2425590999992
debug_algorithm_double_dqn_statev1_sparse_seed43_20261010_222457_976518_a963744f,double_dqn,43,v1,sparse,640,15357,10.0,2,32,0.21528839230417643,0.5450962227769196,14358,True,False,True,29.319938099994033
debug_algorithm_double_dqn_statev1_sparse_seed43_20261010_222457_976518_a963744f,double_dqn,43,v1,sparse,641,15461,100.0,11,104,0.21306088476442236,0.6147813301963302,14462,True,False,True,29.552941800000553
debug_algorithm_double_dqn_statev1_sparse_seed43_20261010_222457_976518_a963744f,double_dqn,43,v1,sparse,642,15464,-10.0,0,3,0.2129969728906065,0.6095482210318247,14465,True,False,True,29.56289389999438
debug_algorithm_double_dqn_statev1_sparse_seed43_20261010_222457_976518_a963744f,double_dqn,43,v1,sparse,643,15499,10.0,2,35,0.21225274942452763,0.6098597360508783,14500,True,False,True,29.638117599999532
debug_algorithm_double_dqn_statev1_sparse_seed43_20261010_222457_976518_a963744f,double_dqn,43,v1,sparse,644,15599,90.0,10,100,0.2101406942031791,0.6044315867125988,14600,True,False,True,29.84227099999407
debug_algorithm_double_dqn_statev1_sparse_seed43_20261010_222457_976518_a963744f,double_dqn,43,v1,sparse,645,15624,20.0,3,25,0.20961597240669597,0.5580268788337708,14625,True,False,True,29.897651200000837
debug_algorithm_double_dqn_statev1_sparse_seed43_20261010_222457_976518_a963744f,double_dqn,43,v1,sparse,646,15664,20.0,3,40,0.20877914145256246,0.6086033396422863,14665,True,False,True,29.972076899997774
debug_algorithm_double_dqn_statev1_sparse_seed43_20261010_222457_976518_a963744f,double_dqn,43,v1,sparse,647,15687,20.0,3,23,0.20829947726888642,0.6679119260414786,14688,True,False,True,30.025860099995043
debug_algorithm_double_dqn_statev1_sparse_seed43_20261010_222457_976518_a963744f,double_dqn,43,v1,sparse,648,15742,50.0,6,55,0.20715691793350516,0.5611896105787971,14743,True,False,True,30.151803299995663
debug_algorithm_double_dqn_statev1_sparse_seed43_20261010_222457_976518_a963744f,double_dqn,43,v1,sparse,649,15840,110.0,12,98,0.20513659487301827,0.5999471752011046,14841,True,False,True,30.365817599995353
debug_algorithm_double_dqn_statev1_sparse_seed43_20261010_222457_976518_a963744f,double_dqn,43,v1,sparse,650,15887,60.0,7,47,0.2041746670810716,0.6694789592255938,14888,True,False,True,30.458963599994604
debug_algorithm_double_dqn_statev1_sparse_seed43_20261010_222457_976518_a963744f,double_dqn,43,v1,sparse,651,15926,10.0,2,39,0.20337989694946457,0.675087604767237,14927,True,False,True,30.535770599999523
debug_algorithm_double_dqn_statev1_sparse_seed43_20261010_222457_976518_a963744f,double_dqn,43,v1,sparse,652,15980,60.0,7,54,0.2022845508340533,0.5737832693590058,14981,True,False,True,30.669352799995977
debug_algorithm_double_dqn_statev1_sparse_seed43_20261010_222457_976518_a963744f,double_dqn,43,v1,sparse,653,16012,10.0,2,32,0.2016382426001522,0.5836604270152748,15013,True,False,True,30.743833900000027
debug_algorithm_double_dqn_statev1_sparse_seed43_20261010_222457_976518_a963744f,double_dqn,43,v1,sparse,654,16024,-10.0,0,12,0.20139640974592174,0.675274179627498,15025,True,False,True,30.772033499997633
debug_algorithm_double_dqn_statev1_sparse_seed43_20261010_222457_976518_a963744f,double_dqn,43,v1,sparse,655,16083,50.0,6,59,0.20021161028295187,0.6041475693553181,15084,True,False,True,30.91653999999835
debug_algorithm_double_dqn_statev1_sparse_seed43_20261010_222457_976518_a963744f,double_dqn,43,v1,sparse,656,16117,40.0,5,34,0.19953201279798527,0.6977382836972966,15118,True,False,True,31.00644249999459
debug_algorithm_double_dqn_statev1_sparse_seed43_20261010_222457_976518_a963744f,double_dqn,43,v1,sparse,657,16166,30.0,4,49,0.1985566487597918,0.6495975502291504,15167,True,False,True,31.12918879999779
debug_algorithm_double_dqn_statev1_sparse_seed43_20261010_222457_976518_a963744f,double_dqn,43,v1,sparse,658,16218,50.0,6,52,0.19752678266467194,0.6819848332267541,15219,True,False,True,31.232066399999894
debug_algorithm_double_dqn_statev1_sparse_seed43_20261010_222457_976518_a963744f,double_dqn,43,v1,sparse,659,16236,10.0,2,18,0.19717153651073166,0.68547842072116,15237,True,False,True,31.269567199997255
debug_algorithm_double_dqn_statev1_sparse_seed43_20261010_222457_976518_a963744f,double_dqn,43,v1,sparse,660,16306,50.0,6,70,0.1957960866726482,0.6450443278465953,15307,True,False,True,31.424397599999793
debug_algorithm_double_dqn_statev1_sparse_seed43_20261010_222457_976518_a963744f,double_dqn,43,v1,sparse,661,16464,130.0,14,158,0.19272666729982094,0.6665655341518076,15465,True,False,True,31.830514599998423
debug_algorithm_double_dqn_statev1_sparse_seed43_20261010_222457_976518_a963744f,double_dqn,43,v1,sparse,662,16506,20.0,3,42,0.19191887246342051,0.6463169192983991,15507,True,False,True,31.94241929999407
debug_algorithm_double_dqn_statev1_sparse_seed43_20261010_222457_976518_a963744f,double_dqn,43,v1,sparse,663,16558,20.0,3,52,0.19092343493464337,0.6641413214114996,15559,True,False,True,32.06950449999567
debug_algorithm_double_dqn_statev1_sparse_seed43_20261010_222457_976518_a963744f,double_dqn,43,v1,sparse,664,16617,40.0,5,59,0.18980024717045077,0.6280267566947614,15618,True,False,True,32.18553189999511
debug_algorithm_double_dqn_statev1_sparse_seed43_20261010_222457_976518_a963744f,double_dqn,43,v1,sparse,665,16678,50.0,6,61,0.18864593218621697,0.6849611025364672,15679,True,False,True,32.31139269999403
debug_algorithm_double_dqn_statev1_sparse_seed43_20261010_222457_976518_a963744f,double_dqn,43,v1,sparse,666,16770,90.0,10,92,0.18691826269128703,0.6673521399497986,15771,True,False,True,32.50006089999806
debug_algorithm_double_dqn_statev1_sparse_seed43_20261010_222457_976518_a963744f,double_dqn,43,v1,sparse,667,16782,0.0,1,12,0.18669408410099814,0.6296134293079376,15783,True,False,True,32.52654729999631
debug_algorithm_double_dqn_statev1_sparse_seed43_20261010_222457_976518_a963744f,double_dqn,43,v1,sparse,668,16783,-10.0,0,1,0.18667541469258803,1.068971872329712,15784,True,False,True,32.52840909999941
debug_algorithm_double_dqn_statev1_sparse_seed43_20261010_222457_976518_a963744f,double_dqn,43,v1,sparse,669,16847,90.0,10,64,0.18548444764911803,0.6318080658093095,15848,True,False,True,32.66549139999552
debug_algorithm_double_dqn_statev1_sparse_seed43_20261010_222457_976518_a963744f,double_dqn,43,v1,sparse,670,16916,70.0,8,69,0.18420894672322333,0.6333210005060487,15917,True,False,True,32.82178369999747
debug_algorithm_double_dqn_statev1_sparse_seed43_20261010_222457_976518_a963744f,double_dqn,43,v1,sparse,671,16993,50.0,6,77,0.18279591433724351,0.6257524639368057,15994,True,False,True,32.98344799999904
debug_algorithm_double_dqn_statev1_sparse_seed43_20261010_222457_976518_a963744f,double_dqn,43,v1,sparse,672,17077,70.0,8,84,0.18126678354007292,0.6730981036311104,16078,True,False,True,33.161006199996336
debug_algorithm_double_dqn_statev1_sparse_seed43_20261010_222457_976518_a963744f,double_dqn,43,v1,sparse,673,17082,-10.0,0,5,0.18117616827316865,0.6451351106166839,16083,True,False,True,33.1720392999996
debug_algorithm_double_dqn_statev1_sparse_seed43_20261010_222457_976518_a963744f,double_dqn,43,v1,sparse,674,17097,0.0,1,15,0.1809045941733252,0.6772384365399678,16098,True,False,True,33.2010655999984
debug_algorithm_double_dqn_statev1_sparse_seed43_20261010_222457_976518_a963744f,double_dqn,43,v1,sparse,675,17161,70.0,8,64,0.17975044428150608,0.678605310851708,16162,True,False,True,33.33076019999862
debug_algorithm_double_dqn_statev1_sparse_seed43_20261010_222457_976518_a963744f,double_dqn,43,v1,sparse,676,17282,150.0,16,121,0.17758846217577057,0.6449890032041171,16283,True,False,True,33.60365389999788
debug_algorithm_double_dqn_statev1_sparse_seed43_20261010_222457_976518_a963744f,double_dqn,43,v1,sparse,677,17308,30.0,4,26,0.17712730887515102,0.5835511658627254,16309,True,False,True,33.669288199998846
debug_algorithm_double_dqn_statev1_sparse_seed43_20261010_222457_976518_a963744f,double_dqn,43,v1,sparse,678,17354,40.0,5,46,0.17631435383606764,0.6888599117165026,16355,True,False,True,33.77699919999577
debug_algorithm_double_dqn_statev1_sparse_seed43_20261010_222457_976518_a963744f,double_dqn,43,v1,sparse,679,17371,10.0,2,17,0.17601485910221581,0.6485633552074432,16372,True,False,True,33.81541009999637
debug_algorithm_double_dqn_statev1_sparse_seed43_20261010_222457_976518_a963744f,double_dqn,43,v1,sparse,680,17420,60.0,7,49,0.17515445298818627,0.6768325050266422,16421,True,False,True,33.9301839999971
debug_algorithm_double_dqn_statev1_sparse_seed43_20261010_222457_976518_a963744f,double_dqn,43,v1,sparse,681,17464,50.0,6,44,0.1743854280387938,0.5892001580108296,16465,True,False,True,34.03822979999677
debug_algorithm_double_dqn_statev1_sparse_seed43_20261010_222457_976518_a963744f,double_dqn,43,v1,sparse,682,17482,0.0,1,18,0.17407180093578373,0.7384023235903846,16483,True,False,True,34.07810729999619
debug_algorithm_double_dqn_statev1_sparse_seed43_20261010_222457_976518_a963744f,double_dqn,43,v1,sparse,683,17519,20.0,3,37,0.17342889323912664,0.6263538945365597,16520,True,False,True,34.18364339999971
debug_algorithm_double_dqn_statev1_sparse_seed43_20261010_222457_976518_a963744f,double_dqn,43,v1,sparse,684,17520,-10.0,0,1,0.1734115503498027,0.5729656219482422,16521,True,False,True,34.18687069999578
debug_algorithm_double_dqn_statev1_sparse_seed43_20261010_222457_976518_a963744f,double_dqn,43,v1,sparse,685,17533,0.0,1,13,0.173186250545774,0.7448447335224885,16534,True,False,True,34.21307369999704
debug_algorithm_double_dqn_statev1_sparse_seed43_20261010_222457_976518_a963744f,double_dqn,43,v1,sparse,686,17630,90.0,10,97,0.17151438199261967,0.6551389216454988,16631,True,False,True,34.448585399994045
debug_algorithm_double_dqn_statev1_sparse_seed43_20261010_222457_976518_a963744f,double_dqn,43,v1,sparse,687,17665,50.0,6,35,0.17091510104455426,0.6978011020592281,16666,True,False,True,34.51815050000005
debug_algorithm_double_dqn_statev1_sparse_seed43_20261010_222457_976518_a963744f,double_dqn,43,v1,sparse,688,17705,50.0,6,40,0.17023277209108387,0.6970315828919411,16706,True,False,True,34.60259919999953
debug_algorithm_double_dqn_statev1_sparse_seed43_20261010_222457_976518_a963744f,double_dqn,43,v1,sparse,689,17738,30.0,4,33,0.1696719018441262,0.6245424855839122,16739,True,False,True,34.68181319999712
debug_algorithm_double_dqn_statev1_sparse_seed43_20261010_222457_976518_a963744f,double_dqn,43,v1,sparse,690,17739,-10.0,0,1,0.1696549346539418,1.0887213945388794,16740,True,False,True,34.68434569999954
debug_algorithm_double_dqn_statev1_sparse_seed43_20261010_222457_976518_a963744f,double_dqn,43,v1,sparse,691,17781,30.0,4,42,0.16894384271164153,0.6223008646851494,16782,True,False,True,34.78012239999953
debug_algorithm_double_dqn_statev1_sparse_seed43_20261010_222457_976518_a963744f,double_dqn,43,v1,sparse,692,17801,20.0,3,20,0.16860627582700524,0.6779891557991504,16802,True,False,True,34.82056089999969
debug_algorithm_double_dqn_statev1_sparse_seed43_20261010_222457_976518_a963744f,double_dqn,43,v1,sparse,693,17820,0.0,1,19,0.16828621205635155,0.6617519055542193,16821,True,False,True,34.85984009999811
debug_algorithm_double_dqn_statev1_sparse_seed43_20261010_222457_976518_a963744f,double_dqn,43,v1,sparse,694,17866,20.0,3,46,0.16751383469134645,0.6892092992430148,16867,True,False,True,34.95347809999657
debug_algorithm_double_dqn_statev1_sparse_seed43_20261010_222457_976518_a963744f,double_dqn,43,v1,sparse,695,17894,20.0,3,28,0.16704542860807337,0.6806454679795674,16895,True,False,True,35.02258779999829
debug_algorithm_double_dqn_statev1_sparse_seed43_20261010_222457_976518_a963744f,double_dqn,43,v1,sparse,696,17914,10.0,2,20,0.16671165494682075,0.6110215537250042,16915,True,False,True,35.06149419999565
debug_algorithm_double_dqn_statev1_sparse_seed43_20261010_222457_976518_a963744f,double_dqn,43,v1,sparse,697,17989,60.0,7,75,0.16546593254617425,0.6689459955692292,16990,True,False,True,35.22002470000007
debug_algorithm_double_dqn_statev1_sparse_seed43_20261010_222457_976518_a963744f,double_dqn,43,v1,sparse,698,18034,30.0,4,45,0.16472297161695054,0.6587195528878106,17035,True,False,True,35.30528509999567
debug_algorithm_double_dqn_statev1_sparse_seed43_20261010_222457_976518_a963744f,double_dqn,43,v1,sparse,699,18052,10.0,2,18,0.16442672215982304,0.6569420331054263,17053,True,False,True,35.34405479999987
debug_algorithm_double_dqn_statev1_sparse_seed43_20261010_222457_976518_a963744f,double_dqn,43,v1,sparse,700,18165,140.0,15,113,0.16257906672982017,0.6500332627148755,17166,True,False,True,35.58379959999729
debug_algorithm_double_dqn_statev1_sparse_seed43_20261010_222457_976518_a963744f,double_dqn,43,v1,sparse,701,18208,20.0,3,43,0.16188144282747122,0.6673870966878048,17209,True,False,True,35.69889289999992
debug_algorithm_double_dqn_statev1_sparse_seed43_20261010_222457_976518_a963744f,double_dqn,43,v1,sparse,702,18240,30.0,4,32,0.16136422434002964,0.8079596841707826,17241,True,False,True,35.76128410000092
debug_algorithm_double_dqn_statev1_sparse_seed43_20261010_222457_976518_a963744f,double_dqn,43,v1,sparse,703,18367,150.0,16,127,0.15932775581405706,0.6838681649739348,17368,True,False,True,36.06249150000076
debug_algorithm_double_dqn_statev1_sparse_seed43_20261010_222457_976518_a963744f,double_dqn,43,v1,sparse,704,18400,20.0,3,33,0.1588028146017808,0.6976984468373385,17401,True,False,True,36.14219709999452
debug_algorithm_double_dqn_statev1_sparse_seed43_20261010_222457_976518_a963744f,double_dqn,43,v1,sparse,705,18421,0.0,1,21,0.15846966196591505,0.6388107609181177,17422,True,False,True,36.18815569999424
debug_algorithm_double_dqn_statev1_sparse_seed43_20261010_222457_976518_a963744f,double_dqn,43,v1,sparse,706,18432,-10.0,0,11,0.1582954324699244,0.592221655628898,17433,True,False,True,36.20879479999712
debug_algorithm_double_dqn_statev1_sparse_seed43_20261010_222457_976518_a963744f,double_dqn,43,v1,sparse,707,18461,20.0,3,29,0.1578370178171818,0.7287439539514738,17462,True,False,True,36.266423599998234
debug_algorithm_double_dqn_statev1_sparse_seed43_20261010_222457_976518_a963744f,double_dqn,43,v1,sparse,708,18514,50.0,6,53,0.15700265292398372,0.7096581425306931,17515,True,False,True,36.39129879999382
debug_algorithm_double_dqn_statev1_sparse_seed43_20261010_222457_976518_a963744f,double_dqn,43,v1,sparse,709,18558,40.0,5,44,0.15631332441900134,0.7353415143760768,17559,True,False,True,36.49192529999709
debug_algorithm_double_dqn_statev1_sparse_seed43_20261010_222457_976518_a963744f,double_dqn,43,v1,sparse,710,18630,90.0,10,72,0.1551918545452897,0.7188243605196476,17631,True,False,True,36.642601199993805
debug_algorithm_double_dqn_statev1_sparse_seed43_20261010_222457_976518_a963744f,double_dqn,43,v1,sparse,711,18748,120.0,13,118,0.15337126225100634,0.7071829125032587,17749,True,False,True,36.92515469999489
debug_algorithm_double_dqn_statev1_sparse_seed43_20261010_222457_976518_a963744f,double_dqn,43,v1,sparse,712,18800,40.0,5,52,0.15257576200488188,0.6491779627708288,17801,True,False,True,37.02375380000012
debug_algorithm_double_dqn_statev1_sparse_seed43_20261010_222457_976518_a963744f,double_dqn,43,v1,sparse,713,18922,120.0,13,122,0.15072555441264565,0.6588065338427903,17923,True,False,True,37.28213539999706
debug_algorithm_double_dqn_statev1_sparse_seed43_20261010_222457_976518_a963744f,double_dqn,43,v1,sparse,714,18956,40.0,5,34,0.15021393219675983,0.6701744181268355,17957,True,False,True,37.35487519999879
debug_algorithm_double_dqn_statev1_sparse_seed43_20261010_222457_976518_a963744f,double_dqn,43,v1,sparse,715,18972,0.0,1,16,0.1499737700778712,0.6959944646805525,17973,True,False,True,37.39212720000069
debug_algorithm_double_dqn_statev1_sparse_seed43_20261010_222457_976518_a963744f,double_dqn,43,v1,sparse,716,18990,0.0,1,18,0.14970404662926654,0.7747851245933108,17991,True,False,True,37.426291600000695
debug_algorithm_double_dqn_statev1_sparse_seed43_20261010_222457_976518_a963744f,double_dqn,43,v1,sparse,717,19084,90.0,10,94,0.14830335213347068,0.7230163000999613,18085,True,False,True,37.61699789999693
debug_algorithm_double_dqn_statev1_sparse_seed43_20261010_222457_976518_a963744f,double_dqn,43,v1,sparse,718,19206,150.0,16,122,0.1465049538527355,0.7205172779618717,18207,True,False,True,37.88544169999659
debug_algorithm_double_dqn_statev1_sparse_seed43_20261010_222457_976518_a963744f,double_dqn,43,v1,sparse,719,19241,30.0,4,35,0.1459930572606181,0.6967176552329745,18242,True,False,True,37.96304539999983
debug_algorithm_double_dqn_statev1_sparse_seed43_20261010_222457_976518_a963744f,double_dqn,43,v1,sparse,720,19266,10.0,2,25,0.1456285122610389,0.7202327775955201,18267,True,False,True,38.01318879999599
debug_algorithm_double_dqn_statev1_sparse_seed43_20261010_222457_976518_a963744f,double_dqn,43,v1,sparse,721,19290,30.0,4,24,0.14527940547170884,0.757888330767552,18291,True,False,True,38.06601799999771
debug_algorithm_double_dqn_statev1_sparse_seed43_20261010_222457_976518_a963744f,double_dqn,43,v1,sparse,722,19344,40.0,5,54,0.1444969720315335,0.70489159391986,18345,True,False,True,38.18175899999915
debug_algorithm_double_dqn_statev1_sparse_seed43_20261010_222457_976518_a963744f,double_dqn,43,v1,sparse,723,19402,50.0,6,58,0.14366127367622383,0.7687108562938099,18403,True,False,True,38.3082637999978
debug_algorithm_double_dqn_statev1_sparse_seed43_20261010_222457_976518_a963744f,double_dqn,43,v1,sparse,724,19424,10.0,2,22,0.1433455505105451,0.6730700053951957,18425,True,False,True,38.35350049999397
debug_algorithm_double_dqn_statev1_sparse_seed43_20261010_222457_976518_a963744f,double_dqn,43,v1,sparse,725,19426,-10.0,0,2,0.14331688283389848,1.0284924805164337,18427,True,False,True,38.35707349999575
debug_algorithm_double_dqn_statev1_sparse_seed43_20261010_222457_976518_a963744f,double_dqn,43,v1,sparse,726,19471,30.0,4,45,0.14267337366675323,0.7229098419348399,18472,True,False,True,38.44559440000012
debug_algorithm_double_dqn_statev1_sparse_seed43_20261010_222457_976518_a963744f,double_dqn,43,v1,sparse,727,19532,100.0,11,61,0.14180567188274645,0.7490779039312582,18533,True,False,True,38.57734429999982
debug_algorithm_double_dqn_statev1_sparse_seed43_20261010_222457_976518_a963744f,double_dqn,43,v1,sparse,728,19629,90.0,10,97,0.14043673847878077,0.7766780518379408,18630,True,False,True,38.78845309999451
debug_algorithm_double_dqn_statev1_sparse_seed43_20261010_222457_976518_a963744f,double_dqn,43,v1,sparse,729,19673,40.0,5,44,0.13982014350298105,0.7574086324735121,18674,True,False,True,38.887218299998494
debug_algorithm_double_dqn_statev1_sparse_seed43_20261010_222457_976518_a963744f,double_dqn,43,v1,sparse,730,19674,-10.0,0,1,0.13980616148863076,0.6902579665184021,18675,True,False,True,38.889336100000946
debug_algorithm_double_dqn_statev1_sparse_seed43_20261010_222457_976518_a963744f,double_dqn,43,v1,sparse,731,19803,100.0,11,129,0.13801415569284134,0.735354004211204,18804,True,False,True,39.188233000000764
debug_algorithm_double_dqn_statev1_sparse_seed43_20261010_222457_976518_a963744f,double_dqn,43,v1,sparse,732,19805,-10.0,0,2,0.13798655424184433,0.7137182354927063,18806,True,False,True,39.19242559999839
debug_algorithm_double_dqn_statev1_sparse_seed43_20261010_222457_976518_a963744f,double_dqn,43,v1,sparse,733,19930,140.0,15,125,0.1362723725599526,0.7213269329071045,18931,True,False,True,39.47200729999895
debug_algorithm_double_dqn_statev1_sparse_seed43_20261010_222457_976518_a963744f,double_dqn,43,v1,sparse,734,19992,50.0,6,62,0.135430055614418,0.7438600558427072,18993,True,False,True,39.602856799996516
debug_algorithm_double_dqn_statev1_sparse_seed43_20261010_222457_976518_a963744f,double_dqn,43,v1,sparse,735,20000,0.0,0,8,0.13532174948275888,0.7376694642007351,19001,False,False,False,39.618675599995186
