run_id,algorithm,seed,state_mode,reward_mode,episode,global_step,episode_return,score,episode_length,epsilon,loss,update_count,terminated,truncated,episode_complete,wall_clock_time
baseline100k_dqn_statev1_sparse_seed42_20261010_115409_706718_3d8ac8e7,dqn,42,v1,sparse,1,1,-10.0,0,1,0.9999,,0,True,False,True,0.9109711669734679
baseline100k_dqn_statev1_sparse_seed42_20261010_115409_706718_3d8ac8e7,dqn,42,v1,sparse,2,11,-10.0,0,10,0.9989005498350332,,0,True,False,True,0.9110720839817077
baseline100k_dqn_statev1_sparse_seed42_20261010_115409_706718_3d8ac8e7,dqn,42,v1,sparse,3,12,-10.0,0,1,0.9988006597800497,,0,True,False,True,0.9111032499931753
baseline100k_dqn_statev1_sparse_seed42_20261010_115409_706718_3d8ac8e7,dqn,42,v1,sparse,4,14,-10.0,0,2,0.9986009096361004,,0,True,False,True,0.9111310839653015
baseline100k_dqn_statev1_sparse_seed42_20261010_115409_706718_3d8ac8e7,dqn,42,v1,sparse,5,20,-10.0,0,6,0.9980018988604846,,0,True,False,True,0.9111806249711663
baseline100k_dqn_statev1_sparse_seed42_20261010_115409_706718_3d8ac8e7,dqn,42,v1,sparse,6,27,-10.0,0,7,0.9973035070767544,,0,True,False,True,0.9112312090001069
baseline100k_dqn_statev1_sparse_seed42_20261010_115409_706718_3d8ac8e7,dqn,42,v1,sparse,7,58,-10.0,0,31,0.9942164991863819,,0,True,False,True,0.9114394589560106
baseline100k_dqn_statev1_sparse_seed42_20261010_115409_706718_3d8ac8e7,dqn,42,v1,sparse,8,76,0.0,1,18,0.9924284298281141,,0,True,False,True,0.9115552919683978
baseline100k_dqn_statev1_sparse_seed42_20261010_115409_706718_3d8ac8e7,dqn,42,v1,sparse,9,93,0.0,1,17,0.9907426505254558,,0,True,False,True,0.9116562089766376
baseline100k_dqn_statev1_sparse_seed42_20261010_115409_706718_3d8ac8e7,dqn,42,v1,sparse,10,108,-10.0,0,15,0.9892575763787981,,0,True,False,True,0.9117400839459151
baseline100k_dqn_statev1_sparse_seed42_20261010_115409_706718_3d8ac8e7,dqn,42,v1,sparse,11,121,-10.0,0,13,0.9879723128675584,,0,True,False,True,0.9168494999757968
baseline100k_dqn_statev1_sparse_seed42_20261010_115409_706718_3d8ac8e7,dqn,42,v1,sparse,12,123,-10.0,0,2,0.987774728284708,,0,True,False,True,0.9168822499923408
baseline100k_dqn_statev1_sparse_seed42_20261010_115409_706718_3d8ac8e7,dqn,42,v1,sparse,13,159,20.0,3,36,0.9842249551967749,,0,True,False,True,0.9170822499436326
baseline100k_dqn_statev1_sparse_seed42_20261010_115409_706718_3d8ac8e7,dqn,42,v1,sparse,14,160,-10.0,0,1,0.9841265327012553,,0,True,False,True,0.9171040419605561
baseline100k_dqn_statev1_sparse_seed42_20261010_115409_706718_3d8ac8e7,dqn,42,v1,sparse,15,167,-10.0,0,7,0.9834378507604954,,0,True,False,True,0.9171511249733157
baseline100k_dqn_statev1_sparse_seed42_20261010_115409_706718_3d8ac8e7,dqn,42,v1,sparse,16,174,-10.0,0,7,0.9827496507524949,,0,True,False,True,0.9171974169439636
baseline100k_dqn_statev1_sparse_seed42_20261010_115409_706718_3d8ac8e7,dqn,42,v1,sparse,17,183,-10.0,0,9,0.9818655297741534,,0,True,False,True,0.9172517089755274
baseline100k_dqn_statev1_sparse_seed42_20261010_115409_706718_3d8ac8e7,dqn,42,v1,sparse,18,234,0.0,1,51,0.9768705139349746,,0,True,False,True,0.917501124960836
baseline100k_dqn_statev1_sparse_seed42_20261010_115409_706718_3d8ac8e7,dqn,42,v1,sparse,19,243,-10.0,0,9,0.9759916820637734,,0,True,False,True,0.917557708977256
baseline100k_dqn_statev1_sparse_seed42_20261010_115409_706718_3d8ac8e7,dqn,42,v1,sparse,20,244,-10.0,0,1,0.975894082895567,,0,True,False,True,0.9175773749593645
baseline100k_dqn_statev1_sparse_seed42_20261010_115409_706718_3d8ac8e7,dqn,42,v1,sparse,21,269,-10.0,0,25,0.9734572731272545,,0,True,False,True,0.917738833988551
baseline100k_dqn_statev1_sparse_seed42_20261010_115409_706718_3d8ac8e7,dqn,42,v1,sparse,22,278,-10.0,0,9,0.9725815119443002,,0,True,False,True,0.9178242919733748
baseline100k_dqn_statev1_sparse_seed42_20261010_115409_706718_3d8ac8e7,dqn,42,v1,sparse,23,294,-10.0,0,16,0.971026548078535,,0,True,False,True,0.9179107089876197
baseline100k_dqn_statev1_sparse_seed42_20261010_115409_706718_3d8ac8e7,dqn,42,v1,sparse,24,310,-10.0,0,16,0.969474070289869,,0,True,False,True,0.9180484169628471
baseline100k_dqn_statev1_sparse_seed42_20261010_115409_706718_3d8ac8e7,dqn,42,v1,sparse,25,317,-10.0,0,7,0.9687956419962928,,0,True,False,True,0.9180991670000367
baseline100k_dqn_statev1_sparse_seed42_20261010_115409_706718_3d8ac8e7,dqn,42,v1,sparse,26,341,0.0,1,24,0.9664732043716606,,0,True,False,True,0.9182292089681141
baseline100k_dqn_statev1_sparse_seed42_20261010_115409_706718_3d8ac8e7,dqn,42,v1,sparse,27,349,-10.0,0,8,0.9657002963665449,,0,True,False,True,0.9182800419512205
baseline100k_dqn_statev1_sparse_seed42_20261010_115409_706718_3d8ac8e7,dqn,42,v1,sparse,28,364,-10.0,0,15,0.9642527594680443,,0,True,False,True,0.9184117919648997
baseline100k_dqn_statev1_sparse_seed42_20261010_115409_706718_3d8ac8e7,dqn,42,v1,sparse,29,368,-10.0,0,4,0.9638671162155658,,0,True,False,True,0.9184720839839429
baseline100k_dqn_statev1_sparse_seed42_20261010_115409_706718_3d8ac8e7,dqn,42,v1,sparse,30,389,-10.0,0,21,0.9618450181110908,,0,True,False,True,0.9185797919635661
baseline100k_dqn_statev1_sparse_seed42_20261010_115409_706718_3d8ac8e7,dqn,42,v1,sparse,31,420,-10.0,0,31,0.9588677668138127,,0,True,False,True,0.9188169999979436
baseline100k_dqn_statev1_sparse_seed42_20261010_115409_706718_3d8ac8e7,dqn,42,v1,sparse,32,425,-10.0,0,5,0.9583884288075943,,0,True,False,True,0.918880958983209
baseline100k_dqn_statev1_sparse_seed42_20261010_115409_706718_3d8ac8e7,dqn,42,v1,sparse,33,427,-10.0,0,2,0.9581967607057171,,0,True,False,True,0.9189050839631818
baseline100k_dqn_statev1_sparse_seed42_20261010_115409_706718_3d8ac8e7,dqn,42,v1,sparse,34,442,0.0,1,15,0.9567604712354087,,0,True,False,True,0.9189915839815512
baseline100k_dqn_statev1_sparse_seed42_20261010_115409_706718_3d8ac8e7,dqn,42,v1,sparse,35,446,-10.0,0,4,0.9563778244487159,,0,True,False,True,0.9190256249858066
baseline100k_dqn_statev1_sparse_seed42_20261010_115409_706718_3d8ac8e7,dqn,42,v1,sparse,36,452,-10.0,0,6,0.9558041411915943,,0,True,False,True,0.919117416953668
baseline100k_dqn_statev1_sparse_seed42_20261010_115409_706718_3d8ac8e7,dqn,42,v1,sparse,37,461,-10.0,0,9,0.9549442614737373,,0,True,False,True,0.9191749589517713
baseline100k_dqn_statev1_sparse_seed42_20261010_115409_706718_3d8ac8e7,dqn,42,v1,sparse,38,473,-10.0,0,12,0.953798958413141,,0,True,False,True,0.9192439999897033
baseline100k_dqn_statev1_sparse_seed42_20261010_115409_706718_3d8ac8e7,dqn,42,v1,sparse,39,483,0.0,1,10,0.9528455885498235,,0,True,False,True,0.9193326669628732
baseline100k_dqn_statev1_sparse_seed42_20261010_115409_706718_3d8ac8e7,dqn,42,v1,sparse,40,484,-10.0,0,1,0.9527503039909685,,0,True,False,True,0.919352208962664
baseline100k_dqn_statev1_sparse_seed42_20261010_115409_706718_3d8ac8e7,dqn,42,v1,sparse,41,492,-10.0,0,8,0.9519883704645137,,0,True,False,True,0.9194492919486947
baseline100k_dqn_statev1_sparse_seed42_20261010_115409_706718_3d8ac8e7,dqn,42,v1,sparse,42,493,-10.0,0,1,0.9518931716274672,,0,True,False,True,0.9194690839503892
baseline100k_dqn_statev1_sparse_seed42_20261010_115409_706718_3d8ac8e7,dqn,42,v1,sparse,43,509,-10.0,0,16,0.9503712842917823,,0,True,False,True,0.9195539169595577
baseline100k_dqn_statev1_sparse_seed42_20261010_115409_706718_3d8ac8e7,dqn,42,v1,sparse,44,520,-10.0,0,11,0.9493263984264878,,0,True,False,True,0.9196177089470439
baseline100k_dqn_statev1_sparse_seed42_20261010_115409_706718_3d8ac8e7,dqn,42,v1,sparse,45,534,0.0,1,14,0.9479982050102536,,0,True,False,True,0.9197278749779798
baseline100k_dqn_statev1_sparse_seed42_20261010_115409_706718_3d8ac8e7,dqn,42,v1,sparse,46,536,-10.0,0,2,0.9478086148492336,,0,True,False,True,0.9197540839668363
baseline100k_dqn_statev1_sparse_seed42_20261010_115409_706718_3d8ac8e7,dqn,42,v1,sparse,47,559,-10.0,0,23,0.9456310513131457,,0,True,False,True,0.9198992499732412
baseline100k_dqn_statev1_sparse_seed42_20261010_115409_706718_3d8ac8e7,dqn,42,v1,sparse,48,564,-10.0,0,5,0.9451583303411385,,0,True,False,True,0.9199381669750437
baseline100k_dqn_statev1_sparse_seed42_20261010_115409_706718_3d8ac8e7,dqn,42,v1,sparse,49,606,-10.0,0,42,0.9411967923270838,,0,True,False,True,0.9202091249753721
baseline100k_dqn_statev1_sparse_seed42_20261010_115409_706718_3d8ac8e7,dqn,42,v1,sparse,50,615,-10.0,0,9,0.940350053965786,,0,True,False,True,0.9202857919735834
baseline100k_dqn_statev1_sparse_seed42_20261010_115409_706718_3d8ac8e7,dqn,42,v1,sparse,51,616,-10.0,0,1,0.9402560189603894,,0,True,False,True,0.9203085839981213
baseline100k_dqn_statev1_sparse_seed42_20261010_115409_706718_3d8ac8e7,dqn,42,v1,sparse,52,657,-10.0,0,41,0.9364086693683936,,0,True,False,True,0.9206045419559814
baseline100k_dqn_statev1_sparse_seed42_20261010_115409_706718_3d8ac8e7,dqn,42,v1,sparse,53,671,0.0,1,14,0.935098549022408,,0,True,False,True,0.9206888749613427
baseline100k_dqn_statev1_sparse_seed42_20261010_115409_706718_3d8ac8e7,dqn,42,v1,sparse,54,687,-10.0,0,16,0.9336035129387461,,0,True,False,True,0.9207732089562342
baseline100k_dqn_statev1_sparse_seed42_20261010_115409_706718_3d8ac8e7,dqn,42,v1,sparse,55,691,-10.0,0,4,0.9332301275460472,,0,True,False,True,0.9208048339933157
baseline100k_dqn_statev1_sparse_seed42_20261010_115409_706718_3d8ac8e7,dqn,42,v1,sparse,56,694,-10.0,0,3,0.932950186503754,,0,True,False,True,0.920857458957471
baseline100k_dqn_statev1_sparse_seed42_20261010_115409_706718_3d8ac8e7,dqn,42,v1,sparse,57,695,-10.0,0,1,0.9328568914851036,,0,True,False,True,0.9208819169434719
baseline100k_dqn_statev1_sparse_seed42_20261010_115409_706718_3d8ac8e7,dqn,42,v1,sparse,58,723,-10.0,0,28,0.9302484153338654,,0,True,False,True,0.9210692499764264
baseline100k_dqn_statev1_sparse_seed42_20261010_115409_706718_3d8ac8e7,dqn,42,v1,sparse,59,750,-10.0,0,27,0.9277400070650574,,0,True,False,True,0.9212482500006445
baseline100k_dqn_statev1_sparse_seed42_20261010_115409_706718_3d8ac8e7,dqn,42,v1,sparse,60,756,-10.0,0,6,0.9271835022032661,,0,True,False,True,0.9213296249508858
baseline100k_dqn_statev1_sparse_seed42_20261010_115409_706718_3d8ac8e7,dqn,42,v1,sparse,61,766,-10.0,0,10,0.9262567358223963,,0,True,False,True,0.9214250419754535
baseline100k_dqn_statev1_sparse_seed42_20261010_115409_706718_3d8ac8e7,dqn,42,v1,sparse,62,771,-10.0,0,5,0.9257937000708967,,0,True,False,True,0.9214809169643559
baseline100k_dqn_statev1_sparse_seed42_20261010_115409_706718_3d8ac8e7,dqn,42,v1,sparse,63,774,-10.0,0,3,0.9255159897337607,,0,True,False,True,0.9215099169523455
baseline100k_dqn_statev1_sparse_seed42_20261010_115409_706718_3d8ac8e7,dqn,42,v1,sparse,64,811,-10.0,0,37,0.9220977373230873,,0,True,False,True,0.9217299999436364
baseline100k_dqn_statev1_sparse_seed42_20261010_115409_706718_3d8ac8e7,dqn,42,v1,sparse,65,818,-10.0,0,7,0.9214524625152158,,0,True,False,True,0.9217761670006439
baseline100k_dqn_statev1_sparse_seed42_20261010_115409_706718_3d8ac8e7,dqn,42,v1,sparse,66,822,-10.0,0,4,0.9210839368136717,,0,True,False,True,0.9218077089753933
baseline100k_dqn_statev1_sparse_seed42_20261010_115409_706718_3d8ac8e7,dqn,42,v1,sparse,67,858,-10.0,0,36,0.9177738308988277,,0,True,False,True,0.9221396249486133
baseline100k_dqn_statev1_sparse_seed42_20261010_115409_706718_3d8ac8e7,dqn,42,v1,sparse,68,861,-10.0,0,3,0.9174985262818552,,0,True,False,True,0.9222114169970155
baseline100k_dqn_statev1_sparse_seed42_20261010_115409_706718_3d8ac8e7,dqn,42,v1,sparse,69,876,-10.0,0,15,0.9161232414485486,,0,True,False,True,0.9223466669791378
baseline100k_dqn_statev1_sparse_seed42_20261010_115409_706718_3d8ac8e7,dqn,42,v1,sparse,70,918,-10.0,0,42,0.9122834011487255,,0,True,False,True,0.9226503749960102
baseline100k_dqn_statev1_sparse_seed42_20261010_115409_706718_3d8ac8e7,dqn,42,v1,sparse,71,921,-10.0,0,3,0.9120097434959706,,0,True,False,True,0.9226843749638647
baseline100k_dqn_statev1_sparse_seed42_20261010_115409_706718_3d8ac8e7,dqn,42,v1,sparse,72,932,-10.0,0,11,0.9110070342330328,,0,True,False,True,0.922771458979696
baseline100k_dqn_statev1_sparse_seed42_20261010_115409_706718_3d8ac8e7,dqn,42,v1,sparse,73,944,-10.0,0,12,0.9099144268562193,,0,True,False,True,0.9228602499933913
baseline100k_dqn_statev1_sparse_seed42_20261010_115409_706718_3d8ac8e7,dqn,42,v1,sparse,74,954,-10.0,0,10,0.9090049217816846,,0,True,False,True,0.92296204197919
baseline100k_dqn_statev1_sparse_seed42_20261010_115409_706718_3d8ac8e7,dqn,42,v1,sparse,75,957,-10.0,0,3,0.9087322475743888,,0,True,False,True,0.9230158749851398
baseline100k_dqn_statev1_sparse_seed42_20261010_115409_706718_3d8ac8e7,dqn,42,v1,sparse,76,982,-10.0,0,25,0.9064631410632606,,0,True,False,True,0.9232450839481317
baseline100k_dqn_statev1_sparse_seed42_20261010_115409_706718_3d8ac8e7,dqn,42,v1,sparse,77,995,10.0,2,13,0.9052854457619449,,0,True,False,True,0.9233966249739751
baseline100k_dqn_statev1_sparse_seed42_20261010_115409_706718_3d8ac8e7,dqn,42,v1,sparse,78,1014,-10.0,0,19,0.9035669505762389,0.8119151035944621,15,True,False,True,0.9541526669636369
baseline100k_dqn_statev1_sparse_seed42_20261010_115409_706718_3d8ac8e7,dqn,42,v1,sparse,79,1017,-10.0,0,3,0.903295907597171,0.7838194767634074,18,True,False,True,0.9552575839916244
baseline100k_dqn_statev1_sparse_seed42_20261010_115409_706718_3d8ac8e7,dqn,42,v1,sparse,80,1035,-10.0,0,18,0.9016713562694217,0.805126835902532,36,True,False,True,0.9619984169839881
baseline100k_dqn_statev1_sparse_seed42_20261010_115409_706718_3d8ac8e7,dqn,42,v1,sparse,81,1045,-10.0,0,10,0.9007700905570811,0.7338176354765892,46,True,False,True,0.9657647089916281
baseline100k_dqn_statev1_sparse_seed42_20261010_115409_706718_3d8ac8e7,dqn,42,v1,sparse,82,1053,-10.0,0,8,0.9000497266498242,0.7325643859803677,54,True,False,True,0.9688191669993103
baseline100k_dqn_statev1_sparse_seed42_20261010_115409_706718_3d8ac8e7,dqn,42,v1,sparse,83,1060,-10.0,0,7,0.8994198808201134,0.6835744168077197,61,True,False,True,0.9713456249446608
baseline100k_dqn_statev1_sparse_seed42_20261010_115409_706718_3d8ac8e7,dqn,42,v1,sparse,84,1069,-10.0,0,9,0.8986107266429926,0.7614317999945747,70,True,False,True,0.9746649999869987
baseline100k_dqn_statev1_sparse_seed42_20261010_115409_706718_3d8ac8e7,dqn,42,v1,sparse,85,1103,0.0,1,34,0.8955604860054617,0.6639421700554735,104,True,False,True,0.9872819999582134
baseline100k_dqn_statev1_sparse_seed42_20261010_115409_706718_3d8ac8e7,dqn,42,v1,sparse,86,1127,-10.0,0,24,0.893413610774327,0.30119579813132685,128,True,False,True,0.9958843339700252
baseline100k_dqn_statev1_sparse_seed42_20261010_115409_706718_3d8ac8e7,dqn,42,v1,sparse,87,1130,-10.0,0,3,0.8931456134926097,0.19352586567401886,131,True,False,True,0.99702295899624
baseline100k_dqn_statev1_sparse_seed42_20261010_115409_706718_3d8ac8e7,dqn,42,v1,sparse,88,1158,-10.0,0,28,0.8906481789411322,0.19466109254530498,159,True,False,True,1.018017541966401
baseline100k_dqn_statev1_sparse_seed42_20261010_115409_706718_3d8ac8e7,dqn,42,v1,sparse,89,1185,-10.0,0,27,0.8882465524295161,0.1365658391818956,186,True,False,True,1.0305663339677267
baseline100k_dqn_statev1_sparse_seed42_20261010_115409_706718_3d8ac8e7,dqn,42,v1,sparse,90,1212,-10.0,0,27,0.8858514018867927,0.13716655264229136,213,True,False,True,1.040465249971021
baseline100k_dqn_statev1_sparse_seed42_20261010_115409_706718_3d8ac8e7,dqn,42,v1,sparse,91,1219,-10.0,0,7,0.8852314919032646,0.08879590333838548,220,True,False,True,1.0429957919986919
baseline100k_dqn_statev1_sparse_seed42_20261010_115409_706718_3d8ac8e7,dqn,42,v1,sparse,92,1234,0.0,1,15,0.8839045737558167,0.13004428196387988,235,True,False,True,1.0486167499911971
baseline100k_dqn_statev1_sparse_seed42_20261010_115409_706718_3d8ac8e7,dqn,42,v1,sparse,93,1235,-10.0,0,1,0.8838161832984411,0.1496046483516693,236,True,False,True,1.0490073339897208
baseline100k_dqn_statev1_sparse_seed42_20261010_115409_706718_3d8ac8e7,dqn,42,v1,sparse,94,1263,-10.0,0,28,0.8813448359168053,0.09855404805525073,264,True,False,True,1.05894720897777
baseline100k_dqn_statev1_sparse_seed42_20261010_115409_706718_3d8ac8e7,dqn,42,v1,sparse,95,1275,-10.0,0,12,0.8802878036074449,0.14799835657080015,276,True,False,True,1.0633419169462286
baseline100k_dqn_statev1_sparse_seed42_20261010_115409_706718_3d8ac8e7,dqn,42,v1,sparse,96,1286,-10.0,0,11,0.8793199710365504,0.08545972804792902,287,True,False,True,1.067577708978206
baseline100k_dqn_statev1_sparse_seed42_20261010_115409_706718_3d8ac8e7,dqn,42,v1,sparse,97,1293,-10.0,0,7,0.8787046316832456,0.11151938040607742,294,True,False,True,1.0701930839568377
baseline100k_dqn_statev1_sparse_seed42_20261010_115409_706718_3d8ac8e7,dqn,42,v1,sparse,98,1315,-10.0,0,22,0.8767735099486794,0.09061377303971146,316,True,False,True,1.0786193749518134
baseline100k_dqn_statev1_sparse_seed42_20261010_115409_706718_3d8ac8e7,dqn,42,v1,sparse,99,1319,-10.0,0,4,0.8764228531476036,0.18782571703195572,320,True,False,True,1.080145874992013
baseline100k_dqn_statev1_sparse_seed42_20261010_115409_706718_3d8ac8e7,dqn,42,v1,sparse,100,1323,-10.0,0,4,0.8760723365882102,0.14914547046646476,324,True,False,True,1.0816321249585599
baseline100k_dqn_statev1_sparse_seed42_20261010_115409_706718_3d8ac8e7,dqn,42,v1,sparse,101,1328,-10.0,0,5,0.8756343880183893,0.14556964561343194,329,True,False,True,1.0847621669527143
baseline100k_dqn_statev1_sparse_seed42_20261010_115409_706718_3d8ac8e7,dqn,42,v1,sparse,102,1330,-10.0,0,2,0.8754592698971296,0.15298518305644393,331,True,False,True,1.085547124966979
baseline100k_dqn_statev1_sparse_seed42_20261010_115409_706718_3d8ac8e7,dqn,42,v1,sparse,103,1340,-10.0,0,10,0.8745842044788674,0.06252399296499789,341,True,False,True,1.0892988339764997
baseline100k_dqn_statev1_sparse_seed42_20261010_115409_706718_3d8ac8e7,dqn,42,v1,sparse,104,1342,-10.0,0,2,0.8744092963838137,0.14807599782943726,343,True,False,True,1.0900369589799084
baseline100k_dqn_statev1_sparse_seed42_20261010_115409_706718_3d8ac8e7,dqn,42,v1,sparse,105,1343,-10.0,0,1,0.8743218554541753,0.0122413020581007,344,True,False,True,1.0904200839577243
baseline100k_dqn_statev1_sparse_seed42_20261010_115409_706718_3d8ac8e7,dqn,42,v1,sparse,106,1361,-10.0,0,18,0.8727494131136175,0.10095570357387057,362,True,False,True,1.0969281669822522
baseline100k_dqn_statev1_sparse_seed42_20261010_115409_706718_3d8ac8e7,dqn,42,v1,sparse,107,1377,0.0,1,16,0.8713540608633507,0.07595811267674435,378,True,False,True,1.1026006249594502
baseline100k_dqn_statev1_sparse_seed42_20261010_115409_706718_3d8ac8e7,dqn,42,v1,sparse,108,1396,-10.0,0,19,0.8696999773191502,0.07088568192710609,397,True,False,True,1.1091988339903764
baseline100k_dqn_statev1_sparse_seed42_20261010_115409_706718_3d8ac8e7,dqn,42,v1,sparse,109,1405,-10.0,0,9,0.8689175603585111,0.17960324050444695,406,True,False,True,1.112382583960425
baseline100k_dqn_statev1_sparse_seed42_20261010_115409_706718_3d8ac8e7,dqn,42,v1,sparse,110,1414,-10.0,0,9,0.8681358472915321,0.11489261363426016,415,True,False,True,1.1155872919480316
baseline100k_dqn_statev1_sparse_seed42_20261010_115409_706718_3d8ac8e7,dqn,42,v1,sparse,111,1415,-10.0,0,1,0.868049033706803,0.1539735049009323,416,True,False,True,1.1159674999653362
baseline100k_dqn_statev1_sparse_seed42_20261010_115409_706718_3d8ac8e7,dqn,42,v1,sparse,112,1429,-10.0,0,14,0.8668345546683512,0.12803989550697484,430,True,False,True,1.1209420419763774
baseline100k_dqn_statev1_sparse_seed42_20261010_115409_706718_3d8ac8e7,dqn,42,v1,sparse,113,1458,-10.0,0,29,0.8643242506427495,0.12000316076366038,459,True,False,True,1.1316648749634624
baseline100k_dqn_statev1_sparse_seed42_20261010_115409_706718_3d8ac8e7,dqn,42,v1,sparse,114,1541,-10.0,0,83,0.8571796930602676,0.07902484374536,542,True,False,True,1.1613021669909358
baseline100k_dqn_statev1_sparse_seed42_20261010_115409_706718_3d8ac8e7,dqn,42,v1,sparse,115,1544,-10.0,0,3,0.8569225648668832,0.0500026592053473,545,True,False,True,1.16238162497757
baseline100k_dqn_statev1_sparse_seed42_20261010_115409_706718_3d8ac8e7,dqn,42,v1,sparse,116,1570,-10.0,0,26,0.854697348969847,0.12523781100753695,571,True,False,True,1.1718201669864357
baseline100k_dqn_statev1_sparse_seed42_20261010_115409_706718_3d8ac8e7,dqn,42,v1,sparse,117,1573,-10.0,0,3,0.8544409654052217,0.0055482172562430305,574,True,False,True,1.1729470419813879
baseline100k_dqn_statev1_sparse_seed42_20261010_115409_706718_3d8ac8e7,dqn,42,v1,sparse,118,1589,-10.0,0,16,0.8530748847114006,0.08643221786769573,590,True,False,True,1.1786430419888347
baseline100k_dqn_statev1_sparse_seed42_20261010_115409_706718_3d8ac8e7,dqn,42,v1,sparse,119,1593,-10.0,0,4,0.852733705938597,0.1488378718495369,594,True,False,True,1.180086874985136
baseline100k_dqn_statev1_sparse_seed42_20261010_115409_706718_3d8ac8e7,dqn,42,v1,sparse,120,1594,-10.0,0,1,0.8526484325680032,0.003637897316366434,595,True,False,True,1.180462958989665
baseline100k_dqn_statev1_sparse_seed42_20261010_115409_706718_3d8ac8e7,dqn,42,v1,sparse,121,1618,-10.0,0,24,0.8506044279146594,0.06944523494166788,619,True,False,True,1.1889619999565184
baseline100k_dqn_statev1_sparse_seed42_20261010_115409_706718_3d8ac8e7,dqn,42,v1,sparse,122,1622,-10.0,0,4,0.850264237176357,0.11039669023011811,623,True,False,True,1.1904609999619424
baseline100k_dqn_statev1_sparse_seed42_20261010_115409_706718_3d8ac8e7,dqn,42,v1,sparse,123,1626,-10.0,0,4,0.8499241824939398,0.11086171702481806,627,True,False,True,1.1919455419993028
baseline100k_dqn_statev1_sparse_seed42_20261010_115409_706718_3d8ac8e7,dqn,42,v1,sparse,124,1630,-10.0,0,4,0.8495842638129936,0.03948547877371311,631,True,False,True,1.1933999999891967
baseline100k_dqn_statev1_sparse_seed42_20261010_115409_706718_3d8ac8e7,dqn,42,v1,sparse,125,1635,0.0,1,5,0.849159556631018,0.08986250553280115,636,True,False,True,1.1952359999995679
baseline100k_dqn_statev1_sparse_seed42_20261010_115409_706718_3d8ac8e7,dqn,42,v1,sparse,126,1640,-10.0,0,5,0.8487350617601672,0.11767351338639856,641,True,False,True,1.1970765839796513
baseline100k_dqn_statev1_sparse_seed42_20261010_115409_706718_3d8ac8e7,dqn,42,v1,sparse,127,1643,-10.0,0,3,0.8484804667028423,0.050108948877702154,644,True,False,True,1.1982079169829376
baseline100k_dqn_statev1_sparse_seed42_20261010_115409_706718_3d8ac8e7,dqn,42,v1,sparse,128,1659,-10.0,0,16,0.8471239156576834,0.12123180685011903,660,True,False,True,1.204008458997123
baseline100k_dqn_statev1_sparse_seed42_20261010_115409_706718_3d8ac8e7,dqn,42,v1,sparse,129,1688,0.0,1,29,0.8446706925319939,0.09179268032312393,689,True,False,True,1.2142688749590889
baseline100k_dqn_statev1_sparse_seed42_20261010_115409_706718_3d8ac8e7,dqn,42,v1,sparse,130,1699,-10.0,0,11,0.843742019199747,0.0670898304828866,700,True,False,True,1.218192291969899
baseline100k_dqn_statev1_sparse_seed42_20261010_115409_706718_3d8ac8e7,dqn,42,v1,sparse,131,1716,-10.0,0,17,0.84230880468271,0.08696503709207344,717,True,False,True,1.2243867089855485
baseline100k_dqn_statev1_sparse_seed42_20261010_115409_706718_3d8ac8e7,dqn,42,v1,sparse,132,1757,0.0,1,41,0.8388622365452214,0.10831753882613578,758,True,False,True,1.2391523749683984
baseline100k_dqn_statev1_sparse_seed42_20261010_115409_706718_3d8ac8e7,dqn,42,v1,sparse,133,1792,-10.0,0,35,0.8359312044616571,0.10970982961755778,793,True,False,True,1.2517177499830723
baseline100k_dqn_statev1_sparse_seed42_20261010_115409_706718_3d8ac8e7,dqn,42,v1,sparse,134,1826,-10.0,0,34,0.8330937229422068,0.06783368302550276,827,True,False,True,1.2640090839704499
baseline100k_dqn_statev1_sparse_seed42_20261010_115409_706718_3d8ac8e7,dqn,42,v1,sparse,135,1872,-10.0,0,46,0.8292701017039262,0.1132256400052701,873,True,False,True,1.2804012919659726
baseline100k_dqn_statev1_sparse_seed42_20261010_115409_706718_3d8ac8e7,dqn,42,v1,sparse,136,1906,0.0,1,34,0.8264552306048949,0.09275246559477904,907,True,False,True,1.292583416972775
baseline100k_dqn_statev1_sparse_seed42_20261010_115409_706718_3d8ac8e7,dqn,42,v1,sparse,137,1914,-10.0,0,8,0.8257942977816,0.05798909012810327,915,True,False,True,1.2954781669541262
baseline100k_dqn_statev1_sparse_seed42_20261010_115409_706718_3d8ac8e7,dqn,42,v1,sparse,138,1918,-10.0,0,4,0.8254640296068421,0.07498996681533754,919,True,False,True,1.2969265419524163
baseline100k_dqn_statev1_sparse_seed42_20261010_115409_706718_3d8ac8e7,dqn,42,v1,sparse,139,1963,0.0,1,45,0.8217576018664593,0.10007435667018096,964,True,False,True,1.3128166669630446
baseline100k_dqn_statev1_sparse_seed42_20261010_115409_706718_3d8ac8e7,dqn,42,v1,sparse,140,1970,-10.0,0,7,0.8211825440854905,0.08535920565814845,971,True,False,True,1.3153011669637635
baseline100k_dqn_statev1_sparse_seed42_20261010_115409_706718_3d8ac8e7,dqn,42,v1,sparse,141,1981,0.0,1,11,0.8202796948019279,0.12125214191407642,982,True,False,True,1.3192049169447273
baseline100k_dqn_statev1_sparse_seed42_20261010_115409_706718_3d8ac8e7,dqn,42,v1,sparse,142,2009,-10.0,0,28,0.8179860096281714,0.11927190803024652,1010,True,False,True,1.3293769999872893
baseline100k_dqn_statev1_sparse_seed42_20261010_115409_706718_3d8ac8e7,dqn,42,v1,sparse,143,2030,-10.0,0,21,0.8162699556911407,0.10710298873129345,1031,True,False,True,1.3369447919540107
baseline100k_dqn_statev1_sparse_seed42_20261010_115409_706718_3d8ac8e7,dqn,42,v1,sparse,144,2037,-10.0,0,7,0.8156987381102812,0.10503617604263127,1038,True,False,True,1.339473416970577
baseline100k_dqn_statev1_sparse_seed42_20261010_115409_706718_3d8ac8e7,dqn,42,v1,sparse,145,2051,0.0,1,14,0.8145575018659459,0.06477614139605846,1052,True,False,True,1.344438291969709
baseline100k_dqn_statev1_sparse_seed42_20261010_115409_706718_3d8ac8e7,dqn,42,v1,sparse,146,2053,-10.0,0,2,0.8143945985111477,0.0027937667910009623,1054,True,False,True,1.3451785839861259
baseline100k_dqn_statev1_sparse_seed42_20261010_115409_706718_3d8ac8e7,dqn,42,v1,sparse,147,2069,-10.0,0,16,0.8130925439711356,0.12062933774723206,1070,True,False,True,1.3509372919797897
baseline100k_dqn_statev1_sparse_seed42_20261010_115409_706718_3d8ac8e7,dqn,42,v1,sparse,148,2073,0.0,1,4,0.8127673557358475,0.07681331573985517,1074,True,False,True,1.3524413339910097
baseline100k_dqn_statev1_sparse_seed42_20261010_115409_706718_3d8ac8e7,dqn,42,v1,sparse,149,2074,-10.0,0,1,0.8126860790002739,0.01674179546535015,1075,True,False,True,1.352815999998711
baseline100k_dqn_statev1_sparse_seed42_20261010_115409_706718_3d8ac8e7,dqn,42,v1,sparse,150,2081,-10.0,0,7,0.8121173693806092,0.15025695293609584,1082,True,False,True,1.355329249985516
baseline100k_dqn_statev1_sparse_seed42_20261010_115409_706718_3d8ac8e7,dqn,42,v1,sparse,151,2112,-10.0,0,31,0.8096035782333834,0.10363014012334808,1113,True,False,True,1.3664409169577993
baseline100k_dqn_statev1_sparse_seed42_20261010_115409_706718_3d8ac8e7,dqn,42,v1,sparse,152,2118,-10.0,0,6,0.8091179375107892,0.10231782837460439,1119,True,False,True,1.368579874979332
baseline100k_dqn_statev1_sparse_seed42_20261010_115409_706718_3d8ac8e7,dqn,42,v1,sparse,153,2121,-10.0,0,3,0.808875226402265,0.14609339429686466,1122,True,False,True,1.3696494999458082
baseline100k_dqn_statev1_sparse_seed42_20261010_115409_706718_3d8ac8e7,dqn,42,v1,sparse,154,2131,-10.0,0,10,0.8080667150726665,0.07709251437336206,1132,True,False,True,1.3732383749447763
baseline100k_dqn_statev1_sparse_seed42_20261010_115409_706718_3d8ac8e7,dqn,42,v1,sparse,155,2147,-10.0,0,16,0.8067747775562383,0.13189159060129896,1148,True,False,True,1.379046958987601
baseline100k_dqn_statev1_sparse_seed42_20261010_115409_706718_3d8ac8e7,dqn,42,v1,sparse,156,2149,-10.0,0,2,0.8066134306684748,0.14777147816494107,1150,True,False,True,1.3798002089606598
baseline100k_dqn_statev1_sparse_seed42_20261010_115409_706718_3d8ac8e7,dqn,42,v1,sparse,157,2160,-10.0,0,11,0.8057265993990619,0.10970169589431449,1161,True,False,True,1.383648874994833
baseline100k_dqn_statev1_sparse_seed42_20261010_115409_706718_3d8ac8e7,dqn,42,v1,sparse,158,2175,-10.0,0,15,0.8045188551463972,0.11065920693799854,1176,True,False,True,1.3888903749757446
baseline100k_dqn_statev1_sparse_seed42_20261010_115409_706718_3d8ac8e7,dqn,42,v1,sparse,159,2176,-10.0,0,1,0.8044384032608826,0.004838120192289352,1177,True,False,True,1.3892608339665458
baseline100k_dqn_statev1_sparse_seed42_20261010_115409_706718_3d8ac8e7,dqn,42,v1,sparse,160,2178,-10.0,0,2,0.8042775236246144,0.21632497757673264,1179,True,False,True,1.3899962089490145
baseline100k_dqn_statev1_sparse_seed42_20261010_115409_706718_3d8ac8e7,dqn,42,v1,sparse,161,2190,-10.0,0,12,0.8033129212425293,0.08761237158129613,1191,True,False,True,1.39419179194374
baseline100k_dqn_statev1_sparse_seed42_20261010_115409_706718_3d8ac8e7,dqn,42,v1,sparse,162,2210,0.0,1,20,0.801707820779207,0.14843229982070624,1211,True,False,True,1.401289541972801
baseline100k_dqn_statev1_sparse_seed42_20261010_115409_706718_3d8ac8e7,dqn,42,v1,sparse,163,2246,-10.0,0,36,0.7988267176641988,0.1140370292770159,1247,True,False,True,1.4141007089638151
baseline100k_dqn_statev1_sparse_seed42_20261010_115409_706718_3d8ac8e7,dqn,42,v1,sparse,164,2274,-10.0,0,28,0.7965930198044103,0.11133002582937479,1275,True,False,True,1.4243163339560851
baseline100k_dqn_statev1_sparse_seed42_20261010_115409_706718_3d8ac8e7,dqn,42,v1,sparse,165,2275,-10.0,0,1,0.7965133605024299,0.007579714525490999,1276,True,False,True,1.4247410419629887
baseline100k_dqn_statev1_sparse_seed42_20261010_115409_706718_3d8ac8e7,dqn,42,v1,sparse,166,2288,-10.0,0,13,0.7954785141864521,0.08241549195148624,1289,True,False,True,1.429542458965443
baseline100k_dqn_statev1_sparse_seed42_20261010_115409_706718_3d8ac8e7,dqn,42,v1,sparse,167,2307,-10.0,0,19,0.7939684645072469,0.15231008379180966,1308,True,False,True,1.4364856249885634
baseline100k_dqn_statev1_sparse_seed42_20261010_115409_706718_3d8ac8e7,dqn,42,v1,sparse,168,2319,-10.0,0,12,0.793016226194391,0.08948455529753119,1320,True,False,True,1.4409144169767387
baseline100k_dqn_statev1_sparse_seed42_20261010_115409_706718_3d8ac8e7,dqn,42,v1,sparse,169,2325,-10.0,0,6,0.7925405353952494,0.09728002493890624,1326,True,False,True,1.4430456669651903
baseline100k_dqn_statev1_sparse_seed42_20261010_115409_706718_3d8ac8e7,dqn,42,v1,sparse,170,2333,-10.0,0,8,0.7919067248339065,0.05994753076811321,1334,True,False,True,1.4458824169705622
baseline100k_dqn_statev1_sparse_seed42_20261010_115409_706718_3d8ac8e7,dqn,42,v1,sparse,171,2340,-10.0,0,7,0.791352556399221,0.06577760466773595,1341,True,False,True,1.4484244999475777
baseline100k_dqn_statev1_sparse_seed42_20261010_115409_706718_3d8ac8e7,dqn,42,v1,sparse,172,2360,-10.0,0,20,0.7897713539545212,0.0971229289425537,1361,True,False,True,1.4555720419739373
baseline100k_dqn_statev1_sparse_seed42_20261010_115409_706718_3d8ac8e7,dqn,42,v1,sparse,173,2364,-10.0,0,4,0.7894554927960618,0.1784492462174967,1365,True,False,True,1.4570239589666016
baseline100k_dqn_statev1_sparse_seed42_20261010_115409_706718_3d8ac8e7,dqn,42,v1,sparse,174,2383,0.0,1,19,0.7879568765639657,0.08742724525693216,1384,True,False,True,1.4637640839791857
baseline100k_dqn_statev1_sparse_seed42_20261010_115409_706718_3d8ac8e7,dqn,42,v1,sparse,175,2391,-10.0,0,8,0.7873267316465199,0.1453137474018149,1392,True,False,True,1.4666264589759521
baseline100k_dqn_statev1_sparse_seed42_20261010_115409_706718_3d8ac8e7,dqn,42,v1,sparse,176,2420,-10.0,0,29,0.785046677796253,0.08361650924680047,1421,True,False,True,1.476983874978032
baseline100k_dqn_statev1_sparse_seed42_20261010_115409_706718_3d8ac8e7,dqn,42,v1,sparse,177,2484,-10.0,0,64,0.7800381729410172,0.10742834500706522,1485,True,False,True,1.5002122089499608
baseline100k_dqn_statev1_sparse_seed42_20261010_115409_706718_3d8ac8e7,dqn,42,v1,sparse,178,2487,-10.0,0,3,0.7798041848895001,0.14669319490591684,1488,True,False,True,1.5013229589676484
baseline100k_dqn_statev1_sparse_seed42_20261010_115409_706718_3d8ac8e7,dqn,42,v1,sparse,179,2506,0.0,1,19,0.7783238896480383,0.08821608275665264,1507,True,False,True,1.5082123339525424
baseline100k_dqn_statev1_sparse_seed42_20261010_115409_706718_3d8ac8e7,dqn,42,v1,sparse,180,2514,-10.0,0,8,0.7777014484234283,0.14736680447822437,1515,True,False,True,1.5110265419934876
baseline100k_dqn_statev1_sparse_seed42_20261010_115409_706718_3d8ac8e7,dqn,42,v1,sparse,181,2548,10.0,2,34,0.7750616217537537,0.10985334241516231,1549,True,False,True,1.523291541961953
baseline100k_dqn_statev1_sparse_seed42_20261010_115409_706718_3d8ac8e7,dqn,42,v1,sparse,182,2571,-10.0,0,23,0.7732809395576752,0.0984348014159047,1572,True,False,True,1.5315876249806024
baseline100k_dqn_statev1_sparse_seed42_20261010_115409_706718_3d8ac8e7,dqn,42,v1,sparse,183,2585,-10.0,0,14,0.7721990496465526,0.04702253223097484,1586,True,False,True,1.5367097499547526
baseline100k_dqn_statev1_sparse_seed42_20261010_115409_706718_3d8ac8e7,dqn,42,v1,sparse,184,2620,-10.0,0,35,0.7695009425071333,0.16453497022656458,1621,True,False,True,1.5495019999798387
baseline100k_dqn_statev1_sparse_seed42_20261010_115409_706718_3d8ac8e7,dqn,42,v1,sparse,185,2636,-10.0,0,16,0.7682706639694725,0.09335103468038142,1637,True,False,True,1.5553504589479417
baseline100k_dqn_statev1_sparse_seed42_20261010_115409_706718_3d8ac8e7,dqn,42,v1,sparse,186,2641,0.0,1,5,0.767886605456872,0.1989655839279294,1642,True,False,True,1.5571724999463186
baseline100k_dqn_statev1_sparse_seed42_20261010_115409_706718_3d8ac8e7,dqn,42,v1,sparse,187,2662,-10.0,0,21,0.7662756551264543,0.09404743254362118,1663,True,False,True,1.5647038339520805
baseline100k_dqn_statev1_sparse_seed42_20261010_115409_706718_3d8ac8e7,dqn,42,v1,sparse,188,2669,-10.0,0,7,0.7657394230589364,0.08624756036858473,1670,True,False,True,1.5671932499972172
baseline100k_dqn_statev1_sparse_seed42_20261010_115409_706718_3d8ac8e7,dqn,42,v1,sparse,189,2679,10.0,2,10,0.7649740281267453,0.16397120673209428,1680,True,False,True,1.5708352499641478
baseline100k_dqn_statev1_sparse_seed42_20261010_115409_706718_3d8ac8e7,dqn,42,v1,sparse,190,2692,-10.0,0,13,0.7639801583511947,0.10242482933860558,1693,True,False,True,1.5753814169438556
baseline100k_dqn_statev1_sparse_seed42_20261010_115409_706718_3d8ac8e7,dqn,42,v1,sparse,191,2712,-10.0,0,20,0.7624536487262261,0.10403409979771823,1713,True,False,True,1.5825366249773651
baseline100k_dqn_statev1_sparse_seed42_20261010_115409_706718_3d8ac8e7,dqn,42,v1,sparse,192,2751,0.0,1,39,0.7594857223159339,0.1066512436283609,1752,True,False,True,1.5963040419737808
baseline100k_dqn_statev1_sparse_seed42_20261010_115409_706718_3d8ac8e7,dqn,42,v1,sparse,193,2754,-10.0,0,3,0.7592578993830513,0.19559316569939256,1755,True,False,True,1.597396333992947
baseline100k_dqn_statev1_sparse_seed42_20261010_115409_706718_3d8ac8e7,dqn,42,v1,sparse,194,2776,10.0,2,22,0.7575892847214543,0.09042859124019742,1777,True,False,True,1.6052456249599345
baseline100k_dqn_statev1_sparse_seed42_20261010_115409_706718_3d8ac8e7,dqn,42,v1,sparse,195,2790,0.0,1,14,0.7565293488534068,0.18763055805382983,1791,True,False,True,1.6102157919667661
baseline100k_dqn_statev1_sparse_seed42_20261010_115409_706718_3d8ac8e7,dqn,42,v1,sparse,196,2853,-10.0,0,63,0.7517779589762875,0.12384170526638627,1854,True,False,True,1.6324937499593943
baseline100k_dqn_statev1_sparse_seed42_20261010_115409_706718_3d8ac8e7,dqn,42,v1,sparse,197,2870,0.0,1,17,0.7505009583530222,0.14139852911124334,1871,True,False,True,1.6387305839452893
baseline100k_dqn_statev1_sparse_seed42_20261010_115409_706718_3d8ac8e7,dqn,42,v1,sparse,198,2890,10.0,2,20,0.7490013815329295,0.1188434824696742,1891,True,False,True,1.6460613339440897
baseline100k_dqn_statev1_sparse_seed42_20261010_115409_706718_3d8ac8e7,dqn,42,v1,sparse,199,2902,-10.0,0,12,0.7481030740512588,0.1505185670296972,1903,True,False,True,1.6503900839597918
baseline100k_dqn_statev1_sparse_seed42_20261010_115409_706718_3d8ac8e7,dqn,42,v1,sparse,200,2911,-10.0,0,9,0.7474300505388882,0.11973600803563993,1912,True,False,True,1.653597958968021
baseline100k_dqn_statev1_sparse_seed42_20261010_115409_706718_3d8ac8e7,dqn,42,v1,sparse,201,2930,0.0,1,19,0.7460112108242809,0.15498513997973581,1931,True,False,True,1.661953791975975
baseline100k_dqn_statev1_sparse_seed42_20261010_115409_706718_3d8ac8e7,dqn,42,v1,sparse,202,3002,20.0,3,72,0.7406589537374308,0.14945424922754885,2003,True,False,True,1.6876655419473536
baseline100k_dqn_statev1_sparse_seed42_20261010_115409_706718_3d8ac8e7,dqn,42,v1,sparse,203,3037,-10.0,0,35,0.7380710494763875,0.1450336136456047,2038,True,False,True,1.70017166697653
baseline100k_dqn_statev1_sparse_seed42_20261010_115409_706718_3d8ac8e7,dqn,42,v1,sparse,204,3045,-10.0,0,8,0.7374807992553735,0.10294188215630129,2046,True,False,True,1.7031006249599159
baseline100k_dqn_statev1_sparse_seed42_20261010_115409_706718_3d8ac8e7,dqn,42,v1,sparse,205,3055,-10.0,0,10,0.7367436502339956,0.11023599649779499,2056,True,False,True,1.7068102089688182
baseline100k_dqn_statev1_sparse_seed42_20261010_115409_706718_3d8ac8e7,dqn,42,v1,sparse,206,3063,-10.0,0,8,0.736154461560778,0.1347093255026266,2064,True,False,True,1.709712708950974
baseline100k_dqn_statev1_sparse_seed42_20261010_115409_706718_3d8ac8e7,dqn,42,v1,sparse,207,3083,-10.0,0,20,0.7346835504922743,0.1459348561707884,2084,True,False,True,1.7170016249874607
baseline100k_dqn_statev1_sparse_seed42_20261010_115409_706718_3d8ac8e7,dqn,42,v1,sparse,208,3121,0.0,1,38,0.7318969116333933,0.13044164963311664,2122,True,False,True,1.730523458973039
baseline100k_dqn_statev1_sparse_seed42_20261010_115409_706718_3d8ac8e7,dqn,42,v1,sparse,209,3145,0.0,1,24,0.7301423776003675,0.1412639080081135,2146,True,False,True,1.7391392919817008
baseline100k_dqn_statev1_sparse_seed42_20261010_115409_706718_3d8ac8e7,dqn,42,v1,sparse,210,3150,10.0,2,5,0.729777379418504,0.07255034316331148,2151,True,False,True,1.7409594589844346
baseline100k_dqn_statev1_sparse_seed42_20261010_115409_706718_3d8ac8e7,dqn,42,v1,sparse,211,3190,-10.0,0,40,0.7268639549608542,0.1725303416722454,2191,True,False,True,1.7550542919780128
baseline100k_dqn_statev1_sparse_seed42_20261010_115409_706718_3d8ac8e7,dqn,42,v1,sparse,212,3207,-10.0,0,17,0.725629274278305,0.09759270613465239,2208,True,False,True,1.7611302089644596
baseline100k_dqn_statev1_sparse_seed42_20261010_115409_706718_3d8ac8e7,dqn,42,v1,sparse,213,3226,-10.0,0,19,0.7242518187803821,0.11141536754899119,2227,True,False,True,1.7680185839999467
baseline100k_dqn_statev1_sparse_seed42_20261010_115409_706718_3d8ac8e7,dqn,42,v1,sparse,214,3250,-10.0,0,24,0.7225156118852127,0.13165669121857113,2251,True,False,True,1.7767124999663793
baseline100k_dqn_statev1_sparse_seed42_20261010_115409_706718_3d8ac8e7,dqn,42,v1,sparse,215,3251,-10.0,0,1,0.7224433603240242,0.1483752429485321,2252,True,False,True,1.777086458983831
baseline100k_dqn_statev1_sparse_seed42_20261010_115409_706718_3d8ac8e7,dqn,42,v1,sparse,216,3252,-10.0,0,1,0.7223711159879919,0.1556476652622223,2253,True,False,True,1.77745795896044
baseline100k_dqn_statev1_sparse_seed42_20261010_115409_706718_3d8ac8e7,dqn,42,v1,sparse,217,3255,-10.0,0,3,0.7221544263236067,0.2423878808816274,2256,True,False,True,1.7785212919698097
baseline100k_dqn_statev1_sparse_seed42_20261010_115409_706718_3d8ac8e7,dqn,42,v1,sparse,218,3256,-10.0,0,1,0.7220822108809744,0.31608903408050537,2257,True,False,True,1.778896999952849
baseline100k_dqn_statev1_sparse_seed42_20261010_115409_706718_3d8ac8e7,dqn,42,v1,sparse,219,3327,0.0,1,71,0.7169733297261175,0.12949840437201127,2328,True,False,True,1.8043723339796998
baseline100k_dqn_statev1_sparse_seed42_20261010_115409_706718_3d8ac8e7,dqn,42,v1,sparse,220,3337,-10.0,0,10,0.7162566789483681,0.15364952636882662,2338,True,False,True,1.8079498339793645
baseline100k_dqn_statev1_sparse_seed42_20261010_115409_706718_3d8ac8e7,dqn,42,v1,sparse,221,3373,-10.0,0,36,0.7136826622113753,0.1446798171253047,2374,True,False,True,1.820606791996397
baseline100k_dqn_statev1_sparse_seed42_20261010_115409_706718_3d8ac8e7,dqn,42,v1,sparse,222,3381,0.0,1,8,0.7131119158727903,0.2013227721909061,2382,True,False,True,1.8234771669958718
baseline100k_dqn_statev1_sparse_seed42_20261010_115409_706718_3d8ac8e7,dqn,42,v1,sparse,223,3390,-10.0,0,9,0.7124703718089022,0.13504364144884878,2391,True,False,True,1.826629166956991
baseline100k_dqn_statev1_sparse_seed42_20261010_115409_706718_3d8ac8e7,dqn,42,v1,sparse,224,3472,20.0,3,82,0.7066517129291625,0.16922631132893445,2473,True,False,True,1.855829541978892
baseline100k_dqn_statev1_sparse_seed42_20261010_115409_706718_3d8ac8e7,dqn,42,v1,sparse,225,3494,-10.0,0,22,0.7050987104384484,0.13739771853116425,2495,True,False,True,1.8635222499724478
baseline100k_dqn_statev1_sparse_seed42_20261010_115409_706718_3d8ac8e7,dqn,42,v1,sparse,226,3579,20.0,3,85,0.6991304739236215,0.12433015838922823,2580,True,False,True,1.8938616249943152
baseline100k_dqn_statev1_sparse_seed42_20261010_115409_706718_3d8ac8e7,dqn,42,v1,sparse,227,3601,10.0,2,22,0.6975940007962347,0.14033040425486185,2602,True,False,True,1.9017307089525275
baseline100k_dqn_statev1_sparse_seed42_20261010_115409_706718_3d8ac8e7,dqn,42,v1,sparse,228,3619,-10.0,0,18,0.6963393983445997,0.22189097701468402,2620,True,False,True,1.908054874977097
baseline100k_dqn_statev1_sparse_seed42_20261010_115409_706718_3d8ac8e7,dqn,42,v1,sparse,229,3629,-10.0,0,10,0.6956433722154385,0.18875211887061596,2630,True,False,True,1.911556666949764
baseline100k_dqn_statev1_sparse_seed42_20261010_115409_706718_3d8ac8e7,dqn,42,v1,sparse,230,3658,10.0,2,29,0.6936288282078754,0.15695073690008501,2659,True,False,True,1.9220489589497447
baseline100k_dqn_statev1_sparse_seed42_20261010_115409_706718_3d8ac8e7,dqn,42,v1,sparse,231,3693,-10.0,0,35,0.6912052498645053,0.159363971597382,2694,True,False,True,1.9343894589692354
baseline100k_dqn_statev1_sparse_seed42_20261010_115409_706718_3d8ac8e7,dqn,42,v1,sparse,232,3695,-10.0,0,2,0.6910670157265849,0.2904096320271492,2696,True,False,True,1.935101124981884
baseline100k_dqn_statev1_sparse_seed42_20261010_115409_706718_3d8ac8e7,dqn,42,v1,sparse,233,3701,0.0,1,6,0.690652479163381,0.12890182373424372,2702,True,False,True,1.9373259589774534
baseline100k_dqn_statev1_sparse_seed42_20261010_115409_706718_3d8ac8e7,dqn,42,v1,sparse,234,3709,-10.0,0,8,0.6901001505240728,0.25551088177599013,2710,True,False,True,1.940245124977082
baseline100k_dqn_statev1_sparse_seed42_20261010_115409_706718_3d8ac8e7,dqn,42,v1,sparse,235,3715,-10.0,0,6,0.68968619393498,0.20635860382268825,2716,True,False,True,1.942633374943398
baseline100k_dqn_statev1_sparse_seed42_20261010_115409_706718_3d8ac8e7,dqn,42,v1,sparse,236,3724,-10.0,0,9,0.6890657245895434,0.23970759111560053,2725,True,False,True,1.9458675839705393
baseline100k_dqn_statev1_sparse_seed42_20261010_115409_706718_3d8ac8e7,dqn,42,v1,sparse,237,3727,-10.0,0,3,0.6888590255434492,0.21052372579773268,2728,True,False,True,1.9469663749914616
baseline100k_dqn_statev1_sparse_seed42_20261010_115409_706718_3d8ac8e7,dqn,42,v1,sparse,238,3745,-10.0,0,18,0.6876201326898821,0.15285052788547343,2746,True,False,True,1.9533348749973811
baseline100k_dqn_statev1_sparse_seed42_20261010_115409_706718_3d8ac8e7,dqn,42,v1,sparse,239,3746,-10.0,0,1,0.6875513706766131,0.2774209976196289,2747,True,False,True,1.953701916965656
baseline100k_dqn_statev1_sparse_seed42_20261010_115409_706718_3d8ac8e7,dqn,42,v1,sparse,240,3765,10.0,2,19,0.6862461981192007,0.16399493161588907,2766,True,False,True,1.9605815839604475
baseline100k_dqn_statev1_sparse_seed42_20261010_115409_706718_3d8ac8e7,dqn,42,v1,sparse,241,3785,0.0,1,20,0.6848750088087511,0.15718442180659623,2786,True,False,True,1.9678495419793762
baseline100k_dqn_statev1_sparse_seed42_20261010_115409_706718_3d8ac8e7,dqn,42,v1,sparse,242,3788,-10.0,0,3,0.6846695668516738,0.10826725450654824,2789,True,False,True,1.9689315839787014
baseline100k_dqn_statev1_sparse_seed42_20261010_115409_706718_3d8ac8e7,dqn,42,v1,sparse,243,3789,-10.0,0,1,0.6846010998949886,0.14988702535629272,2790,True,False,True,1.9692982499836944
baseline100k_dqn_statev1_sparse_seed42_20261010_115409_706718_3d8ac8e7,dqn,42,v1,sparse,244,3798,-10.0,0,9,0.6839852053039812,0.13949653495930964,2799,True,False,True,1.9724726669955999
baseline100k_dqn_statev1_sparse_seed42_20261010_115409_706718_3d8ac8e7,dqn,42,v1,sparse,245,3803,-10.0,0,5,0.6836432810930102,0.17933157980442047,2804,True,False,True,1.974252458952833
baseline100k_dqn_statev1_sparse_seed42_20261010_115409_706718_3d8ac8e7,dqn,42,v1,sparse,246,3808,-10.0,0,5,0.6833015278099557,0.12298611104488373,2809,True,False,True,1.9760346669936553
baseline100k_dqn_statev1_sparse_seed42_20261010_115409_706718_3d8ac8e7,dqn,42,v1,sparse,247,3818,-10.0,0,10,0.6826185336858515,0.16735689626075329,2819,True,False,True,1.9796572919585742
baseline100k_dqn_statev1_sparse_seed42_20261010_115409_706718_3d8ac8e7,dqn,42,v1,sparse,248,3853,0.0,1,35,0.6802334259340604,0.1963362905862076,2854,True,False,True,1.9922041669487953
baseline100k_dqn_statev1_sparse_seed42_20261010_115409_706718_3d8ac8e7,dqn,42,v1,sparse,249,3894,0.0,1,41,0.677450039557419,0.17120081817776692,2895,True,False,True,2.006885208946187
baseline100k_dqn_statev1_sparse_seed42_20261010_115409_706718_3d8ac8e7,dqn,42,v1,sparse,250,3930,0.0,1,36,0.6750154825172562,0.18070745972606042,2931,True,False,True,2.0199262499809265
baseline100k_dqn_statev1_sparse_seed42_20261010_115409_706718_3d8ac8e7,dqn,42,v1,sparse,251,3931,-10.0,0,1,0.6749479809690044,0.012816124595701694,2932,True,False,True,2.0203063339577056
baseline100k_dqn_statev1_sparse_seed42_20261010_115409_706718_3d8ac8e7,dqn,42,v1,sparse,252,3954,0.0,1,23,0.6733973070364322,0.1387349987483543,2955,True,False,True,2.0287056249799207
baseline100k_dqn_statev1_sparse_seed42_20261010_115409_706718_3d8ac8e7,dqn,42,v1,sparse,253,3962,-10.0,0,8,0.6728587777043438,0.09835373860551044,2963,True,False,True,2.031748749956023
baseline100k_dqn_statev1_sparse_seed42_20261010_115409_706718_3d8ac8e7,dqn,42,v1,sparse,254,3979,0.0,1,17,0.6717158324128003,0.1597403187633437,2980,True,False,True,2.0378759169834666
baseline100k_dqn_statev1_sparse_seed42_20261010_115409_706718_3d8ac8e7,dqn,42,v1,sparse,255,4075,10.0,2,96,0.6652978949115693,0.15036389895734223,3076,True,False,True,2.0723174999584444
baseline100k_dqn_statev1_sparse_seed42_20261010_115409_706718_3d8ac8e7,dqn,42,v1,sparse,256,4080,-10.0,0,5,0.6649653124872504,0.2604097455739975,3081,True,False,True,2.074136124982033
baseline100k_dqn_statev1_sparse_seed42_20261010_115409_706718_3d8ac8e7,dqn,42,v1,sparse,257,4081,-10.0,0,1,0.6648988159560018,0.01229324284940958,3082,True,False,True,2.074504916963633
baseline100k_dqn_statev1_sparse_seed42_20261010_115409_706718_3d8ac8e7,dqn,42,v1,sparse,258,4106,0.0,1,25,0.6632385620841333,0.17253708228468895,3107,True,False,True,2.083570791990496
baseline100k_dqn_statev1_sparse_seed42_20261010_115409_706718_3d8ac8e7,dqn,42,v1,sparse,259,4122,0.0,1,16,0.6621781758997802,0.17835100466618314,3123,True,False,True,2.0894806669675745
baseline100k_dqn_statev1_sparse_seed42_20261010_115409_706718_3d8ac8e7,dqn,42,v1,sparse,260,4140,-10.0,0,18,0.6609872677756349,0.15055160710795057,3141,True,False,True,2.0959282919648103
baseline100k_dqn_statev1_sparse_seed42_20261010_115409_706718_3d8ac8e7,dqn,42,v1,sparse,261,4182,0.0,1,42,0.6582168047706122,0.15226702296751596,3183,True,False,True,2.111114749975968
baseline100k_dqn_statev1_sparse_seed42_20261010_115409_706718_3d8ac8e7,dqn,42,v1,sparse,262,4216,0.0,1,34,0.6559825562949485,0.17751622868373113,3217,True,False,True,2.123528374999296
baseline100k_dqn_statev1_sparse_seed42_20261010_115409_706718_3d8ac8e7,dqn,42,v1,sparse,263,4219,-10.0,0,3,0.6557857812068808,0.1946167896191279,3220,True,False,True,2.124633166997228
baseline100k_dqn_statev1_sparse_seed42_20261010_115409_706718_3d8ac8e7,dqn,42,v1,sparse,264,4222,-10.0,0,3,0.6555890651454364,0.14463822512576976,3223,True,False,True,2.1256973339477554
baseline100k_dqn_statev1_sparse_seed42_20261010_115409_706718_3d8ac8e7,dqn,42,v1,sparse,265,4226,-10.0,0,4,0.6553268688520998,0.08726439322344959,3227,True,False,True,2.1271329169976525
baseline100k_dqn_statev1_sparse_seed42_20261010_115409_706718_3d8ac8e7,dqn,42,v1,sparse,266,4253,10.0,2,27,0.6535597845878273,0.15409929388099247,3254,True,False,True,2.1368012499879114
baseline100k_dqn_statev1_sparse_seed42_20261010_115409_706718_3d8ac8e7,dqn,42,v1,sparse,267,4293,10.0,2,40,0.6509506367645937,0.1465531370602548,3294,True,False,True,2.151489749958273
baseline100k_dqn_statev1_sparse_seed42_20261010_115409_706718_3d8ac8e7,dqn,42,v1,sparse,268,4301,-10.0,0,8,0.6504300584849119,0.15109157375991344,3302,True,False,True,2.154309499950614
baseline100k_dqn_statev1_sparse_seed42_20261010_115409_706718_3d8ac8e7,dqn,42,v1,sparse,269,4320,-10.0,0,19,0.6491953529791762,0.13281928929255196,3321,True,False,True,2.1611679169582203
baseline100k_dqn_statev1_sparse_seed42_20261010_115409_706718_3d8ac8e7,dqn,42,v1,sparse,270,4330,-10.0,0,10,0.6485464496862162,0.09735812973231077,3331,True,False,True,2.1648132919799536
baseline100k_dqn_statev1_sparse_seed42_20261010_115409_706718_3d8ac8e7,dqn,42,v1,sparse,271,4331,-10.0,0,1,0.6484815950412476,0.2671526372432709,3332,True,False,True,2.1652083749650046
baseline100k_dqn_statev1_sparse_seed42_20261010_115409_706718_3d8ac8e7,dqn,42,v1,sparse,272,4338,0.0,1,7,0.6480277940831591,0.20798143105847494,3339,True,False,True,2.1677642919821665
baseline100k_dqn_statev1_sparse_seed42_20261010_115409_706718_3d8ac8e7,dqn,42,v1,sparse,273,4349,-10.0,0,11,0.6473153198180512,0.1811963849785653,3350,True,False,True,2.1717001669458114
baseline100k_dqn_statev1_sparse_seed42_20261010_115409_706718_3d8ac8e7,dqn,42,v1,sparse,274,4354,-10.0,0,5,0.6469917268832013,0.2086083322763443,3355,True,False,True,2.173491583962459
baseline100k_dqn_statev1_sparse_seed42_20261010_115409_706718_3d8ac8e7,dqn,42,v1,sparse,275,4356,-10.0,0,2,0.6468623350077418,0.15179516188800335,3357,True,False,True,2.174229124968406
baseline100k_dqn_statev1_sparse_seed42_20261010_115409_706718_3d8ac8e7,dqn,42,v1,sparse,276,4360,-10.0,0,4,0.6466036288828914,0.1868960028514266,3361,True,False,True,2.175658374966588
baseline100k_dqn_statev1_sparse_seed42_20261010_115409_706718_3d8ac8e7,dqn,42,v1,sparse,277,4378,0.0,1,18,0.6454407311270237,0.1672690787559582,3379,True,False,True,2.1820767919998616
baseline100k_dqn_statev1_sparse_seed42_20261010_115409_706718_3d8ac8e7,dqn,42,v1,sparse,278,4387,-10.0,0,9,0.6448600667734637,0.15313719544145796,3388,True,False,True,2.1853082919842564
baseline100k_dqn_statev1_sparse_seed42_20261010_115409_706718_3d8ac8e7,dqn,42,v1,sparse,279,4408,0.0,1,21,0.6435072139821019,0.19774995646661236,3409,True,False,True,2.1928702919976786
baseline100k_dqn_statev1_sparse_seed42_20261010_115409_706718_3d8ac8e7,dqn,42,v1,sparse,280,4442,0.0,1,34,0.641322895682269,0.1484960275976097,3443,True,False,True,2.205198291980196
baseline100k_dqn_statev1_sparse_seed42_20261010_115409_706718_3d8ac8e7,dqn,42,v1,sparse,281,4450,-10.0,0,8,0.6408100169002243,0.14194565534126014,3451,True,False,True,2.208104124991223
baseline100k_dqn_statev1_sparse_seed42_20261010_115409_706718_3d8ac8e7,dqn,42,v1,sparse,282,4500,0.0,1,50,0.6376138041932984,0.16865611791610718,3501,True,False,True,2.2261033339891583
baseline100k_dqn_statev1_sparse_seed42_20261010_115409_706718_3d8ac8e7,dqn,42,v1,sparse,283,4525,0.0,1,25,0.6360216810585224,0.17250083819031714,3526,True,False,True,2.2353082089684904
baseline100k_dqn_statev1_sparse_seed42_20261010_115409_706718_3d8ac8e7,dqn,42,v1,sparse,284,4549,-10.0,0,24,0.6344969831571895,0.14682226294341186,3550,True,False,True,2.2443012499716133
baseline100k_dqn_statev1_sparse_seed42_20261010_115409_706718_3d8ac8e7,dqn,42,v1,sparse,285,4572,-10.0,0,23,0.6330392442501628,0.14786645689088365,3573,True,False,True,2.2528219999512658
baseline100k_dqn_statev1_sparse_seed42_20261010_115409_706718_3d8ac8e7,dqn,42,v1,sparse,286,4579,-10.0,0,7,0.6325962496952748,0.0954214661781277,3580,True,False,True,2.2554329999838956
baseline100k_dqn_statev1_sparse_seed42_20261010_115409_706718_3d8ac8e7,dqn,42,v1,sparse,287,4580,-10.0,0,1,0.6325329900703053,0.2879412770271301,3581,True,False,True,2.255934916960541
baseline100k_dqn_statev1_sparse_seed42_20261010_115409_706718_3d8ac8e7,dqn,42,v1,sparse,288,4581,-10.0,0,1,0.6324697367712983,0.15510991215705872,3582,True,False,True,2.2563602499431
baseline100k_dqn_statev1_sparse_seed42_20261010_115409_706718_3d8ac8e7,dqn,42,v1,sparse,289,4597,-10.0,0,16,0.6314585438020803,0.18843039131024852,3598,True,False,True,2.2623284169822
baseline100k_dqn_statev1_sparse_seed42_20261010_115409_706718_3d8ac8e7,dqn,42,v1,sparse,290,4621,10.0,2,24,0.6299447848451347,0.21154606532460699,3622,True,False,True,2.271170499967411
baseline100k_dqn_statev1_sparse_seed42_20261010_115409_706718_3d8ac8e7,dqn,42,v1,sparse,291,4647,0.0,1,26,0.6283089740881731,0.22849760698870972,3648,True,False,True,2.2806458339910023
baseline100k_dqn_statev1_sparse_seed42_20261010_115409_706718_3d8ac8e7,dqn,42,v1,sparse,292,4679,-10.0,0,32,0.6263014986694483,0.19382410496473312,3680,True,False,True,2.2919813339831308
baseline100k_dqn_statev1_sparse_seed42_20261010_115409_706718_3d8ac8e7,dqn,42,v1,sparse,293,4682,-10.0,0,3,0.6261136270082661,0.1543890374402205,3683,True,False,True,2.293060791969765
baseline100k_dqn_statev1_sparse_seed42_20261010_115409_706718_3d8ac8e7,dqn,42,v1,sparse,294,4698,0.0,1,16,0.6251125961908958,0.19371046120068058,3699,True,False,True,2.298817833943758
baseline100k_dqn_statev1_sparse_seed42_20261010_115409_706718_3d8ac8e7,dqn,42,v1,sparse,295,4714,-10.0,0,16,0.6241131658221566,0.16901773563586175,3715,True,False,True,2.304519416997209
baseline100k_dqn_statev1_sparse_seed42_20261010_115409_706718_3d8ac8e7,dqn,42,v1,sparse,296,4721,-10.0,0,7,0.6236764176480042,0.13589083523090398,3722,True,False,True,2.3070738339447416
baseline100k_dqn_statev1_sparse_seed42_20261010_115409_706718_3d8ac8e7,dqn,42,v1,sparse,297,4726,-10.0,0,5,0.6233646418005856,0.12875006515532733,3727,True,False,True,2.308889791951515
baseline100k_dqn_statev1_sparse_seed42_20261010_115409_706718_3d8ac8e7,dqn,42,v1,sparse,298,4791,10.0,2,65,0.6193257104270168,0.16928847296020158,3792,True,False,True,2.332218791998457
baseline100k_dqn_statev1_sparse_seed42_20261010_115409_706718_3d8ac8e7,dqn,42,v1,sparse,299,4803,0.0,1,12,0.6185829281932524,0.16544816627477607,3804,True,False,True,2.3366007499862462
baseline100k_dqn_statev1_sparse_seed42_20261010_115409_706718_3d8ac8e7,dqn,42,v1,sparse,300,4805,-10.0,0,2,0.618459217793443,0.22478447062894702,3806,True,False,True,2.3373330839676782
baseline100k_dqn_statev1_sparse_seed42_20261010_115409_706718_3d8ac8e7,dqn,42,v1,sparse,301,4840,0.0,1,35,0.6162982863189327,0.16085524106664317,3841,True,False,True,2.3511912089888938
baseline100k_dqn_statev1_sparse_seed42_20261010_115409_706718_3d8ac8e7,dqn,42,v1,sparse,302,4875,0.0,1,35,0.6141449052611729,0.17468756714037487,3876,True,False,True,2.3637295839725994
baseline100k_dqn_statev1_sparse_seed42_20261010_115409_706718_3d8ac8e7,dqn,42,v1,sparse,303,4916,10.0,2,41,0.6116319405972557,0.17090918859694063,3917,True,False,True,2.3785347499651834
baseline100k_dqn_statev1_sparse_seed42_20261010_115409_706718_3d8ac8e7,dqn,42,v1,sparse,304,4923,-10.0,0,7,0.6112039266601402,0.13804360758513212,3924,True,False,True,2.3809790419763885
baseline100k_dqn_statev1_sparse_seed42_20261010_115409_706718_3d8ac8e7,dqn,42,v1,sparse,305,4950,-10.0,0,27,0.6095558195972414,0.1399873780362584,3951,True,False,True,2.3906681669759564
baseline100k_dqn_statev1_sparse_seed42_20261010_115409_706718_3d8ac8e7,dqn,42,v1,sparse,306,4977,20.0,3,27,0.6079121566433743,0.1837481812539476,3978,True,False,True,2.4003977089887485
baseline100k_dqn_statev1_sparse_seed42_20261010_115409_706718_3d8ac8e7,dqn,42,v1,sparse,307,5019,0.0,1,42,0.6053641527371083,0.2047086050290437,4020,True,False,True,2.4156302089686505
baseline100k_dqn_statev1_sparse_seed42_20261010_115409_706718_3d8ac8e7,dqn,42,v1,sparse,308,5032,-10.0,0,13,0.6045776513494981,0.21083972617410696,4033,True,False,True,2.4203615419683047
baseline100k_dqn_statev1_sparse_seed42_20261010_115409_706718_3d8ac8e7,dqn,42,v1,sparse,309,5042,-10.0,0,10,0.6039733456855552,0.2634912410750985,4043,True,False,True,2.424036708951462
baseline100k_dqn_statev1_sparse_seed42_20261010_115409_706718_3d8ac8e7,dqn,42,v1,sparse,310,5060,-10.0,0,18,0.6028871172498828,0.2019111195889612,4061,True,False,True,2.4305884999921545
baseline100k_dqn_statev1_sparse_seed42_20261010_115409_706718_3d8ac8e7,dqn,42,v1,sparse,311,5096,0.0,1,36,0.600720517515557,0.152715949057084,4097,True,False,True,2.443597791949287
baseline100k_dqn_statev1_sparse_seed42_20261010_115409_706718_3d8ac8e7,dqn,42,v1,sparse,312,5136,0.0,1,40,0.598322315135899,0.17866511871106922,4137,True,False,True,2.4580219999770634
baseline100k_dqn_statev1_sparse_seed42_20261010_115409_706718_3d8ac8e7,dqn,42,v1,sparse,313,5141,-10.0,0,5,0.5980232138045796,0.2674968957901001,4142,True,False,True,2.4598010419867933
baseline100k_dqn_statev1_sparse_seed42_20261010_115409_706718_3d8ac8e7,dqn,42,v1,sparse,314,5186,0.0,1,45,0.5953380212952294,0.1870928312962254,4187,True,False,True,2.475980291957967
baseline100k_dqn_statev1_sparse_seed42_20261010_115409_706718_3d8ac8e7,dqn,42,v1,sparse,315,5253,30.0,4,67,0.5913623910021086,0.1619182375690608,4254,True,False,True,2.5003415419487283
baseline100k_dqn_statev1_sparse_seed42_20261010_115409_706718_3d8ac8e7,dqn,42,v1,sparse,316,5309,0.0,1,56,0.5880598522224504,0.14480564776541932,4310,True,False,True,2.5200812919647433
baseline100k_dqn_statev1_sparse_seed42_20261010_115409_706718_3d8ac8e7,dqn,42,v1,sparse,317,5311,-10.0,0,2,0.5879422461326045,0.22222648561000824,4312,True,False,True,2.520808417000808
baseline100k_dqn_statev1_sparse_seed42_20261010_115409_706718_3d8ac8e7,dqn,42,v1,sparse,318,5350,10.0,2,39,0.58565362265636,0.24092465734634644,4351,True,False,True,2.534962583973538
baseline100k_dqn_statev1_sparse_seed42_20261010_115409_706718_3d8ac8e7,dqn,42,v1,sparse,319,5399,30.0,4,49,0.5827907964142618,0.20217851532281053,4400,True,False,True,2.552670541976113
baseline100k_dqn_statev1_sparse_seed42_20261010_115409_706718_3d8ac8e7,dqn,42,v1,sparse,320,5416,0.0,1,17,0.5818008442596816,0.19801295230932095,4417,True,False,True,2.558826708991546
baseline100k_dqn_statev1_sparse_seed42_20261010_115409_706718_3d8ac8e7,dqn,42,v1,sparse,321,5498,10.0,2,82,0.5770493475201097,0.21502591390162706,4499,True,False,True,2.5882944999611937
baseline100k_dqn_statev1_sparse_seed42_20261010_115409_706718_3d8ac8e7,dqn,42,v1,sparse,322,5501,0.0,1,3,0.576876250026757,0.3760231037934621,4502,True,False,True,2.5894629589747638
baseline100k_dqn_statev1_sparse_seed42_20261010_115409_706718_3d8ac8e7,dqn,42,v1,sparse,323,5507,0.0,1,6,0.5765302107966417,0.2665533597270648,4508,True,False,True,2.5916372089996003
baseline100k_dqn_statev1_sparse_seed42_20261010_115409_706718_3d8ac8e7,dqn,42,v1,sparse,324,5606,20.0,3,99,0.5708504389787102,0.2045041040395095,4607,True,False,True,2.627038291946519
baseline100k_dqn_statev1_sparse_seed42_20261010_115409_706718_3d8ac8e7,dqn,42,v1,sparse,325,5667,0.0,1,61,0.5673786773488227,0.16068786686500075,4668,True,False,True,2.648984874947928
baseline100k_dqn_statev1_sparse_seed42_20261010_115409_706718_3d8ac8e7,dqn,42,v1,sparse,326,5696,20.0,3,29,0.5657355806700871,0.2632721945771883,4697,True,False,True,2.6593909169896506
baseline100k_dqn_statev1_sparse_seed42_20261010_115409_706718_3d8ac8e7,dqn,42,v1,sparse,327,5706,0.0,1,10,0.565170099602552,0.23497560769319534,4707,True,False,True,2.663011166965589
baseline100k_dqn_statev1_sparse_seed42_20261010_115409_706718_3d8ac8e7,dqn,42,v1,sparse,328,5809,20.0,3,103,0.5593784362604647,0.21970687196273536,4810,True,False,True,2.700028291961644
baseline100k_dqn_statev1_sparse_seed42_20261010_115409_706718_3d8ac8e7,dqn,42,v1,sparse,329,5814,-10.0,0,5,0.5590988029745846,0.17956329733133317,4815,True,False,True,2.7019270419841632
baseline100k_dqn_statev1_sparse_seed42_20261010_115409_706718_3d8ac8e7,dqn,42,v1,sparse,330,5821,-10.0,0,7,0.5587075512036846,0.2903905880770513,4822,True,False,True,2.704441458976362
baseline100k_dqn_statev1_sparse_seed42_20261010_115409_706718_3d8ac8e7,dqn,42,v1,sparse,331,5849,10.0,2,28,0.5571452801456757,0.20022436304550087,4850,True,False,True,2.7148017499712296
baseline100k_dqn_statev1_sparse_seed42_20261010_115409_706718_3d8ac8e7,dqn,42,v1,sparse,332,5854,-10.0,0,5,0.5568667632145597,0.2160982120782137,4855,True,False,True,2.716668833978474
baseline100k_dqn_statev1_sparse_seed42_20261010_115409_706718_3d8ac8e7,dqn,42,v1,sparse,333,5915,10.0,2,61,0.5534800466081109,0.20012340487026778,4916,True,False,True,2.7387612089514732
baseline100k_dqn_statev1_sparse_seed42_20261010_115409_706718_3d8ac8e7,dqn,42,v1,sparse,334,5928,0.0,1,13,0.5527609541037009,0.21342297206417873,4929,True,False,True,2.7434391669812612
baseline100k_dqn_statev1_sparse_seed42_20261010_115409_706718_3d8ac8e7,dqn,42,v1,sparse,335,5939,0.0,1,11,0.5521532209815244,0.2676811514591629,4940,True,False,True,2.747382666973863
baseline100k_dqn_statev1_sparse_seed42_20261010_115409_706718_3d8ac8e7,dqn,42,v1,sparse,336,5948,-10.0,0,9,0.5516564818114268,0.24423079937696457,4949,True,False,True,2.7506670839502476
baseline100k_dqn_statev1_sparse_seed42_20261010_115409_706718_3d8ac8e7,dqn,42,v1,sparse,337,5975,0.0,1,27,0.5501689440121597,0.24173930121792686,4976,True,False,True,2.760573208972346
baseline100k_dqn_statev1_sparse_seed42_20261010_115409_706718_3d8ac8e7,dqn,42,v1,sparse,338,5982,0.0,1,7,0.5497839412675753,0.2518766426614353,4983,True,False,True,2.763130999985151
baseline100k_dqn_statev1_sparse_seed42_20261010_115409_706718_3d8ac8e7,dqn,42,v1,sparse,339,6042,0.0,1,60,0.5464949500089036,0.23369091044490536,5043,True,False,True,2.7849177919561043
baseline100k_dqn_statev1_sparse_seed42_20261010_115409_706718_3d8ac8e7,dqn,42,v1,sparse,340,6054,0.0,1,12,0.5458395166353581,0.2560360062246521,5055,True,False,True,2.7892682919627987
baseline100k_dqn_statev1_sparse_seed42_20261010_115409_706718_3d8ac8e7,dqn,42,v1,sparse,341,6097,20.0,3,43,0.5434973289151867,0.2196733084355676,5098,True,False,True,2.804948249948211
baseline100k_dqn_statev1_sparse_seed42_20261010_115409_706718_3d8ac8e7,dqn,42,v1,sparse,342,6132,0.0,1,35,0.541598318518745,0.19940820136772736,5133,True,False,True,2.817812041961588
baseline100k_dqn_statev1_sparse_seed42_20261010_115409_706718_3d8ac8e7,dqn,42,v1,sparse,343,6157,0.0,1,25,0.5402459462724127,0.203601581081748,5158,True,False,True,2.8270053339656442
baseline100k_dqn_statev1_sparse_seed42_20261010_115409_706718_3d8ac8e7,dqn,42,v1,sparse,344,6159,-10.0,0,2,0.5401379024856178,0.3617284595966339,5160,True,False,True,2.827737666957546
baseline100k_dqn_statev1_sparse_seed42_20261010_115409_706718_3d8ac8e7,dqn,42,v1,sparse,345,6180,10.0,2,21,0.5390047464619331,0.20924323588787092,5181,True,False,True,2.8354659169563092
baseline100k_dqn_statev1_sparse_seed42_20261010_115409_706718_3d8ac8e7,dqn,42,v1,sparse,346,6199,-10.0,0,19,0.5379815586196854,0.23650001420786507,5200,True,False,True,2.842316583963111
baseline100k_dqn_statev1_sparse_seed42_20261010_115409_706718_3d8ac8e7,dqn,42,v1,sparse,347,6215,0.0,1,16,0.5371214334025926,0.2392008932074532,5216,True,False,True,2.848126416967716
baseline100k_dqn_statev1_sparse_seed42_20261010_115409_706718_3d8ac8e7,dqn,42,v1,sparse,348,6273,20.0,3,58,0.5340149911554969,0.21228004433214664,5274,True,False,True,2.869108499959111
baseline100k_dqn_statev1_sparse_seed42_20261010_115409_706718_3d8ac8e7,dqn,42,v1,sparse,349,6296,0.0,1,23,0.5327881067884992,0.2218262678741113,5297,True,False,True,2.8774600839824416
baseline100k_dqn_statev1_sparse_seed42_20261010_115409_706718_3d8ac8e7,dqn,42,v1,sparse,350,6324,10.0,2,28,0.5312983122842115,0.2467075244390539,5325,True,False,True,2.8876299999537878
baseline100k_dqn_statev1_sparse_seed42_20261010_115409_706718_3d8ac8e7,dqn,42,v1,sparse,351,6337,-10.0,0,13,0.5306080387390125,0.17468610090705064,5338,True,False,True,2.8922721249982715
baseline100k_dqn_statev1_sparse_seed42_20261010_115409_706718_3d8ac8e7,dqn,42,v1,sparse,352,6341,-10.0,0,4,0.5303958273578768,0.1866262834519148,5342,True,False,True,2.89370204199804
baseline100k_dqn_statev1_sparse_seed42_20261010_115409_706718_3d8ac8e7,dqn,42,v1,sparse,353,6351,-10.0,0,10,0.529865670145005,0.2039567194879055,5352,True,False,True,2.8972579169785604
baseline100k_dqn_statev1_sparse_seed42_20261010_115409_706718_3d8ac8e7,dqn,42,v1,sparse,354,6363,-10.0,0,12,0.5292301809356291,0.21966330412154397,5364,True,False,True,2.901515583973378
baseline100k_dqn_statev1_sparse_seed42_20261010_115409_706718_3d8ac8e7,dqn,42,v1,sparse,355,6392,0.0,1,29,0.5276975601528999,0.26821354288479377,5393,True,False,True,2.9120207089581527
baseline100k_dqn_statev1_sparse_seed42_20261010_115409_706718_3d8ac8e7,dqn,42,v1,sparse,356,6402,-10.0,0,10,0.5271700999933366,0.15494767650961877,5403,True,False,True,2.9156887919525616
baseline100k_dqn_statev1_sparse_seed42_20261010_115409_706718_3d8ac8e7,dqn,42,v1,sparse,357,6403,-10.0,0,1,0.5271173829833373,0.3082989752292633,5404,True,False,True,2.9160598749876954
baseline100k_dqn_statev1_sparse_seed42_20261010_115409_706718_3d8ac8e7,dqn,42,v1,sparse,358,6414,-10.0,0,11,0.5265378436896593,0.2183085453103889,5415,True,False,True,2.920057166949846
baseline100k_dqn_statev1_sparse_seed42_20261010_115409_706718_3d8ac8e7,dqn,42,v1,sparse,359,6430,10.0,2,16,0.5256960146904028,0.24856072338297963,5431,True,False,True,2.9259044169448316
baseline100k_dqn_statev1_sparse_seed42_20261010_115409_706718_3d8ac8e7,dqn,42,v1,sparse,360,6452,10.0,2,22,0.5245406970066905,0.21520369618453764,5453,True,False,True,2.9339722089935094
baseline100k_dqn_statev1_sparse_seed42_20261010_115409_706718_3d8ac8e7,dqn,42,v1,sparse,361,6474,10.0,2,22,0.5233879183548769,0.18841804343868385,5475,True,False,True,2.942022499977611
baseline100k_dqn_statev1_sparse_seed42_20261010_115409_706718_3d8ac8e7,dqn,42,v1,sparse,362,6480,-10.0,0,6,0.5230739641015847,0.24014360457658768,5481,True,False,True,2.9442357089719735
baseline100k_dqn_statev1_sparse_seed42_20261010_115409_706718_3d8ac8e7,dqn,42,v1,sparse,363,6504,-10.0,0,24,0.5218200292137358,0.23008865281008184,5505,True,False,True,2.9529019169858657
baseline100k_dqn_statev1_sparse_seed42_20261010_115409_706718_3d8ac8e7,dqn,42,v1,sparse,364,6517,-10.0,0,13,0.5211420700461776,0.19520237354131845,5518,True,False,True,2.957595333980862
baseline100k_dqn_statev1_sparse_seed42_20261010_115409_706718_3d8ac8e7,dqn,42,v1,sparse,365,6518,-10.0,0,1,0.5210899558391731,0.15265296399593353,5519,True,False,True,2.9579687919467688
baseline100k_dqn_statev1_sparse_seed42_20261010_115409_706718_3d8ac8e7,dqn,42,v1,sparse,366,6551,10.0,2,33,0.5193731074989351,0.29007615403018217,5552,True,False,True,2.96983120898949
baseline100k_dqn_statev1_sparse_seed42_20261010_115409_706718_3d8ac8e7,dqn,42,v1,sparse,367,6653,30.0,4,102,0.5141021657551306,0.2386788566341149,5654,True,False,True,3.006551291968208
baseline100k_dqn_statev1_sparse_seed42_20261010_115409_706718_3d8ac8e7,dqn,42,v1,sparse,368,6658,-10.0,0,5,0.5138451660773288,0.19902193248271943,5659,True,False,True,3.0083501669578254
baseline100k_dqn_statev1_sparse_seed42_20261010_115409_706718_3d8ac8e7,dqn,42,v1,sparse,369,6679,0.0,1,21,0.5127671696203088,0.21981801181322053,5680,True,False,True,3.0159851249773055
baseline100k_dqn_statev1_sparse_seed42_20261010_115409_706718_3d8ac8e7,dqn,42,v1,sparse,370,6729,10.0,2,50,0.5102096051315967,0.2244973891042173,5730,True,False,True,3.0340875839465298
baseline100k_dqn_statev1_sparse_seed42_20261010_115409_706718_3d8ac8e7,dqn,42,v1,sparse,371,6770,10.0,2,41,0.5081219240356483,0.22021747394124183,5771,True,False,True,3.0488512499723583
baseline100k_dqn_statev1_sparse_seed42_20261010_115409_706718_3d8ac8e7,dqn,42,v1,sparse,372,6793,-10.0,0,23,0.5069545282594002,0.22047114299367304,5794,True,False,True,3.0571184169966727
baseline100k_dqn_statev1_sparse_seed42_20261010_115409_706718_3d8ac8e7,dqn,42,v1,sparse,373,6813,10.0,2,20,0.5059415818388027,0.23790055261924864,5814,True,False,True,3.0644025419605896
baseline100k_dqn_statev1_sparse_seed42_20261010_115409_706718_3d8ac8e7,dqn,42,v1,sparse,374,6826,-10.0,0,13,0.505284252272183,0.27940083696291995,5827,True,False,True,3.0691079999669455
baseline100k_dqn_statev1_sparse_seed42_20261010_115409_706718_3d8ac8e7,dqn,42,v1,sparse,375,6834,-10.0,0,8,0.5048801663216635,0.22247435944154859,5835,True,False,True,3.0720500839524902
baseline100k_dqn_statev1_sparse_seed42_20261010_115409_706718_3d8ac8e7,dqn,42,v1,sparse,376,6883,30.0,4,49,0.502412181606219,0.2511977110704293,5884,True,False,True,3.0897244589868933
baseline100k_dqn_statev1_sparse_seed42_20261010_115409_706718_3d8ac8e7,dqn,42,v1,sparse,377,6904,10.0,2,21,0.5013581704225198,0.3255330482941298,5905,True,False,True,3.097458416945301
baseline100k_dqn_statev1_sparse_seed42_20261010_115409_706718_3d8ac8e7,dqn,42,v1,sparse,378,6924,10.0,2,20,0.500356406090893,0.2568117581307888,5925,True,False,True,3.1047462499700487
baseline100k_dqn_statev1_sparse_seed42_20261010_115409_706718_3d8ac8e7,dqn,42,v1,sparse,379,6978,30.0,4,54,0.4976616292031414,0.2575375244228376,5979,True,False,True,3.1244155839667656
baseline100k_dqn_statev1_sparse_seed42_20261010_115409_706718_3d8ac8e7,dqn,42,v1,sparse,380,6979,-10.0,0,1,0.4976118630402211,0.5415821671485901,5980,True,False,True,3.124789666966535
baseline100k_dqn_statev1_sparse_seed42_20261010_115409_706718_3d8ac8e7,dqn,42,v1,sparse,381,6996,0.0,1,17,0.49676659928692884,0.26382376089253845,5997,True,False,True,3.1310143339796923
baseline100k_dqn_statev1_sparse_seed42_20261010_115409_706718_3d8ac8e7,dqn,42,v1,sparse,382,7027,0.0,1,31,0.4952289305624225,0.29233687713501916,6028,True,False,True,3.142270333948545
baseline100k_dqn_statev1_sparse_seed42_20261010_115409_706718_3d8ac8e7,dqn,42,v1,sparse,383,7037,-10.0,0,10,0.49473392442546177,0.27838511392474174,6038,True,False,True,3.145874333975371
baseline100k_dqn_statev1_sparse_seed42_20261010_115409_706718_3d8ac8e7,dqn,42,v1,sparse,384,7062,-10.0,0,25,0.493498572678909,0.23603614985942842,6063,True,False,True,3.1547634589951485
baseline100k_dqn_statev1_sparse_seed42_20261010_115409_706718_3d8ac8e7,dqn,42,v1,sparse,385,7096,30.0,4,34,0.4918234431079856,0.2700990917270674,6097,True,False,True,3.167258999950718
baseline100k_dqn_statev1_sparse_seed42_20261010_115409_706718_3d8ac8e7,dqn,42,v1,sparse,386,7141,10.0,2,45,0.4896150996944341,0.27289721477362844,6142,True,False,True,3.1835108749801293
baseline100k_dqn_statev1_sparse_seed42_20261010_115409_706718_3d8ac8e7,dqn,42,v1,sparse,387,7168,-10.0,0,27,0.48829485604299383,0.27504894841048455,6169,True,False,True,3.193212958984077
baseline100k_dqn_statev1_sparse_seed42_20261010_115409_706718_3d8ac8e7,dqn,42,v1,sparse,388,7199,20.0,3,31,0.4867834103669916,0.28083522743996114,6200,True,False,True,3.2044617499923334
baseline100k_dqn_statev1_sparse_seed42_20261010_115409_706718_3d8ac8e7,dqn,42,v1,sparse,389,7232,-10.0,0,33,0.48517959267528793,0.2887350186479814,6233,True,False,True,3.2164037919719703
baseline100k_dqn_statev1_sparse_seed42_20261010_115409_706718_3d8ac8e7,dqn,42,v1,sparse,390,7241,0.0,1,9,0.4847431056657845,0.30170464018980664,6242,True,False,True,3.219694208994042
baseline100k_dqn_statev1_sparse_seed42_20261010_115409_706718_3d8ac8e7,dqn,42,v1,sparse,391,7281,0.0,1,40,0.4828079094545109,0.2787333715707064,6282,True,False,True,3.234061083989218
baseline100k_dqn_statev1_sparse_seed42_20261010_115409_706718_3d8ac8e7,dqn,42,v1,sparse,392,7310,10.0,2,29,0.48140972495417156,0.279332610296792,6311,True,False,True,3.2446096249623224
baseline100k_dqn_statev1_sparse_seed42_20261010_115409_706718_3d8ac8e7,dqn,42,v1,sparse,393,7355,10.0,2,45,0.479248140324118,0.2646387454536226,6356,True,False,True,3.260809499945026
baseline100k_dqn_statev1_sparse_seed42_20261010_115409_706718_3d8ac8e7,dqn,42,v1,sparse,394,7374,-10.0,0,19,0.47833838790761646,0.23773637110073315,6375,True,False,True,3.267780166992452
baseline100k_dqn_statev1_sparse_seed42_20261010_115409_706718_3d8ac8e7,dqn,42,v1,sparse,395,7380,-10.0,0,6,0.478051456616064,0.36151033639907837,6381,True,False,True,3.269904708955437
baseline100k_dqn_statev1_sparse_seed42_20261010_115409_706718_3d8ac8e7,dqn,42,v1,sparse,396,7401,-10.0,0,21,0.4770485518297069,0.2588841659682138,6402,True,False,True,3.2774444589740597
baseline100k_dqn_statev1_sparse_seed42_20261010_115409_706718_3d8ac8e7,dqn,42,v1,sparse,397,7428,10.0,2,27,0.4757621937856535,0.3617727223921705,6429,True,False,True,3.2873166249482892
baseline100k_dqn_statev1_sparse_seed42_20261010_115409_706718_3d8ac8e7,dqn,42,v1,sparse,398,7458,30.0,4,30,0.4743369748395483,0.2852398107449214,6459,True,False,True,3.2982769169611856
baseline100k_dqn_statev1_sparse_seed42_20261010_115409_706718_3d8ac8e7,dqn,42,v1,sparse,399,7483,20.0,3,25,0.4731525543229988,0.2711855749040842,6484,True,False,True,3.3072653339477256
baseline100k_dqn_statev1_sparse_seed42_20261010_115409_706718_3d8ac8e7,dqn,42,v1,sparse,400,7495,-10.0,0,12,0.472585083434427,0.33291109651327133,6496,True,False,True,3.3115379589726217
baseline100k_dqn_statev1_sparse_seed42_20261010_115409_706718_3d8ac8e7,dqn,42,v1,sparse,401,7514,-10.0,0,19,0.4716879794386426,0.26588806784466695,6515,True,False,True,3.3199594589532353
baseline100k_dqn_statev1_sparse_seed42_20261010_115409_706718_3d8ac8e7,dqn,42,v1,sparse,402,7552,10.0,2,38,0.46989887710759115,0.32018715868655007,6553,True,False,True,3.3339122089673765
baseline100k_dqn_statev1_sparse_seed42_20261010_115409_706718_3d8ac8e7,dqn,42,v1,sparse,403,7572,10.0,2,20,0.4689599716257855,0.2489973039366305,6573,True,False,True,3.341316041944083
baseline100k_dqn_statev1_sparse_seed42_20261010_115409_706718_3d8ac8e7,dqn,42,v1,sparse,404,7588,-10.0,0,16,0.46821019816061804,0.26082024071365595,6589,True,False,True,3.347051083983388
baseline100k_dqn_statev1_sparse_seed42_20261010_115409_706718_3d8ac8e7,dqn,42,v1,sparse,405,7591,-10.0,0,3,0.4680697491470076,0.20629609376192093,6592,True,False,True,3.3481522499932908
baseline100k_dqn_statev1_sparse_seed42_20261010_115409_706718_3d8ac8e7,dqn,42,v1,sparse,406,7640,20.0,3,49,0.46578170326262885,0.2526382976876838,6641,True,False,True,3.366102208965458
baseline100k_dqn_statev1_sparse_seed42_20261010_115409_706718_3d8ac8e7,dqn,42,v1,sparse,407,7686,10.0,2,46,0.4636439212052779,0.2575842477786152,6687,True,False,True,3.3833274169592187
baseline100k_dqn_statev1_sparse_seed42_20261010_115409_706718_3d8ac8e7,dqn,42,v1,sparse,408,7687,-10.0,0,1,0.4635975568131574,0.17118176817893982,6688,True,False,True,3.3837147089652717
baseline100k_dqn_statev1_sparse_seed42_20261010_115409_706718_3d8ac8e7,dqn,42,v1,sparse,409,7706,0.0,1,19,0.46271751375798825,0.23319738005336962,6707,True,False,True,3.3909527919604443
baseline100k_dqn_statev1_sparse_seed42_20261010_115409_706718_3d8ac8e7,dqn,42,v1,sparse,410,7729,20.0,3,23,0.46165443333259176,0.28368403527723707,6730,True,False,True,3.3994911669869907
baseline100k_dqn_statev1_sparse_seed42_20261010_115409_706718_3d8ac8e7,dqn,42,v1,sparse,411,7736,-10.0,0,7,0.46133137216053366,0.17762696689793042,6737,True,False,True,3.4021080839447677
baseline100k_dqn_statev1_sparse_seed42_20261010_115409_706718_3d8ac8e7,dqn,42,v1,sparse,412,7778,10.0,2,42,0.4593977471696494,0.2442864521983124,6779,True,False,True,3.417776499991305
baseline100k_dqn_statev1_sparse_seed42_20261010_115409_706718_3d8ac8e7,dqn,42,v1,sparse,413,7802,-10.0,0,24,0.4582964595848915,0.3222322054207325,6803,True,False,True,3.4266326669603586
baseline100k_dqn_statev1_sparse_seed42_20261010_115409_706718_3d8ac8e7,dqn,42,v1,sparse,414,7824,0.0,1,22,0.457289265333185,0.25091239412061195,6825,True,False,True,3.4349851249717176
baseline100k_dqn_statev1_sparse_seed42_20261010_115409_706718_3d8ac8e7,dqn,42,v1,sparse,415,7833,-10.0,0,9,0.45687786958011406,0.2603294948736827,6834,True,False,True,3.4384518749429844
baseline100k_dqn_statev1_sparse_seed42_20261010_115409_706718_3d8ac8e7,dqn,42,v1,sparse,416,7868,10.0,2,35,0.45528151247203297,0.22929493513490473,6869,True,False,True,3.4518967919866554
baseline100k_dqn_statev1_sparse_seed42_20261010_115409_706718_3d8ac8e7,dqn,42,v1,sparse,417,7881,10.0,2,13,0.4546900014952211,0.3477871297643735,6882,True,False,True,3.4569064589450136
baseline100k_dqn_statev1_sparse_seed42_20261010_115409_706718_3d8ac8e7,dqn,42,v1,sparse,418,7911,20.0,3,30,0.4533279075474462,0.28270812053233385,6912,True,False,True,3.46800945897121
baseline100k_dqn_statev1_sparse_seed42_20261010_115409_706718_3d8ac8e7,dqn,42,v1,sparse,419,7916,0.0,1,5,0.45310128892193013,0.3815420925617218,6917,True,False,True,3.469912916945759
baseline100k_dqn_statev1_sparse_seed42_20261010_115409_706718_3d8ac8e7,dqn,42,v1,sparse,420,7960,40.0,5,44,0.45111192359413965,0.3066415506499735,6961,True,False,True,3.486529749992769
baseline100k_dqn_statev1_sparse_seed42_20261010_115409_706718_3d8ac8e7,dqn,42,v1,sparse,421,7994,20.0,3,34,0.44958067109444816,0.23677078053793488,6995,True,False,True,3.4990570839727297
baseline100k_dqn_statev1_sparse_seed42_20261010_115409_706718_3d8ac8e7,dqn,42,v1,sparse,422,8009,10.0,2,15,0.44890677194301337,0.3676646828651428,7010,True,False,True,3.5047404999495484
baseline100k_dqn_statev1_sparse_seed42_20261010_115409_706718_3d8ac8e7,dqn,42,v1,sparse,423,8051,10.0,2,42,0.4470252234397302,0.35203514496485394,7052,True,False,True,3.5200623749988154
baseline100k_dqn_statev1_sparse_seed42_20261010_115409_706718_3d8ac8e7,dqn,42,v1,sparse,424,8066,0.0,1,15,0.4463551547777198,0.2997940344115098,7067,True,False,True,3.5255539169884287
baseline100k_dqn_statev1_sparse_seed42_20261010_115409_706718_3d8ac8e7,dqn,42,v1,sparse,425,8071,-10.0,0,5,0.4461320218313831,0.40952215492725375,7072,True,False,True,3.5273555839667097
baseline100k_dqn_statev1_sparse_seed42_20261010_115409_706718_3d8ac8e7,dqn,42,v1,sparse,426,8090,30.0,4,19,0.4452851334435318,0.3403641540361078,7091,True,False,True,3.5344261249992996
baseline100k_dqn_statev1_sparse_seed42_20261010_115409_706718_3d8ac8e7,dqn,42,v1,sparse,427,8121,0.0,1,31,0.44390681810557125,0.31558533439472797,7122,True,False,True,3.5456249169656076
baseline100k_dqn_statev1_sparse_seed42_20261010_115409_706718_3d8ac8e7,dqn,42,v1,sparse,428,8123,-10.0,0,2,0.4438180411810183,0.09702753648161888,7124,True,False,True,3.5463707499438897
baseline100k_dqn_statev1_sparse_seed42_20261010_115409_706718_3d8ac8e7,dqn,42,v1,sparse,429,8126,-10.0,0,3,0.4436849090827614,0.34909411271413165,7127,True,False,True,3.5474435839569196
baseline100k_dqn_statev1_sparse_seed42_20261010_115409_706718_3d8ac8e7,dqn,42,v1,sparse,430,8143,0.0,1,17,0.44293124784719706,0.28538011102115407,7144,True,False,True,3.5537222089478746
baseline100k_dqn_statev1_sparse_seed42_20261010_115409_706718_3d8ac8e7,dqn,42,v1,sparse,431,8147,-10.0,0,4,0.4427541019221614,0.38347897306084633,7148,True,False,True,3.555215833999682
baseline100k_dqn_statev1_sparse_seed42_20261010_115409_706718_3d8ac8e7,dqn,42,v1,sparse,432,8196,20.0,3,49,0.44058980546305254,0.31425237298315883,7197,True,False,True,3.5731726669473574
baseline100k_dqn_statev1_sparse_seed42_20261010_115409_706718_3d8ac8e7,dqn,42,v1,sparse,433,8215,0.0,1,19,0.43975343781447934,0.2934433021827748,7216,True,False,True,3.5801419589552097
baseline100k_dqn_statev1_sparse_seed42_20261010_115409_706718_3d8ac8e7,dqn,42,v1,sparse,434,8284,40.0,5,69,0.43672943270673664,0.33392350626704487,7285,True,False,True,3.605254708963912
baseline100k_dqn_statev1_sparse_seed42_20261010_115409_706718_3d8ac8e7,dqn,42,v1,sparse,435,8323,0.0,1,39,0.43502942009659634,0.30097862715140367,7324,True,False,True,3.6193459169589914
baseline100k_dqn_statev1_sparse_seed42_20261010_115409_706718_3d8ac8e7,dqn,42,v1,sparse,436,8352,20.0,3,29,0.4337695994091972,0.3030210827188245,7353,True,False,True,3.629876916995272
baseline100k_dqn_statev1_sparse_seed42_20261010_115409_706718_3d8ac8e7,dqn,42,v1,sparse,437,8370,0.0,1,18,0.43298947744392463,0.25264009543591076,7371,True,False,True,3.636381749995053
baseline100k_dqn_statev1_sparse_seed42_20261010_115409_706718_3d8ac8e7,dqn,42,v1,sparse,438,8378,-10.0,0,8,0.4326432070747788,0.3681448921561241,7379,True,False,True,3.6393062499701045
baseline100k_dqn_statev1_sparse_seed42_20261010_115409_706718_3d8ac8e7,dqn,42,v1,sparse,439,8418,20.0,3,40,0.43091600459293133,0.2952587611041963,7419,True,False,True,3.6538551669800654
baseline100k_dqn_statev1_sparse_seed42_20261010_115409_706718_3d8ac8e7,dqn,42,v1,sparse,440,8434,0.0,1,16,0.4302270558435537,0.2887453327421099,7435,True,False,True,3.659834374964703
baseline100k_dqn_statev1_sparse_seed42_20261010_115409_706718_3d8ac8e7,dqn,42,v1,sparse,441,8490,40.0,5,56,0.4278243979173815,0.3466107544622251,7491,True,False,True,3.680786791956052
baseline100k_dqn_statev1_sparse_seed42_20261010_115409_706718_3d8ac8e7,dqn,42,v1,sparse,442,8494,-10.0,0,4,0.42765329382596723,0.5199259296059608,7495,True,False,True,3.682283624948468
baseline100k_dqn_statev1_sparse_seed42_20261010_115409_706718_3d8ac8e7,dqn,42,v1,sparse,443,8534,10.0,2,40,0.42594601212504646,0.37731421533972026,7535,True,False,True,3.6970530419494025
baseline100k_dqn_statev1_sparse_seed42_20261010_115409_706718_3d8ac8e7,dqn,42,v1,sparse,444,8593,20.0,3,59,0.4234402047620621,0.34620521760593026,7594,True,False,True,3.7187636669841595
baseline100k_dqn_statev1_sparse_seed42_20261010_115409_706718_3d8ac8e7,dqn,42,v1,sparse,445,8599,-10.0,0,6,0.4231862041467675,0.23189717965821424,7600,True,False,True,3.720990458969027
baseline100k_dqn_statev1_sparse_seed42_20261010_115409_706718_3d8ac8e7,dqn,42,v1,sparse,446,8610,-10.0,0,11,0.42272093200480676,0.3536000282249667,7611,True,False,True,3.7250140419928357
baseline100k_dqn_statev1_sparse_seed42_20261010_115409_706718_3d8ac8e7,dqn,42,v1,sparse,447,8630,0.0,1,20,0.421876292828871,0.3292800625786185,7631,True,False,True,3.7324096669908613
baseline100k_dqn_statev1_sparse_seed42_20261010_115409_706718_3d8ac8e7,dqn,42,v1,sparse,448,8652,0.0,1,22,0.4209491388695031,0.26702622629024764,7653,True,False,True,3.740465458948165
baseline100k_dqn_statev1_sparse_seed42_20261010_115409_706718_3d8ac8e7,dqn,42,v1,sparse,449,8674,0.0,1,22,0.42002402250854737,0.2989642938429659,7675,True,False,True,3.7486044589895755
baseline100k_dqn_statev1_sparse_seed42_20261010_115409_706718_3d8ac8e7,dqn,42,v1,sparse,450,8700,10.0,2,26,0.4189333240366638,0.3261300752369257,7701,True,False,True,3.7580755839589983
baseline100k_dqn_statev1_sparse_seed42_20261010_115409_706718_3d8ac8e7,dqn,42,v1,sparse,451,8760,10.0,2,60,0.41642712489678685,0.29922170645246904,7761,True,False,True,3.7802166669862345
baseline100k_dqn_statev1_sparse_seed42_20261010_115409_706718_3d8ac8e7,dqn,42,v1,sparse,452,8784,10.0,2,24,0.41542884829349325,0.350016496454676,7785,True,False,True,3.788993666996248
baseline100k_dqn_statev1_sparse_seed42_20261010_115409_706718_3d8ac8e7,dqn,42,v1,sparse,453,8786,-10.0,0,2,0.41534576667812306,0.30260470882058144,7787,True,False,True,3.789744166948367
baseline100k_dqn_statev1_sparse_seed42_20261010_115409_706718_3d8ac8e7,dqn,42,v1,sparse,454,8806,0.0,1,20,0.4145158638284305,0.29278534799814226,7807,True,False,True,3.797058541967999
baseline100k_dqn_statev1_sparse_seed42_20261010_115409_706718_3d8ac8e7,dqn,42,v1,sparse,455,8843,30.0,4,37,0.41298491258986597,0.30165101698524244,7844,True,False,True,3.810787708964199
baseline100k_dqn_statev1_sparse_seed42_20261010_115409_706718_3d8ac8e7,dqn,42,v1,sparse,456,8897,30.0,4,54,0.41076069364534995,0.3283408585659884,7898,True,False,True,3.83053374994779
baseline100k_dqn_statev1_sparse_seed42_20261010_115409_706718_3d8ac8e7,dqn,42,v1,sparse,457,8910,10.0,2,13,0.41022702501950387,0.37447321988069093,7911,True,False,True,3.8352602919912897
baseline100k_dqn_statev1_sparse_seed42_20261010_115409_706718_3d8ac8e7,dqn,42,v1,sparse,458,8942,10.0,2,32,0.4089163312322341,0.3925810093060136,7943,True,False,True,3.846930291969329
baseline100k_dqn_statev1_sparse_seed42_20261010_115409_706718_3d8ac8e7,dqn,42,v1,sparse,459,8944,-10.0,0,2,0.40883455205515096,0.5632755160331726,7945,True,False,True,3.847663541964721
baseline100k_dqn_statev1_sparse_seed42_20261010_115409_706718_3d8ac8e7,dqn,42,v1,sparse,460,8975,10.0,2,31,0.40756906418802163,0.33637944092192956,7976,True,False,True,3.859201041981578
baseline100k_dqn_statev1_sparse_seed42_20261010_115409_706718_3d8ac8e7,dqn,42,v1,sparse,461,8987,-10.0,0,12,0.4070802502169334,0.3596991151571274,7988,True,False,True,3.863597249961458
baseline100k_dqn_statev1_sparse_seed42_20261010_115409_706718_3d8ac8e7,dqn,42,v1,sparse,462,8993,-10.0,0,6,0.4068360631206998,0.2798905000090599,7994,True,False,True,3.865836999961175
baseline100k_dqn_statev1_sparse_seed42_20261010_115409_706718_3d8ac8e7,dqn,42,v1,sparse,463,9008,0.0,1,15,0.40622623601883023,0.4324655810991923,8009,True,False,True,3.8713579589966685
baseline100k_dqn_statev1_sparse_seed42_20261010_115409_706718_3d8ac8e7,dqn,42,v1,sparse,464,9055,10.0,2,47,0.40432135743543407,0.2895195896321155,8056,True,False,True,3.8885396249825135
baseline100k_dqn_statev1_sparse_seed42_20261010_115409_706718_3d8ac8e7,dqn,42,v1,sparse,465,9073,10.0,2,18,0.4035941972739247,0.29693429523872006,8074,True,False,True,3.895248291955795
baseline100k_dqn_statev1_sparse_seed42_20261010_115409_706718_3d8ac8e7,dqn,42,v1,sparse,466,9084,-10.0,0,11,0.40315046556715217,0.2797512337565422,8085,True,False,True,3.8993561669485644
baseline100k_dqn_statev1_sparse_seed42_20261010_115409_706718_3d8ac8e7,dqn,42,v1,sparse,467,9127,40.0,5,43,0.4014205540436092,0.3855778182488541,8128,True,False,True,3.9150064169662073
baseline100k_dqn_statev1_sparse_seed42_20261010_115409_706718_3d8ac8e7,dqn,42,v1,sparse,468,9155,10.0,2,28,0.4002980925477493,0.33677758489336285,8156,True,False,True,3.925250166968908
baseline100k_dqn_statev1_sparse_seed42_20261010_115409_706718_3d8ac8e7,dqn,42,v1,sparse,469,9187,10.0,2,32,0.3990191221460958,0.2873193249106407,8188,True,False,True,3.9368474589427933
baseline100k_dqn_statev1_sparse_seed42_20261010_115409_706718_3d8ac8e7,dqn,42,v1,sparse,470,9203,-10.0,0,16,0.39838117015023067,0.3127115012612194,8204,True,False,True,3.9427642499795184
baseline100k_dqn_statev1_sparse_seed42_20261010_115409_706718_3d8ac8e7,dqn,42,v1,sparse,471,9204,-10.0,0,1,0.39834133203321564,0.2643550932407379,8205,True,False,True,3.9431380839669146
baseline100k_dqn_statev1_sparse_seed42_20261010_115409_706718_3d8ac8e7,dqn,42,v1,sparse,472,9206,-10.0,0,2,0.39826166775022237,0.5668341517448425,8207,True,False,True,3.9438875419436954
baseline100k_dqn_statev1_sparse_seed42_20261010_115409_706718_3d8ac8e7,dqn,42,v1,sparse,473,9211,-10.0,0,5,0.3980625767385317,0.3433860599994659,8212,True,False,True,3.945735541987233
baseline100k_dqn_statev1_sparse_seed42_20261010_115409_706718_3d8ac8e7,dqn,42,v1,sparse,474,9279,30.0,4,68,0.39536479916528006,0.30767255512011404,8280,True,False,True,3.970661833998747
baseline100k_dqn_statev1_sparse_seed42_20261010_115409_706718_3d8ac8e7,dqn,42,v1,sparse,475,9302,20.0,3,23,0.3944564597003008,0.25334850358574285,8303,True,False,True,3.9790257499553263
baseline100k_dqn_statev1_sparse_seed42_20261010_115409_706718_3d8ac8e7,dqn,42,v1,sparse,476,9311,-10.0,0,9,0.39410159085776664,0.38201498571369386,8312,True,False,True,3.982329166959971
baseline100k_dqn_statev1_sparse_seed42_20261010_115409_706718_3d8ac8e7,dqn,42,v1,sparse,477,9363,40.0,5,52,0.3920574796734153,0.34375351208906907,8364,True,False,True,4.001158291997854
baseline100k_dqn_statev1_sparse_seed42_20261010_115409_706718_3d8ac8e7,dqn,42,v1,sparse,478,9371,0.0,1,8,0.39174394344381847,0.3326290054246783,8372,True,False,True,4.004242041963153
baseline100k_dqn_statev1_sparse_seed42_20261010_115409_706718_3d8ac8e7,dqn,42,v1,sparse,479,9383,-10.0,0,12,0.3912741091765244,0.28343177897234756,8384,True,False,True,4.00871779199224
baseline100k_dqn_statev1_sparse_seed42_20261010_115409_706718_3d8ac8e7,dqn,42,v1,sparse,480,9404,10.0,2,21,0.3904532547027225,0.3780342159526689,8405,True,False,True,4.016477999975905
baseline100k_dqn_statev1_sparse_seed42_20261010_115409_706718_3d8ac8e7,dqn,42,v1,sparse,481,9416,0.0,1,12,0.3899849684103469,0.3797051211198171,8417,True,False,True,4.020889708946925
baseline100k_dqn_statev1_sparse_seed42_20261010_115409_706718_3d8ac8e7,dqn,42,v1,sparse,482,9476,20.0,3,60,0.38765194800753605,0.33300463246802486,8477,True,False,True,4.042650583956856
baseline100k_dqn_statev1_sparse_seed42_20261010_115409_706718_3d8ac8e7,dqn,42,v1,sparse,483,9484,-10.0,0,8,0.3873419349699697,0.23116908874362707,8485,True,False,True,4.045577624987345
baseline100k_dqn_statev1_sparse_seed42_20261010_115409_706718_3d8ac8e7,dqn,42,v1,sparse,484,9500,10.0,2,16,0.3867226524674988,0.34200621070340276,8501,True,False,True,4.051440499955788
baseline100k_dqn_statev1_sparse_seed42_20261010_115409_706718_3d8ac8e7,dqn,42,v1,sparse,485,9504,-10.0,0,4,0.38656798660832414,0.22630688175559044,8505,True,False,True,4.052944458962884
baseline100k_dqn_statev1_sparse_seed42_20261010_115409_706718_3d8ac8e7,dqn,42,v1,sparse,486,9538,20.0,3,34,0.3852558217888296,0.28432929198093276,8539,True,False,True,4.065539208997507
baseline100k_dqn_statev1_sparse_seed42_20261010_115409_706718_3d8ac8e7,dqn,42,v1,sparse,487,9551,10.0,2,13,0.3847552896098896,0.3644532183041939,8552,True,False,True,4.070337166951504
baseline100k_dqn_statev1_sparse_seed42_20261010_115409_706718_3d8ac8e7,dqn,42,v1,sparse,488,9597,0.0,1,46,0.3829893916606196,0.40797394651757635,8598,True,False,True,4.087015083990991
baseline100k_dqn_statev1_sparse_seed42_20261010_115409_706718_3d8ac8e7,dqn,42,v1,sparse,489,9626,10.0,2,29,0.38188027596320007,0.3590141414054509,8627,True,False,True,4.097612583951559
baseline100k_dqn_statev1_sparse_seed42_20261010_115409_706718_3d8ac8e7,dqn,42,v1,sparse,490,9635,-10.0,0,9,0.38153672115965953,0.4579169518417782,8636,True,False,True,4.100890541973058
baseline100k_dqn_statev1_sparse_seed42_20261010_115409_706718_3d8ac8e7,dqn,42,v1,sparse,491,9680,10.0,2,45,0.37982357771965475,0.39457639190885757,8681,True,False,True,4.1172880419762805
baseline100k_dqn_statev1_sparse_seed42_20261010_115409_706718_3d8ac8e7,dqn,42,v1,sparse,492,9681,-10.0,0,1,0.3797855953618828,0.07018518447875977,8682,True,False,True,4.117661374970339
baseline100k_dqn_statev1_sparse_seed42_20261010_115409_706718_3d8ac8e7,dqn,42,v1,sparse,493,9712,20.0,3,31,0.3786100243133375,0.3032553486766354,8713,True,False,True,4.128926249977667
baseline100k_dqn_statev1_sparse_seed42_20261010_115409_706718_3d8ac8e7,dqn,42,v1,sparse,494,9729,0.0,1,17,0.37796690192427324,0.34072522249291926,8730,True,False,True,4.13512345898198
baseline100k_dqn_statev1_sparse_seed42_20261010_115409_706718_3d8ac8e7,dqn,42,v1,sparse,495,9764,10.0,2,35,0.3766462641987891,0.40948673358985355,8765,True,False,True,4.14791558397701
baseline100k_dqn_statev1_sparse_seed42_20261010_115409_706718_3d8ac8e7,dqn,42,v1,sparse,496,9848,50.0,6,84,0.3734955296524846,0.3477152479102924,8849,True,False,True,4.178437791997567
baseline100k_dqn_statev1_sparse_seed42_20261010_115409_706718_3d8ac8e7,dqn,42,v1,sparse,497,9856,0.0,1,8,0.37319683778659773,0.41602395847439766,8857,True,False,True,4.181409083947074
baseline100k_dqn_statev1_sparse_seed42_20261010_115409_706718_3d8ac8e7,dqn,42,v1,sparse,498,9963,70.0,8,107,0.36922472173317417,0.37683831385084404,8964,True,False,True,4.220457499963231
baseline100k_dqn_statev1_sparse_seed42_20261010_115409_706718_3d8ac8e7,dqn,42,v1,sparse,499,9969,-10.0,0,6,0.36900324227645864,0.388257476190726,8970,True,False,True,4.22268708399497
baseline100k_dqn_statev1_sparse_seed42_20261010_115409_706718_3d8ac8e7,dqn,42,v1,sparse,500,9980,-10.0,0,11,0.3685975416008645,0.4818947640332309,8981,True,False,True,4.226742749975529
baseline100k_dqn_statev1_sparse_seed42_20261010_115409_706718_3d8ac8e7,dqn,42,v1,sparse,501,10023,20.0,3,43,0.36701589606346474,0.3842971009570499,9024,True,False,True,4.243842541996855
baseline100k_dqn_statev1_sparse_seed42_20261010_115409_706718_3d8ac8e7,dqn,42,v1,sparse,502,10044,20.0,3,21,0.3662459329272018,0.3512763771272841,9045,True,False,True,4.251500416954514
baseline100k_dqn_statev1_sparse_seed42_20261010_115409_706718_3d8ac8e7,dqn,42,v1,sparse,503,10055,0.0,1,11,0.3658432637758265,0.3074825826016339,9056,True,False,True,4.255566249950789
baseline100k_dqn_statev1_sparse_seed42_20261010_115409_706718_3d8ac8e7,dqn,42,v1,sparse,504,10056,-10.0,0,1,0.3658066794494489,0.06202702969312668,9057,True,False,True,4.255941541981883
baseline100k_dqn_statev1_sparse_seed42_20261010_115409_706718_3d8ac8e7,dqn,42,v1,sparse,505,10069,-10.0,0,13,0.3653314159907801,0.39752269249696,9070,True,False,True,4.2606899999664165
baseline100k_dqn_statev1_sparse_seed42_20261010_115409_706718_3d8ac8e7,dqn,42,v1,sparse,506,10099,10.0,2,30,0.36423700945222265,0.36922958083450796,9100,True,False,True,4.271687083994038
baseline100k_dqn_statev1_sparse_seed42_20261010_115409_706718_3d8ac8e7,dqn,42,v1,sparse,507,10135,30.0,4,36,0.36292804831284636,0.37698677213241655,9136,True,False,True,4.284852666954976
baseline100k_dqn_statev1_sparse_seed42_20261010_115409_706718_3d8ac8e7,dqn,42,v1,sparse,508,10173,10.0,2,38,0.36155147005445326,0.3460425619820231,9174,True,False,True,4.298728458990809
baseline100k_dqn_statev1_sparse_seed42_20261010_115409_706718_3d8ac8e7,dqn,42,v1,sparse,509,10213,30.0,4,40,0.36010808070687533,0.3467643608339131,9214,True,False,True,4.313360333966557
baseline100k_dqn_statev1_sparse_seed42_20261010_115409_706718_3d8ac8e7,dqn,42,v1,sparse,510,10235,10.0,2,22,0.3593166742246836,0.36814212426543236,9236,True,False,True,4.321485541993752
baseline100k_dqn_statev1_sparse_seed42_20261010_115409_706718_3d8ac8e7,dqn,42,v1,sparse,511,10257,10.0,2,22,0.3585270070098219,0.3707037185403434,9258,True,False,True,4.32950766698923
baseline100k_dqn_statev1_sparse_seed42_20261010_115409_706718_3d8ac8e7,dqn,42,v1,sparse,512,10320,50.0,6,63,0.3562752746819723,0.35396522460948854,9321,True,False,True,4.352407999977004
baseline100k_dqn_statev1_sparse_seed42_20261010_115409_706718_3d8ac8e7,dqn,42,v1,sparse,513,10335,0.0,1,15,0.3557412356969311,0.2766651824116707,9336,True,False,True,4.357883583987132
baseline100k_dqn_statev1_sparse_seed42_20261010_115409_706718_3d8ac8e7,dqn,42,v1,sparse,514,10344,0.0,1,9,0.35542119662177096,0.46759868661562604,9345,True,False,True,4.3612605419475585
baseline100k_dqn_statev1_sparse_seed42_20261010_115409_706718_3d8ac8e7,dqn,42,v1,sparse,515,10362,0.0,1,18,0.35478198197236777,0.3764887336227629,9363,True,False,True,4.3678842499502935
baseline100k_dqn_statev1_sparse_seed42_20261010_115409_706718_3d8ac8e7,dqn,42,v1,sparse,516,10365,-10.0,0,3,0.3546755580208808,0.30426640808582306,9366,True,False,True,4.369010416965466
baseline100k_dqn_statev1_sparse_seed42_20261010_115409_706718_3d8ac8e7,dqn,42,v1,sparse,517,10371,-10.0,0,6,0.35446280588030904,0.35975052913029987,9372,True,False,True,4.371187499957159
baseline100k_dqn_statev1_sparse_seed42_20261010_115409_706718_3d8ac8e7,dqn,42,v1,sparse,518,10415,30.0,4,44,0.35290651806288204,0.3671206398443742,9416,True,False,True,4.387174791947473
baseline100k_dqn_statev1_sparse_seed42_20261010_115409_706718_3d8ac8e7,dqn,42,v1,sparse,519,10419,-10.0,0,4,0.3527653766286364,0.5304702669382095,9420,True,False,True,4.388647124986164
baseline100k_dqn_statev1_sparse_seed42_20261010_115409_706718_3d8ac8e7,dqn,42,v1,sparse,520,10439,10.0,2,20,0.3520605157276131,0.36953918933868407,9440,True,False,True,4.395960416994058
baseline100k_dqn_statev1_sparse_seed42_20261010_115409_706718_3d8ac8e7,dqn,42,v1,sparse,521,10442,-10.0,0,3,0.3519549081343582,0.39673882722854614,9443,True,False,True,4.397048624989111
baseline100k_dqn_statev1_sparse_seed42_20261010_115409_706718_3d8ac8e7,dqn,42,v1,sparse,522,10449,-10.0,0,7,0.35170861359687766,0.3749488890171051,9450,True,False,True,4.399571916961577
baseline100k_dqn_statev1_sparse_seed42_20261010_115409_706718_3d8ac8e7,dqn,42,v1,sparse,523,10474,0.0,1,25,0.3508303963802412,0.3795853799581528,9475,True,False,True,4.408699958992656
baseline100k_dqn_statev1_sparse_seed42_20261010_115409_706718_3d8ac8e7,dqn,42,v1,sparse,524,10506,20.0,3,32,0.34970947749173276,0.38542867288924754,9507,True,False,True,4.420533499971498
baseline100k_dqn_statev1_sparse_seed42_20261010_115409_706718_3d8ac8e7,dqn,42,v1,sparse,525,10511,-10.0,0,5,0.3495346577204377,0.43719457387924193,9512,True,False,True,4.422411666950211
baseline100k_dqn_statev1_sparse_seed42_20261010_115409_706718_3d8ac8e7,dqn,42,v1,sparse,526,10555,40.0,5,44,0.3480000071998342,0.4086785926060243,9556,True,False,True,4.438826749974396
baseline100k_dqn_statev1_sparse_seed42_20261010_115409_706718_3d8ac8e7,dqn,42,v1,sparse,527,10558,-10.0,0,3,0.34789561763732646,0.42510078350702923,9559,True,False,True,4.439994958986063
baseline100k_dqn_statev1_sparse_seed42_20261010_115409_706718_3d8ac8e7,dqn,42,v1,sparse,528,10565,-10.0,0,7,0.347652163750885,0.29023570141621996,9566,True,False,True,4.442556208989117
baseline100k_dqn_statev1_sparse_seed42_20261010_115409_706718_3d8ac8e7,dqn,42,v1,sparse,529,10607,20.0,3,42,0.34619501396110286,0.41564056720762027,9608,True,False,True,4.458032833994366
baseline100k_dqn_statev1_sparse_seed42_20261010_115409_706718_3d8ac8e7,dqn,42,v1,sparse,530,10625,10.0,2,18,0.34557239233195497,0.41716614613930386,9626,True,False,True,4.464778999972623
baseline100k_dqn_statev1_sparse_seed42_20261010_115409_706718_3d8ac8e7,dqn,42,v1,sparse,531,10639,0.0,1,14,0.34508890532781356,0.3928651894841875,9640,True,False,True,4.469942499999888
baseline100k_dqn_statev1_sparse_seed42_20261010_115409_706718_3d8ac8e7,dqn,42,v1,sparse,532,10649,0.0,1,10,0.3447439716710897,0.4619529038667679,9650,True,False,True,4.473696499946527
baseline100k_dqn_statev1_sparse_seed42_20261010_115409_706718_3d8ac8e7,dqn,42,v1,sparse,533,10691,20.0,3,42,0.3432990112818624,0.3997464509946959,9692,True,False,True,4.489130749949254
baseline100k_dqn_statev1_sparse_seed42_20261010_115409_706718_3d8ac8e7,dqn,42,v1,sparse,534,10709,10.0,2,18,0.34268159802901543,0.31463154115610653,9710,True,False,True,4.496284499997273
baseline100k_dqn_statev1_sparse_seed42_20261010_115409_706718_3d8ac8e7,dqn,42,v1,sparse,535,10711,-10.0,0,2,0.34261306513622564,0.3874114975333214,9712,True,False,True,4.49705195898423
baseline100k_dqn_statev1_sparse_seed42_20261010_115409_706718_3d8ac8e7,dqn,42,v1,sparse,536,10782,60.0,7,71,0.3401890067596227,0.38076790170350544,9783,True,False,True,4.523843541974202
baseline100k_dqn_statev1_sparse_seed42_20261010_115409_706718_3d8ac8e7,dqn,42,v1,sparse,537,10800,10.0,2,18,0.33957718675914567,0.35923679918050766,9801,True,False,True,4.530570083996281
baseline100k_dqn_statev1_sparse_seed42_20261010_115409_706718_3d8ac8e7,dqn,42,v1,sparse,538,10809,0.0,1,9,0.3392716895103295,0.461997808681594,9810,True,False,True,4.533987041970249
baseline100k_dqn_statev1_sparse_seed42_20261010_115409_706718_3d8ac8e7,dqn,42,v1,sparse,539,10836,20.0,3,27,0.3383568458005073,0.34807624267759146,9837,True,False,True,4.5443714169668965
baseline100k_dqn_statev1_sparse_seed42_20261010_115409_706718_3d8ac8e7,dqn,42,v1,sparse,540,10849,10.0,2,13,0.33791724572256054,0.36358626215503764,9850,True,False,True,4.549407249956857
baseline100k_dqn_statev1_sparse_seed42_20261010_115409_706718_3d8ac8e7,dqn,42,v1,sparse,541,10908,50.0,6,59,0.33592930476688276,0.39491189460633164,9909,True,False,True,4.571589791972656
baseline100k_dqn_statev1_sparse_seed42_20261010_115409_706718_3d8ac8e7,dqn,42,v1,sparse,542,10926,10.0,2,18,0.33532514571612315,0.46903187098602456,9927,True,False,True,4.5784973339759745
baseline100k_dqn_statev1_sparse_seed42_20261010_115409_706718_3d8ac8e7,dqn,42,v1,sparse,543,10991,50.0,6,65,0.3331524924076723,0.3685785456059071,9992,True,False,True,4.6029245419777
baseline100k_dqn_statev1_sparse_seed42_20261010_115409_706718_3d8ac8e7,dqn,42,v1,sparse,544,11027,20.0,3,36,0.3319552399189595,0.48317892518308425,10028,True,False,True,4.616518749971874
baseline100k_dqn_statev1_sparse_seed42_20261010_115409_706718_3d8ac8e7,dqn,42,v1,sparse,545,11064,20.0,3,37,0.33072921377605613,0.44057326562501287,10065,True,False,True,4.630250374961179
baseline100k_dqn_statev1_sparse_seed42_20261010_115409_706718_3d8ac8e7,dqn,42,v1,sparse,546,11102,10.0,2,38,0.32947476500248796,0.3936000321256487,10103,True,False,True,4.644334083946887
baseline100k_dqn_statev1_sparse_seed42_20261010_115409_706718_3d8ac8e7,dqn,42,v1,sparse,547,11115,10.0,2,13,0.3290467047040953,0.3804810998531488,10116,True,False,True,4.649177374958526
baseline100k_dqn_statev1_sparse_seed42_20261010_115409_706718_3d8ac8e7,dqn,42,v1,sparse,548,11128,-10.0,0,13,0.32861920055032584,0.4518903402181772,10129,True,False,True,4.6539009169791825
baseline100k_dqn_statev1_sparse_seed42_20261010_115409_706718_3d8ac8e7,dqn,42,v1,sparse,549,11168,30.0,4,40,0.32730728373413237,0.4076362644322217,10169,True,False,True,4.668703083996661
baseline100k_dqn_statev1_sparse_seed42_20261010_115409_706718_3d8ac8e7,dqn,42,v1,sparse,550,11176,-10.0,0,8,0.32704552953485755,0.4812201075255871,10177,True,False,True,4.671660166990478
baseline100k_dqn_statev1_sparse_seed42_20261010_115409_706718_3d8ac8e7,dqn,42,v1,sparse,551,11202,0.0,1,26,0.3261962732062084,0.4130339725659444,10203,True,False,True,4.681371499958914
baseline100k_dqn_statev1_sparse_seed42_20261010_115409_706718_3d8ac8e7,dqn,42,v1,sparse,552,11214,-10.0,0,12,0.3258050528961543,0.4145220036928852,10215,True,False,True,4.68582954199519
baseline100k_dqn_statev1_sparse_seed42_20261010_115409_706718_3d8ac8e7,dqn,42,v1,sparse,553,11278,40.0,5,64,0.32372645523382,0.4444604511372745,10279,True,False,True,4.709258999966551
baseline100k_dqn_statev1_sparse_seed42_20261010_115409_706718_3d8ac8e7,dqn,42,v1,sparse,554,11295,10.0,2,17,0.32317656030784464,0.3084682782783228,10296,True,False,True,4.715472041978501
baseline100k_dqn_statev1_sparse_seed42_20261010_115409_706718_3d8ac8e7,dqn,42,v1,sparse,555,11343,30.0,4,48,0.32162895266658853,0.4422683377439777,10344,True,False,True,4.733417374955025
baseline100k_dqn_statev1_sparse_seed42_20261010_115409_706718_3d8ac8e7,dqn,42,v1,sparse,556,11380,30.0,4,37,0.32044106509361264,0.38950039224850164,10381,True,False,True,4.747021291987039
baseline100k_dqn_statev1_sparse_seed42_20261010_115409_706718_3d8ac8e7,dqn,42,v1,sparse,557,11453,50.0,6,73,0.31811024661429715,0.444254265256124,10454,True,False,True,4.773973541974556
baseline100k_dqn_statev1_sparse_seed42_20261010_115409_706718_3d8ac8e7,dqn,42,v1,sparse,558,11457,0.0,1,4,0.3179830216009939,0.4647517167031765,10458,True,False,True,4.775461249984801
baseline100k_dqn_statev1_sparse_seed42_20261010_115409_706718_3d8ac8e7,dqn,42,v1,sparse,559,11499,20.0,3,42,0.3166502270971973,0.4157349697890736,10500,True,False,True,4.790925166977104
baseline100k_dqn_statev1_sparse_seed42_20261010_115409_706718_3d8ac8e7,dqn,42,v1,sparse,560,11533,20.0,3,34,0.31557539083947367,0.45935511556180086,10534,True,False,True,4.803324583976064
baseline100k_dqn_statev1_sparse_seed42_20261010_115409_706718_3d8ac8e7,dqn,42,v1,sparse,561,11582,40.0,5,49,0.3140327767834759,0.45899540049080945,10583,True,False,True,4.821581874974072
baseline100k_dqn_statev1_sparse_seed42_20261010_115409_706718_3d8ac8e7,dqn,42,v1,sparse,562,11612,20.0,3,30,0.31309204322159156,0.3886226999262969,10613,True,False,True,4.832770583976526
baseline100k_dqn_statev1_sparse_seed42_20261010_115409_706718_3d8ac8e7,dqn,42,v1,sparse,563,11653,20.0,3,41,0.3118109298647447,0.37766406012744436,10654,True,False,True,4.847801041963976
baseline100k_dqn_statev1_sparse_seed42_20261010_115409_706718_3d8ac8e7,dqn,42,v1,sparse,564,11661,-10.0,0,8,0.31156156841045396,0.4425855502486229,10662,True,False,True,4.85073124995688
baseline100k_dqn_statev1_sparse_seed42_20261010_115409_706718_3d8ac8e7,dqn,42,v1,sparse,565,11678,10.0,2,17,0.3110323372561015,0.467216439983424,10679,True,False,True,4.857083708979189
baseline100k_dqn_statev1_sparse_seed42_20261010_115409_706718_3d8ac8e7,dqn,42,v1,sparse,566,11695,10.0,2,17,0.31050400507531684,0.3712295854792875,10696,True,False,True,4.86341354198521
baseline100k_dqn_statev1_sparse_seed42_20261010_115409_706718_3d8ac8e7,dqn,42,v1,sparse,567,11696,-10.0,0,1,0.3104729546748093,0.4510941207408905,10697,True,False,True,4.863792041956913
baseline100k_dqn_statev1_sparse_seed42_20261010_115409_706718_3d8ac8e7,dqn,42,v1,sparse,568,11698,-10.0,0,2,0.3104108631886039,0.6173604428768158,10699,True,False,True,4.864561666967347
baseline100k_dqn_statev1_sparse_seed42_20261010_115409_706718_3d8ac8e7,dqn,42,v1,sparse,569,11724,20.0,3,26,0.30960480297301474,0.4635950258144966,10725,True,False,True,4.8740893339854665
baseline100k_dqn_statev1_sparse_seed42_20261010_115409_706718_3d8ac8e7,dqn,42,v1,sparse,570,11773,10.0,2,49,0.3080913746933252,0.4574794982160841,10774,True,False,True,4.891907833982259
baseline100k_dqn_statev1_sparse_seed42_20261010_115409_706718_3d8ac8e7,dqn,42,v1,sparse,571,11782,-10.0,0,9,0.3078142033431203,0.5345570047696432,10783,True,False,True,4.895295166992582
baseline100k_dqn_statev1_sparse_seed42_20261010_115409_706718_3d8ac8e7,dqn,42,v1,sparse,572,11800,0.0,1,18,0.30726060848175163,0.3676660764548514,10801,True,False,True,4.901924249948934
baseline100k_dqn_statev1_sparse_seed42_20261010_115409_706718_3d8ac8e7,dqn,42,v1,sparse,573,11828,0.0,1,28,0.3064014392171459,0.39104630345744745,10829,True,False,True,4.912163666973356
baseline100k_dqn_statev1_sparse_seed42_20261010_115409_706718_3d8ac8e7,dqn,42,v1,sparse,574,11968,80.0,9,140,0.30214149525741285,0.4423195415575589,10969,True,False,True,4.963368749944493
baseline100k_dqn_statev1_sparse_seed42_20261010_115409_706718_3d8ac8e7,dqn,42,v1,sparse,575,11983,0.0,1,15,0.3016886001256636,0.3863355909784635,10984,True,False,True,4.968942124978639
baseline100k_dqn_statev1_sparse_seed42_20261010_115409_706718_3d8ac8e7,dqn,42,v1,sparse,576,12031,10.0,2,48,0.30024389268032914,0.42018497083336115,11032,True,False,True,4.9862634589662775
baseline100k_dqn_statev1_sparse_seed42_20261010_115409_706718_3d8ac8e7,dqn,42,v1,sparse,577,12082,20.0,3,51,0.29871647069220825,0.3982440908165539,11083,True,False,True,5.005093416955788
baseline100k_dqn_statev1_sparse_seed42_20261010_115409_706718_3d8ac8e7,dqn,42,v1,sparse,578,12094,-10.0,0,12,0.2983582080145455,0.4798642160991828,11095,True,False,True,5.009565833956003
baseline100k_dqn_statev1_sparse_seed42_20261010_115409_706718_3d8ac8e7,dqn,42,v1,sparse,579,12133,40.0,5,39,0.29719681911336693,0.3571081295227393,11134,True,False,True,5.024031416978687
baseline100k_dqn_statev1_sparse_seed42_20261010_115409_706718_3d8ac8e7,dqn,42,v1,sparse,580,12137,-10.0,0,4,0.297077958216342,0.3813724257051945,11138,True,False,True,5.025531749997754
baseline100k_dqn_statev1_sparse_seed42_20261010_115409_706718_3d8ac8e7,dqn,42,v1,sparse,581,12154,10.0,2,17,0.2965733295114551,0.40359731500639634,11155,True,False,True,5.03194487496512
baseline100k_dqn_statev1_sparse_seed42_20261010_115409_706718_3d8ac8e7,dqn,42,v1,sparse,582,12285,100.0,11,131,0.29271336387162494,0.4364265675820012,11286,True,False,True,5.079594833950978
baseline100k_dqn_statev1_sparse_seed42_20261010_115409_706718_3d8ac8e7,dqn,42,v1,sparse,583,12324,40.0,5,39,0.2915739480858505,0.3991443723058089,11325,True,False,True,5.094016958959401
baseline100k_dqn_statev1_sparse_seed42_20261010_115409_706718_3d8ac8e7,dqn,42,v1,sparse,584,12335,0.0,1,11,0.29125337706052756,0.5032082782550291,11336,True,False,True,5.098144041956402
baseline100k_dqn_statev1_sparse_seed42_20261010_115409_706718_3d8ac8e7,dqn,42,v1,sparse,585,12366,10.0,2,31,0.29035184461157526,0.5099694764902515,11367,True,False,True,5.1095665419707075
baseline100k_dqn_statev1_sparse_seed42_20261010_115409_706718_3d8ac8e7,dqn,42,v1,sparse,586,12367,-10.0,0,1,0.2903228094271141,0.5017841458320618,11368,True,False,True,5.109941791975871
baseline100k_dqn_statev1_sparse_seed42_20261010_115409_706718_3d8ac8e7,dqn,42,v1,sparse,587,12391,20.0,3,24,0.28962683538813816,0.38828906913598377,11392,True,False,True,5.11867999995593
baseline100k_dqn_statev1_sparse_seed42_20261010_115409_706718_3d8ac8e7,dqn,42,v1,sparse,588,12428,20.0,3,37,0.28855714276343697,0.47601142586083023,11429,True,False,True,5.132454749953467
baseline100k_dqn_statev1_sparse_seed42_20261010_115409_706718_3d8ac8e7,dqn,42,v1,sparse,589,12433,-10.0,0,5,0.2884128930448841,0.4853994190692902,11434,True,False,True,5.134315624949522
baseline100k_dqn_statev1_sparse_seed42_20261010_115409_706718_3d8ac8e7,dqn,42,v1,sparse,590,12476,30.0,4,43,0.2871753184174684,0.4696534192839334,11477,True,False,True,5.150182708981447
baseline100k_dqn_statev1_sparse_seed42_20261010_115409_706718_3d8ac8e7,dqn,42,v1,sparse,591,12541,90.0,10,65,0.2853146395699794,0.45029362296828856,11542,True,False,True,5.1740080419695005
baseline100k_dqn_statev1_sparse_seed42_20261010_115409_706718_3d8ac8e7,dqn,42,v1,sparse,592,12570,20.0,3,29,0.28448838445080077,0.440701059226332,11571,True,False,True,5.184700541954953
baseline100k_dqn_statev1_sparse_seed42_20261010_115409_706718_3d8ac8e7,dqn,42,v1,sparse,593,12580,0.0,1,10,0.28420402405199036,0.4925275661051273,11581,True,False,True,5.188282958988566
baseline100k_dqn_statev1_sparse_seed42_20261010_115409_706718_3d8ac8e7,dqn,42,v1,sparse,594,12620,10.0,2,40,0.28306942194182994,0.45105869732797144,11621,True,False,True,5.203310958982911
baseline100k_dqn_statev1_sparse_seed42_20261010_115409_706718_3d8ac8e7,dqn,42,v1,sparse,595,12656,10.0,2,36,0.2820521533407481,0.42540641335977447,11657,True,False,True,5.2173212499474175
baseline100k_dqn_statev1_sparse_seed42_20261010_115409_706718_3d8ac8e7,dqn,42,v1,sparse,596,12705,30.0,4,49,0.28067340953214365,0.4793074195634346,11706,True,False,True,5.236349041981157
baseline100k_dqn_statev1_sparse_seed42_20261010_115409_706718_3d8ac8e7,dqn,42,v1,sparse,597,12706,-10.0,0,1,0.2806453421911904,0.28272545337677,11707,True,False,True,5.236728624964599
baseline100k_dqn_statev1_sparse_seed42_20261010_115409_706718_3d8ac8e7,dqn,42,v1,sparse,598,12778,50.0,6,72,0.27863185231350535,0.47217970186223585,11779,True,False,True,5.263727541954722
baseline100k_dqn_statev1_sparse_seed42_20261010_115409_706718_3d8ac8e7,dqn,42,v1,sparse,599,12792,0.0,1,14,0.27824202117385793,0.37772626030657974,11793,True,False,True,5.269285708956886
baseline100k_dqn_statev1_sparse_seed42_20261010_115409_706718_3d8ac8e7,dqn,42,v1,sparse,600,12839,30.0,4,47,0.2769372869638539,0.45895807286526297,11840,True,False,True,5.287281874974724
baseline100k_dqn_statev1_sparse_seed42_20261010_115409_706718_3d8ac8e7,dqn,42,v1,sparse,601,12840,-10.0,0,1,0.2769095932351575,0.8409384489059448,11841,True,False,True,5.289269916946068
baseline100k_dqn_statev1_sparse_seed42_20261010_115409_706718_3d8ac8e7,dqn,42,v1,sparse,602,12927,80.0,9,87,0.2745108096723973,0.4401869333681019,11928,True,False,True,5.321839874959551
baseline100k_dqn_statev1_sparse_seed42_20261010_115409_706718_3d8ac8e7,dqn,42,v1,sparse,603,12968,40.0,5,41,0.27338756341787274,0.512766264924189,11969,True,False,True,5.3413404589518905
baseline100k_dqn_statev1_sparse_seed42_20261010_115409_706718_3d8ac8e7,dqn,42,v1,sparse,604,12995,30.0,4,27,0.2726503757878132,0.5585134443309572,11996,True,False,True,5.352739041962195
baseline100k_dqn_statev1_sparse_seed42_20261010_115409_706718_3d8ac8e7,dqn,42,v1,sparse,605,13028,20.0,3,33,0.2717520676552323,0.4208926274017854,12029,True,False,True,5.365797374979593
baseline100k_dqn_statev1_sparse_seed42_20261010_115409_706718_3d8ac8e7,dqn,42,v1,sparse,606,13051,10.0,2,23,0.2711277249513241,0.5225701186320056,12052,True,False,True,5.375161166943144
baseline100k_dqn_statev1_sparse_seed42_20261010_115409_706718_3d8ac8e7,dqn,42,v1,sparse,607,13053,-10.0,0,2,0.2710735021176111,0.35113638639450073,12054,True,False,True,5.3759821249987
baseline100k_dqn_statev1_sparse_seed42_20261010_115409_706718_3d8ac8e7,dqn,42,v1,sparse,608,13056,0.0,1,3,0.2709921881989098,0.4029289086659749,12057,True,False,True,5.377222499984782
baseline100k_dqn_statev1_sparse_seed42_20261010_115409_706718_3d8ac8e7,dqn,42,v1,sparse,609,13083,20.0,3,27,0.2702614596811766,0.5222875089557083,12084,True,False,True,5.387707999965642
baseline100k_dqn_statev1_sparse_seed42_20261010_115409_706718_3d8ac8e7,dqn,42,v1,sparse,610,13104,10.0,2,21,0.26969447780562544,0.39065517698015484,12105,True,False,True,5.395676083979197
baseline100k_dqn_statev1_sparse_seed42_20261010_115409_706718_3d8ac8e7,dqn,42,v1,sparse,611,13133,0.0,1,29,0.2689134577947457,0.42383369854811964,12134,True,False,True,5.406600541959051
baseline100k_dqn_statev1_sparse_seed42_20261010_115409_706718_3d8ac8e7,dqn,42,v1,sparse,612,13139,-10.0,0,6,0.26875215005170966,0.443663348754247,12140,True,False,True,5.4088703749584965
baseline100k_dqn_statev1_sparse_seed42_20261010_115409_706718_3d8ac8e7,dqn,42,v1,sparse,613,13263,110.0,12,124,0.26544003533505883,0.46708833450271237,12264,True,False,True,5.45584745897213
baseline100k_dqn_statev1_sparse_seed42_20261010_115409_706718_3d8ac8e7,dqn,42,v1,sparse,614,13288,30.0,4,25,0.2647772309566509,0.3285515937209129,12289,True,False,True,5.465139374951832
baseline100k_dqn_statev1_sparse_seed42_20261010_115409_706718_3d8ac8e7,dqn,42,v1,sparse,615,13325,30.0,4,37,0.2637993165628982,0.5035702955682535,12326,True,False,True,5.478871458966751
baseline100k_dqn_statev1_sparse_seed42_20261010_115409_706718_3d8ac8e7,dqn,42,v1,sparse,616,13387,60.0,7,62,0.26216873928309337,0.4417849631319123,12388,True,False,True,5.502733249973971
baseline100k_dqn_statev1_sparse_seed42_20261010_115409_706718_3d8ac8e7,dqn,42,v1,sparse,617,13390,-10.0,0,3,0.2620900965261085,0.5636520783106486,12391,True,False,True,5.503834416973405
baseline100k_dqn_statev1_sparse_seed42_20261010_115409_706718_3d8ac8e7,dqn,42,v1,sparse,618,13448,50.0,6,58,0.26057429823960837,0.48484460058911094,12449,True,False,True,5.525265624979511
baseline100k_dqn_statev1_sparse_seed42_20261010_115409_706718_3d8ac8e7,dqn,42,v1,sparse,619,13450,-10.0,0,2,0.2605221859857034,0.5173881351947784,12451,True,False,True,5.5259835419710726
baseline100k_dqn_statev1_sparse_seed42_20261010_115409_706718_3d8ac8e7,dqn,42,v1,sparse,620,13472,10.0,2,22,0.25994963858177084,0.48845964433117345,12473,True,False,True,5.5342425419948995
baseline100k_dqn_statev1_sparse_seed42_20261010_115409_706718_3d8ac8e7,dqn,42,v1,sparse,621,13474,-10.0,0,2,0.25989765125355085,0.3455555737018585,12475,True,False,True,5.535004374978598
baseline100k_dqn_statev1_sparse_seed42_20261010_115409_706718_3d8ac8e7,dqn,42,v1,sparse,622,13586,100.0,11,112,0.25700289372271046,0.4810621052581285,12587,True,False,True,5.576955333992373
baseline100k_dqn_statev1_sparse_seed42_20261010_115409_706718_3d8ac8e7,dqn,42,v1,sparse,623,13687,70.0,8,101,0.25442010041744134,0.48656198146319624,12688,True,False,True,5.61483779194532
baseline100k_dqn_statev1_sparse_seed42_20261010_115409_706718_3d8ac8e7,dqn,42,v1,sparse,624,13740,90.0,10,53,0.2530751738416102,0.4627719406249388,12741,True,False,True,5.635086666967254
baseline100k_dqn_statev1_sparse_seed42_20261010_115409_706718_3d8ac8e7,dqn,42,v1,sparse,625,13785,50.0,6,45,0.2519388374161748,0.495643244849311,12786,True,False,True,5.652003416966181
baseline100k_dqn_statev1_sparse_seed42_20261010_115409_706718_3d8ac8e7,dqn,42,v1,sparse,626,13819,20.0,3,34,0.25108365723940357,0.4478011569556068,12820,True,False,True,5.664802249986678
baseline100k_dqn_statev1_sparse_seed42_20261010_115409_706718_3d8ac8e7,dqn,42,v1,sparse,627,13846,10.0,2,27,0.25040661193451497,0.4460954072850722,12847,True,False,True,5.674709624960087
baseline100k_dqn_statev1_sparse_seed42_20261010_115409_706718_3d8ac8e7,dqn,42,v1,sparse,628,13888,20.0,3,42,0.2493570572934515,0.442826877924658,12889,True,False,True,5.6902112499810755
baseline100k_dqn_statev1_sparse_seed42_20261010_115409_706718_3d8ac8e7,dqn,42,v1,sparse,629,13951,70.0,8,63,0.2477909678884495,0.4358838227769685,12952,True,False,True,5.7135881669819355
baseline100k_dqn_statev1_sparse_seed42_20261010_115409_706718_3d8ac8e7,dqn,42,v1,sparse,630,14012,40.0,5,61,0.24628396865396193,0.4850099626623216,13013,True,False,True,5.736195958976168
baseline100k_dqn_statev1_sparse_seed42_20261010_115409_706718_3d8ac8e7,dqn,42,v1,sparse,631,14027,0.0,1,15,0.24591480118712253,0.4687449415524801,13028,True,False,True,5.741695459000766
baseline100k_dqn_statev1_sparse_seed42_20261010_115409_706718_3d8ac8e7,dqn,42,v1,sparse,632,14053,0.0,1,26,0.24527622128812898,0.506357026214783,13054,True,False,True,5.751377749955282
baseline100k_dqn_statev1_sparse_seed42_20261010_115409_706718_3d8ac8e7,dqn,42,v1,sparse,633,14116,50.0,6,63,0.24373576161304472,0.5037603808773888,13117,True,False,True,5.774405042000581
baseline100k_dqn_statev1_sparse_seed42_20261010_115409_706718_3d8ac8e7,dqn,42,v1,sparse,634,14152,20.0,3,36,0.2428598466676975,0.45159121457901263,13153,True,False,True,5.787744458997622
baseline100k_dqn_statev1_sparse_seed42_20261010_115409_706718_3d8ac8e7,dqn,42,v1,sparse,635,14169,0.0,1,17,0.24244731505266706,0.5136762156206018,13170,True,False,True,5.794030208955519
baseline100k_dqn_statev1_sparse_seed42_20261010_115409_706718_3d8ac8e7,dqn,42,v1,sparse,636,14195,10.0,2,26,0.2418177393573034,0.43203576224354595,13196,True,False,True,5.803737166977953
baseline100k_dqn_statev1_sparse_seed42_20261010_115409_706718_3d8ac8e7,dqn,42,v1,sparse,637,14221,20.0,3,26,0.24118979851426262,0.5471898787296735,13222,True,False,True,5.813438583980314
baseline100k_dqn_statev1_sparse_seed42_20261010_115409_706718_3d8ac8e7,dqn,42,v1,sparse,638,14331,80.0,9,110,0.2385511181443933,0.5202361250465567,13332,True,False,True,5.853813083958812
baseline100k_dqn_statev1_sparse_seed42_20261010_115409_706718_3d8ac8e7,dqn,42,v1,sparse,639,14334,-10.0,0,3,0.238479559965245,0.3205400307973226,13335,True,False,True,5.854918791970704
baseline100k_dqn_statev1_sparse_seed42_20261010_115409_706718_3d8ac8e7,dqn,42,v1,sparse,640,14349,0.0,1,15,0.23812209092035946,0.5878514150778452,13350,True,False,True,5.860477541980799
baseline100k_dqn_statev1_sparse_seed42_20261010_115409_706718_3d8ac8e7,dqn,42,v1,sparse,641,14391,40.0,5,42,0.23712402563871848,0.44872253991308664,13392,True,False,True,5.8761030419846065
baseline100k_dqn_statev1_sparse_seed42_20261010_115409_706718_3d8ac8e7,dqn,42,v1,sparse,642,14483,80.0,9,92,0.23495238090266019,0.48150414787232876,13484,True,False,True,5.909731291991193
baseline100k_dqn_statev1_sparse_seed42_20261010_115409_706718_3d8ac8e7,dqn,42,v1,sparse,643,14496,0.0,1,13,0.23464712600316429,0.5763372939366561,13497,True,False,True,5.914484416949563
baseline100k_dqn_statev1_sparse_seed42_20261010_115409_706718_3d8ac8e7,dqn,42,v1,sparse,644,14521,20.0,3,25,0.23406121159014281,0.5719575268030167,13522,True,False,True,5.923909458972048
baseline100k_dqn_statev1_sparse_seed42_20261010_115409_706718_3d8ac8e7,dqn,42,v1,sparse,645,14579,30.0,4,58,0.23270751838247483,0.5095868840299803,13580,True,False,True,5.945415916969068
baseline100k_dqn_statev1_sparse_seed42_20261010_115409_706718_3d8ac8e7,dqn,42,v1,sparse,646,14742,130.0,14,163,0.2289449459764791,0.5228140196460156,13743,True,False,True,6.0056020419579
baseline100k_dqn_statev1_sparse_seed42_20261010_115409_706718_3d8ac8e7,dqn,42,v1,sparse,647,14788,20.0,3,46,0.22789416533352697,0.4705166303269241,13789,True,False,True,6.022384208976291
baseline100k_dqn_statev1_sparse_seed42_20261010_115409_706718_3d8ac8e7,dqn,42,v1,sparse,648,14864,60.0,7,76,0.2261686486689407,0.5216649291350653,13865,True,False,True,6.05048120894935
baseline100k_dqn_statev1_sparse_seed42_20261010_115409_706718_3d8ac8e7,dqn,42,v1,sparse,649,14931,60.0,7,67,0.22465830849438548,0.5184151611443776,13932,True,False,True,6.075101124995854
baseline100k_dqn_statev1_sparse_seed42_20261010_115409_706718_3d8ac8e7,dqn,42,v1,sparse,650,14946,10.0,2,15,0.22432155682067897,0.4638950824737549,13947,True,False,True,6.0806210419978015
baseline100k_dqn_statev1_sparse_seed42_20261010_115409_706718_3d8ac8e7,dqn,42,v1,sparse,651,15013,50.0,6,67,0.2228235514106499,0.5694728765025068,14014,True,False,True,6.105194624979049
baseline100k_dqn_statev1_sparse_seed42_20261010_115409_706718_3d8ac8e7,dqn,42,v1,sparse,652,15036,10.0,2,23,0.22231162059156728,0.5663465041181316,14037,True,False,True,6.113674374995753
baseline100k_dqn_statev1_sparse_seed42_20261010_115409_706718_3d8ac8e7,dqn,42,v1,sparse,653,15038,-10.0,0,2,0.2222671604905652,0.38241738080978394,14039,True,False,True,6.114416416967288
baseline100k_dqn_statev1_sparse_seed42_20261010_115409_706718_3d8ac8e7,dqn,42,v1,sparse,654,15066,30.0,4,28,0.22164565188336607,0.5436247523341861,14067,True,False,True,6.124822458950803
baseline100k_dqn_statev1_sparse_seed42_20261010_115409_706718_3d8ac8e7,dqn,42,v1,sparse,655,15071,0.0,1,5,0.22153485121977323,0.4735723316669464,14072,True,False,True,6.126701874949504
baseline100k_dqn_statev1_sparse_seed42_20261010_115409_706718_3d8ac8e7,dqn,42,v1,sparse,656,15082,-10.0,0,11,0.22129128469105377,0.39023755355314776,14083,True,False,True,6.13066883396823
baseline100k_dqn_statev1_sparse_seed42_20261010_115409_706718_3d8ac8e7,dqn,42,v1,sparse,657,15097,0.0,1,15,0.2209595800192088,0.5061847428480785,14098,True,False,True,6.136145749944262
baseline100k_dqn_statev1_sparse_seed42_20261010_115409_706718_3d8ac8e7,dqn,42,v1,sparse,658,15117,10.0,2,20,0.22051808043058554,0.5783023186028003,14118,True,False,True,6.143504791951273
baseline100k_dqn_statev1_sparse_seed42_20261010_115409_706718_3d8ac8e7,dqn,42,v1,sparse,659,15120,-10.0,0,3,0.22045193162177829,0.7162888248761495,14121,True,False,True,6.144616708974354
baseline100k_dqn_statev1_sparse_seed42_20261010_115409_706718_3d8ac8e7,dqn,42,v1,sparse,660,15157,10.0,2,37,0.2196377259731859,0.522120000140087,14158,True,False,True,6.158186749962624
baseline100k_dqn_statev1_sparse_seed42_20261010_115409_706718_3d8ac8e7,dqn,42,v1,sparse,661,15182,10.0,2,25,0.21908929006654193,0.5272994422912598,14183,True,False,True,6.167487416998483
baseline100k_dqn_statev1_sparse_seed42_20261010_115409_706718_3d8ac8e7,dqn,42,v1,sparse,662,15218,10.0,2,36,0.2183019473218221,0.4842551483048333,14219,True,False,True,6.180593833967578
baseline100k_dqn_statev1_sparse_seed42_20261010_115409_706718_3d8ac8e7,dqn,42,v1,sparse,663,15286,50.0,6,68,0.21682245607572886,0.5467081340577673,14287,True,False,True,6.205555333988741
baseline100k_dqn_statev1_sparse_seed42_20261010_115409_706718_3d8ac8e7,dqn,42,v1,sparse,664,15359,40.0,5,73,0.2152453367785995,0.5538241291699344,14360,True,False,True,6.232719999970868
baseline100k_dqn_statev1_sparse_seed42_20261010_115409_706718_3d8ac8e7,dqn,42,v1,sparse,665,15390,20.0,3,31,0.21457907615855104,0.48146080826559373,14391,True,False,True,6.244133583968505
baseline100k_dqn_statev1_sparse_seed42_20261010_115409_706718_3d8ac8e7,dqn,42,v1,sparse,666,15469,90.0,10,79,0.21289049570172863,0.5309184683085997,14470,True,False,True,6.273173124995083
baseline100k_dqn_statev1_sparse_seed42_20261010_115409_706718_3d8ac8e7,dqn,42,v1,sparse,667,15511,30.0,4,42,0.2119981861653478,0.5199403001793793,14512,True,False,True,6.288978124968708
baseline100k_dqn_statev1_sparse_seed42_20261010_115409_706718_3d8ac8e7,dqn,42,v1,sparse,668,15520,0.0,1,9,0.21180746409934081,0.5531068278683556,14521,True,False,True,6.292273583996575
baseline100k_dqn_statev1_sparse_seed42_20261010_115409_706718_3d8ac8e7,dqn,42,v1,sparse,669,15582,50.0,6,62,0.21049825510231485,0.53442836120244,14583,True,False,True,6.315193999966141
baseline100k_dqn_statev1_sparse_seed42_20261010_115409_706718_3d8ac8e7,dqn,42,v1,sparse,670,15584,-10.0,0,2,0.21045615755627692,0.6806222796440125,14585,True,False,True,6.315978708968032
baseline100k_dqn_statev1_sparse_seed42_20261010_115409_706718_3d8ac8e7,dqn,42,v1,sparse,671,15643,40.0,5,59,0.2092180602993994,0.5339769152766567,14644,True,False,True,6.33801179198781
baseline100k_dqn_statev1_sparse_seed42_20261010_115409_706718_3d8ac8e7,dqn,42,v1,sparse,672,15727,90.0,10,84,0.20746790203963705,0.542607903303135,14728,True,False,True,6.369734166946728
baseline100k_dqn_statev1_sparse_seed42_20261010_115409_706718_3d8ac8e7,dqn,42,v1,sparse,673,15747,0.0,1,20,0.20705336018815873,0.4837730184197426,14748,True,False,True,6.3774187919916585
baseline100k_dqn_statev1_sparse_seed42_20261010_115409_706718_3d8ac8e7,dqn,42,v1,sparse,674,15770,10.0,2,23,0.2065776609382191,0.5179166625375333,14771,True,False,True,6.386541874962859
baseline100k_dqn_statev1_sparse_seed42_20261010_115409_706718_3d8ac8e7,dqn,42,v1,sparse,675,15848,70.0,8,78,0.2049725430238802,0.5318415357898443,14849,True,False,True,6.417022791982163
baseline100k_dqn_statev1_sparse_seed42_20261010_115409_706718_3d8ac8e7,dqn,42,v1,sparse,676,15945,90.0,10,97,0.20299382272788805,0.5584596483056078,14946,True,False,True,6.454000583966263
baseline100k_dqn_statev1_sparse_seed42_20261010_115409_706718_3d8ac8e7,dqn,42,v1,sparse,677,15979,30.0,4,34,0.20230478131218452,0.5683244926964536,14980,True,False,True,6.466704666963778
baseline100k_dqn_statev1_sparse_seed42_20261010_115409_706718_3d8ac8e7,dqn,42,v1,sparse,678,16026,30.0,4,47,0.20135613247793666,0.582952748904837,15027,True,False,True,6.484799749974627
baseline100k_dqn_statev1_sparse_seed42_20261010_115409_706718_3d8ac8e7,dqn,42,v1,sparse,679,16042,10.0,2,16,0.20103420418060816,0.5350109999999404,15043,True,False,True,6.491023999988101
baseline100k_dqn_statev1_sparse_seed42_20261010_115409_706718_3d8ac8e7,dqn,42,v1,sparse,680,16067,10.0,2,25,0.2005322213106448,0.5278025639057159,15068,True,False,True,6.500621833954938
baseline100k_dqn_statev1_sparse_seed42_20261010_115409_706718_3d8ac8e7,dqn,42,v1,sparse,681,16087,10.0,2,20,0.2001315376507345,0.6174404129385949,15088,True,False,True,6.507918708957732
baseline100k_dqn_statev1_sparse_seed42_20261010_115409_706718_3d8ac8e7,dqn,42,v1,sparse,682,16142,70.0,8,55,0.19903378090335747,0.5650221280076287,15143,True,False,True,6.528294874995481
baseline100k_dqn_statev1_sparse_seed42_20261010_115409_706718_3d8ac8e7,dqn,42,v1,sparse,683,16242,90.0,10,100,0.19705326316061259,0.5969030964374542,15243,True,False,True,6.565907583979424
baseline100k_dqn_statev1_sparse_seed42_20261010_115409_706718_3d8ac8e7,dqn,42,v1,sparse,684,16246,-10.0,0,4,0.19697445367775593,0.48357949405908585,15247,True,False,True,6.567480583966244
baseline100k_dqn_statev1_sparse_seed42_20261010_115409_706718_3d8ac8e7,dqn,42,v1,sparse,685,16315,70.0,8,69,0.1956199406647896,0.5863097335981287,15316,True,False,True,6.593061083985958
baseline100k_dqn_statev1_sparse_seed42_20261010_115409_706718_3d8ac8e7,dqn,42,v1,sparse,686,16341,30.0,4,26,0.19511196407554884,0.5656881372515972,15342,True,False,True,6.602531166980043
baseline100k_dqn_statev1_sparse_seed42_20261010_115409_706718_3d8ac8e7,dqn,42,v1,sparse,687,16463,160.0,17,122,0.19274594189401034,0.5631837019177733,15464,True,False,True,6.648136291943956
baseline100k_dqn_statev1_sparse_seed42_20261010_115409_706718_3d8ac8e7,dqn,42,v1,sparse,688,16507,30.0,4,44,0.19189968057617418,0.6134674779393456,15508,True,False,True,6.6648130839457735
baseline100k_dqn_statev1_sparse_seed42_20261010_115409_706718_3d8ac8e7,dqn,42,v1,sparse,689,16545,10.0,2,38,0.19117180922728913,0.6011797728899279,15546,True,False,True,6.678966166975442
baseline100k_dqn_statev1_sparse_seed42_20261010_115409_706718_3d8ac8e7,dqn,42,v1,sparse,690,16627,100.0,11,82,0.18961053231061953,0.5571564455948225,15628,True,False,True,6.709264708973933
baseline100k_dqn_statev1_sparse_seed42_20261010_115409_706718_3d8ac8e7,dqn,42,v1,sparse,691,16645,10.0,2,18,0.18926952330191069,0.6594849733842744,15646,True,False,True,6.716083541978151
baseline100k_dqn_statev1_sparse_seed42_20261010_115409_706718_3d8ac8e7,dqn,42,v1,sparse,692,16784,170.0,18,139,0.18665674715111877,0.57838209107411,15785,True,False,True,6.76764308399288
baseline100k_dqn_statev1_sparse_seed42_20261010_115409_706718_3d8ac8e7,dqn,42,v1,sparse,693,16889,110.0,12,105,0.1847070078627992,0.6075660956757409,15890,True,False,True,6.806908166967332
baseline100k_dqn_statev1_sparse_seed42_20261010_115409_706718_3d8ac8e7,dqn,42,v1,sparse,694,16920,20.0,3,31,0.18413527419633402,0.5747732731603807,15921,True,False,True,6.8183327919687144
baseline100k_dqn_statev1_sparse_seed42_20261010_115409_706718_3d8ac8e7,dqn,42,v1,sparse,695,16992,60.0,7,72,0.1828141957568192,0.5684186509913869,15993,True,False,True,6.844869124994148
baseline100k_dqn_statev1_sparse_seed42_20261010_115409_706718_3d8ac8e7,dqn,42,v1,sparse,696,17058,50.0,6,66,0.1816115350769052,0.6258944555213957,16059,True,False,True,6.869509999989532
baseline100k_dqn_statev1_sparse_seed42_20261010_115409_706718_3d8ac8e7,dqn,42,v1,sparse,697,17064,0.0,1,6,0.18150259539395738,0.603602409362793,16065,True,False,True,6.87182458397001
baseline100k_dqn_statev1_sparse_seed42_20261010_115409_706718_3d8ac8e7,dqn,42,v1,sparse,698,17091,10.0,2,27,0.18101317492992688,0.6287274084709309,16092,True,False,True,6.881590291974135
baseline100k_dqn_statev1_sparse_seed42_20261010_115409_706718_3d8ac8e7,dqn,42,v1,sparse,699,17121,30.0,4,30,0.18047092207803042,0.5534657299518585,16122,True,False,True,6.8929749999661
baseline100k_dqn_statev1_sparse_seed42_20261010_115409_706718_3d8ac8e7,dqn,42,v1,sparse,700,17125,-10.0,0,4,0.18039874453673269,0.7769218683242798,16126,True,False,True,6.894472416955978
baseline100k_dqn_statev1_sparse_seed42_20261010_115409_706718_3d8ac8e7,dqn,42,v1,sparse,701,17133,-10.0,0,8,0.18025447604265077,0.5601293258368969,16134,True,False,True,6.899026416998822
baseline100k_dqn_statev1_sparse_seed42_20261010_115409_706718_3d8ac8e7,dqn,42,v1,sparse,702,17163,50.0,6,30,0.1797144959901542,0.5997515608867009,16164,True,False,True,6.910092749982141
baseline100k_dqn_statev1_sparse_seed42_20261010_115409_706718_3d8ac8e7,dqn,42,v1,sparse,703,17294,100.0,11,131,0.17737547319048402,0.5555882509086878,16295,True,False,True,6.959020541980863
baseline100k_dqn_statev1_sparse_seed42_20261010_115409_706718_3d8ac8e7,dqn,42,v1,sparse,704,17360,50.0,6,66,0.17620859166739308,0.5869879216858835,16361,True,False,True,6.983759666967671
baseline100k_dqn_statev1_sparse_seed42_20261010_115409_706718_3d8ac8e7,dqn,42,v1,sparse,705,17437,80.0,9,77,0.1748569285090991,0.6246278436927052,16438,True,False,True,7.01253241696395
baseline100k_dqn_statev1_sparse_seed42_20261010_115409_706718_3d8ac8e7,dqn,42,v1,sparse,706,17440,-10.0,0,3,0.17480447667607937,0.5339344243208567,16441,True,False,True,7.013635583978612
baseline100k_dqn_statev1_sparse_seed42_20261010_115409_706718_3d8ac8e7,dqn,42,v1,sparse,707,17556,110.0,12,116,0.17278836002417308,0.5882202693871383,16557,True,False,True,7.0566765839466825
baseline100k_dqn_statev1_sparse_seed42_20261010_115409_706718_3d8ac8e7,dqn,42,v1,sparse,708,17571,0.0,1,15,0.17252935883331977,0.6785289486249287,16572,True,False,True,7.062164999952074
baseline100k_dqn_statev1_sparse_seed42_20261010_115409_706718_3d8ac8e7,dqn,42,v1,sparse,709,17664,80.0,9,93,0.17093219426398065,0.5720530167542478,16665,True,False,True,7.097622374945786
baseline100k_dqn_statev1_sparse_seed42_20261010_115409_706718_3d8ac8e7,dqn,42,v1,sparse,710,17751,100.0,11,87,0.16945146066729827,0.5847686315062403,16752,True,False,True,7.1302695839549415
baseline100k_dqn_statev1_sparse_seed42_20261010_115409_706718_3d8ac8e7,dqn,42,v1,sparse,711,17780,20.0,3,29,0.1689607387855201,0.617079763063069,16781,True,False,True,7.140905083972029
baseline100k_dqn_statev1_sparse_seed42_20261010_115409_706718_3d8ac8e7,dqn,42,v1,sparse,712,17791,0.0,1,11,0.16877497487338938,0.5847818092866377,16792,True,False,True,7.1449768749880604
baseline100k_dqn_statev1_sparse_seed42_20261010_115409_706718_3d8ac8e7,dqn,42,v1,sparse,713,17829,30.0,4,38,0.16813481503440333,0.5206171403590002,16830,True,False,True,7.158881249953993
baseline100k_dqn_statev1_sparse_seed42_20261010_115409_706718_3d8ac8e7,dqn,42,v1,sparse,714,17943,160.0,17,114,0.16622886738802553,0.5782713684204378,16944,True,False,True,7.20146454195492
baseline100k_dqn_statev1_sparse_seed42_20261010_115409_706718_3d8ac8e7,dqn,42,v1,sparse,715,18019,50.0,6,76,0.16497025385400393,0.6175253469693033,17020,True,False,True,7.22957712499192
baseline100k_dqn_statev1_sparse_seed42_20261010_115409_706718_3d8ac8e7,dqn,42,v1,sparse,716,18034,10.0,2,15,0.16472297161695054,0.5124241689840953,17035,True,False,True,7.235130708955694
baseline100k_dqn_statev1_sparse_seed42_20261010_115409_706718_3d8ac8e7,dqn,42,v1,sparse,717,18070,50.0,6,36,0.1641310054986984,0.5305108117560545,17071,True,False,True,7.249088749988005
baseline100k_dqn_statev1_sparse_seed42_20261010_115409_706718_3d8ac8e7,dqn,42,v1,sparse,718,18210,140.0,15,140,0.16184906815772016,0.6117776044777461,17211,True,False,True,7.301838124985807
baseline100k_dqn_statev1_sparse_seed42_20261010_115409_706718_3d8ac8e7,dqn,42,v1,sparse,719,18212,-10.0,0,2,0.1618166999625793,0.6923000663518906,17213,True,False,True,7.302591624960769
baseline100k_dqn_statev1_sparse_seed42_20261010_115409_706718_3d8ac8e7,dqn,42,v1,sparse,720,18264,60.0,7,52,0.160977395240443,0.6262079720886854,17265,True,False,True,7.3222668749513105
baseline100k_dqn_statev1_sparse_seed42_20261010_115409_706718_3d8ac8e7,dqn,42,v1,sparse,721,18297,30.0,4,33,0.16044701891916205,0.6418679708784277,17298,True,False,True,7.334371166944038
baseline100k_dqn_statev1_sparse_seed42_20261010_115409_706718_3d8ac8e7,dqn,42,v1,sparse,722,18312,10.0,2,15,0.16020651678717168,0.6109418471654257,17313,True,False,True,7.34015941695543
baseline100k_dqn_statev1_sparse_seed42_20261010_115409_706718_3d8ac8e7,dqn,42,v1,sparse,723,18362,50.0,6,50,0.15940744359670503,0.6001957479119301,17363,True,False,True,7.358849374984857
baseline100k_dqn_statev1_sparse_seed42_20261010_115409_706718_3d8ac8e7,dqn,42,v1,sparse,724,18426,40.0,5,64,0.1583904429803137,0.6499688209732994,17427,True,False,True,7.382730583951343
baseline100k_dqn_statev1_sparse_seed42_20261010_115409_706718_3d8ac8e7,dqn,42,v1,sparse,725,18578,140.0,15,152,0.15600099458735833,0.6607601240669426,17579,True,False,True,7.4401299999444745
baseline100k_dqn_statev1_sparse_seed42_20261010_115409_706718_3d8ac8e7,dqn,42,v1,sparse,726,18673,110.0,12,95,0.1545259290398826,0.6162345631342185,17674,True,False,True,7.475624208978843
baseline100k_dqn_statev1_sparse_seed42_20261010_115409_706718_3d8ac8e7,dqn,42,v1,sparse,727,18684,0.0,1,11,0.15435603548170806,0.5306401388211683,17685,True,False,True,7.4799115839996375
baseline100k_dqn_statev1_sparse_seed42_20261010_115409_706718_3d8ac8e7,dqn,42,v1,sparse,728,18703,0.0,1,19,0.15406302281360232,0.6545258352631017,17704,True,False,True,7.487188458966557
baseline100k_dqn_statev1_sparse_seed42_20261010_115409_706718_3d8ac8e7,dqn,42,v1,sparse,729,18714,10.0,2,11,0.1538936381977546,0.6347314390269193,17715,True,False,True,7.491506999998819
baseline100k_dqn_statev1_sparse_seed42_20261010_115409_706718_3d8ac8e7,dqn,42,v1,sparse,730,18753,10.0,2,39,0.1532945919554734,0.6162314262145605,17754,True,False,True,7.506126624997705
baseline100k_dqn_statev1_sparse_seed42_20261010_115409_706718_3d8ac8e7,dqn,42,v1,sparse,731,18808,50.0,6,55,0.15245374410794815,0.6418931140141053,17809,True,False,True,7.527038416999858
baseline100k_dqn_statev1_sparse_seed42_20261010_115409_706718_3d8ac8e7,dqn,42,v1,sparse,732,18933,130.0,14,125,0.15055983917698196,0.6589142689704895,17934,True,False,True,7.573961083951872
baseline100k_dqn_statev1_sparse_seed42_20261010_115409_706718_3d8ac8e7,dqn,42,v1,sparse,733,19014,80.0,9,81,0.14934516979768303,0.6613152126471201,18015,True,False,True,7.604234624945093
baseline100k_dqn_statev1_sparse_seed42_20261010_115409_706718_3d8ac8e7,dqn,42,v1,sparse,734,19083,70.0,8,69,0.14831818395186586,0.6585376834955768,18084,True,False,True,7.630144083988853
baseline100k_dqn_statev1_sparse_seed42_20261010_115409_706718_3d8ac8e7,dqn,42,v1,sparse,735,19139,50.0,6,56,0.14748988211583017,0.6048802730760404,18140,True,False,True,7.650606041948777
baseline100k_dqn_statev1_sparse_seed42_20261010_115409_706718_3d8ac8e7,dqn,42,v1,sparse,736,19167,20.0,3,28,0.14707746747478526,0.6170728584485394,18168,True,False,True,7.660865124955308
baseline100k_dqn_statev1_sparse_seed42_20261010_115409_706718_3d8ac8e7,dqn,42,v1,sparse,737,19252,80.0,9,85,0.14583254516972888,0.6395665400168475,18253,True,False,True,7.692585541983135
baseline100k_dqn_statev1_sparse_seed42_20261010_115409_706718_3d8ac8e7,dqn,42,v1,sparse,738,19274,20.0,3,22,0.14551205021905933,0.6989384280009703,18275,True,False,True,7.701042708999012
baseline100k_dqn_statev1_sparse_seed42_20261010_115409_706718_3d8ac8e7,dqn,42,v1,sparse,739,19293,10.0,2,19,0.1452358260083042,0.5020845179495058,18294,True,False,True,7.708320124947932
baseline100k_dqn_statev1_sparse_seed42_20261010_115409_706718_3d8ac8e7,dqn,42,v1,sparse,740,19299,0.0,1,6,0.14514870629516866,0.543233851591746,18300,True,False,True,7.710556791978888
baseline100k_dqn_statev1_sparse_seed42_20261010_115409_706718_3d8ac8e7,dqn,42,v1,sparse,741,19378,70.0,8,79,0.14400649209063934,0.5999439700117594,18379,True,False,True,7.7399324589641765
baseline100k_dqn_statev1_sparse_seed42_20261010_115409_706718_3d8ac8e7,dqn,42,v1,sparse,742,19462,90.0,10,84,0.1428018439296196,0.6537698205737841,18463,True,False,True,7.771248874953017
baseline100k_dqn_statev1_sparse_seed42_20261010_115409_706718_3d8ac8e7,dqn,42,v1,sparse,743,19530,80.0,9,68,0.14183403727186045,0.641308042275555,18531,True,False,True,7.797430791950319
baseline100k_dqn_statev1_sparse_seed42_20261010_115409_706718_3d8ac8e7,dqn,42,v1,sparse,744,19531,-10.0,0,1,0.14181985386813326,1.1566193103790283,18532,True,False,True,7.797839916951489
baseline100k_dqn_statev1_sparse_seed42_20261010_115409_706718_3d8ac8e7,dqn,42,v1,sparse,745,19560,40.0,5,29,0.14140915156264938,0.5900984493822887,18561,True,False,True,7.8086199589888565
baseline100k_dqn_statev1_sparse_seed42_20261010_115409_706718_3d8ac8e7,dqn,42,v1,sparse,746,19599,30.0,4,39,0.14085870242219228,0.5597301496145053,18600,True,False,True,7.823022541997489
baseline100k_dqn_statev1_sparse_seed42_20261010_115409_706718_3d8ac8e7,dqn,42,v1,sparse,747,19653,70.0,8,54,0.1401000776277352,0.6871395845104147,18654,True,False,True,7.843576708983164
baseline100k_dqn_statev1_sparse_seed42_20261010_115409_706718_3d8ac8e7,dqn,42,v1,sparse,748,19741,120.0,13,88,0.1388725446341758,0.6688925904983823,18742,True,False,True,7.876103833958041
baseline100k_dqn_statev1_sparse_seed42_20261010_115409_706718_3d8ac8e7,dqn,42,v1,sparse,749,19788,30.0,4,47,0.1382213426372593,0.708461268785152,18789,True,False,True,7.89396845898591
baseline100k_dqn_statev1_sparse_seed42_20261010_115409_706718_3d8ac8e7,dqn,42,v1,sparse,750,19812,10.0,2,24,0.13788999262622237,0.6583725195378065,18813,True,False,True,7.90314558398677
baseline100k_dqn_statev1_sparse_seed42_20261010_115409_706718_3d8ac8e7,dqn,42,v1,sparse,751,19847,20.0,3,35,0.1374081971957183,0.6490926597799573,18848,True,False,True,7.91596524999477
baseline100k_dqn_statev1_sparse_seed42_20261010_115409_706718_3d8ac8e7,dqn,42,v1,sparse,752,19918,100.0,11,71,0.1364360057490969,0.642852932634488,18919,True,False,True,7.942583458963782
baseline100k_dqn_statev1_sparse_seed42_20261010_115409_706718_3d8ac8e7,dqn,42,v1,sparse,753,19990,90.0,10,72,0.13545714568898437,0.6450971017281214,18991,True,False,True,7.971629791951273
baseline100k_dqn_statev1_sparse_seed42_20261010_115409_706718_3d8ac8e7,dqn,42,v1,sparse,754,20052,80.0,9,62,0.13461986776489607,0.6607426087702474,19053,True,False,True,7.996376541967038
baseline100k_dqn_statev1_sparse_seed42_20261010_115409_706718_3d8ac8e7,dqn,42,v1,sparse,755,20109,70.0,8,57,0.13385467911806037,0.6460735000539244,19110,True,False,True,8.018832916975953
baseline100k_dqn_statev1_sparse_seed42_20261010_115409_706718_3d8ac8e7,dqn,42,v1,sparse,756,20239,160.0,17,130,0.13212574426818122,0.6189823951858741,19240,True,False,True,8.068535124999471
baseline100k_dqn_statev1_sparse_seed42_20261010_115409_706718_3d8ac8e7,dqn,42,v1,sparse,757,20292,50.0,6,53,0.1314272954250034,0.6439248697375352,19293,True,False,True,8.088614041975234
baseline100k_dqn_statev1_sparse_seed42_20261010_115409_706718_3d8ac8e7,dqn,42,v1,sparse,758,20397,110.0,12,105,0.13005446017870897,0.6638488118137632,19398,True,False,True,8.128261374949943
baseline100k_dqn_statev1_sparse_seed42_20261010_115409_706718_3d8ac8e7,dqn,42,v1,sparse,759,20406,-10.0,0,9,0.1299374579732309,0.6065636012289259,19407,True,False,True,8.13166791695403
baseline100k_dqn_statev1_sparse_seed42_20261010_115409_706718_3d8ac8e7,dqn,42,v1,sparse,760,20466,40.0,5,60,0.129160128678267,0.6644809325536092,19467,True,False,True,8.153817916987464
baseline100k_dqn_statev1_sparse_seed42_20261010_115409_706718_3d8ac8e7,dqn,42,v1,sparse,761,20484,10.0,2,18,0.12892783795628787,0.6657497237126032,19485,True,False,True,8.160741458996199
baseline100k_dqn_statev1_sparse_seed42_20261010_115409_706718_3d8ac8e7,dqn,42,v1,sparse,762,20565,80.0,9,81,0.12788768875208603,0.646702230344584,19566,True,False,True,8.191297583980486
baseline100k_dqn_statev1_sparse_seed42_20261010_115409_706718_3d8ac8e7,dqn,42,v1,sparse,763,20654,60.0,7,89,0.12675448191181918,0.6560539238238603,19655,True,False,True,8.22435041697463
baseline100k_dqn_statev1_sparse_seed42_20261010_115409_706718_3d8ac8e7,dqn,42,v1,sparse,764,20782,160.0,17,128,0.125142284011587,0.6590980011387728,19783,True,False,True,8.27303620899329
baseline100k_dqn_statev1_sparse_seed42_20261010_115409_706718_3d8ac8e7,dqn,42,v1,sparse,765,20818,30.0,4,36,0.12469255929275536,0.7042691343360477,19819,True,False,True,8.286536833969876
baseline100k_dqn_statev1_sparse_seed42_20261010_115409_706718_3d8ac8e7,dqn,42,v1,sparse,766,20922,130.0,14,104,0.1234024125597935,0.6795610924466298,19923,True,False,True,8.325901208969299
baseline100k_dqn_statev1_sparse_seed42_20261010_115409_706718_3d8ac8e7,dqn,42,v1,sparse,767,20953,20.0,3,31,0.12302043834777084,0.6793967533496118,19954,True,False,True,8.337433416978456
baseline100k_dqn_statev1_sparse_seed42_20261010_115409_706718_3d8ac8e7,dqn,42,v1,sparse,768,21074,130.0,14,121,0.12154078700442796,0.7005127028616007,20075,True,False,True,8.383087458962109
baseline100k_dqn_statev1_sparse_seed42_20261010_115409_706718_3d8ac8e7,dqn,42,v1,sparse,769,21090,0.0,1,16,0.12134646752612452,0.6327369604259729,20091,True,False,True,8.389284541946836
baseline100k_dqn_statev1_sparse_seed42_20261010_115409_706718_3d8ac8e7,dqn,42,v1,sparse,770,21102,0.0,1,12,0.12120093182707155,0.6390784904360771,20103,True,False,True,8.393693916965276
baseline100k_dqn_statev1_sparse_seed42_20261010_115409_706718_3d8ac8e7,dqn,42,v1,sparse,771,21147,30.0,4,45,0.12065672580503803,0.650126748614841,20148,True,False,True,8.410382874950301
baseline100k_dqn_statev1_sparse_seed42_20261010_115409_706718_3d8ac8e7,dqn,42,v1,sparse,772,21216,80.0,9,69,0.11982701869249948,0.7121535712394161,20217,True,False,True,8.436749499989673
baseline100k_dqn_statev1_sparse_seed42_20261010_115409_706718_3d8ac8e7,dqn,42,v1,sparse,773,21296,80.0,9,80,0.11887217925068526,0.610326167754829,20297,True,False,True,8.467012833978515
baseline100k_dqn_statev1_sparse_seed42_20261010_115409_706718_3d8ac8e7,dqn,42,v1,sparse,774,21369,40.0,5,73,0.11800752892257255,0.6936177103078529,20370,True,False,True,8.495129833987448
baseline100k_dqn_statev1_sparse_seed42_20261010_115409_706718_3d8ac8e7,dqn,42,v1,sparse,775,21508,160.0,17,139,0.11637849086190732,0.705337560326933,20509,True,False,True,8.54858887498267
baseline100k_dqn_statev1_sparse_seed42_20261010_115409_706718_3d8ac8e7,dqn,42,v1,sparse,776,21537,40.0,5,29,0.11604146531011,0.6825158226078955,20538,True,False,True,8.559828458994161
baseline100k_dqn_statev1_sparse_seed42_20261010_115409_706718_3d8ac8e7,dqn,42,v1,sparse,777,21574,40.0,5,37,0.1156128838237453,0.6399216470686165,20575,True,False,True,8.574049416987691
baseline100k_dqn_statev1_sparse_seed42_20261010_115409_706718_3d8ac8e7,dqn,42,v1,sparse,778,21698,130.0,14,124,0.11418806495672101,0.6976056252756426,20699,True,False,True,8.621302208979614
baseline100k_dqn_statev1_sparse_seed42_20261010_115409_706718_3d8ac8e7,dqn,42,v1,sparse,779,21771,80.0,9,73,0.11335748585525474,0.668402058825101,20772,True,False,True,8.64938037499087
baseline100k_dqn_statev1_sparse_seed42_20261010_115409_706718_3d8ac8e7,dqn,42,v1,sparse,780,21844,70.0,8,73,0.11253294820517871,0.6847376798930234,20845,True,False,True,8.677137124992441
baseline100k_dqn_statev1_sparse_seed42_20261010_115409_706718_3d8ac8e7,dqn,42,v1,sparse,781,22002,170.0,18,158,0.11076881278668166,0.7073314480389221,21003,True,False,True,8.73686495894799
baseline100k_dqn_statev1_sparse_seed42_20261010_115409_706718_3d8ac8e7,dqn,42,v1,sparse,782,22023,20.0,3,21,0.11053643074708024,0.7229746253717513,21024,True,False,True,8.744896166957915
baseline100k_dqn_statev1_sparse_seed42_20261010_115409_706718_3d8ac8e7,dqn,42,v1,sparse,783,22077,50.0,6,54,0.10994111305911668,0.6957478360445412,21078,True,False,True,8.765139999974053
baseline100k_dqn_statev1_sparse_seed42_20261010_115409_706718_3d8ac8e7,dqn,42,v1,sparse,784,22118,30.0,4,41,0.10949125484184169,0.7087187897868272,21119,True,False,True,8.780889833986294
baseline100k_dqn_statev1_sparse_seed42_20261010_115409_706718_3d8ac8e7,dqn,42,v1,sparse,785,22268,160.0,17,150,0.10786106152560017,0.664056698679924,21269,True,False,True,8.838205333973747
baseline100k_dqn_statev1_sparse_seed42_20261010_115409_706718_3d8ac8e7,dqn,42,v1,sparse,786,22288,20.0,3,20,0.10764554421565652,0.7900881543755531,21289,True,False,True,8.84572937496705
baseline100k_dqn_statev1_sparse_seed42_20261010_115409_706718_3d8ac8e7,dqn,42,v1,sparse,787,22343,80.0,9,55,0.10705508943838886,0.7245475240729072,21344,True,False,True,8.866426833963487
baseline100k_dqn_statev1_sparse_seed42_20261010_115409_706718_3d8ac8e7,dqn,42,v1,sparse,788,22462,120.0,13,119,0.10578862098299864,0.7409329684842535,21463,True,False,True,8.91197524999734
baseline100k_dqn_statev1_sparse_seed42_20261010_115409_706718_3d8ac8e7,dqn,42,v1,sparse,789,22537,100.0,11,75,0.10499813482932177,0.6843912172317504,21538,True,False,True,8.940266541962046
baseline100k_dqn_statev1_sparse_seed42_20261010_115409_706718_3d8ac8e7,dqn,42,v1,sparse,790,22633,110.0,12,96,0.10399492568259101,0.7373671991129717,21634,True,False,True,8.97664533398347
baseline100k_dqn_statev1_sparse_seed42_20261010_115409_706718_3d8ac8e7,dqn,42,v1,sparse,791,22669,50.0,6,36,0.10362119837625394,0.817194445265664,21670,True,False,True,8.989987708977424
baseline100k_dqn_statev1_sparse_seed42_20261010_115409_706718_3d8ac8e7,dqn,42,v1,sparse,792,22692,10.0,2,23,0.10338313159819902,0.6682809656080992,21693,True,False,True,8.998645291954745
baseline100k_dqn_statev1_sparse_seed42_20261010_115409_706718_3d8ac8e7,dqn,42,v1,sparse,793,22788,80.0,9,96,0.10239535306855582,0.67218914674595,21789,True,False,True,9.03460749995429
baseline100k_dqn_statev1_sparse_seed42_20261010_115409_706718_3d8ac8e7,dqn,42,v1,sparse,794,22823,30.0,4,35,0.10203757791552494,0.7031490061964307,21824,True,False,True,9.047827833972406
baseline100k_dqn_statev1_sparse_seed42_20261010_115409_706718_3d8ac8e7,dqn,42,v1,sparse,795,22934,100.0,11,111,0.10091116762230903,0.6990297882406561,21935,True,False,True,9.08952258399222
baseline100k_dqn_statev1_sparse_seed42_20261010_115409_706718_3d8ac8e7,dqn,42,v1,sparse,796,23043,120.0,13,109,0.09981715439788887,0.6811286019622733,22044,True,False,True,9.130406833952293
baseline100k_dqn_statev1_sparse_seed42_20261010_115409_706718_3d8ac8e7,dqn,42,v1,sparse,797,23142,120.0,13,99,0.09883379108079253,0.6856221580746198,22143,True,False,True,9.167615166981705
baseline100k_dqn_statev1_sparse_seed42_20261010_115409_706718_3d8ac8e7,dqn,42,v1,sparse,798,23185,40.0,5,43,0.09840969702978954,0.6372399129146753,22186,True,False,True,9.183925499964971
baseline100k_dqn_statev1_sparse_seed42_20261010_115409_706718_3d8ac8e7,dqn,42,v1,sparse,799,23271,130.0,14,86,0.09756696045937506,0.734657097088043,22272,True,False,True,9.216280499997083
baseline100k_dqn_statev1_sparse_seed42_20261010_115409_706718_3d8ac8e7,dqn,42,v1,sparse,800,23353,80.0,9,82,0.09677014295887358,0.6885287512729807,22354,True,False,True,9.246772333979607
baseline100k_dqn_statev1_sparse_seed42_20261010_115409_706718_3d8ac8e7,dqn,42,v1,sparse,801,23508,200.0,21,155,0.0952816965801943,0.6941175649243017,22509,True,False,True,9.307216249988414
baseline100k_dqn_statev1_sparse_seed42_20261010_115409_706718_3d8ac8e7,dqn,42,v1,sparse,802,23510,-10.0,0,2,0.09526264119369522,0.8155819773674011,22511,True,False,True,9.307991458976176
baseline100k_dqn_statev1_sparse_seed42_20261010_115409_706718_3d8ac8e7,dqn,42,v1,sparse,803,23542,30.0,4,32,0.09495827277241543,0.7520652506500483,22543,True,False,True,9.320156124944333
baseline100k_dqn_statev1_sparse_seed42_20261010_115409_706718_3d8ac8e7,dqn,42,v1,sparse,804,23601,70.0,8,59,0.09439964061642395,0.6936767687231807,22602,True,False,True,9.342775958997663
baseline100k_dqn_statev1_sparse_seed42_20261010_115409_706718_3d8ac8e7,dqn,42,v1,sparse,805,23631,30.0,4,30,0.09411685195000742,0.8414370159308115,22632,True,False,True,9.354150791943539
baseline100k_dqn_statev1_sparse_seed42_20261010_115409_706718_3d8ac8e7,dqn,42,v1,sparse,806,23647,10.0,2,16,0.09396637787442144,0.7205664962530136,22648,True,False,True,9.36020562495105
baseline100k_dqn_statev1_sparse_seed42_20261010_115409_706718_3d8ac8e7,dqn,42,v1,sparse,807,23795,170.0,18,148,0.09258584757884979,0.7198747080322858,22796,True,False,True,9.415550958947279
baseline100k_dqn_statev1_sparse_seed42_20261010_115409_706718_3d8ac8e7,dqn,42,v1,sparse,808,23969,190.0,20,174,0.09098870937273836,0.709698967978187,22970,True,False,True,9.48204920894932
baseline100k_dqn_statev1_sparse_seed42_20261010_115409_706718_3d8ac8e7,dqn,42,v1,sparse,809,24080,110.0,12,111,0.08998426943112442,0.7203540804686847,23081,True,False,True,9.524794666969683
baseline100k_dqn_statev1_sparse_seed42_20261010_115409_706718_3d8ac8e7,dqn,42,v1,sparse,810,24108,30.0,4,28,0.08973265332265144,0.6820160927517074,23109,True,False,True,9.53543379198527
baseline100k_dqn_statev1_sparse_seed42_20261010_115409_706718_3d8ac8e7,dqn,42,v1,sparse,811,24195,90.0,10,87,0.08895532664603314,0.7204880625352093,23196,True,False,True,9.568714416993316
baseline100k_dqn_statev1_sparse_seed42_20261010_115409_706718_3d8ac8e7,dqn,42,v1,sparse,812,24250,40.0,5,55,0.08846739100536849,0.7465143452991139,23251,True,False,True,9.589484708965756
baseline100k_dqn_statev1_sparse_seed42_20261010_115409_706718_3d8ac8e7,dqn,42,v1,sparse,813,24364,110.0,12,114,0.08746453971824296,0.7503134563826678,23365,True,False,True,9.632734624959994
baseline100k_dqn_statev1_sparse_seed42_20261010_115409_706718_3d8ac8e7,dqn,42,v1,sparse,814,24408,30.0,4,44,0.08708052200083448,0.7518639381636273,23409,True,False,True,9.649278166994918
baseline100k_dqn_statev1_sparse_seed42_20261010_115409_706718_3d8ac8e7,dqn,42,v1,sparse,815,24472,80.0,9,64,0.08652495858075608,0.7223886954598129,23473,True,False,True,9.673630999983288
baseline100k_dqn_statev1_sparse_seed42_20261010_115409_706718_3d8ac8e7,dqn,42,v1,sparse,816,24505,30.0,4,33,0.08623988259749454,0.7214356940804105,23506,True,False,True,9.686067624948919
baseline100k_dqn_statev1_sparse_seed42_20261010_115409_706718_3d8ac8e7,dqn,42,v1,sparse,817,24522,10.0,2,17,0.08609339202469654,0.8410665953860563,23523,True,False,True,9.692410874995403
baseline100k_dqn_statev1_sparse_seed42_20261010_115409_706718_3d8ac8e7,dqn,42,v1,sparse,818,24622,90.0,10,100,0.08523670583974778,0.7476411539316178,23623,True,False,True,9.729892666975502
baseline100k_dqn_statev1_sparse_seed42_20261010_115409_706718_3d8ac8e7,dqn,42,v1,sparse,819,24671,70.0,8,49,0.08482004679619702,0.7652264772629251,23672,True,False,True,9.748343291983474
baseline100k_dqn_statev1_sparse_seed42_20261010_115409_706718_3d8ac8e7,dqn,42,v1,sparse,820,24708,40.0,5,37,0.08450677686607082,0.7294116664577175,23709,True,False,True,9.76229174999753
baseline100k_dqn_statev1_sparse_seed42_20261010_115409_706718_3d8ac8e7,dqn,42,v1,sparse,821,24735,30.0,4,27,0.08427890494028513,0.720117305163984,23736,True,False,True,9.7725588339963
baseline100k_dqn_statev1_sparse_seed42_20261010_115409_706718_3d8ac8e7,dqn,42,v1,sparse,822,25047,300.0,31,312,0.08168987258649088,0.7366442108670106,24048,True,False,True,9.88953408395173
baseline100k_dqn_statev1_sparse_seed42_20261010_115409_706718_3d8ac8e7,dqn,42,v1,sparse,823,25085,30.0,4,38,0.08138002466193335,0.6877047521503348,24086,True,False,True,9.90379541699076
baseline100k_dqn_statev1_sparse_seed42_20261010_115409_706718_3d8ac8e7,dqn,42,v1,sparse,824,25156,40.0,5,71,0.08080424413706777,0.7418609135587451,24157,True,False,True,9.930436083988752
baseline100k_dqn_statev1_sparse_seed42_20261010_115409_706718_3d8ac8e7,dqn,42,v1,sparse,825,25181,30.0,4,25,0.08060247575370998,0.7539407444000245,24182,True,False,True,9.939891333982814
baseline100k_dqn_statev1_sparse_seed42_20261010_115409_706718_3d8ac8e7,dqn,42,v1,sparse,826,25267,100.0,11,86,0.07991223225094798,0.7315231222052907,24268,True,False,True,9.972341499989852
baseline100k_dqn_statev1_sparse_seed42_20261010_115409_706718_3d8ac8e7,dqn,42,v1,sparse,827,25354,90.0,10,87,0.07921997689443441,0.7271580178847258,24355,True,False,True,10.004796875000466
baseline100k_dqn_statev1_sparse_seed42_20261010_115409_706718_3d8ac8e7,dqn,42,v1,sparse,828,25444,90.0,10,90,0.07851016057590371,0.7294575358430545,24445,True,False,True,10.038730291998945
baseline100k_dqn_statev1_sparse_seed42_20261010_115409_706718_3d8ac8e7,dqn,42,v1,sparse,829,25518,110.0,12,74,0.07793130086675745,0.7090851596078357,24519,True,False,True,10.066465624957345
baseline100k_dqn_statev1_sparse_seed42_20261010_115409_706718_3d8ac8e7,dqn,42,v1,sparse,830,25684,140.0,15,166,0.07664825585695921,0.7192326363131224,24685,True,False,True,10.12866699998267
baseline100k_dqn_statev1_sparse_seed42_20261010_115409_706718_3d8ac8e7,dqn,42,v1,sparse,831,25755,80.0,9,71,0.07610595357613925,0.7469260230870314,24756,True,False,True,10.155150791979395
baseline100k_dqn_statev1_sparse_seed42_20261010_115409_706718_3d8ac8e7,dqn,42,v1,sparse,832,25802,50.0,6,47,0.07574907706698786,0.7678734533330227,24803,True,False,True,10.172605959000066
baseline100k_dqn_statev1_sparse_seed42_20261010_115409_706718_3d8ac8e7,dqn,42,v1,sparse,833,25899,120.0,13,97,0.0750178267542196,0.7624907117221773,24900,True,False,True,10.20921920897672
baseline100k_dqn_statev1_sparse_seed42_20261010_115409_706718_3d8ac8e7,dqn,42,v1,sparse,834,26012,120.0,13,113,0.07417485492379705,0.744098072426509,25013,True,False,True,10.251554666960146
baseline100k_dqn_statev1_sparse_seed42_20261010_115409_706718_3d8ac8e7,dqn,42,v1,sparse,835,26069,50.0,6,57,0.07375323991398665,0.7728784677752277,25070,True,False,True,10.273172249959316
baseline100k_dqn_statev1_sparse_seed42_20261010_115409_706718_3d8ac8e7,dqn,42,v1,sparse,836,26226,170.0,18,157,0.07260429938379426,0.7765029985813579,25227,True,False,True,10.333051583962515
baseline100k_dqn_statev1_sparse_seed42_20261010_115409_706718_3d8ac8e7,dqn,42,v1,sparse,837,26244,10.0,2,18,0.07247372267025856,0.7926125708553526,25245,True,False,True,10.340334999957122
baseline100k_dqn_statev1_sparse_seed42_20261010_115409_706718_3d8ac8e7,dqn,42,v1,sparse,838,26406,190.0,20,162,0.0713090494539863,0.7806467250173474,25407,True,False,True,10.42102333396906
baseline100k_dqn_statev1_sparse_seed42_20261010_115409_706718_3d8ac8e7,dqn,42,v1,sparse,839,26481,110.0,12,75,0.07077620560271522,0.7780146598815918,25482,True,False,True,10.45029116695514
baseline100k_dqn_statev1_sparse_seed42_20261010_115409_706718_3d8ac8e7,dqn,42,v1,sparse,840,26532,40.0,5,51,0.07041614787861544,0.7738568496470358,25533,True,False,True,10.469835833995603
baseline100k_dqn_statev1_sparse_seed42_20261010_115409_706718_3d8ac8e7,dqn,42,v1,sparse,841,26622,120.0,13,90,0.0697852144599032,0.8188879582617018,25623,True,False,True,10.504582374996971
baseline100k_dqn_statev1_sparse_seed42_20261010_115409_706718_3d8ac8e7,dqn,42,v1,sparse,842,26811,220.0,23,189,0.06847859502472027,0.8016367069785557,25812,True,False,True,10.576650041970424
baseline100k_dqn_statev1_sparse_seed42_20261010_115409_706718_3d8ac8e7,dqn,42,v1,sparse,843,26940,140.0,15,129,0.06760085088336631,0.7720946230629618,25941,True,False,True,10.625512083992362
baseline100k_dqn_statev1_sparse_seed42_20261010_115409_706718_3d8ac8e7,dqn,42,v1,sparse,844,27072,140.0,15,132,0.06671433917541052,0.7799377214502204,26073,True,False,True,10.676656083960552
baseline100k_dqn_statev1_sparse_seed42_20261010_115409_706718_3d8ac8e7,dqn,42,v1,sparse,845,27085,-10.0,0,13,0.06662766255259155,0.7326409037296588,26086,True,False,True,10.681548374996055
baseline100k_dqn_statev1_sparse_seed42_20261010_115409_706718_3d8ac8e7,dqn,42,v1,sparse,846,27121,30.0,4,36,0.06638822224634704,0.7922209629582034,26122,True,False,True,10.695022208965383
baseline100k_dqn_statev1_sparse_seed42_20261010_115409_706718_3d8ac8e7,dqn,42,v1,sparse,847,27215,110.0,12,94,0.0657670659076917,0.7958723097405536,26216,True,False,True,10.730659499997273
baseline100k_dqn_statev1_sparse_seed42_20261010_115409_706718_3d8ac8e7,dqn,42,v1,sparse,848,27331,140.0,15,116,0.06500853798412352,0.7521214681709635,26332,True,False,True,10.77490116696572
baseline100k_dqn_statev1_sparse_seed42_20261010_115409_706718_3d8ac8e7,dqn,42,v1,sparse,849,27379,60.0,7,48,0.06469722917498437,0.737143576455613,26380,True,False,True,10.79334445897257
baseline100k_dqn_statev1_sparse_seed42_20261010_115409_706718_3d8ac8e7,dqn,42,v1,sparse,850,27397,30.0,4,18,0.0645808730964569,0.8257638431257672,26398,True,False,True,10.800198624958284
baseline100k_dqn_statev1_sparse_seed42_20261010_115409_706718_3d8ac8e7,dqn,42,v1,sparse,851,27565,170.0,18,168,0.06350492391071212,0.7774510456337815,26566,True,False,True,10.863335249945521
baseline100k_dqn_statev1_sparse_seed42_20261010_115409_706718_3d8ac8e7,dqn,42,v1,sparse,852,27630,70.0,8,65,0.06309346003810913,0.7178747470562274,26631,True,False,True,10.88749904197175
baseline100k_dqn_statev1_sparse_seed42_20261010_115409_706718_3d8ac8e7,dqn,42,v1,sparse,853,27635,-10.0,0,5,0.06306191961680518,0.676633870601654,26636,True,False,True,10.889418583945371
baseline100k_dqn_statev1_sparse_seed42_20261010_115409_706718_3d8ac8e7,dqn,42,v1,sparse,854,27755,130.0,14,120,0.062309661543837394,0.7838032945990563,26756,True,False,True,10.934561541944277
baseline100k_dqn_statev1_sparse_seed42_20261010_115409_706718_3d8ac8e7,dqn,42,v1,sparse,855,27773,0.0,1,18,0.06219759943601505,0.6154575645923615,26774,True,False,True,10.941361334000248
baseline100k_dqn_statev1_sparse_seed42_20261010_115409_706718_3d8ac8e7,dqn,42,v1,sparse,856,27890,130.0,14,117,0.061474092118257384,0.7351165304326603,26891,True,False,True,10.986057249945588
baseline100k_dqn_statev1_sparse_seed42_20261010_115409_706718_3d8ac8e7,dqn,42,v1,sparse,857,27986,100.0,11,96,0.060886735289488444,0.728547144215554,26987,True,False,True,11.022403791954275
baseline100k_dqn_statev1_sparse_seed42_20261010_115409_706718_3d8ac8e7,dqn,42,v1,sparse,858,28116,190.0,20,130,0.060100291369627384,0.8063537008487262,27117,True,False,True,11.072184124961495
baseline100k_dqn_statev1_sparse_seed42_20261010_115409_706718_3d8ac8e7,dqn,42,v1,sparse,859,28185,90.0,10,69,0.05968700616830679,0.7616791327794393,27186,True,False,True,11.09822487499332
baseline100k_dqn_statev1_sparse_seed42_20261010_115409_706718_3d8ac8e7,dqn,42,v1,sparse,860,28319,160.0,17,134,0.05889249566889486,0.7780414595087962,27320,True,False,True,11.14908058400033
baseline100k_dqn_statev1_sparse_seed42_20261010_115409_706718_3d8ac8e7,dqn,42,v1,sparse,861,28370,50.0,6,51,0.05859289359533741,0.7830784297456929,27371,True,False,True,11.168479416985065
baseline100k_dqn_statev1_sparse_seed42_20261010_115409_706718_3d8ac8e7,dqn,42,v1,sparse,862,28376,0.0,1,6,0.058557746646942486,0.9172692795594534,27377,True,False,True,11.170761583955027
baseline100k_dqn_statev1_sparse_seed42_20261010_115409_706718_3d8ac8e7,dqn,42,v1,sparse,863,28479,130.0,14,103,0.05795766756475316,0.7807185782969577,27480,True,False,True,11.209353583981283
baseline100k_dqn_statev1_sparse_seed42_20261010_115409_706718_3d8ac8e7,dqn,42,v1,sparse,864,28536,50.0,6,57,0.05762823217045405,0.7438172081060577,27537,True,False,True,11.231153166969307
baseline100k_dqn_statev1_sparse_seed42_20261010_115409_706718_3d8ac8e7,dqn,42,v1,sparse,865,28601,80.0,9,65,0.057254844815271044,0.7854465936238949,27602,True,False,True,11.256027166964486
baseline100k_dqn_statev1_sparse_seed42_20261010_115409_706718_3d8ac8e7,dqn,42,v1,sparse,866,28649,70.0,8,48,0.05698066640564058,0.8044221978634596,27650,True,False,True,11.274243083957117
baseline100k_dqn_statev1_sparse_seed42_20261010_115409_706718_3d8ac8e7,dqn,42,v1,sparse,867,28762,140.0,15,113,0.05634037730721027,0.8009925819603743,27763,True,False,True,11.316717208945192
baseline100k_dqn_statev1_sparse_seed42_20261010_115409_706718_3d8ac8e7,dqn,42,v1,sparse,868,28838,70.0,8,76,0.05591379218691816,0.7366658594263228,27839,True,False,True,11.345550958998501
baseline100k_dqn_statev1_sparse_seed42_20261010_115409_706718_3d8ac8e7,dqn,42,v1,sparse,869,28996,140.0,15,158,0.05503725333538481,0.7811641149883028,27997,True,False,True,11.406375583959743
baseline100k_dqn_statev1_sparse_seed42_20261010_115409_706718_3d8ac8e7,dqn,42,v1,sparse,870,29163,170.0,18,167,0.05412571813191169,0.8162892900719614,28164,True,False,True,11.470096416946035
baseline100k_dqn_statev1_sparse_seed42_20261010_115409_706718_3d8ac8e7,dqn,42,v1,sparse,871,29288,130.0,14,125,0.05345332425229972,0.8079405722618103,28289,True,False,True,11.518022749980446
baseline100k_dqn_statev1_sparse_seed42_20261010_115409_706718_3d8ac8e7,dqn,42,v1,sparse,872,29384,120.0,13,96,0.05294260219137699,0.8503866245349249,28385,True,False,True,11.554532416979782
baseline100k_dqn_statev1_sparse_seed42_20261010_115409_706718_3d8ac8e7,dqn,42,v1,sparse,873,29444,70.0,8,60,0.05262588185317049,0.7862341995040576,28445,True,False,True,11.57730508397799
baseline100k_dqn_statev1_sparse_seed42_20261010_115409_706718_3d8ac8e7,dqn,42,v1,sparse,874,29566,120.0,13,122,0.0519877149197506,0.7880128766181039,28567,True,False,True,11.62351987499278
baseline100k_dqn_statev1_sparse_seed42_20261010_115409_706718_3d8ac8e7,dqn,42,v1,sparse,875,29717,200.0,21,151,0.051208558899264435,0.7704663795745925,28718,True,False,True,11.681116624968126
baseline100k_dqn_statev1_sparse_seed42_20261010_115409_706718_3d8ac8e7,dqn,42,v1,sparse,876,29766,80.0,9,49,0.05095823823092822,0.7713649789897763,28767,True,False,True,11.699403666949365
baseline100k_dqn_statev1_sparse_seed42_20261010_115409_706718_3d8ac8e7,dqn,42,v1,sparse,877,29930,180.0,19,164,0.050129297569807496,0.7941655605667974,28931,True,False,True,11.7618853339809
baseline100k_dqn_statev1_sparse_seed42_20261010_115409_706718_3d8ac8e7,dqn,42,v1,sparse,878,29942,10.0,2,12,0.050069175487034163,0.6775283589959145,28943,True,False,True,11.766463541949634
baseline100k_dqn_statev1_sparse_seed42_20261010_115409_706718_3d8ac8e7,dqn,42,v1,sparse,879,30039,110.0,12,97,0.05,0.8230707316668993,29040,True,False,True,11.803223541995976
baseline100k_dqn_statev1_sparse_seed42_20261010_115409_706718_3d8ac8e7,dqn,42,v1,sparse,880,30143,130.0,14,104,0.05,0.8051933641903676,29144,True,False,True,11.842663624964189
baseline100k_dqn_statev1_sparse_seed42_20261010_115409_706718_3d8ac8e7,dqn,42,v1,sparse,881,30188,30.0,4,45,0.05,0.7421582135889265,29189,True,False,True,11.859564124955796
baseline100k_dqn_statev1_sparse_seed42_20261010_115409_706718_3d8ac8e7,dqn,42,v1,sparse,882,30400,280.0,29,212,0.05,0.817262422644867,29401,True,False,True,11.939942499971949
baseline100k_dqn_statev1_sparse_seed42_20261010_115409_706718_3d8ac8e7,dqn,42,v1,sparse,883,30470,50.0,6,70,0.05,0.8022008627653122,29471,True,False,True,11.966625499946531
baseline100k_dqn_statev1_sparse_seed42_20261010_115409_706718_3d8ac8e7,dqn,42,v1,sparse,884,30508,40.0,5,38,0.05,0.7918469254907808,29509,True,False,True,11.980926458956674
baseline100k_dqn_statev1_sparse_seed42_20261010_115409_706718_3d8ac8e7,dqn,42,v1,sparse,885,30519,0.0,1,11,0.05,0.7317258851094679,29520,True,False,True,11.985057208978105
baseline100k_dqn_statev1_sparse_seed42_20261010_115409_706718_3d8ac8e7,dqn,42,v1,sparse,886,30632,160.0,17,113,0.05,0.7774978042703814,29633,True,False,True,12.02826416696189
baseline100k_dqn_statev1_sparse_seed42_20261010_115409_706718_3d8ac8e7,dqn,42,v1,sparse,887,30668,20.0,3,36,0.05,0.7417639767130216,29669,True,False,True,12.041692916944157
baseline100k_dqn_statev1_sparse_seed42_20261010_115409_706718_3d8ac8e7,dqn,42,v1,sparse,888,30760,130.0,14,92,0.05,0.8290599544087182,29761,True,False,True,12.076702749996912
baseline100k_dqn_statev1_sparse_seed42_20261010_115409_706718_3d8ac8e7,dqn,42,v1,sparse,889,30837,100.0,11,77,0.05,0.8156947559350497,29838,True,False,True,12.105974874983076
baseline100k_dqn_statev1_sparse_seed42_20261010_115409_706718_3d8ac8e7,dqn,42,v1,sparse,890,30906,120.0,13,69,0.05,0.844640381526256,29907,True,False,True,12.131996708980296
baseline100k_dqn_statev1_sparse_seed42_20261010_115409_706718_3d8ac8e7,dqn,42,v1,sparse,891,31045,170.0,18,139,0.05,0.7918109686897813,30046,True,False,True,12.184834041981958
baseline100k_dqn_statev1_sparse_seed42_20261010_115409_706718_3d8ac8e7,dqn,42,v1,sparse,892,31179,150.0,16,134,0.05,0.8218631806658275,30180,True,False,True,12.235654666961636
baseline100k_dqn_statev1_sparse_seed42_20261010_115409_706718_3d8ac8e7,dqn,42,v1,sparse,893,31322,160.0,17,143,0.05,0.7899028128468907,30323,True,False,True,12.290273333957884
baseline100k_dqn_statev1_sparse_seed42_20261010_115409_706718_3d8ac8e7,dqn,42,v1,sparse,894,31397,90.0,10,75,0.05,0.8758903264999389,30398,True,False,True,12.318696791946422
baseline100k_dqn_statev1_sparse_seed42_20261010_115409_706718_3d8ac8e7,dqn,42,v1,sparse,895,31472,110.0,12,75,0.05,0.7858882331848145,30473,True,False,True,12.347221833944786
baseline100k_dqn_statev1_sparse_seed42_20261010_115409_706718_3d8ac8e7,dqn,42,v1,sparse,896,31629,180.0,19,157,0.05,0.8257508984037266,30630,True,False,True,12.406607291952241
baseline100k_dqn_statev1_sparse_seed42_20261010_115409_706718_3d8ac8e7,dqn,42,v1,sparse,897,31728,100.0,11,99,0.05,0.8059705032242669,30729,True,False,True,12.444128374976572
baseline100k_dqn_statev1_sparse_seed42_20261010_115409_706718_3d8ac8e7,dqn,42,v1,sparse,898,31898,160.0,17,170,0.05,0.826204395644805,30899,True,False,True,12.51031287497608
baseline100k_dqn_statev1_sparse_seed42_20261010_115409_706718_3d8ac8e7,dqn,42,v1,sparse,899,31977,90.0,10,79,0.05,0.7803466022014618,30978,True,False,True,12.540978499979246
baseline100k_dqn_statev1_sparse_seed42_20261010_115409_706718_3d8ac8e7,dqn,42,v1,sparse,900,32093,150.0,16,116,0.05,0.8259762381685192,31094,True,False,True,12.58604241698049
baseline100k_dqn_statev1_sparse_seed42_20261010_115409_706718_3d8ac8e7,dqn,42,v1,sparse,901,32300,200.0,21,207,0.05,0.8378815590471461,31301,True,False,True,12.667328374984208
baseline100k_dqn_statev1_sparse_seed42_20261010_115409_706718_3d8ac8e7,dqn,42,v1,sparse,902,32344,70.0,8,44,0.05,0.7866333059289239,31345,True,False,True,12.68441837496357
baseline100k_dqn_statev1_sparse_seed42_20261010_115409_706718_3d8ac8e7,dqn,42,v1,sparse,903,32635,290.0,30,291,0.05,0.8477409135844699,31636,True,False,True,12.797064624959603
baseline100k_dqn_statev1_sparse_seed42_20261010_115409_706718_3d8ac8e7,dqn,42,v1,sparse,904,32669,40.0,5,34,0.05,0.9056177034097559,31670,True,False,True,12.810084708966315
baseline100k_dqn_statev1_sparse_seed42_20261010_115409_706718_3d8ac8e7,dqn,42,v1,sparse,905,32802,150.0,16,133,0.05,0.8173687974537226,31803,True,False,True,12.861344499979168
baseline100k_dqn_statev1_sparse_seed42_20261010_115409_706718_3d8ac8e7,dqn,42,v1,sparse,906,32873,60.0,7,71,0.05,0.9045697320515002,31874,True,False,True,12.888609499961603
baseline100k_dqn_statev1_sparse_seed42_20261010_115409_706718_3d8ac8e7,dqn,42,v1,sparse,907,32960,90.0,10,87,0.05,0.9211424685072624,31961,True,False,True,12.921926749986596
baseline100k_dqn_statev1_sparse_seed42_20261010_115409_706718_3d8ac8e7,dqn,42,v1,sparse,908,33024,100.0,11,64,0.05,0.8134017866104841,32025,True,False,True,12.947142041986808
baseline100k_dqn_statev1_sparse_seed42_20261010_115409_706718_3d8ac8e7,dqn,42,v1,sparse,909,33131,130.0,14,107,0.05,0.8576464302071901,32132,True,False,True,12.988085124990903
baseline100k_dqn_statev1_sparse_seed42_20261010_115409_706718_3d8ac8e7,dqn,42,v1,sparse,910,33204,90.0,10,73,0.05,0.859812710383167,32205,True,False,True,13.015759416972287
baseline100k_dqn_statev1_sparse_seed42_20261010_115409_706718_3d8ac8e7,dqn,42,v1,sparse,911,33341,150.0,16,137,0.05,0.836033211246024,32342,True,False,True,13.068201041955035
baseline100k_dqn_statev1_sparse_seed42_20261010_115409_706718_3d8ac8e7,dqn,42,v1,sparse,912,33372,40.0,5,31,0.05,0.8258137731782852,32373,True,False,True,13.079989916994236
baseline100k_dqn_statev1_sparse_seed42_20261010_115409_706718_3d8ac8e7,dqn,42,v1,sparse,913,33385,0.0,1,13,0.05,0.8156241338986617,32386,True,False,True,13.084938499960117
baseline100k_dqn_statev1_sparse_seed42_20261010_115409_706718_3d8ac8e7,dqn,42,v1,sparse,914,33447,60.0,7,62,0.05,0.8751048517803992,32448,True,False,True,13.108411374967545
baseline100k_dqn_statev1_sparse_seed42_20261010_115409_706718_3d8ac8e7,dqn,42,v1,sparse,915,33490,30.0,4,43,0.05,0.8487291519725045,32491,True,False,True,13.124753124953713
baseline100k_dqn_statev1_sparse_seed42_20261010_115409_706718_3d8ac8e7,dqn,42,v1,sparse,916,33530,30.0,4,40,0.05,0.7562185525894165,32531,True,False,True,13.139810416963883
baseline100k_dqn_statev1_sparse_seed42_20261010_115409_706718_3d8ac8e7,dqn,42,v1,sparse,917,33616,70.0,8,86,0.05,0.8208554525708043,32617,True,False,True,13.172284416970797
baseline100k_dqn_statev1_sparse_seed42_20261010_115409_706718_3d8ac8e7,dqn,42,v1,sparse,918,33749,200.0,21,133,0.05,0.8687656288756463,32750,True,False,True,13.222405708977021
baseline100k_dqn_statev1_sparse_seed42_20261010_115409_706718_3d8ac8e7,dqn,42,v1,sparse,919,33932,200.0,21,183,0.05,0.8359762439148022,32933,True,False,True,13.293195124948397
baseline100k_dqn_statev1_sparse_seed42_20261010_115409_706718_3d8ac8e7,dqn,42,v1,sparse,920,34015,100.0,11,83,0.05,0.8629026035946535,33016,True,False,True,13.32548516697716
baseline100k_dqn_statev1_sparse_seed42_20261010_115409_706718_3d8ac8e7,dqn,42,v1,sparse,921,34121,150.0,16,106,0.05,0.9160509562154986,33122,True,False,True,13.36607433395693
baseline100k_dqn_statev1_sparse_seed42_20261010_115409_706718_3d8ac8e7,dqn,42,v1,sparse,922,34296,180.0,19,175,0.05,0.9272613539014544,33297,True,False,True,13.433148249983788
baseline100k_dqn_statev1_sparse_seed42_20261010_115409_706718_3d8ac8e7,dqn,42,v1,sparse,923,34392,110.0,12,96,0.05,0.9053706545382738,33393,True,False,True,13.470352291944437
baseline100k_dqn_statev1_sparse_seed42_20261010_115409_706718_3d8ac8e7,dqn,42,v1,sparse,924,34680,260.0,27,288,0.05,0.8846881212666631,33681,True,False,True,13.580940374988131
baseline100k_dqn_statev1_sparse_seed42_20261010_115409_706718_3d8ac8e7,dqn,42,v1,sparse,925,34820,180.0,19,140,0.05,0.8905373984149524,33821,True,False,True,13.634503583947662
baseline100k_dqn_statev1_sparse_seed42_20261010_115409_706718_3d8ac8e7,dqn,42,v1,sparse,926,34921,120.0,13,101,0.05,0.8571631209094925,33922,True,False,True,13.673180999991018
baseline100k_dqn_statev1_sparse_seed42_20261010_115409_706718_3d8ac8e7,dqn,42,v1,sparse,927,35143,240.0,25,222,0.05,0.8565836977045815,34144,True,False,True,13.759397083951626
baseline100k_dqn_statev1_sparse_seed42_20261010_115409_706718_3d8ac8e7,dqn,42,v1,sparse,928,35310,180.0,19,167,0.05,0.8537045387093892,34311,True,False,True,13.823125208960846
baseline100k_dqn_statev1_sparse_seed42_20261010_115409_706718_3d8ac8e7,dqn,42,v1,sparse,929,35465,190.0,20,155,0.05,0.8752321051013086,34466,True,False,True,13.881916541955434
baseline100k_dqn_statev1_sparse_seed42_20261010_115409_706718_3d8ac8e7,dqn,42,v1,sparse,930,35533,90.0,10,68,0.05,0.8737898188478807,34534,True,False,True,13.90769999998156
baseline100k_dqn_statev1_sparse_seed42_20261010_115409_706718_3d8ac8e7,dqn,42,v1,sparse,931,35604,80.0,9,71,0.05,0.8854830974424389,34605,True,False,True,13.93449974997202
baseline100k_dqn_statev1_sparse_seed42_20261010_115409_706718_3d8ac8e7,dqn,42,v1,sparse,932,35674,90.0,10,70,0.05,0.9062595784664154,34675,True,False,True,13.961092291981913
baseline100k_dqn_statev1_sparse_seed42_20261010_115409_706718_3d8ac8e7,dqn,42,v1,sparse,933,35726,70.0,8,52,0.05,0.8704688577697828,34727,True,False,True,13.980495083960705
baseline100k_dqn_statev1_sparse_seed42_20261010_115409_706718_3d8ac8e7,dqn,42,v1,sparse,934,35946,240.0,25,220,0.05,0.858608680692586,34947,True,False,True,14.063760041957721
baseline100k_dqn_statev1_sparse_seed42_20261010_115409_706718_3d8ac8e7,dqn,42,v1,sparse,935,35990,60.0,7,44,0.05,0.8737096976150166,34991,True,False,True,14.08031258394476
baseline100k_dqn_statev1_sparse_seed42_20261010_115409_706718_3d8ac8e7,dqn,42,v1,sparse,936,36016,10.0,2,26,0.05,0.8909550320643645,35017,True,False,True,14.090127374976873
baseline100k_dqn_statev1_sparse_seed42_20261010_115409_706718_3d8ac8e7,dqn,42,v1,sparse,937,36156,140.0,15,140,0.05,0.8529530712536403,35157,True,False,True,14.143069749989081
baseline100k_dqn_statev1_sparse_seed42_20261010_115409_706718_3d8ac8e7,dqn,42,v1,sparse,938,36277,130.0,14,121,0.05,0.8682079421094626,35278,True,False,True,14.188535249966662
baseline100k_dqn_statev1_sparse_seed42_20261010_115409_706718_3d8ac8e7,dqn,42,v1,sparse,939,36398,100.0,11,121,0.05,0.882384372644188,35399,True,False,True,14.23402624996379
baseline100k_dqn_statev1_sparse_seed42_20261010_115409_706718_3d8ac8e7,dqn,42,v1,sparse,940,36597,190.0,20,199,0.05,0.8534683915388644,35598,True,False,True,14.309189583989792
baseline100k_dqn_statev1_sparse_seed42_20261010_115409_706718_3d8ac8e7,dqn,42,v1,sparse,941,36638,40.0,5,41,0.05,0.9383048691400667,35639,True,False,True,14.324806999997236
baseline100k_dqn_statev1_sparse_seed42_20261010_115409_706718_3d8ac8e7,dqn,42,v1,sparse,942,36659,0.0,1,21,0.05,0.8298691284088862,35660,True,False,True,14.332821291987784
baseline100k_dqn_statev1_sparse_seed42_20261010_115409_706718_3d8ac8e7,dqn,42,v1,sparse,943,36701,20.0,3,42,0.05,0.8433631509542465,35702,True,False,True,14.348618166986853
baseline100k_dqn_statev1_sparse_seed42_20261010_115409_706718_3d8ac8e7,dqn,42,v1,sparse,944,36784,100.0,11,83,0.05,0.8298009874590908,35785,True,False,True,14.379990874964278
baseline100k_dqn_statev1_sparse_seed42_20261010_115409_706718_3d8ac8e7,dqn,42,v1,sparse,945,36843,80.0,9,59,0.05,0.8630033140465364,35844,True,False,True,14.402149292000104
baseline100k_dqn_statev1_sparse_seed42_20261010_115409_706718_3d8ac8e7,dqn,42,v1,sparse,946,36899,60.0,7,56,0.05,0.8913113096995013,35900,True,False,True,14.423480791971087
baseline100k_dqn_statev1_sparse_seed42_20261010_115409_706718_3d8ac8e7,dqn,42,v1,sparse,947,36930,40.0,5,31,0.05,0.8904220183049479,35931,True,False,True,14.435746541945264
baseline100k_dqn_statev1_sparse_seed42_20261010_115409_706718_3d8ac8e7,dqn,42,v1,sparse,948,37112,190.0,20,182,0.05,0.8665010428445025,36113,True,False,True,14.505702999944333
baseline100k_dqn_statev1_sparse_seed42_20261010_115409_706718_3d8ac8e7,dqn,42,v1,sparse,949,37208,90.0,10,96,0.05,0.8304830224563678,36209,True,False,True,14.541986749973148
baseline100k_dqn_statev1_sparse_seed42_20261010_115409_706718_3d8ac8e7,dqn,42,v1,sparse,950,37358,160.0,17,150,0.05,0.8121855648358663,36359,True,False,True,14.598969208949711
baseline100k_dqn_statev1_sparse_seed42_20261010_115409_706718_3d8ac8e7,dqn,42,v1,sparse,951,37529,180.0,19,171,0.05,0.8574123551622469,36530,True,False,True,14.663540916983038
baseline100k_dqn_statev1_sparse_seed42_20261010_115409_706718_3d8ac8e7,dqn,42,v1,sparse,952,37561,30.0,4,32,0.05,0.7674310691654682,36562,True,False,True,14.67561970895622
baseline100k_dqn_statev1_sparse_seed42_20261010_115409_706718_3d8ac8e7,dqn,42,v1,sparse,953,37665,80.0,9,104,0.05,0.7901392607734754,36666,True,False,True,14.71500433399342
baseline100k_dqn_statev1_sparse_seed42_20261010_115409_706718_3d8ac8e7,dqn,42,v1,sparse,954,37893,250.0,26,228,0.05,0.8397058802738524,36894,True,False,True,14.80103141698055
baseline100k_dqn_statev1_sparse_seed42_20261010_115409_706718_3d8ac8e7,dqn,42,v1,sparse,955,38011,130.0,14,118,0.05,0.818806090597379,37012,True,False,True,14.845840208989102
baseline100k_dqn_statev1_sparse_seed42_20261010_115409_706718_3d8ac8e7,dqn,42,v1,sparse,956,38094,100.0,11,83,0.05,0.8914095023310328,37095,True,False,True,14.876963416987564
baseline100k_dqn_statev1_sparse_seed42_20261010_115409_706718_3d8ac8e7,dqn,42,v1,sparse,957,38182,120.0,13,88,0.05,0.9215276789936152,37183,True,False,True,14.910069166973699
baseline100k_dqn_statev1_sparse_seed42_20261010_115409_706718_3d8ac8e7,dqn,42,v1,sparse,958,38344,200.0,21,162,0.05,0.9273895406060748,37345,True,False,True,14.971167458978016
baseline100k_dqn_statev1_sparse_seed42_20261010_115409_706718_3d8ac8e7,dqn,42,v1,sparse,959,38438,110.0,12,94,0.05,0.9502009337252759,37439,True,False,True,15.006532333965879
baseline100k_dqn_statev1_sparse_seed42_20261010_115409_706718_3d8ac8e7,dqn,42,v1,sparse,960,38580,180.0,19,142,0.05,0.8797058947909047,37581,True,False,True,15.060280166973826
baseline100k_dqn_statev1_sparse_seed42_20261010_115409_706718_3d8ac8e7,dqn,42,v1,sparse,961,38739,160.0,17,159,0.05,0.924116220489238,37740,True,False,True,15.119780291977804
baseline100k_dqn_statev1_sparse_seed42_20261010_115409_706718_3d8ac8e7,dqn,42,v1,sparse,962,38838,120.0,13,99,0.05,0.8900122433298766,37839,True,False,True,15.157331416965462
baseline100k_dqn_statev1_sparse_seed42_20261010_115409_706718_3d8ac8e7,dqn,42,v1,sparse,963,39042,210.0,22,204,0.05,0.9463301299541604,38043,True,False,True,15.234254624985624
baseline100k_dqn_statev1_sparse_seed42_20261010_115409_706718_3d8ac8e7,dqn,42,v1,sparse,964,39135,110.0,12,93,0.05,0.910799773470048,38136,True,False,True,15.269444499979727
baseline100k_dqn_statev1_sparse_seed42_20261010_115409_706718_3d8ac8e7,dqn,42,v1,sparse,965,39195,70.0,8,60,0.05,0.9072634741663933,38196,True,False,True,15.29191070899833
baseline100k_dqn_statev1_sparse_seed42_20261010_115409_706718_3d8ac8e7,dqn,42,v1,sparse,966,39332,190.0,20,137,0.05,0.8654328947954805,38333,True,False,True,15.34352624998428
baseline100k_dqn_statev1_sparse_seed42_20261010_115409_706718_3d8ac8e7,dqn,42,v1,sparse,967,39434,150.0,16,102,0.05,0.8667059955643672,38435,True,False,True,15.383340874977876
baseline100k_dqn_statev1_sparse_seed42_20261010_115409_706718_3d8ac8e7,dqn,42,v1,sparse,968,39622,200.0,21,188,0.05,0.8870644046271101,38623,True,False,True,15.456707416975405
baseline100k_dqn_statev1_sparse_seed42_20261010_115409_706718_3d8ac8e7,dqn,42,v1,sparse,969,39674,50.0,6,52,0.05,0.8265436566793002,38675,True,False,True,15.47661504196003
baseline100k_dqn_statev1_sparse_seed42_20261010_115409_706718_3d8ac8e7,dqn,42,v1,sparse,970,39786,100.0,11,112,0.05,0.8520495668053627,38787,True,False,True,15.51982829195913
baseline100k_dqn_statev1_sparse_seed42_20261010_115409_706718_3d8ac8e7,dqn,42,v1,sparse,971,39961,200.0,21,175,0.05,0.8838225494112287,38962,True,False,True,15.587262249959167
baseline100k_dqn_statev1_sparse_seed42_20261010_115409_706718_3d8ac8e7,dqn,42,v1,sparse,972,40098,180.0,19,137,0.05,0.8676061633512051,39099,True,False,True,15.639535416965373
baseline100k_dqn_statev1_sparse_seed42_20261010_115409_706718_3d8ac8e7,dqn,42,v1,sparse,973,40222,150.0,16,124,0.05,0.8819724905394739,39223,True,False,True,15.687698124966118
baseline100k_dqn_statev1_sparse_seed42_20261010_115409_706718_3d8ac8e7,dqn,42,v1,sparse,974,40260,50.0,6,38,0.05,0.7724760700213281,39261,True,False,True,15.702568499953486
baseline100k_dqn_statev1_sparse_seed42_20261010_115409_706718_3d8ac8e7,dqn,42,v1,sparse,975,40359,150.0,16,99,0.05,0.8433517217636108,39360,True,False,True,15.74032633396564
baseline100k_dqn_statev1_sparse_seed42_20261010_115409_706718_3d8ac8e7,dqn,42,v1,sparse,976,40387,10.0,2,28,0.05,0.9574743253844125,39388,True,False,True,15.751058374997228
baseline100k_dqn_statev1_sparse_seed42_20261010_115409_706718_3d8ac8e7,dqn,42,v1,sparse,977,40436,40.0,5,49,0.05,0.894803238766534,39437,True,False,True,15.770096833992284
baseline100k_dqn_statev1_sparse_seed42_20261010_115409_706718_3d8ac8e7,dqn,42,v1,sparse,978,40526,100.0,11,90,0.05,0.8686057921912935,39527,True,False,True,15.80421779199969
baseline100k_dqn_statev1_sparse_seed42_20261010_115409_706718_3d8ac8e7,dqn,42,v1,sparse,979,40539,10.0,2,13,0.05,0.9913143515586853,39540,True,False,True,15.809208874998149
baseline100k_dqn_statev1_sparse_seed42_20261010_115409_706718_3d8ac8e7,dqn,42,v1,sparse,980,40730,200.0,21,191,0.05,0.8901928408919829,39731,True,False,True,15.881404666986782
baseline100k_dqn_statev1_sparse_seed42_20261010_115409_706718_3d8ac8e7,dqn,42,v1,sparse,981,41024,270.0,28,294,0.05,0.8850778073173802,40025,True,False,True,15.993586708966177
baseline100k_dqn_statev1_sparse_seed42_20261010_115409_706718_3d8ac8e7,dqn,42,v1,sparse,982,41071,50.0,6,47,0.05,0.8610593556089604,40072,True,False,True,16.011259499995504
baseline100k_dqn_statev1_sparse_seed42_20261010_115409_706718_3d8ac8e7,dqn,42,v1,sparse,983,41177,130.0,14,106,0.05,0.8886770603229415,40178,True,False,True,16.05126591696171
baseline100k_dqn_statev1_sparse_seed42_20261010_115409_706718_3d8ac8e7,dqn,42,v1,sparse,984,41190,10.0,2,13,0.05,0.9736177073075221,40191,True,False,True,16.056218624988105
baseline100k_dqn_statev1_sparse_seed42_20261010_115409_706718_3d8ac8e7,dqn,42,v1,sparse,985,41327,150.0,16,137,0.05,0.8630209334575347,40328,True,False,True,16.109141333959997
baseline100k_dqn_statev1_sparse_seed42_20261010_115409_706718_3d8ac8e7,dqn,42,v1,sparse,986,41439,120.0,13,112,0.05,0.9032226867441621,40440,True,False,True,16.151675333967432
baseline100k_dqn_statev1_sparse_seed42_20261010_115409_706718_3d8ac8e7,dqn,42,v1,sparse,987,41564,160.0,17,125,0.05,0.8546223282814026,40565,True,False,True,16.19953862496186
baseline100k_dqn_statev1_sparse_seed42_20261010_115409_706718_3d8ac8e7,dqn,42,v1,sparse,988,41712,170.0,18,148,0.05,0.8905712035862176,40713,True,False,True,16.255479916988406
baseline100k_dqn_statev1_sparse_seed42_20261010_115409_706718_3d8ac8e7,dqn,42,v1,sparse,989,41739,10.0,2,27,0.05,0.8110045724444919,40740,True,False,True,16.26568645896623
baseline100k_dqn_statev1_sparse_seed42_20261010_115409_706718_3d8ac8e7,dqn,42,v1,sparse,990,41841,130.0,14,102,0.05,0.8912805312988805,40842,True,False,True,16.304042208998
baseline100k_dqn_statev1_sparse_seed42_20261010_115409_706718_3d8ac8e7,dqn,42,v1,sparse,991,41927,100.0,11,86,0.05,0.837810946065326,40928,True,False,True,16.33639516698895
baseline100k_dqn_statev1_sparse_seed42_20261010_115409_706718_3d8ac8e7,dqn,42,v1,sparse,992,41941,10.0,2,14,0.05,0.9065207115241459,40942,True,False,True,16.3417061669752
baseline100k_dqn_statev1_sparse_seed42_20261010_115409_706718_3d8ac8e7,dqn,42,v1,sparse,993,42013,60.0,7,72,0.05,0.8728526404334439,41014,True,False,True,16.369421333947685
baseline100k_dqn_statev1_sparse_seed42_20261010_115409_706718_3d8ac8e7,dqn,42,v1,sparse,994,42061,40.0,5,48,0.05,0.9604654579112927,41062,True,False,True,16.38741141697392
baseline100k_dqn_statev1_sparse_seed42_20261010_115409_706718_3d8ac8e7,dqn,42,v1,sparse,995,42176,120.0,13,115,0.05,0.940042983967325,41177,True,False,True,16.43119787494652
baseline100k_dqn_statev1_sparse_seed42_20261010_115409_706718_3d8ac8e7,dqn,42,v1,sparse,996,42244,80.0,9,68,0.05,0.8812674678423825,41245,True,False,True,16.45714837498963
baseline100k_dqn_statev1_sparse_seed42_20261010_115409_706718_3d8ac8e7,dqn,42,v1,sparse,997,42265,0.0,1,21,0.05,0.9507665151641482,41266,True,False,True,16.46512770897243
baseline100k_dqn_statev1_sparse_seed42_20261010_115409_706718_3d8ac8e7,dqn,42,v1,sparse,998,42398,190.0,20,133,0.05,0.9020695408484093,41399,True,False,True,16.516897166962735
baseline100k_dqn_statev1_sparse_seed42_20261010_115409_706718_3d8ac8e7,dqn,42,v1,sparse,999,42534,130.0,14,136,0.05,0.927105992594186,41535,True,False,True,16.569647458964027
baseline100k_dqn_statev1_sparse_seed42_20261010_115409_706718_3d8ac8e7,dqn,42,v1,sparse,1000,42591,50.0,6,57,0.05,0.9653604495943638,41592,True,False,True,16.591708249994554
baseline100k_dqn_statev1_sparse_seed42_20261010_115409_706718_3d8ac8e7,dqn,42,v1,sparse,1001,42651,80.0,9,60,0.05,0.9861971408128738,41652,True,False,True,16.616872958955355
baseline100k_dqn_statev1_sparse_seed42_20261010_115409_706718_3d8ac8e7,dqn,42,v1,sparse,1002,42712,80.0,9,61,0.05,0.9302058586331664,41713,True,False,True,16.640536708990112
baseline100k_dqn_statev1_sparse_seed42_20261010_115409_706718_3d8ac8e7,dqn,42,v1,sparse,1003,42776,70.0,8,64,0.05,0.9059149690438062,41777,True,False,True,16.665239791967906
baseline100k_dqn_statev1_sparse_seed42_20261010_115409_706718_3d8ac8e7,dqn,42,v1,sparse,1004,42884,120.0,13,108,0.05,0.8994356727710476,41885,True,False,True,16.70704858395038
baseline100k_dqn_statev1_sparse_seed42_20261010_115409_706718_3d8ac8e7,dqn,42,v1,sparse,1005,42984,90.0,10,100,0.05,0.9218915310502053,41985,True,False,True,16.745700458995998
baseline100k_dqn_statev1_sparse_seed42_20261010_115409_706718_3d8ac8e7,dqn,42,v1,sparse,1006,43152,180.0,19,168,0.05,0.8660828398451919,42153,True,False,True,16.809945499990135
baseline100k_dqn_statev1_sparse_seed42_20261010_115409_706718_3d8ac8e7,dqn,42,v1,sparse,1007,43298,180.0,19,146,0.05,0.8569247187816933,42299,True,False,True,16.866059583961032
baseline100k_dqn_statev1_sparse_seed42_20261010_115409_706718_3d8ac8e7,dqn,42,v1,sparse,1008,43368,60.0,7,70,0.05,0.8563098596675055,42369,True,False,True,16.892762624949683
baseline100k_dqn_statev1_sparse_seed42_20261010_115409_706718_3d8ac8e7,dqn,42,v1,sparse,1009,43383,10.0,2,15,0.05,0.9373108108838399,42384,True,False,True,16.89857670897618
baseline100k_dqn_statev1_sparse_seed42_20261010_115409_706718_3d8ac8e7,dqn,42,v1,sparse,1010,43510,170.0,18,127,0.05,0.8544922874668451,42511,True,False,True,16.947426249971613
baseline100k_dqn_statev1_sparse_seed42_20261010_115409_706718_3d8ac8e7,dqn,42,v1,sparse,1011,43646,140.0,15,136,0.05,0.8831207090440918,42647,True,False,True,17.000447666971013
baseline100k_dqn_statev1_sparse_seed42_20261010_115409_706718_3d8ac8e7,dqn,42,v1,sparse,1012,43740,110.0,12,94,0.05,0.8853371549159923,42741,True,False,True,17.035801166959573
baseline100k_dqn_statev1_sparse_seed42_20261010_115409_706718_3d8ac8e7,dqn,42,v1,sparse,1013,43855,120.0,13,115,0.05,0.8943164340827776,42856,True,False,True,17.07979999994859
baseline100k_dqn_statev1_sparse_seed42_20261010_115409_706718_3d8ac8e7,dqn,42,v1,sparse,1014,43907,60.0,7,52,0.05,0.8669705419586256,42908,True,False,True,17.09946608397877
baseline100k_dqn_statev1_sparse_seed42_20261010_115409_706718_3d8ac8e7,dqn,42,v1,sparse,1015,44005,90.0,10,98,0.05,0.8623790268083008,43006,True,False,True,17.136550208961125
baseline100k_dqn_statev1_sparse_seed42_20261010_115409_706718_3d8ac8e7,dqn,42,v1,sparse,1016,44080,100.0,11,75,0.05,0.9082650085290273,43081,True,False,True,17.16508454194991
baseline100k_dqn_statev1_sparse_seed42_20261010_115409_706718_3d8ac8e7,dqn,42,v1,sparse,1017,44281,190.0,20,201,0.05,0.9126196122584651,43282,True,False,True,17.241397083969787
baseline100k_dqn_statev1_sparse_seed42_20261010_115409_706718_3d8ac8e7,dqn,42,v1,sparse,1018,44407,160.0,17,126,0.05,0.8980351128275432,43408,True,False,True,17.28922345896717
baseline100k_dqn_statev1_sparse_seed42_20261010_115409_706718_3d8ac8e7,dqn,42,v1,sparse,1019,44473,70.0,8,66,0.05,0.9041905497962778,43474,True,False,True,17.313995166972745
baseline100k_dqn_statev1_sparse_seed42_20261010_115409_706718_3d8ac8e7,dqn,42,v1,sparse,1020,44580,100.0,11,107,0.05,0.9164980039975353,43581,True,False,True,17.354811166995205
baseline100k_dqn_statev1_sparse_seed42_20261010_115409_706718_3d8ac8e7,dqn,42,v1,sparse,1021,44682,120.0,13,102,0.05,0.9138214298907448,43683,True,False,True,17.393589666986372
baseline100k_dqn_statev1_sparse_seed42_20261010_115409_706718_3d8ac8e7,dqn,42,v1,sparse,1022,44719,20.0,3,37,0.05,0.9390946674991298,43720,True,False,True,17.407637333963066
baseline100k_dqn_statev1_sparse_seed42_20261010_115409_706718_3d8ac8e7,dqn,42,v1,sparse,1023,44880,200.0,21,161,0.05,0.8898043656571312,43881,True,False,True,17.470118874975014
baseline100k_dqn_statev1_sparse_seed42_20261010_115409_706718_3d8ac8e7,dqn,42,v1,sparse,1024,44962,70.0,8,82,0.05,0.8626500429903589,43963,True,False,True,17.502385374973528
baseline100k_dqn_statev1_sparse_seed42_20261010_115409_706718_3d8ac8e7,dqn,42,v1,sparse,1025,45063,120.0,13,101,0.05,0.9138948383307693,44064,True,False,True,17.541731541976333
baseline100k_dqn_statev1_sparse_seed42_20261010_115409_706718_3d8ac8e7,dqn,42,v1,sparse,1026,45102,40.0,5,39,0.05,0.8941896932247357,44103,True,False,True,17.55701816699002
baseline100k_dqn_statev1_sparse_seed42_20261010_115409_706718_3d8ac8e7,dqn,42,v1,sparse,1027,45158,60.0,7,56,0.05,0.941939214510577,44159,True,False,True,17.578722833946813
baseline100k_dqn_statev1_sparse_seed42_20261010_115409_706718_3d8ac8e7,dqn,42,v1,sparse,1028,45177,20.0,3,19,0.05,0.9309593690069098,44178,True,False,True,17.586175874981564
baseline100k_dqn_statev1_sparse_seed42_20261010_115409_706718_3d8ac8e7,dqn,42,v1,sparse,1029,45313,150.0,16,136,0.05,0.8877108079545638,44314,True,False,True,17.639231041946914
baseline100k_dqn_statev1_sparse_seed42_20261010_115409_706718_3d8ac8e7,dqn,42,v1,sparse,1030,45421,120.0,13,108,0.05,0.9444698798987601,44422,True,False,True,17.680725916987285
baseline100k_dqn_statev1_sparse_seed42_20261010_115409_706718_3d8ac8e7,dqn,42,v1,sparse,1031,45444,30.0,4,23,0.05,0.9872775077819824,44445,True,False,True,17.690113749995362
baseline100k_dqn_statev1_sparse_seed42_20261010_115409_706718_3d8ac8e7,dqn,42,v1,sparse,1032,45537,100.0,11,93,0.05,0.9743003867646699,44538,True,False,True,17.72751833399525
baseline100k_dqn_statev1_sparse_seed42_20261010_115409_706718_3d8ac8e7,dqn,42,v1,sparse,1033,45669,130.0,14,132,0.05,0.9809098690748215,44670,True,False,True,17.7788521249895
baseline100k_dqn_statev1_sparse_seed42_20261010_115409_706718_3d8ac8e7,dqn,42,v1,sparse,1034,45754,120.0,13,85,0.05,0.8888707048752729,44755,True,False,True,17.811638333951123
baseline100k_dqn_statev1_sparse_seed42_20261010_115409_706718_3d8ac8e7,dqn,42,v1,sparse,1035,45828,60.0,7,74,0.05,0.9049429466595521,44829,True,False,True,17.840356833999977
baseline100k_dqn_statev1_sparse_seed42_20261010_115409_706718_3d8ac8e7,dqn,42,v1,sparse,1036,45834,-10.0,0,6,0.05,0.8523938159147898,44835,True,False,True,17.84262587496778
baseline100k_dqn_statev1_sparse_seed42_20261010_115409_706718_3d8ac8e7,dqn,42,v1,sparse,1037,45883,50.0,6,49,0.05,0.9629219776513626,44884,True,False,True,17.861136624997016
baseline100k_dqn_statev1_sparse_seed42_20261010_115409_706718_3d8ac8e7,dqn,42,v1,sparse,1038,45996,110.0,12,113,0.05,0.9197726046617052,44997,True,False,True,17.904514124966227
baseline100k_dqn_statev1_sparse_seed42_20261010_115409_706718_3d8ac8e7,dqn,42,v1,sparse,1039,46112,180.0,19,116,0.05,0.9855369737949865,45113,True,False,True,17.949066999950446
baseline100k_dqn_statev1_sparse_seed42_20261010_115409_706718_3d8ac8e7,dqn,42,v1,sparse,1040,46246,160.0,17,134,0.05,0.9331986577208362,45247,True,False,True,17.999846374965273
baseline100k_dqn_statev1_sparse_seed42_20261010_115409_706718_3d8ac8e7,dqn,42,v1,sparse,1041,46313,60.0,7,67,0.05,0.8608128059266219,45314,True,False,True,18.025610166951083
baseline100k_dqn_statev1_sparse_seed42_20261010_115409_706718_3d8ac8e7,dqn,42,v1,sparse,1042,46363,70.0,8,50,0.05,0.9682945501804352,45364,True,False,True,18.04426745895762
baseline100k_dqn_statev1_sparse_seed42_20261010_115409_706718_3d8ac8e7,dqn,42,v1,sparse,1043,46446,130.0,14,83,0.05,0.949647143662694,45447,True,False,True,18.075730541953817
baseline100k_dqn_statev1_sparse_seed42_20261010_115409_706718_3d8ac8e7,dqn,42,v1,sparse,1044,46503,70.0,8,57,0.05,0.9131973129615449,45504,True,False,True,18.097636916965712
baseline100k_dqn_statev1_sparse_seed42_20261010_115409_706718_3d8ac8e7,dqn,42,v1,sparse,1045,46541,50.0,6,38,0.05,0.9552867051802183,45542,True,False,True,18.112564666953404
baseline100k_dqn_statev1_sparse_seed42_20261010_115409_706718_3d8ac8e7,dqn,42,v1,sparse,1046,46630,100.0,11,89,0.05,0.9479615092277527,45631,True,False,True,18.146188791957684
baseline100k_dqn_statev1_sparse_seed42_20261010_115409_706718_3d8ac8e7,dqn,42,v1,sparse,1047,46837,210.0,22,207,0.05,0.8951403299967448,45838,True,False,True,18.225393083994277
baseline100k_dqn_statev1_sparse_seed42_20261010_115409_706718_3d8ac8e7,dqn,42,v1,sparse,1048,46886,50.0,6,49,0.05,0.9542201939894228,45887,True,False,True,18.243957666971255
baseline100k_dqn_statev1_sparse_seed42_20261010_115409_706718_3d8ac8e7,dqn,42,v1,sparse,1049,46980,110.0,12,94,0.05,0.9479225788344728,45981,True,False,True,18.28037683397997
baseline100k_dqn_statev1_sparse_seed42_20261010_115409_706718_3d8ac8e7,dqn,42,v1,sparse,1050,47133,180.0,19,153,0.05,0.9608699944284227,46134,True,False,True,18.338097458996344
baseline100k_dqn_statev1_sparse_seed42_20261010_115409_706718_3d8ac8e7,dqn,42,v1,sparse,1051,47244,140.0,15,111,0.05,0.9656281737056939,46245,True,False,True,18.381215708970558
baseline100k_dqn_statev1_sparse_seed42_20261010_115409_706718_3d8ac8e7,dqn,42,v1,sparse,1052,47376,180.0,19,132,0.05,0.9535042824167194,46377,True,False,True,18.43188187497435
baseline100k_dqn_statev1_sparse_seed42_20261010_115409_706718_3d8ac8e7,dqn,42,v1,sparse,1053,47490,150.0,16,114,0.05,0.9377823634105816,46491,True,False,True,18.47664608398918
baseline100k_dqn_statev1_sparse_seed42_20261010_115409_706718_3d8ac8e7,dqn,42,v1,sparse,1054,47652,150.0,16,162,0.05,0.9864465629245028,46653,True,False,True,18.53882216697093
baseline100k_dqn_statev1_sparse_seed42_20261010_115409_706718_3d8ac8e7,dqn,42,v1,sparse,1055,47717,70.0,8,65,0.05,0.9524974612089304,46718,True,False,True,18.564425041957293
baseline100k_dqn_statev1_sparse_seed42_20261010_115409_706718_3d8ac8e7,dqn,42,v1,sparse,1056,47788,90.0,10,71,0.05,0.9436870360038649,46789,True,False,True,18.59127916698344
baseline100k_dqn_statev1_sparse_seed42_20261010_115409_706718_3d8ac8e7,dqn,42,v1,sparse,1057,47847,60.0,7,59,0.05,0.997511564675024,46848,True,False,True,18.613873666967265
baseline100k_dqn_statev1_sparse_seed42_20261010_115409_706718_3d8ac8e7,dqn,42,v1,sparse,1058,47880,40.0,5,33,0.05,0.9753913879394531,46881,True,False,True,18.626492833951488
baseline100k_dqn_statev1_sparse_seed42_20261010_115409_706718_3d8ac8e7,dqn,42,v1,sparse,1059,47964,90.0,10,84,0.05,0.9720460637694314,46965,True,False,True,18.658930749981664
baseline100k_dqn_statev1_sparse_seed42_20261010_115409_706718_3d8ac8e7,dqn,42,v1,sparse,1060,47965,-10.0,0,1,0.05,0.4222562611103058,46966,True,False,True,18.659350958943833
baseline100k_dqn_statev1_sparse_seed42_20261010_115409_706718_3d8ac8e7,dqn,42,v1,sparse,1061,48008,60.0,7,43,0.05,0.8298478299795196,47009,True,False,True,18.676417041977402
baseline100k_dqn_statev1_sparse_seed42_20261010_115409_706718_3d8ac8e7,dqn,42,v1,sparse,1062,48136,160.0,17,128,0.05,0.936726963846013,47137,True,False,True,18.725319374992978
baseline100k_dqn_statev1_sparse_seed42_20261010_115409_706718_3d8ac8e7,dqn,42,v1,sparse,1063,48209,60.0,7,73,0.05,0.915152130878135,47210,True,False,True,18.753277166979387
baseline100k_dqn_statev1_sparse_seed42_20261010_115409_706718_3d8ac8e7,dqn,42,v1,sparse,1064,48356,170.0,18,147,0.05,0.9538295925879965,47357,True,False,True,18.809342541964725
baseline100k_dqn_statev1_sparse_seed42_20261010_115409_706718_3d8ac8e7,dqn,42,v1,sparse,1065,48476,120.0,13,120,0.05,0.9418917036304871,47477,True,False,True,18.855098749976605
baseline100k_dqn_statev1_sparse_seed42_20261010_115409_706718_3d8ac8e7,dqn,42,v1,sparse,1066,48481,-10.0,0,5,0.05,0.9279664039611817,47482,True,False,True,18.85702512494754
baseline100k_dqn_statev1_sparse_seed42_20261010_115409_706718_3d8ac8e7,dqn,42,v1,sparse,1067,48630,180.0,19,149,0.05,0.9552275018403994,47631,True,False,True,18.913378666969948
baseline100k_dqn_statev1_sparse_seed42_20261010_115409_706718_3d8ac8e7,dqn,42,v1,sparse,1068,48767,150.0,16,137,0.05,0.9638637817689102,47768,True,False,True,18.966120166995097
baseline100k_dqn_statev1_sparse_seed42_20261010_115409_706718_3d8ac8e7,dqn,42,v1,sparse,1069,48907,120.0,13,140,0.05,0.9511752701231412,47908,True,False,True,19.018641208996996
baseline100k_dqn_statev1_sparse_seed42_20261010_115409_706718_3d8ac8e7,dqn,42,v1,sparse,1070,48952,60.0,7,45,0.05,0.906977328326967,47953,True,False,True,19.03554112499114
baseline100k_dqn_statev1_sparse_seed42_20261010_115409_706718_3d8ac8e7,dqn,42,v1,sparse,1071,49093,180.0,19,141,0.05,0.9574067303052185,48094,True,False,True,19.08943383395672
baseline100k_dqn_statev1_sparse_seed42_20261010_115409_706718_3d8ac8e7,dqn,42,v1,sparse,1072,49256,150.0,16,163,0.05,0.9401057124869224,48257,True,False,True,19.151052916946355
baseline100k_dqn_statev1_sparse_seed42_20261010_115409_706718_3d8ac8e7,dqn,42,v1,sparse,1073,49373,120.0,13,117,0.05,0.9407530615472386,48374,True,False,True,19.195694458961952
baseline100k_dqn_statev1_sparse_seed42_20261010_115409_706718_3d8ac8e7,dqn,42,v1,sparse,1074,49538,170.0,18,165,0.05,0.9397629268241651,48539,True,False,True,19.258495916961692
baseline100k_dqn_statev1_sparse_seed42_20261010_115409_706718_3d8ac8e7,dqn,42,v1,sparse,1075,49664,110.0,12,126,0.05,0.9627727568149567,48665,True,False,True,19.306466041947715
baseline100k_dqn_statev1_sparse_seed42_20261010_115409_706718_3d8ac8e7,dqn,42,v1,sparse,1076,49787,170.0,18,123,0.05,0.8972989701158632,48788,True,False,True,19.353896208980586
baseline100k_dqn_statev1_sparse_seed42_20261010_115409_706718_3d8ac8e7,dqn,42,v1,sparse,1077,49804,10.0,2,17,0.05,0.9686659329077777,48805,True,False,True,19.360207999998238
baseline100k_dqn_statev1_sparse_seed42_20261010_115409_706718_3d8ac8e7,dqn,42,v1,sparse,1078,49856,60.0,7,52,0.05,0.9726663340742772,48857,True,False,True,19.38003779196879
baseline100k_dqn_statev1_sparse_seed42_20261010_115409_706718_3d8ac8e7,dqn,42,v1,sparse,1079,49991,120.0,13,135,0.05,0.9709887826884235,48992,True,False,True,19.432286333991215
baseline100k_dqn_statev1_sparse_seed42_20261010_115409_706718_3d8ac8e7,dqn,42,v1,sparse,1080,50068,80.0,9,77,0.05,0.9707860900210096,49069,True,False,True,19.462308416957967
baseline100k_dqn_statev1_sparse_seed42_20261010_115409_706718_3d8ac8e7,dqn,42,v1,sparse,1081,50224,160.0,17,156,0.05,0.9500917299435689,49225,True,False,True,19.52216908399714
baseline100k_dqn_statev1_sparse_seed42_20261010_115409_706718_3d8ac8e7,dqn,42,v1,sparse,1082,50259,50.0,6,35,0.05,0.9901892295905522,49260,True,False,True,19.5359086249955
baseline100k_dqn_statev1_sparse_seed42_20261010_115409_706718_3d8ac8e7,dqn,42,v1,sparse,1083,50369,130.0,14,110,0.05,0.9570530005476692,49370,True,False,True,19.57852224999806
baseline100k_dqn_statev1_sparse_seed42_20261010_115409_706718_3d8ac8e7,dqn,42,v1,sparse,1084,50539,140.0,15,170,0.05,0.9427454727537492,49540,True,False,True,19.643773999996483
baseline100k_dqn_statev1_sparse_seed42_20261010_115409_706718_3d8ac8e7,dqn,42,v1,sparse,1085,50650,160.0,17,111,0.05,0.9635333421531024,49651,True,False,True,19.686690541973803
baseline100k_dqn_statev1_sparse_seed42_20261010_115409_706718_3d8ac8e7,dqn,42,v1,sparse,1086,50910,250.0,26,260,0.05,0.9596213713288307,49911,True,False,True,19.78561558399815
baseline100k_dqn_statev1_sparse_seed42_20261010_115409_706718_3d8ac8e7,dqn,42,v1,sparse,1087,50911,-10.0,0,1,0.05,1.0052309036254883,49912,True,False,True,19.786028999951668
baseline100k_dqn_statev1_sparse_seed42_20261010_115409_706718_3d8ac8e7,dqn,42,v1,sparse,1088,51039,130.0,14,128,0.05,0.9865283120889217,50040,True,False,True,19.835156416986138
baseline100k_dqn_statev1_sparse_seed42_20261010_115409_706718_3d8ac8e7,dqn,42,v1,sparse,1089,51099,50.0,6,60,0.05,0.9783310075600942,50100,True,False,True,19.85779154195916
baseline100k_dqn_statev1_sparse_seed42_20261010_115409_706718_3d8ac8e7,dqn,42,v1,sparse,1090,51234,150.0,16,135,0.05,0.9852332519160376,50235,True,False,True,19.909465459000785
baseline100k_dqn_statev1_sparse_seed42_20261010_115409_706718_3d8ac8e7,dqn,42,v1,sparse,1091,51260,20.0,3,26,0.05,0.8766795786527487,50261,True,False,True,19.919472124951426
baseline100k_dqn_statev1_sparse_seed42_20261010_115409_706718_3d8ac8e7,dqn,42,v1,sparse,1092,51299,30.0,4,39,0.05,0.9917224294100052,50300,True,False,True,19.934321624983568
baseline100k_dqn_statev1_sparse_seed42_20261010_115409_706718_3d8ac8e7,dqn,42,v1,sparse,1093,51421,110.0,12,122,0.05,0.9660981553988378,50422,True,False,True,19.98113537498284
baseline100k_dqn_statev1_sparse_seed42_20261010_115409_706718_3d8ac8e7,dqn,42,v1,sparse,1094,51552,130.0,14,131,0.05,0.938388152886893,50553,True,False,True,20.030966916994657
baseline100k_dqn_statev1_sparse_seed42_20261010_115409_706718_3d8ac8e7,dqn,42,v1,sparse,1095,51573,30.0,4,21,0.05,0.8822314171564012,50574,True,False,True,20.039245208958164
baseline100k_dqn_statev1_sparse_seed42_20261010_115409_706718_3d8ac8e7,dqn,42,v1,sparse,1096,51611,30.0,4,38,0.05,1.0127130903695758,50612,True,False,True,20.053682708996348
baseline100k_dqn_statev1_sparse_seed42_20261010_115409_706718_3d8ac8e7,dqn,42,v1,sparse,1097,51773,180.0,19,162,0.05,0.9687455116230764,50774,True,False,True,20.1157608339563
baseline100k_dqn_statev1_sparse_seed42_20261010_115409_706718_3d8ac8e7,dqn,42,v1,sparse,1098,51906,180.0,19,133,0.05,0.9879271639020819,50907,True,False,True,20.16679354198277
baseline100k_dqn_statev1_sparse_seed42_20261010_115409_706718_3d8ac8e7,dqn,42,v1,sparse,1099,52029,140.0,15,123,0.05,0.9814012280809201,51030,True,False,True,20.21384062495781
baseline100k_dqn_statev1_sparse_seed42_20261010_115409_706718_3d8ac8e7,dqn,42,v1,sparse,1100,52233,200.0,21,204,0.05,0.9741309020741313,51234,True,False,True,20.292064749985002
baseline100k_dqn_statev1_sparse_seed42_20261010_115409_706718_3d8ac8e7,dqn,42,v1,sparse,1101,52235,-10.0,0,2,0.05,1.1484457850456238,51236,True,False,True,20.294400374987163
baseline100k_dqn_statev1_sparse_seed42_20261010_115409_706718_3d8ac8e7,dqn,42,v1,sparse,1102,52335,120.0,13,100,0.05,0.9770684930682182,51336,True,False,True,20.33369399997173
baseline100k_dqn_statev1_sparse_seed42_20261010_115409_706718_3d8ac8e7,dqn,42,v1,sparse,1103,52458,120.0,13,123,0.05,1.0100216909152706,51459,True,False,True,20.381009291973896
baseline100k_dqn_statev1_sparse_seed42_20261010_115409_706718_3d8ac8e7,dqn,42,v1,sparse,1104,52606,130.0,14,148,0.05,0.975276982864818,51607,True,False,True,20.441128083970398
baseline100k_dqn_statev1_sparse_seed42_20261010_115409_706718_3d8ac8e7,dqn,42,v1,sparse,1105,52617,-10.0,0,11,0.05,0.981717505238273,51618,True,False,True,20.445438166963868
baseline100k_dqn_statev1_sparse_seed42_20261010_115409_706718_3d8ac8e7,dqn,42,v1,sparse,1106,52681,80.0,9,64,0.05,1.0016876854933798,51682,True,False,True,20.4705014169449
baseline100k_dqn_statev1_sparse_seed42_20261010_115409_706718_3d8ac8e7,dqn,42,v1,sparse,1107,52693,0.0,1,12,0.05,1.041561762491862,51694,True,False,True,20.475226291979197
baseline100k_dqn_statev1_sparse_seed42_20261010_115409_706718_3d8ac8e7,dqn,42,v1,sparse,1108,52836,130.0,14,143,0.05,0.9740259259730786,51837,True,False,True,20.531514999980573
baseline100k_dqn_statev1_sparse_seed42_20261010_115409_706718_3d8ac8e7,dqn,42,v1,sparse,1109,52925,80.0,9,89,0.05,0.9358607135461957,51926,True,False,True,20.56636824994348
baseline100k_dqn_statev1_sparse_seed42_20261010_115409_706718_3d8ac8e7,dqn,42,v1,sparse,1110,52993,70.0,8,68,0.05,0.9491486637031331,51994,True,False,True,20.59299358399585
baseline100k_dqn_statev1_sparse_seed42_20261010_115409_706718_3d8ac8e7,dqn,42,v1,sparse,1111,53037,60.0,7,44,0.05,0.9211768074469133,52038,True,False,True,20.610508833953645
baseline100k_dqn_statev1_sparse_seed42_20261010_115409_706718_3d8ac8e7,dqn,42,v1,sparse,1112,53103,70.0,8,66,0.05,0.9469494738362052,52104,True,False,True,20.636120999988634
baseline100k_dqn_statev1_sparse_seed42_20261010_115409_706718_3d8ac8e7,dqn,42,v1,sparse,1113,53247,130.0,14,144,0.05,0.9651297440545427,52248,True,False,True,20.692659041960724
baseline100k_dqn_statev1_sparse_seed42_20261010_115409_706718_3d8ac8e7,dqn,42,v1,sparse,1114,53303,80.0,9,56,0.05,0.9842200561293534,52304,True,False,True,20.71493674995145
baseline100k_dqn_statev1_sparse_seed42_20261010_115409_706718_3d8ac8e7,dqn,42,v1,sparse,1115,53343,40.0,5,40,0.05,0.9882317610085011,52344,True,False,True,20.730485124979168
baseline100k_dqn_statev1_sparse_seed42_20261010_115409_706718_3d8ac8e7,dqn,42,v1,sparse,1116,53480,170.0,18,137,0.05,0.9605782810788955,52481,True,False,True,20.783690124982968
baseline100k_dqn_statev1_sparse_seed42_20261010_115409_706718_3d8ac8e7,dqn,42,v1,sparse,1117,53546,90.0,10,66,0.05,0.9652480930089951,52547,True,False,True,20.809422541991808
baseline100k_dqn_statev1_sparse_seed42_20261010_115409_706718_3d8ac8e7,dqn,42,v1,sparse,1118,53632,110.0,12,86,0.05,0.9932913790608562,52633,True,False,True,20.842949916957878
baseline100k_dqn_statev1_sparse_seed42_20261010_115409_706718_3d8ac8e7,dqn,42,v1,sparse,1119,53668,30.0,4,36,0.05,0.9046439164214664,52669,True,False,True,20.85682729195105
baseline100k_dqn_statev1_sparse_seed42_20261010_115409_706718_3d8ac8e7,dqn,42,v1,sparse,1120,53900,240.0,25,232,0.05,0.9797294878497206,52901,True,False,True,20.94661049998831
baseline100k_dqn_statev1_sparse_seed42_20261010_115409_706718_3d8ac8e7,dqn,42,v1,sparse,1121,53974,80.0,9,74,0.05,0.9343183930661227,52975,True,False,True,20.97475916694384
baseline100k_dqn_statev1_sparse_seed42_20261010_115409_706718_3d8ac8e7,dqn,42,v1,sparse,1122,53993,10.0,2,19,0.05,1.0153761662934955,52994,True,False,True,20.982102749985643
baseline100k_dqn_statev1_sparse_seed42_20261010_115409_706718_3d8ac8e7,dqn,42,v1,sparse,1123,54294,280.0,29,301,0.05,0.9511084918959989,53295,True,False,True,21.097975999990012
baseline100k_dqn_statev1_sparse_seed42_20261010_115409_706718_3d8ac8e7,dqn,42,v1,sparse,1124,54295,-10.0,0,1,0.05,1.3605036735534668,53296,True,False,True,21.098389541963115
baseline100k_dqn_statev1_sparse_seed42_20261010_115409_706718_3d8ac8e7,dqn,42,v1,sparse,1125,54421,140.0,15,126,0.05,0.9740441616565462,53422,True,False,True,21.14614220894873
baseline100k_dqn_statev1_sparse_seed42_20261010_115409_706718_3d8ac8e7,dqn,42,v1,sparse,1126,54530,140.0,15,109,0.05,0.9812248595263979,53531,True,False,True,21.187929084000643
baseline100k_dqn_statev1_sparse_seed42_20261010_115409_706718_3d8ac8e7,dqn,42,v1,sparse,1127,54598,60.0,7,68,0.05,0.979673667865641,53599,True,False,True,21.213817166979425
baseline100k_dqn_statev1_sparse_seed42_20261010_115409_706718_3d8ac8e7,dqn,42,v1,sparse,1128,54705,90.0,10,107,0.05,0.955185285238462,53706,True,False,True,21.254281291970983
baseline100k_dqn_statev1_sparse_seed42_20261010_115409_706718_3d8ac8e7,dqn,42,v1,sparse,1129,54794,130.0,14,89,0.05,0.9672929473807302,53795,True,False,True,21.288034999975935
baseline100k_dqn_statev1_sparse_seed42_20261010_115409_706718_3d8ac8e7,dqn,42,v1,sparse,1130,54944,200.0,21,150,0.05,0.9328567582368851,53945,True,False,True,21.34598470898345
baseline100k_dqn_statev1_sparse_seed42_20261010_115409_706718_3d8ac8e7,dqn,42,v1,sparse,1131,55242,260.0,27,298,0.05,0.982556141962941,54243,True,False,True,21.46432220895076
baseline100k_dqn_statev1_sparse_seed42_20261010_115409_706718_3d8ac8e7,dqn,42,v1,sparse,1132,55323,80.0,9,81,0.05,0.9387572278947006,54324,True,False,True,21.496015499986243
baseline100k_dqn_statev1_sparse_seed42_20261010_115409_706718_3d8ac8e7,dqn,42,v1,sparse,1133,55419,90.0,10,96,0.05,1.0023554215828578,54420,True,False,True,21.533785666979384
baseline100k_dqn_statev1_sparse_seed42_20261010_115409_706718_3d8ac8e7,dqn,42,v1,sparse,1134,55558,140.0,15,139,0.05,1.0163200984327057,54559,True,False,True,21.587607708992437
baseline100k_dqn_statev1_sparse_seed42_20261010_115409_706718_3d8ac8e7,dqn,42,v1,sparse,1135,55721,170.0,18,163,0.05,0.9770793080147059,54722,True,False,True,21.650641583953984
baseline100k_dqn_statev1_sparse_seed42_20261010_115409_706718_3d8ac8e7,dqn,42,v1,sparse,1136,55826,130.0,14,105,0.05,1.0065061245645797,54827,True,False,True,21.69125916698249
baseline100k_dqn_statev1_sparse_seed42_20261010_115409_706718_3d8ac8e7,dqn,42,v1,sparse,1137,55906,90.0,10,80,0.05,0.9711588341742754,54907,True,False,True,21.721919624949805
baseline100k_dqn_statev1_sparse_seed42_20261010_115409_706718_3d8ac8e7,dqn,42,v1,sparse,1138,55963,50.0,6,57,0.05,0.9937486789728466,54964,True,False,True,21.74360099999467
baseline100k_dqn_statev1_sparse_seed42_20261010_115409_706718_3d8ac8e7,dqn,42,v1,sparse,1139,56007,50.0,6,44,0.05,0.9556131180037152,55008,True,False,True,21.76067074999446
baseline100k_dqn_statev1_sparse_seed42_20261010_115409_706718_3d8ac8e7,dqn,42,v1,sparse,1140,56112,90.0,10,105,0.05,0.981176279272352,55113,True,False,True,21.801323124964256
baseline100k_dqn_statev1_sparse_seed42_20261010_115409_706718_3d8ac8e7,dqn,42,v1,sparse,1141,56288,230.0,24,176,0.05,0.9806042591279204,55289,True,False,True,21.86925633397186
baseline100k_dqn_statev1_sparse_seed42_20261010_115409_706718_3d8ac8e7,dqn,42,v1,sparse,1142,56495,190.0,20,207,0.05,0.9630319301920812,55496,True,False,True,21.948378834000323
baseline100k_dqn_statev1_sparse_seed42_20261010_115409_706718_3d8ac8e7,dqn,42,v1,sparse,1143,56604,150.0,16,109,0.05,0.9782714696105467,55605,True,False,True,21.990459249995183
baseline100k_dqn_statev1_sparse_seed42_20261010_115409_706718_3d8ac8e7,dqn,42,v1,sparse,1144,56700,130.0,14,96,0.05,0.9667457214867076,55701,True,False,True,22.027019583969377
baseline100k_dqn_statev1_sparse_seed42_20261010_115409_706718_3d8ac8e7,dqn,42,v1,sparse,1145,56708,-10.0,0,8,0.05,0.9365296587347984,55709,True,False,True,22.03017658396857
baseline100k_dqn_statev1_sparse_seed42_20261010_115409_706718_3d8ac8e7,dqn,42,v1,sparse,1146,56823,100.0,11,115,0.05,0.9203975718954335,55824,True,False,True,22.07439991697902
baseline100k_dqn_statev1_sparse_seed42_20261010_115409_706718_3d8ac8e7,dqn,42,v1,sparse,1147,56852,20.0,3,29,0.05,0.9486139745547854,55853,True,False,True,22.085345374944154
baseline100k_dqn_statev1_sparse_seed42_20261010_115409_706718_3d8ac8e7,dqn,42,v1,sparse,1148,56981,150.0,16,129,0.05,1.0054497688777686,55982,True,False,True,22.134812958945986
baseline100k_dqn_statev1_sparse_seed42_20261010_115409_706718_3d8ac8e7,dqn,42,v1,sparse,1149,57049,70.0,8,68,0.05,0.9510718689245337,56050,True,False,True,22.160839499963913
baseline100k_dqn_statev1_sparse_seed42_20261010_115409_706718_3d8ac8e7,dqn,42,v1,sparse,1150,57147,140.0,15,98,0.05,0.9677228223608465,56148,True,False,True,22.19839354197029
baseline100k_dqn_statev1_sparse_seed42_20261010_115409_706718_3d8ac8e7,dqn,42,v1,sparse,1151,57172,10.0,2,25,0.05,1.009710624217987,56173,True,False,True,22.20809274999192
baseline100k_dqn_statev1_sparse_seed42_20261010_115409_706718_3d8ac8e7,dqn,42,v1,sparse,1152,57226,80.0,9,54,0.05,0.961252396857297,56227,True,False,True,22.228752958995756
baseline100k_dqn_statev1_sparse_seed42_20261010_115409_706718_3d8ac8e7,dqn,42,v1,sparse,1153,57241,10.0,2,15,0.05,0.9618890444437663,56242,True,False,True,22.23447474994464
baseline100k_dqn_statev1_sparse_seed42_20261010_115409_706718_3d8ac8e7,dqn,42,v1,sparse,1154,57392,180.0,19,151,0.05,0.9646579571907093,56393,True,False,True,22.292466249957215
baseline100k_dqn_statev1_sparse_seed42_20261010_115409_706718_3d8ac8e7,dqn,42,v1,sparse,1155,57572,190.0,20,180,0.05,1.0314719455109702,56573,True,False,True,22.360757791961078
baseline100k_dqn_statev1_sparse_seed42_20261010_115409_706718_3d8ac8e7,dqn,42,v1,sparse,1156,57652,100.0,11,80,0.05,0.9648877419531345,56653,True,False,True,22.39185966696823
baseline100k_dqn_statev1_sparse_seed42_20261010_115409_706718_3d8ac8e7,dqn,42,v1,sparse,1157,57719,70.0,8,67,0.05,0.9641321768511587,56720,True,False,True,22.41749537497526
baseline100k_dqn_statev1_sparse_seed42_20261010_115409_706718_3d8ac8e7,dqn,42,v1,sparse,1158,57934,190.0,20,215,0.05,1.018087165577467,56935,True,False,True,22.500708791951183
baseline100k_dqn_statev1_sparse_seed42_20261010_115409_706718_3d8ac8e7,dqn,42,v1,sparse,1159,57998,80.0,9,64,0.05,0.9515567170456052,56999,True,False,True,22.525531999999657
baseline100k_dqn_statev1_sparse_seed42_20261010_115409_706718_3d8ac8e7,dqn,42,v1,sparse,1160,58144,180.0,19,146,0.05,1.0212147429789582,57145,True,False,True,22.582002333947457
baseline100k_dqn_statev1_sparse_seed42_20261010_115409_706718_3d8ac8e7,dqn,42,v1,sparse,1161,58267,140.0,15,123,0.05,0.9594075922074357,57268,True,False,True,22.629126999992877
baseline100k_dqn_statev1_sparse_seed42_20261010_115409_706718_3d8ac8e7,dqn,42,v1,sparse,1162,58391,170.0,18,124,0.05,0.9584479394458956,57392,True,False,True,22.67717816698132
baseline100k_dqn_statev1_sparse_seed42_20261010_115409_706718_3d8ac8e7,dqn,42,v1,sparse,1163,58587,190.0,20,196,0.05,0.9693630526260454,57588,True,False,True,22.752466124948114
baseline100k_dqn_statev1_sparse_seed42_20261010_115409_706718_3d8ac8e7,dqn,42,v1,sparse,1164,58642,70.0,8,55,0.05,0.9112128124995665,57643,True,False,True,22.773838458990213
baseline100k_dqn_statev1_sparse_seed42_20261010_115409_706718_3d8ac8e7,dqn,42,v1,sparse,1165,58827,220.0,23,185,0.05,0.979383500685563,57828,True,False,True,22.844929458980914
baseline100k_dqn_statev1_sparse_seed42_20261010_115409_706718_3d8ac8e7,dqn,42,v1,sparse,1166,58940,120.0,13,113,0.05,0.9297797948913237,57941,True,False,True,22.888357916963287
baseline100k_dqn_statev1_sparse_seed42_20261010_115409_706718_3d8ac8e7,dqn,42,v1,sparse,1167,59012,80.0,9,72,0.05,0.944400515821245,58013,True,False,True,22.916220416955184
baseline100k_dqn_statev1_sparse_seed42_20261010_115409_706718_3d8ac8e7,dqn,42,v1,sparse,1168,59163,150.0,16,151,0.05,1.0660996622597145,58164,True,False,True,22.97449387499364
baseline100k_dqn_statev1_sparse_seed42_20261010_115409_706718_3d8ac8e7,dqn,42,v1,sparse,1169,59336,170.0,18,173,0.05,1.0361014559778865,58337,True,False,True,23.041681791946758
baseline100k_dqn_statev1_sparse_seed42_20261010_115409_706718_3d8ac8e7,dqn,42,v1,sparse,1170,59364,40.0,5,28,0.05,1.0337696820497513,58365,True,False,True,23.052614749991335
baseline100k_dqn_statev1_sparse_seed42_20261010_115409_706718_3d8ac8e7,dqn,42,v1,sparse,1171,59425,80.0,9,61,0.05,1.035125928824065,58426,True,False,True,23.076406916952692
baseline100k_dqn_statev1_sparse_seed42_20261010_115409_706718_3d8ac8e7,dqn,42,v1,sparse,1172,59525,90.0,10,100,0.05,1.0459100276231765,58526,True,False,True,23.114962583989836
baseline100k_dqn_statev1_sparse_seed42_20261010_115409_706718_3d8ac8e7,dqn,42,v1,sparse,1173,59623,150.0,16,98,0.05,1.0286362265445748,58624,True,False,True,23.152975999983028
baseline100k_dqn_statev1_sparse_seed42_20261010_115409_706718_3d8ac8e7,dqn,42,v1,sparse,1174,59718,120.0,13,95,0.05,1.0168098252070576,58719,True,False,True,23.1895162089495
baseline100k_dqn_statev1_sparse_seed42_20261010_115409_706718_3d8ac8e7,dqn,42,v1,sparse,1175,59850,160.0,17,132,0.05,1.0437031704368014,58851,True,False,True,23.240506833943073
baseline100k_dqn_statev1_sparse_seed42_20261010_115409_706718_3d8ac8e7,dqn,42,v1,sparse,1176,59996,140.0,15,146,0.05,1.0519045521951702,58997,True,False,True,23.29684470896609
baseline100k_dqn_statev1_sparse_seed42_20261010_115409_706718_3d8ac8e7,dqn,42,v1,sparse,1177,60154,160.0,17,158,0.05,1.0642517033634307,59155,True,False,True,23.357507708948106
baseline100k_dqn_statev1_sparse_seed42_20261010_115409_706718_3d8ac8e7,dqn,42,v1,sparse,1178,60193,60.0,7,39,0.05,1.0381911595662434,59194,True,False,True,23.372549458988942
baseline100k_dqn_statev1_sparse_seed42_20261010_115409_706718_3d8ac8e7,dqn,42,v1,sparse,1179,60320,130.0,14,127,0.05,1.076370211098138,59321,True,False,True,23.42149320896715
baseline100k_dqn_statev1_sparse_seed42_20261010_115409_706718_3d8ac8e7,dqn,42,v1,sparse,1180,60440,130.0,14,120,0.05,1.0603165283799172,59441,True,False,True,23.46831945894519
baseline100k_dqn_statev1_sparse_seed42_20261010_115409_706718_3d8ac8e7,dqn,42,v1,sparse,1181,60621,180.0,19,181,0.05,1.052722930414242,59622,True,False,True,23.538306124974042
baseline100k_dqn_statev1_sparse_seed42_20261010_115409_706718_3d8ac8e7,dqn,42,v1,sparse,1182,60699,90.0,10,78,0.05,0.9538899002931057,59700,True,False,True,23.568411791988183
baseline100k_dqn_statev1_sparse_seed42_20261010_115409_706718_3d8ac8e7,dqn,42,v1,sparse,1183,60835,110.0,12,136,0.05,1.075025705511079,59836,True,False,True,23.620579166978132
baseline100k_dqn_statev1_sparse_seed42_20261010_115409_706718_3d8ac8e7,dqn,42,v1,sparse,1184,60879,40.0,5,44,0.05,1.0998662628910758,59880,True,False,True,23.637694333971012
baseline100k_dqn_statev1_sparse_seed42_20261010_115409_706718_3d8ac8e7,dqn,42,v1,sparse,1185,60913,10.0,2,34,0.05,1.0990096260519588,59914,True,False,True,23.650585416995455
baseline100k_dqn_statev1_sparse_seed42_20261010_115409_706718_3d8ac8e7,dqn,42,v1,sparse,1186,61061,130.0,14,148,0.05,1.0826245856446188,60062,True,False,True,23.707417083962355
baseline100k_dqn_statev1_sparse_seed42_20261010_115409_706718_3d8ac8e7,dqn,42,v1,sparse,1187,61225,190.0,20,164,0.05,0.9670577869727844,60226,True,False,True,23.770548291970044
baseline100k_dqn_statev1_sparse_seed42_20261010_115409_706718_3d8ac8e7,dqn,42,v1,sparse,1188,61339,120.0,13,114,0.05,0.9192409055274829,60340,True,False,True,23.813942458946258
baseline100k_dqn_statev1_sparse_seed42_20261010_115409_706718_3d8ac8e7,dqn,42,v1,sparse,1189,61375,20.0,3,36,0.05,0.9721019400490655,60376,True,False,True,23.827682791976258
baseline100k_dqn_statev1_sparse_seed42_20261010_115409_706718_3d8ac8e7,dqn,42,v1,sparse,1190,61522,160.0,17,147,0.05,0.960512826434609,60523,True,False,True,23.883656166959554
baseline100k_dqn_statev1_sparse_seed42_20261010_115409_706718_3d8ac8e7,dqn,42,v1,sparse,1191,61615,100.0,11,93,0.05,0.9907021455226406,60616,True,False,True,23.919541958952323
baseline100k_dqn_statev1_sparse_seed42_20261010_115409_706718_3d8ac8e7,dqn,42,v1,sparse,1192,61710,90.0,10,95,0.05,1.0116971169647417,60711,True,False,True,23.95564049994573
baseline100k_dqn_statev1_sparse_seed42_20261010_115409_706718_3d8ac8e7,dqn,42,v1,sparse,1193,61844,170.0,18,134,0.05,0.990528363790085,60845,True,False,True,24.006819249945693
baseline100k_dqn_statev1_sparse_seed42_20261010_115409_706718_3d8ac8e7,dqn,42,v1,sparse,1194,61900,70.0,8,56,0.05,1.0096396708062716,60901,True,False,True,24.028485874994658
baseline100k_dqn_statev1_sparse_seed42_20261010_115409_706718_3d8ac8e7,dqn,42,v1,sparse,1195,61938,50.0,6,38,0.05,0.9623057779512907,60939,True,False,True,24.042931624979246
baseline100k_dqn_statev1_sparse_seed42_20261010_115409_706718_3d8ac8e7,dqn,42,v1,sparse,1196,62102,200.0,21,164,0.05,0.9782654792070389,61103,True,False,True,24.105704583984334
baseline100k_dqn_statev1_sparse_seed42_20261010_115409_706718_3d8ac8e7,dqn,42,v1,sparse,1197,62176,110.0,12,74,0.05,1.0029390808698293,61177,True,False,True,24.133916291990317
baseline100k_dqn_statev1_sparse_seed42_20261010_115409_706718_3d8ac8e7,dqn,42,v1,sparse,1198,62270,120.0,13,94,0.05,0.9740779900804479,61271,True,False,True,24.169586874952074
baseline100k_dqn_statev1_sparse_seed42_20261010_115409_706718_3d8ac8e7,dqn,42,v1,sparse,1199,62315,50.0,6,45,0.05,1.106881809234619,61316,True,False,True,24.18703595898114
baseline100k_dqn_statev1_sparse_seed42_20261010_115409_706718_3d8ac8e7,dqn,42,v1,sparse,1200,62354,60.0,7,39,0.05,0.9750120150737274,61355,True,False,True,24.202030333981384
baseline100k_dqn_statev1_sparse_seed42_20261010_115409_706718_3d8ac8e7,dqn,42,v1,sparse,1201,62425,110.0,12,71,0.05,0.931206592371766,61426,True,False,True,24.23110245895805
baseline100k_dqn_statev1_sparse_seed42_20261010_115409_706718_3d8ac8e7,dqn,42,v1,sparse,1202,62455,40.0,5,30,0.05,0.981292587518692,61456,True,False,True,24.242508874973282
baseline100k_dqn_statev1_sparse_seed42_20261010_115409_706718_3d8ac8e7,dqn,42,v1,sparse,1203,62573,120.0,13,118,0.05,0.9846027435387595,61574,True,False,True,24.288008374976926
baseline100k_dqn_statev1_sparse_seed42_20261010_115409_706718_3d8ac8e7,dqn,42,v1,sparse,1204,62649,80.0,9,76,0.05,0.9830445960948342,61650,True,False,True,24.332733291957993
baseline100k_dqn_statev1_sparse_seed42_20261010_115409_706718_3d8ac8e7,dqn,42,v1,sparse,1205,62761,130.0,14,112,0.05,0.9839602682207312,61762,True,False,True,24.376271416957024
baseline100k_dqn_statev1_sparse_seed42_20261010_115409_706718_3d8ac8e7,dqn,42,v1,sparse,1206,62900,140.0,15,139,0.05,1.0145361046139285,61901,True,False,True,24.430120041943155
baseline100k_dqn_statev1_sparse_seed42_20261010_115409_706718_3d8ac8e7,dqn,42,v1,sparse,1207,62994,110.0,12,94,0.05,1.023831932785663,61995,True,False,True,24.466608791961335
baseline100k_dqn_statev1_sparse_seed42_20261010_115409_706718_3d8ac8e7,dqn,42,v1,sparse,1208,63126,120.0,13,132,0.05,0.9881615859992576,62127,True,False,True,24.51875729195308
baseline100k_dqn_statev1_sparse_seed42_20261010_115409_706718_3d8ac8e7,dqn,42,v1,sparse,1209,63136,0.0,1,10,0.05,0.9087608695030213,62137,True,False,True,24.522832958959043
baseline100k_dqn_statev1_sparse_seed42_20261010_115409_706718_3d8ac8e7,dqn,42,v1,sparse,1210,63270,170.0,18,134,0.05,0.9749923455181406,62271,True,False,True,24.5751176669728
baseline100k_dqn_statev1_sparse_seed42_20261010_115409_706718_3d8ac8e7,dqn,42,v1,sparse,1211,63392,150.0,16,122,0.05,1.0126469767973072,62393,True,False,True,24.62320120894583
baseline100k_dqn_statev1_sparse_seed42_20261010_115409_706718_3d8ac8e7,dqn,42,v1,sparse,1212,63538,160.0,17,146,0.05,0.9697561176264122,62539,True,False,True,24.6801789169549
baseline100k_dqn_statev1_sparse_seed42_20261010_115409_706718_3d8ac8e7,dqn,42,v1,sparse,1213,63726,190.0,20,188,0.05,0.979370062814114,62727,True,False,True,24.75313104194356
baseline100k_dqn_statev1_sparse_seed42_20261010_115409_706718_3d8ac8e7,dqn,42,v1,sparse,1214,63758,30.0,4,32,0.05,1.0716830156743526,62759,True,False,True,24.76569012494292
baseline100k_dqn_statev1_sparse_seed42_20261010_115409_706718_3d8ac8e7,dqn,42,v1,sparse,1215,63850,110.0,12,92,0.05,1.0483073605143505,62851,True,False,True,24.801912124967203
baseline100k_dqn_statev1_sparse_seed42_20261010_115409_706718_3d8ac8e7,dqn,42,v1,sparse,1216,63918,100.0,11,68,0.05,1.0422983748071335,62919,True,False,True,24.828062458953355
baseline100k_dqn_statev1_sparse_seed42_20261010_115409_706718_3d8ac8e7,dqn,42,v1,sparse,1217,63960,40.0,5,42,0.05,0.9701509128014246,62961,True,False,True,24.8445857919869
baseline100k_dqn_statev1_sparse_seed42_20261010_115409_706718_3d8ac8e7,dqn,42,v1,sparse,1218,64034,70.0,8,74,0.05,1.0204586821633417,63035,True,False,True,24.87322020897409
baseline100k_dqn_statev1_sparse_seed42_20261010_115409_706718_3d8ac8e7,dqn,42,v1,sparse,1219,64191,180.0,19,157,0.05,1.0308284586781908,63192,True,False,True,24.93632991699269
baseline100k_dqn_statev1_sparse_seed42_20261010_115409_706718_3d8ac8e7,dqn,42,v1,sparse,1220,64355,180.0,19,164,0.05,1.0462447135913662,63356,True,False,True,25.000653916969895
baseline100k_dqn_statev1_sparse_seed42_20261010_115409_706718_3d8ac8e7,dqn,42,v1,sparse,1221,64510,170.0,18,155,0.05,1.054345670823128,63511,True,False,True,25.06155691697495
baseline100k_dqn_statev1_sparse_seed42_20261010_115409_706718_3d8ac8e7,dqn,42,v1,sparse,1222,64583,70.0,8,73,0.05,1.0278125964615443,63584,True,False,True,25.089715833950322
baseline100k_dqn_statev1_sparse_seed42_20261010_115409_706718_3d8ac8e7,dqn,42,v1,sparse,1223,64619,40.0,5,36,0.05,1.0180561128589842,63620,True,False,True,25.10375412495341
baseline100k_dqn_statev1_sparse_seed42_20261010_115409_706718_3d8ac8e7,dqn,42,v1,sparse,1224,64796,180.0,19,177,0.05,1.0280171277496102,63797,True,False,True,25.17124033399159
baseline100k_dqn_statev1_sparse_seed42_20261010_115409_706718_3d8ac8e7,dqn,42,v1,sparse,1225,64963,150.0,16,167,0.05,1.0570253558501512,63964,True,False,True,25.23538395896321
baseline100k_dqn_statev1_sparse_seed42_20261010_115409_706718_3d8ac8e7,dqn,42,v1,sparse,1226,65030,70.0,8,67,0.05,1.0995002727010357,64031,True,False,True,25.261954041954596
baseline100k_dqn_statev1_sparse_seed42_20261010_115409_706718_3d8ac8e7,dqn,42,v1,sparse,1227,65057,20.0,3,27,0.05,0.9845528999964396,64058,True,False,True,25.27252374996897
baseline100k_dqn_statev1_sparse_seed42_20261010_115409_706718_3d8ac8e7,dqn,42,v1,sparse,1228,65110,50.0,6,53,0.05,0.9328952791555872,64111,True,False,True,25.29279737494653
baseline100k_dqn_statev1_sparse_seed42_20261010_115409_706718_3d8ac8e7,dqn,42,v1,sparse,1229,65239,170.0,18,129,0.05,0.9601365394832552,64240,True,False,True,25.344589291955344
baseline100k_dqn_statev1_sparse_seed42_20261010_115409_706718_3d8ac8e7,dqn,42,v1,sparse,1230,65389,160.0,17,150,0.05,1.0088863094647726,64390,True,False,True,25.4028574169497
baseline100k_dqn_statev1_sparse_seed42_20261010_115409_706718_3d8ac8e7,dqn,42,v1,sparse,1231,65467,90.0,10,78,0.05,0.9593804986813129,64468,True,False,True,25.43490087497048
baseline100k_dqn_statev1_sparse_seed42_20261010_115409_706718_3d8ac8e7,dqn,42,v1,sparse,1232,65501,30.0,4,34,0.05,0.9719995575792649,64502,True,False,True,25.44854099996155
baseline100k_dqn_statev1_sparse_seed42_20261010_115409_706718_3d8ac8e7,dqn,42,v1,sparse,1233,65597,120.0,13,96,0.05,1.0889944918453693,64598,True,False,True,25.486177041952033
baseline100k_dqn_statev1_sparse_seed42_20261010_115409_706718_3d8ac8e7,dqn,42,v1,sparse,1234,65639,60.0,7,42,0.05,1.036781369220643,64640,True,False,True,25.50324195896974
baseline100k_dqn_statev1_sparse_seed42_20261010_115409_706718_3d8ac8e7,dqn,42,v1,sparse,1235,65790,170.0,18,151,0.05,1.0480127184596282,64791,True,False,True,25.562597124953754
baseline100k_dqn_statev1_sparse_seed42_20261010_115409_706718_3d8ac8e7,dqn,42,v1,sparse,1236,65840,60.0,7,50,0.05,1.095791232585907,64841,True,False,True,25.582087124988902
baseline100k_dqn_statev1_sparse_seed42_20261010_115409_706718_3d8ac8e7,dqn,42,v1,sparse,1237,65875,20.0,3,35,0.05,1.0500832651342664,64876,True,False,True,25.595612083969172
baseline100k_dqn_statev1_sparse_seed42_20261010_115409_706718_3d8ac8e7,dqn,42,v1,sparse,1238,65945,80.0,9,70,0.05,0.9589763939380646,64946,True,False,True,25.622927583986893
baseline100k_dqn_statev1_sparse_seed42_20261010_115409_706718_3d8ac8e7,dqn,42,v1,sparse,1239,66109,180.0,19,164,0.05,1.0070449677182407,65110,True,False,True,25.68633520900039
baseline100k_dqn_statev1_sparse_seed42_20261010_115409_706718_3d8ac8e7,dqn,42,v1,sparse,1240,66252,180.0,19,143,0.05,1.0263009248496768,65253,True,False,True,25.74283166695386
baseline100k_dqn_statev1_sparse_seed42_20261010_115409_706718_3d8ac8e7,dqn,42,v1,sparse,1241,66325,60.0,7,73,0.05,0.9650534072967425,65326,True,False,True,25.77085187495686
baseline100k_dqn_statev1_sparse_seed42_20261010_115409_706718_3d8ac8e7,dqn,42,v1,sparse,1242,66446,130.0,14,121,0.05,1.0425681708272823,65447,True,False,True,25.817666708957404
baseline100k_dqn_statev1_sparse_seed42_20261010_115409_706718_3d8ac8e7,dqn,42,v1,sparse,1243,66488,30.0,4,42,0.05,1.0503824140344347,65489,True,False,True,25.834037333959714
baseline100k_dqn_statev1_sparse_seed42_20261010_115409_706718_3d8ac8e7,dqn,42,v1,sparse,1244,66564,90.0,10,76,0.05,0.9364132669411207,65565,True,False,True,25.86315279197879
baseline100k_dqn_statev1_sparse_seed42_20261010_115409_706718_3d8ac8e7,dqn,42,v1,sparse,1245,66729,170.0,18,165,0.05,0.9593045673587105,65730,True,False,True,25.92718108400004
baseline100k_dqn_statev1_sparse_seed42_20261010_115409_706718_3d8ac8e7,dqn,42,v1,sparse,1246,66898,200.0,21,169,0.05,1.0361172814340986,65899,True,False,True,25.991890666948166
baseline100k_dqn_statev1_sparse_seed42_20261010_115409_706718_3d8ac8e7,dqn,42,v1,sparse,1247,67037,150.0,16,139,0.05,1.0000907394954626,66038,True,False,True,26.046397333964705
baseline100k_dqn_statev1_sparse_seed42_20261010_115409_706718_3d8ac8e7,dqn,42,v1,sparse,1248,67116,70.0,8,79,0.05,0.9913230557230455,66117,True,False,True,26.076935666962527
baseline100k_dqn_statev1_sparse_seed42_20261010_115409_706718_3d8ac8e7,dqn,42,v1,sparse,1249,67184,70.0,8,68,0.05,0.9861706661827424,66185,True,False,True,26.10327216697624
baseline100k_dqn_statev1_sparse_seed42_20261010_115409_706718_3d8ac8e7,dqn,42,v1,sparse,1250,67352,210.0,22,168,0.05,1.030401253097114,66353,True,False,True,26.16773662494961
baseline100k_dqn_statev1_sparse_seed42_20261010_115409_706718_3d8ac8e7,dqn,42,v1,sparse,1251,67403,50.0,6,51,0.05,1.0751415315796347,66404,True,False,True,26.1872332089697
baseline100k_dqn_statev1_sparse_seed42_20261010_115409_706718_3d8ac8e7,dqn,42,v1,sparse,1252,67626,250.0,26,223,0.05,1.024210493393543,66627,True,False,True,26.273481166979764
baseline100k_dqn_statev1_sparse_seed42_20261010_115409_706718_3d8ac8e7,dqn,42,v1,sparse,1253,67739,140.0,15,113,0.05,1.0578867658577134,66740,True,False,True,26.317003749951255
baseline100k_dqn_statev1_sparse_seed42_20261010_115409_706718_3d8ac8e7,dqn,42,v1,sparse,1254,67825,110.0,12,86,0.05,1.0227494014557017,66826,True,False,True,26.350204166956246
baseline100k_dqn_statev1_sparse_seed42_20261010_115409_706718_3d8ac8e7,dqn,42,v1,sparse,1255,67909,90.0,10,84,0.05,1.0468819052690552,66910,True,False,True,26.38247066695476
baseline100k_dqn_statev1_sparse_seed42_20261010_115409_706718_3d8ac8e7,dqn,42,v1,sparse,1256,68047,160.0,17,138,0.05,1.0385443643815275,67048,True,False,True,26.436367083981168
baseline100k_dqn_statev1_sparse_seed42_20261010_115409_706718_3d8ac8e7,dqn,42,v1,sparse,1257,68212,170.0,18,165,0.05,1.0455712296745994,67213,True,False,True,26.50049324997235
baseline100k_dqn_statev1_sparse_seed42_20261010_115409_706718_3d8ac8e7,dqn,42,v1,sparse,1258,68267,50.0,6,55,0.05,1.0016322471878745,67268,True,False,True,26.521658708981704
baseline100k_dqn_statev1_sparse_seed42_20261010_115409_706718_3d8ac8e7,dqn,42,v1,sparse,1259,68345,80.0,9,78,0.05,1.0164231959825907,67346,True,False,True,26.55197816697182
baseline100k_dqn_statev1_sparse_seed42_20261010_115409_706718_3d8ac8e7,dqn,42,v1,sparse,1260,68453,120.0,13,108,0.05,0.9916596158787057,67454,True,False,True,26.59364245895995
baseline100k_dqn_statev1_sparse_seed42_20261010_115409_706718_3d8ac8e7,dqn,42,v1,sparse,1261,68633,190.0,20,180,0.05,1.079582417673535,67634,True,False,True,26.663132791989483
baseline100k_dqn_statev1_sparse_seed42_20261010_115409_706718_3d8ac8e7,dqn,42,v1,sparse,1262,68772,140.0,15,139,0.05,1.037228699853952,67773,True,False,True,26.71698224998545
baseline100k_dqn_statev1_sparse_seed42_20261010_115409_706718_3d8ac8e7,dqn,42,v1,sparse,1263,68863,120.0,13,91,0.05,1.1073620738563956,67864,True,False,True,26.75179908395512
baseline100k_dqn_statev1_sparse_seed42_20261010_115409_706718_3d8ac8e7,dqn,42,v1,sparse,1264,68876,10.0,2,13,0.05,0.8898237210053664,67877,True,False,True,26.75683237495832
baseline100k_dqn_statev1_sparse_seed42_20261010_115409_706718_3d8ac8e7,dqn,42,v1,sparse,1265,69072,170.0,18,196,0.05,1.0273290271965825,68073,True,False,True,26.832428833993617
baseline100k_dqn_statev1_sparse_seed42_20261010_115409_706718_3d8ac8e7,dqn,42,v1,sparse,1266,69143,100.0,11,71,0.05,1.0334362849383287,68144,True,False,True,26.85955874994397
baseline100k_dqn_statev1_sparse_seed42_20261010_115409_706718_3d8ac8e7,dqn,42,v1,sparse,1267,69224,100.0,11,81,0.05,1.034206759782485,68225,True,False,True,26.890583499975037
baseline100k_dqn_statev1_sparse_seed42_20261010_115409_706718_3d8ac8e7,dqn,42,v1,sparse,1268,69305,80.0,9,81,0.05,1.0204332371552784,68306,True,False,True,26.92174908396555
baseline100k_dqn_statev1_sparse_seed42_20261010_115409_706718_3d8ac8e7,dqn,42,v1,sparse,1269,69372,50.0,6,67,0.05,1.029244552797346,68373,True,False,True,26.94742512499215
baseline100k_dqn_statev1_sparse_seed42_20261010_115409_706718_3d8ac8e7,dqn,42,v1,sparse,1270,69402,20.0,3,30,0.05,1.0508936762809753,68403,True,False,True,26.95886883395724
baseline100k_dqn_statev1_sparse_seed42_20261010_115409_706718_3d8ac8e7,dqn,42,v1,sparse,1271,69514,130.0,14,112,0.05,0.9757624595825162,68515,True,False,True,27.00201862497488
baseline100k_dqn_statev1_sparse_seed42_20261010_115409_706718_3d8ac8e7,dqn,42,v1,sparse,1272,69526,0.0,1,12,0.05,0.9030408362547556,68527,True,False,True,27.00660558399977
baseline100k_dqn_statev1_sparse_seed42_20261010_115409_706718_3d8ac8e7,dqn,42,v1,sparse,1273,69556,40.0,5,30,0.05,0.9589351058006287,68557,True,False,True,27.018068208999466
baseline100k_dqn_statev1_sparse_seed42_20261010_115409_706718_3d8ac8e7,dqn,42,v1,sparse,1274,69598,50.0,6,42,0.05,0.9893688559532166,68599,True,False,True,27.03404508397216
baseline100k_dqn_statev1_sparse_seed42_20261010_115409_706718_3d8ac8e7,dqn,42,v1,sparse,1275,69804,220.0,23,206,0.05,1.027923766415096,68805,True,False,True,27.11312304198509
baseline100k_dqn_statev1_sparse_seed42_20261010_115409_706718_3d8ac8e7,dqn,42,v1,sparse,1276,69947,150.0,16,143,0.05,1.0468844298299376,68948,True,False,True,27.167857874999754
baseline100k_dqn_statev1_sparse_seed42_20261010_115409_706718_3d8ac8e7,dqn,42,v1,sparse,1277,70075,140.0,15,128,0.05,1.080291229300201,69076,True,False,True,27.21713754197117
baseline100k_dqn_statev1_sparse_seed42_20261010_115409_706718_3d8ac8e7,dqn,42,v1,sparse,1278,70187,90.0,10,112,0.05,1.0438745649797576,69188,True,False,True,27.260327541967854
baseline100k_dqn_statev1_sparse_seed42_20261010_115409_706718_3d8ac8e7,dqn,42,v1,sparse,1279,70289,130.0,14,102,0.05,1.0320245813505322,69290,True,False,True,27.29928066697903
baseline100k_dqn_statev1_sparse_seed42_20261010_115409_706718_3d8ac8e7,dqn,42,v1,sparse,1280,70407,150.0,16,118,0.05,1.0515051921040326,69408,True,False,True,27.344827624969184
baseline100k_dqn_statev1_sparse_seed42_20261010_115409_706718_3d8ac8e7,dqn,42,v1,sparse,1281,70479,80.0,9,72,0.05,1.0413190064330895,69480,True,False,True,27.3722927919589
baseline100k_dqn_statev1_sparse_seed42_20261010_115409_706718_3d8ac8e7,dqn,42,v1,sparse,1282,70559,90.0,10,80,0.05,1.042444869875908,69560,True,False,True,27.40304387494689
baseline100k_dqn_statev1_sparse_seed42_20261010_115409_706718_3d8ac8e7,dqn,42,v1,sparse,1283,70700,180.0,19,141,0.05,1.0566140229397631,69701,True,False,True,27.45780533395009
baseline100k_dqn_statev1_sparse_seed42_20261010_115409_706718_3d8ac8e7,dqn,42,v1,sparse,1284,70707,0.0,1,7,0.05,1.0765464561326163,69708,True,False,True,27.460543041990604
baseline100k_dqn_statev1_sparse_seed42_20261010_115409_706718_3d8ac8e7,dqn,42,v1,sparse,1285,70765,60.0,7,58,0.05,0.9604933878471111,69766,True,False,True,27.48310454195598
baseline100k_dqn_statev1_sparse_seed42_20261010_115409_706718_3d8ac8e7,dqn,42,v1,sparse,1286,70802,40.0,5,37,0.05,1.0773872064577568,69803,True,False,True,27.497577958973125
baseline100k_dqn_statev1_sparse_seed42_20261010_115409_706718_3d8ac8e7,dqn,42,v1,sparse,1287,70907,100.0,11,105,0.05,1.037391571771531,69908,True,False,True,27.537923374969978
baseline100k_dqn_statev1_sparse_seed42_20261010_115409_706718_3d8ac8e7,dqn,42,v1,sparse,1288,70983,90.0,10,76,0.05,1.0347496137807244,69984,True,False,True,27.567423708969727
baseline100k_dqn_statev1_sparse_seed42_20261010_115409_706718_3d8ac8e7,dqn,42,v1,sparse,1289,71114,120.0,13,131,0.05,0.9896225676736758,70115,True,False,True,27.617935208952986
baseline100k_dqn_statev1_sparse_seed42_20261010_115409_706718_3d8ac8e7,dqn,42,v1,sparse,1290,71169,50.0,6,55,0.05,0.944869540496306,70170,True,False,True,27.639303666946944
baseline100k_dqn_statev1_sparse_seed42_20261010_115409_706718_3d8ac8e7,dqn,42,v1,sparse,1291,71216,70.0,8,47,0.05,0.9571665842482384,70217,True,False,True,27.657230791985057
baseline100k_dqn_statev1_sparse_seed42_20261010_115409_706718_3d8ac8e7,dqn,42,v1,sparse,1292,71234,20.0,3,18,0.05,1.0792568160427942,70235,True,False,True,27.66421304194955
baseline100k_dqn_statev1_sparse_seed42_20261010_115409_706718_3d8ac8e7,dqn,42,v1,sparse,1293,71490,250.0,26,256,0.05,1.016635350883007,70491,True,False,True,27.762691458978225
baseline100k_dqn_statev1_sparse_seed42_20261010_115409_706718_3d8ac8e7,dqn,42,v1,sparse,1294,71576,110.0,12,86,0.05,1.0117141874723656,70577,True,False,True,27.795955583977047
baseline100k_dqn_statev1_sparse_seed42_20261010_115409_706718_3d8ac8e7,dqn,42,v1,sparse,1295,71757,200.0,21,181,0.05,0.9952696097489878,70758,True,False,True,27.865487708942965
baseline100k_dqn_statev1_sparse_seed42_20261010_115409_706718_3d8ac8e7,dqn,42,v1,sparse,1296,71779,10.0,2,22,0.05,1.0797257911075244,70780,True,False,True,27.874084583949298
baseline100k_dqn_statev1_sparse_seed42_20261010_115409_706718_3d8ac8e7,dqn,42,v1,sparse,1297,71825,30.0,4,46,0.05,1.0545732184596683,70826,True,False,True,27.89176604198292
baseline100k_dqn_statev1_sparse_seed42_20261010_115409_706718_3d8ac8e7,dqn,42,v1,sparse,1298,71841,0.0,1,16,0.05,1.0194485858082771,70842,True,False,True,27.89794912497746
baseline100k_dqn_statev1_sparse_seed42_20261010_115409_706718_3d8ac8e7,dqn,42,v1,sparse,1299,71896,70.0,8,55,0.05,1.0324618740515275,70897,True,False,True,27.919201874989085
baseline100k_dqn_statev1_sparse_seed42_20261010_115409_706718_3d8ac8e7,dqn,42,v1,sparse,1300,72100,230.0,24,204,0.05,1.016718837560392,71101,True,False,True,27.997534499969333
baseline100k_dqn_statev1_sparse_seed42_20261010_115409_706718_3d8ac8e7,dqn,42,v1,sparse,1301,72145,40.0,5,45,0.05,1.062869299782647,71146,True,False,True,28.016573624976445
baseline100k_dqn_statev1_sparse_seed42_20261010_115409_706718_3d8ac8e7,dqn,42,v1,sparse,1302,72148,0.0,1,3,0.05,0.9882805347442627,71149,True,False,True,28.017744208977092
baseline100k_dqn_statev1_sparse_seed42_20261010_115409_706718_3d8ac8e7,dqn,42,v1,sparse,1303,72306,160.0,17,158,0.05,1.0075541627180726,71307,True,False,True,28.078398041951004
baseline100k_dqn_statev1_sparse_seed42_20261010_115409_706718_3d8ac8e7,dqn,42,v1,sparse,1304,72360,70.0,8,54,0.05,1.089427626795239,71361,True,False,True,28.099268166988622
baseline100k_dqn_statev1_sparse_seed42_20261010_115409_706718_3d8ac8e7,dqn,42,v1,sparse,1305,72374,0.0,1,14,0.05,1.0034002172095435,71375,True,False,True,28.104633583978284
baseline100k_dqn_statev1_sparse_seed42_20261010_115409_706718_3d8ac8e7,dqn,42,v1,sparse,1306,72465,110.0,12,91,0.05,1.0426188654951998,71466,True,False,True,28.13982937496621
baseline100k_dqn_statev1_sparse_seed42_20261010_115409_706718_3d8ac8e7,dqn,42,v1,sparse,1307,72617,200.0,21,152,0.05,1.0458277332547463,71618,True,False,True,28.198272874986287
baseline100k_dqn_statev1_sparse_seed42_20261010_115409_706718_3d8ac8e7,dqn,42,v1,sparse,1308,72706,100.0,11,89,0.05,1.0607342720031738,71707,True,False,True,28.232696749968454
baseline100k_dqn_statev1_sparse_seed42_20261010_115409_706718_3d8ac8e7,dqn,42,v1,sparse,1309,72769,60.0,7,63,0.05,1.088373907974788,71770,True,False,True,28.256780791969504
baseline100k_dqn_statev1_sparse_seed42_20261010_115409_706718_3d8ac8e7,dqn,42,v1,sparse,1310,72855,110.0,12,86,0.05,1.019619504033133,71856,True,False,True,28.2900451249443
baseline100k_dqn_statev1_sparse_seed42_20261010_115409_706718_3d8ac8e7,dqn,42,v1,sparse,1311,72910,80.0,9,55,0.05,1.0117852720347318,71911,True,False,True,28.31103316694498
baseline100k_dqn_statev1_sparse_seed42_20261010_115409_706718_3d8ac8e7,dqn,42,v1,sparse,1312,72961,80.0,9,51,0.05,1.1087894264389486,71962,True,False,True,28.33052208396839
baseline100k_dqn_statev1_sparse_seed42_20261010_115409_706718_3d8ac8e7,dqn,42,v1,sparse,1313,73012,70.0,8,51,0.05,1.0026527865260255,72013,True,False,True,28.35033708397532
baseline100k_dqn_statev1_sparse_seed42_20261010_115409_706718_3d8ac8e7,dqn,42,v1,sparse,1314,73164,200.0,21,152,0.05,0.9753308482468128,72165,True,False,True,28.409143874945585
baseline100k_dqn_statev1_sparse_seed42_20261010_115409_706718_3d8ac8e7,dqn,42,v1,sparse,1315,73272,130.0,14,108,0.05,0.955559936662515,72273,True,False,True,28.451396708958782
baseline100k_dqn_statev1_sparse_seed42_20261010_115409_706718_3d8ac8e7,dqn,42,v1,sparse,1316,73284,0.0,1,12,0.05,1.1544478336970012,72285,True,False,True,28.456091000000015
baseline100k_dqn_statev1_sparse_seed42_20261010_115409_706718_3d8ac8e7,dqn,42,v1,sparse,1317,73443,160.0,17,159,0.05,0.9652066999261484,72444,True,False,True,28.518711249984335
baseline100k_dqn_statev1_sparse_seed42_20261010_115409_706718_3d8ac8e7,dqn,42,v1,sparse,1318,73461,10.0,2,18,0.05,0.9377485066652298,72462,True,False,True,28.525954041979276
baseline100k_dqn_statev1_sparse_seed42_20261010_115409_706718_3d8ac8e7,dqn,42,v1,sparse,1319,73676,220.0,23,215,0.05,1.0039835820364398,72677,True,False,True,28.610016124963295
baseline100k_dqn_statev1_sparse_seed42_20261010_115409_706718_3d8ac8e7,dqn,42,v1,sparse,1320,73692,10.0,2,16,0.05,0.9550625383853912,72693,True,False,True,28.616377208963968
baseline100k_dqn_statev1_sparse_seed42_20261010_115409_706718_3d8ac8e7,dqn,42,v1,sparse,1321,73753,110.0,12,61,0.05,1.0026401105474254,72754,True,False,True,28.64038516697474
baseline100k_dqn_statev1_sparse_seed42_20261010_115409_706718_3d8ac8e7,dqn,42,v1,sparse,1322,73891,140.0,15,138,0.05,1.0175990868305815,72892,True,False,True,28.69464495894499
baseline100k_dqn_statev1_sparse_seed42_20261010_115409_706718_3d8ac8e7,dqn,42,v1,sparse,1323,74039,160.0,17,148,0.05,0.9554317140498677,73040,True,False,True,28.752053541946225
baseline100k_dqn_statev1_sparse_seed42_20261010_115409_706718_3d8ac8e7,dqn,42,v1,sparse,1324,74223,190.0,20,184,0.05,0.9982697843857433,73224,True,False,True,28.823823791986797
baseline100k_dqn_statev1_sparse_seed42_20261010_115409_706718_3d8ac8e7,dqn,42,v1,sparse,1325,74375,200.0,21,152,0.05,0.9663452978589033,73376,True,False,True,28.883026958967093
baseline100k_dqn_statev1_sparse_seed42_20261010_115409_706718_3d8ac8e7,dqn,42,v1,sparse,1326,74436,80.0,9,61,0.05,0.9639498415540476,73437,True,False,True,28.906668666983023
baseline100k_dqn_statev1_sparse_seed42_20261010_115409_706718_3d8ac8e7,dqn,42,v1,sparse,1327,74615,180.0,19,179,0.05,1.010493475798122,73616,True,False,True,28.975962791999336
baseline100k_dqn_statev1_sparse_seed42_20261010_115409_706718_3d8ac8e7,dqn,42,v1,sparse,1328,74622,0.0,1,7,0.05,0.9695614150592259,73623,True,False,True,28.97863404196687
baseline100k_dqn_statev1_sparse_seed42_20261010_115409_706718_3d8ac8e7,dqn,42,v1,sparse,1329,74654,20.0,3,32,0.05,1.0314049404114485,73655,True,False,True,28.99066899996251
baseline100k_dqn_statev1_sparse_seed42_20261010_115409_706718_3d8ac8e7,dqn,42,v1,sparse,1330,74796,160.0,17,142,0.05,1.0077039952009497,73797,True,False,True,29.04622845898848
baseline100k_dqn_statev1_sparse_seed42_20261010_115409_706718_3d8ac8e7,dqn,42,v1,sparse,1331,74818,30.0,4,22,0.05,0.9950261251492933,73819,True,False,True,29.054890916973818
baseline100k_dqn_statev1_sparse_seed42_20261010_115409_706718_3d8ac8e7,dqn,42,v1,sparse,1332,74937,140.0,15,119,0.05,0.9817346452164049,73938,True,False,True,29.10125937499106
baseline100k_dqn_statev1_sparse_seed42_20261010_115409_706718_3d8ac8e7,dqn,42,v1,sparse,1333,75196,250.0,26,259,0.05,1.0625972033237399,74197,True,False,True,29.203019791981205
baseline100k_dqn_statev1_sparse_seed42_20261010_115409_706718_3d8ac8e7,dqn,42,v1,sparse,1334,75220,20.0,3,24,0.05,1.0827424476544063,74221,True,False,True,29.21242999995593
baseline100k_dqn_statev1_sparse_seed42_20261010_115409_706718_3d8ac8e7,dqn,42,v1,sparse,1335,75447,220.0,23,227,0.05,1.021361587068583,74448,True,False,True,29.300950624980032
baseline100k_dqn_statev1_sparse_seed42_20261010_115409_706718_3d8ac8e7,dqn,42,v1,sparse,1336,75547,110.0,12,100,0.05,1.0185550266504289,74548,True,False,True,29.339822291978635
baseline100k_dqn_statev1_sparse_seed42_20261010_115409_706718_3d8ac8e7,dqn,42,v1,sparse,1337,75647,150.0,16,100,0.05,1.0400177109241486,74648,True,False,True,29.37861262494698
baseline100k_dqn_statev1_sparse_seed42_20261010_115409_706718_3d8ac8e7,dqn,42,v1,sparse,1338,75747,100.0,11,100,0.05,1.0454301017522811,74748,True,False,True,29.41748091694899
baseline100k_dqn_statev1_sparse_seed42_20261010_115409_706718_3d8ac8e7,dqn,42,v1,sparse,1339,75827,90.0,10,80,0.05,1.0628456868231297,74828,True,False,True,29.449138874944765
baseline100k_dqn_statev1_sparse_seed42_20261010_115409_706718_3d8ac8e7,dqn,42,v1,sparse,1340,75907,70.0,8,80,0.05,1.1004907440394163,74908,True,False,True,29.48031254200032
baseline100k_dqn_statev1_sparse_seed42_20261010_115409_706718_3d8ac8e7,dqn,42,v1,sparse,1341,75978,80.0,9,71,0.05,1.0555600498763609,74979,True,False,True,29.508927916991524
baseline100k_dqn_statev1_sparse_seed42_20261010_115409_706718_3d8ac8e7,dqn,42,v1,sparse,1342,75990,0.0,1,12,0.05,1.1354910284280777,74991,True,False,True,29.51373904198408
baseline100k_dqn_statev1_sparse_seed42_20261010_115409_706718_3d8ac8e7,dqn,42,v1,sparse,1343,76053,70.0,8,63,0.05,1.0224787521929968,75054,True,False,True,29.53843745897757
baseline100k_dqn_statev1_sparse_seed42_20261010_115409_706718_3d8ac8e7,dqn,42,v1,sparse,1344,76157,130.0,14,104,0.05,1.020419985629045,75158,True,False,True,29.579321416968014
baseline100k_dqn_statev1_sparse_seed42_20261010_115409_706718_3d8ac8e7,dqn,42,v1,sparse,1345,76258,100.0,11,101,0.05,0.995092915721459,75259,True,False,True,29.618725208973046
baseline100k_dqn_statev1_sparse_seed42_20261010_115409_706718_3d8ac8e7,dqn,42,v1,sparse,1346,76444,160.0,17,186,0.05,1.0024823974217139,75445,True,False,True,29.69086208398221
baseline100k_dqn_statev1_sparse_seed42_20261010_115409_706718_3d8ac8e7,dqn,42,v1,sparse,1347,76480,30.0,4,36,0.05,0.9668521351284451,75481,True,False,True,29.70477058395045
baseline100k_dqn_statev1_sparse_seed42_20261010_115409_706718_3d8ac8e7,dqn,42,v1,sparse,1348,76503,40.0,5,23,0.05,0.956578254699707,75504,True,False,True,29.71383441699436
baseline100k_dqn_statev1_sparse_seed42_20261010_115409_706718_3d8ac8e7,dqn,42,v1,sparse,1349,76586,110.0,12,83,0.05,1.012934312044856,75587,True,False,True,29.746496374951676
baseline100k_dqn_statev1_sparse_seed42_20261010_115409_706718_3d8ac8e7,dqn,42,v1,sparse,1350,76679,100.0,11,93,0.05,1.0044341725046917,75680,True,False,True,29.782447583973408
baseline100k_dqn_statev1_sparse_seed42_20261010_115409_706718_3d8ac8e7,dqn,42,v1,sparse,1351,76819,150.0,16,140,0.05,0.9559932176555906,75820,True,False,True,29.8368044589879
baseline100k_dqn_statev1_sparse_seed42_20261010_115409_706718_3d8ac8e7,dqn,42,v1,sparse,1352,76951,150.0,16,132,0.05,1.0161829337929233,75952,True,False,True,29.887628541968297
baseline100k_dqn_statev1_sparse_seed42_20261010_115409_706718_3d8ac8e7,dqn,42,v1,sparse,1353,77001,60.0,7,50,0.05,0.9459021735191345,76002,True,False,True,29.907325291947927
baseline100k_dqn_statev1_sparse_seed42_20261010_115409_706718_3d8ac8e7,dqn,42,v1,sparse,1354,77131,170.0,18,130,0.05,1.0116662502288818,76132,True,False,True,29.959083333960734
baseline100k_dqn_statev1_sparse_seed42_20261010_115409_706718_3d8ac8e7,dqn,42,v1,sparse,1355,77240,100.0,11,109,0.05,1.046088989174694,76241,True,False,True,30.001620291965082
baseline100k_dqn_statev1_sparse_seed42_20261010_115409_706718_3d8ac8e7,dqn,42,v1,sparse,1356,77318,80.0,9,78,0.05,1.0212687574900114,76319,True,False,True,30.03200437495252
baseline100k_dqn_statev1_sparse_seed42_20261010_115409_706718_3d8ac8e7,dqn,42,v1,sparse,1357,77412,80.0,9,94,0.05,1.0327482191806143,76413,True,False,True,30.068578749953303
baseline100k_dqn_statev1_sparse_seed42_20261010_115409_706718_3d8ac8e7,dqn,42,v1,sparse,1358,77547,160.0,17,135,0.05,1.0416891641087003,76548,True,False,True,30.120360041968524
baseline100k_dqn_statev1_sparse_seed42_20261010_115409_706718_3d8ac8e7,dqn,42,v1,sparse,1359,77710,170.0,18,163,0.05,1.0528326926787206,76711,True,False,True,30.18318716698559
baseline100k_dqn_statev1_sparse_seed42_20261010_115409_706718_3d8ac8e7,dqn,42,v1,sparse,1360,77839,140.0,15,129,0.05,1.053688989591229,76840,True,False,True,30.23352787498152
baseline100k_dqn_statev1_sparse_seed42_20261010_115409_706718_3d8ac8e7,dqn,42,v1,sparse,1361,77986,140.0,15,147,0.05,1.0533411877901375,76987,True,False,True,30.290256749955006
baseline100k_dqn_statev1_sparse_seed42_20261010_115409_706718_3d8ac8e7,dqn,42,v1,sparse,1362,78146,170.0,18,160,0.05,1.0279743503779173,77147,True,False,True,30.3520091669634
baseline100k_dqn_statev1_sparse_seed42_20261010_115409_706718_3d8ac8e7,dqn,42,v1,sparse,1363,78235,100.0,11,89,0.05,1.015538239746951,77236,True,False,True,30.38665995898191
baseline100k_dqn_statev1_sparse_seed42_20261010_115409_706718_3d8ac8e7,dqn,42,v1,sparse,1364,78335,130.0,14,100,0.05,1.0278689152002334,77336,True,False,True,30.42634724994423
baseline100k_dqn_statev1_sparse_seed42_20261010_115409_706718_3d8ac8e7,dqn,42,v1,sparse,1365,78453,130.0,14,118,0.05,1.067420846072294,77454,True,False,True,30.474492249952164
baseline100k_dqn_statev1_sparse_seed42_20261010_115409_706718_3d8ac8e7,dqn,42,v1,sparse,1366,78500,40.0,5,47,0.05,1.033604288988925,77501,True,False,True,30.492652291955892
baseline100k_dqn_statev1_sparse_seed42_20261010_115409_706718_3d8ac8e7,dqn,42,v1,sparse,1367,78647,170.0,18,147,0.05,1.1079915133463283,77648,True,False,True,30.550360749999527
baseline100k_dqn_statev1_sparse_seed42_20261010_115409_706718_3d8ac8e7,dqn,42,v1,sparse,1368,78723,120.0,13,76,0.05,1.0297696582580869,77724,True,False,True,30.580287333985325
baseline100k_dqn_statev1_sparse_seed42_20261010_115409_706718_3d8ac8e7,dqn,42,v1,sparse,1369,78734,0.0,1,11,0.05,1.0152762207117947,77735,True,False,True,30.58449879195541
baseline100k_dqn_statev1_sparse_seed42_20261010_115409_706718_3d8ac8e7,dqn,42,v1,sparse,1370,78840,100.0,11,106,0.05,1.0235203563604716,77841,True,False,True,30.62509045895422
baseline100k_dqn_statev1_sparse_seed42_20261010_115409_706718_3d8ac8e7,dqn,42,v1,sparse,1371,78880,50.0,6,40,0.05,0.9752050295472146,77881,True,False,True,30.64085816696752
baseline100k_dqn_statev1_sparse_seed42_20261010_115409_706718_3d8ac8e7,dqn,42,v1,sparse,1372,78944,70.0,8,64,0.05,1.0898123625665903,77945,True,False,True,30.66632816696074
baseline100k_dqn_statev1_sparse_seed42_20261010_115409_706718_3d8ac8e7,dqn,42,v1,sparse,1373,79087,160.0,17,143,0.05,1.0671299304161872,78088,True,False,True,30.72145474998979
baseline100k_dqn_statev1_sparse_seed42_20261010_115409_706718_3d8ac8e7,dqn,42,v1,sparse,1374,79225,180.0,19,138,0.05,1.0362523247798283,78226,True,False,True,30.77595741697587
baseline100k_dqn_statev1_sparse_seed42_20261010_115409_706718_3d8ac8e7,dqn,42,v1,sparse,1375,79358,140.0,15,133,0.05,1.0974130341433044,78359,True,False,True,30.827190541953314
baseline100k_dqn_statev1_sparse_seed42_20261010_115409_706718_3d8ac8e7,dqn,42,v1,sparse,1376,79408,70.0,8,50,0.05,1.075013365149498,78409,True,False,True,30.846290958987083
baseline100k_dqn_statev1_sparse_seed42_20261010_115409_706718_3d8ac8e7,dqn,42,v1,sparse,1377,79469,50.0,6,61,0.05,1.091703324044337,78470,True,False,True,30.870054749946576
baseline100k_dqn_statev1_sparse_seed42_20261010_115409_706718_3d8ac8e7,dqn,42,v1,sparse,1378,79485,10.0,2,16,0.05,0.9723791778087616,78486,True,False,True,30.876346416946035
baseline100k_dqn_statev1_sparse_seed42_20261010_115409_706718_3d8ac8e7,dqn,42,v1,sparse,1379,79569,110.0,12,84,0.05,1.070108362251804,78570,True,False,True,30.90841408399865
baseline100k_dqn_statev1_sparse_seed42_20261010_115409_706718_3d8ac8e7,dqn,42,v1,sparse,1380,79587,10.0,2,18,0.05,1.0377851095464494,78588,True,False,True,30.915223708958365
baseline100k_dqn_statev1_sparse_seed42_20261010_115409_706718_3d8ac8e7,dqn,42,v1,sparse,1381,79622,30.0,4,35,0.05,1.0569187538964409,78623,True,False,True,30.928593541961163
baseline100k_dqn_statev1_sparse_seed42_20261010_115409_706718_3d8ac8e7,dqn,42,v1,sparse,1382,79630,-10.0,0,8,0.05,1.021512195467949,78631,True,False,True,30.93175137497019
baseline100k_dqn_statev1_sparse_seed42_20261010_115409_706718_3d8ac8e7,dqn,42,v1,sparse,1383,79686,70.0,8,56,0.05,1.01907743620021,78687,True,False,True,30.953588999982458
baseline100k_dqn_statev1_sparse_seed42_20261010_115409_706718_3d8ac8e7,dqn,42,v1,sparse,1384,79739,70.0,8,53,0.05,1.1013057864499542,78740,True,False,True,30.97375749994535
baseline100k_dqn_statev1_sparse_seed42_20261010_115409_706718_3d8ac8e7,dqn,42,v1,sparse,1385,79796,70.0,8,57,0.05,1.1457816968884385,78797,True,False,True,30.995632499980275
baseline100k_dqn_statev1_sparse_seed42_20261010_115409_706718_3d8ac8e7,dqn,42,v1,sparse,1386,79818,30.0,4,22,0.05,0.9922465925866907,78819,True,False,True,31.00406995898811
baseline100k_dqn_statev1_sparse_seed42_20261010_115409_706718_3d8ac8e7,dqn,42,v1,sparse,1387,79882,100.0,11,64,0.05,0.9937788925599307,78883,True,False,True,31.02923299995018
baseline100k_dqn_statev1_sparse_seed42_20261010_115409_706718_3d8ac8e7,dqn,42,v1,sparse,1388,79931,50.0,6,49,0.05,1.0328836611339025,78932,True,False,True,31.048446416971274
baseline100k_dqn_statev1_sparse_seed42_20261010_115409_706718_3d8ac8e7,dqn,42,v1,sparse,1389,80121,200.0,21,190,0.05,1.058092711944329,79122,True,False,True,31.122054374951404
baseline100k_dqn_statev1_sparse_seed42_20261010_115409_706718_3d8ac8e7,dqn,42,v1,sparse,1390,80163,60.0,7,42,0.05,1.0742510883581071,79164,True,False,True,31.138153458945453
baseline100k_dqn_statev1_sparse_seed42_20261010_115409_706718_3d8ac8e7,dqn,42,v1,sparse,1391,80259,110.0,12,96,0.05,1.0140113029628992,79260,True,False,True,31.17561570898397
baseline100k_dqn_statev1_sparse_seed42_20261010_115409_706718_3d8ac8e7,dqn,42,v1,sparse,1392,80359,90.0,10,100,0.05,1.1043783849477768,79360,True,False,True,31.213835083995946
baseline100k_dqn_statev1_sparse_seed42_20261010_115409_706718_3d8ac8e7,dqn,42,v1,sparse,1393,80430,80.0,9,71,0.05,1.0515721818091164,79431,True,False,True,31.240981874987483
baseline100k_dqn_statev1_sparse_seed42_20261010_115409_706718_3d8ac8e7,dqn,42,v1,sparse,1394,80478,60.0,7,48,0.05,0.9720458605637153,79479,True,False,True,31.259623416990507
baseline100k_dqn_statev1_sparse_seed42_20261010_115409_706718_3d8ac8e7,dqn,42,v1,sparse,1395,80569,110.0,12,91,0.05,1.0418567467521835,79570,True,False,True,31.295222291955724
baseline100k_dqn_statev1_sparse_seed42_20261010_115409_706718_3d8ac8e7,dqn,42,v1,sparse,1396,80664,80.0,9,95,0.05,1.1114677567231028,79665,True,False,True,31.33184566698037
baseline100k_dqn_statev1_sparse_seed42_20261010_115409_706718_3d8ac8e7,dqn,42,v1,sparse,1397,80829,160.0,17,165,0.05,1.0320039349975008,79830,True,False,True,31.395636499975808
baseline100k_dqn_statev1_sparse_seed42_20261010_115409_706718_3d8ac8e7,dqn,42,v1,sparse,1398,80934,110.0,12,105,0.05,1.092483043954486,79935,True,False,True,31.43672387499828
baseline100k_dqn_statev1_sparse_seed42_20261010_115409_706718_3d8ac8e7,dqn,42,v1,sparse,1399,81055,110.0,12,121,0.05,1.087315161366108,80056,True,False,True,31.48439108399907
baseline100k_dqn_statev1_sparse_seed42_20261010_115409_706718_3d8ac8e7,dqn,42,v1,sparse,1400,81070,0.0,1,15,0.05,1.0444983879725138,80071,True,False,True,31.490226041991264
baseline100k_dqn_statev1_sparse_seed42_20261010_115409_706718_3d8ac8e7,dqn,42,v1,sparse,1401,81214,160.0,17,144,0.05,1.0361120918144782,80215,True,False,True,31.54845324996859
baseline100k_dqn_statev1_sparse_seed42_20261010_115409_706718_3d8ac8e7,dqn,42,v1,sparse,1402,81345,160.0,17,131,0.05,1.0944710806125904,80346,True,False,True,31.599598666944075
baseline100k_dqn_statev1_sparse_seed42_20261010_115409_706718_3d8ac8e7,dqn,42,v1,sparse,1403,81546,180.0,19,201,0.05,1.0287605968873892,80547,True,False,True,31.676943208964076
baseline100k_dqn_statev1_sparse_seed42_20261010_115409_706718_3d8ac8e7,dqn,42,v1,sparse,1404,81626,100.0,11,80,0.05,1.0721428208053112,80627,True,False,True,31.708076541952323
baseline100k_dqn_statev1_sparse_seed42_20261010_115409_706718_3d8ac8e7,dqn,42,v1,sparse,1405,81674,80.0,9,48,0.05,1.039018631602327,80675,True,False,True,31.726772791997064
baseline100k_dqn_statev1_sparse_seed42_20261010_115409_706718_3d8ac8e7,dqn,42,v1,sparse,1406,81799,140.0,15,125,0.05,1.0531816782951355,80800,True,False,True,31.788530791993253
baseline100k_dqn_statev1_sparse_seed42_20261010_115409_706718_3d8ac8e7,dqn,42,v1,sparse,1407,81936,140.0,15,137,0.05,1.0910021179783953,80937,True,False,True,31.84568741696421
baseline100k_dqn_statev1_sparse_seed42_20261010_115409_706718_3d8ac8e7,dqn,42,v1,sparse,1408,82033,120.0,13,97,0.05,1.0404408985806495,81034,True,False,True,31.883851958962623
baseline100k_dqn_statev1_sparse_seed42_20261010_115409_706718_3d8ac8e7,dqn,42,v1,sparse,1409,82254,220.0,23,221,0.05,0.9763673399638266,81255,True,False,True,31.97019137494499
baseline100k_dqn_statev1_sparse_seed42_20261010_115409_706718_3d8ac8e7,dqn,42,v1,sparse,1410,82386,140.0,15,132,0.05,1.0531209924004294,81387,True,False,True,32.02109454199672
baseline100k_dqn_statev1_sparse_seed42_20261010_115409_706718_3d8ac8e7,dqn,42,v1,sparse,1411,82632,280.0,29,246,0.05,1.0203627894322078,81633,True,False,True,32.11664787499467
baseline100k_dqn_statev1_sparse_seed42_20261010_115409_706718_3d8ac8e7,dqn,42,v1,sparse,1412,82691,50.0,6,59,0.05,1.0106842325905623,81692,True,False,True,32.139349708973896
baseline100k_dqn_statev1_sparse_seed42_20261010_115409_706718_3d8ac8e7,dqn,42,v1,sparse,1413,82822,140.0,15,131,0.05,1.0292467142789419,81823,True,False,True,32.190348999982234
baseline100k_dqn_statev1_sparse_seed42_20261010_115409_706718_3d8ac8e7,dqn,42,v1,sparse,1414,82866,20.0,3,44,0.05,1.0611023713241925,81867,True,False,True,32.2073502499843
baseline100k_dqn_statev1_sparse_seed42_20261010_115409_706718_3d8ac8e7,dqn,42,v1,sparse,1415,82956,80.0,9,90,0.05,1.0337089671028985,81957,True,False,True,32.24202429194702
baseline100k_dqn_statev1_sparse_seed42_20261010_115409_706718_3d8ac8e7,dqn,42,v1,sparse,1416,83019,80.0,9,63,0.05,0.9440917916714199,82020,True,False,True,32.26700695895124
baseline100k_dqn_statev1_sparse_seed42_20261010_115409_706718_3d8ac8e7,dqn,42,v1,sparse,1417,83091,80.0,9,72,0.05,1.0061358900533781,82092,True,False,True,32.29452879197197
baseline100k_dqn_statev1_sparse_seed42_20261010_115409_706718_3d8ac8e7,dqn,42,v1,sparse,1418,83142,60.0,7,51,0.05,1.1290374637818803,82143,True,False,True,32.31453229195904
baseline100k_dqn_statev1_sparse_seed42_20261010_115409_706718_3d8ac8e7,dqn,42,v1,sparse,1419,83267,140.0,15,125,0.05,1.0379086744785309,82268,True,False,True,32.36324270896148
baseline100k_dqn_statev1_sparse_seed42_20261010_115409_706718_3d8ac8e7,dqn,42,v1,sparse,1420,83388,150.0,16,121,0.05,1.0890259245210443,82389,True,False,True,32.40999033395201
baseline100k_dqn_statev1_sparse_seed42_20261010_115409_706718_3d8ac8e7,dqn,42,v1,sparse,1421,83517,110.0,12,129,0.05,1.0940745327361794,82518,True,False,True,32.46023408399196
baseline100k_dqn_statev1_sparse_seed42_20261010_115409_706718_3d8ac8e7,dqn,42,v1,sparse,1422,83606,110.0,12,89,0.05,1.05909899680802,82607,True,False,True,32.49553149996791
baseline100k_dqn_statev1_sparse_seed42_20261010_115409_706718_3d8ac8e7,dqn,42,v1,sparse,1423,83757,180.0,19,151,0.05,1.012340107500948,82758,True,False,True,32.555710208951496
baseline100k_dqn_statev1_sparse_seed42_20261010_115409_706718_3d8ac8e7,dqn,42,v1,sparse,1424,83854,120.0,13,97,0.05,1.09675946708807,82855,True,False,True,32.594528166984674
baseline100k_dqn_statev1_sparse_seed42_20261010_115409_706718_3d8ac8e7,dqn,42,v1,sparse,1425,83937,110.0,12,83,0.05,1.1205719766846622,82938,True,False,True,32.62761766696349
baseline100k_dqn_statev1_sparse_seed42_20261010_115409_706718_3d8ac8e7,dqn,42,v1,sparse,1426,84103,180.0,19,166,0.05,1.0264307267694588,83104,True,False,True,32.69317324995063
baseline100k_dqn_statev1_sparse_seed42_20261010_115409_706718_3d8ac8e7,dqn,42,v1,sparse,1427,84145,40.0,5,42,0.05,1.0414655293737138,83146,True,False,True,32.709587916964665
baseline100k_dqn_statev1_sparse_seed42_20261010_115409_706718_3d8ac8e7,dqn,42,v1,sparse,1428,84229,100.0,11,84,0.05,1.0806589484924363,83230,True,False,True,32.74244841694599
baseline100k_dqn_statev1_sparse_seed42_20261010_115409_706718_3d8ac8e7,dqn,42,v1,sparse,1429,84310,120.0,13,81,0.05,0.9962277990064503,83311,True,False,True,32.77403841697378
baseline100k_dqn_statev1_sparse_seed42_20261010_115409_706718_3d8ac8e7,dqn,42,v1,sparse,1430,84407,110.0,12,97,0.05,1.006352770574314,83408,True,False,True,32.81194091698853
baseline100k_dqn_statev1_sparse_seed42_20261010_115409_706718_3d8ac8e7,dqn,42,v1,sparse,1431,84459,70.0,8,52,0.05,1.101467368694452,83460,True,False,True,32.832378958992194
baseline100k_dqn_statev1_sparse_seed42_20261010_115409_706718_3d8ac8e7,dqn,42,v1,sparse,1432,84607,140.0,15,148,0.05,0.9681479471760828,83608,True,False,True,32.88999454199802
baseline100k_dqn_statev1_sparse_seed42_20261010_115409_706718_3d8ac8e7,dqn,42,v1,sparse,1433,84664,60.0,7,57,0.05,1.0877647849551417,83665,True,False,True,32.91221066698199
baseline100k_dqn_statev1_sparse_seed42_20261010_115409_706718_3d8ac8e7,dqn,42,v1,sparse,1434,84678,10.0,2,14,0.05,0.9064773363726479,83679,True,False,True,32.91774574998999
baseline100k_dqn_statev1_sparse_seed42_20261010_115409_706718_3d8ac8e7,dqn,42,v1,sparse,1435,84845,250.0,26,167,0.05,1.0565696853006672,83846,True,False,True,32.98251262499252
baseline100k_dqn_statev1_sparse_seed42_20261010_115409_706718_3d8ac8e7,dqn,42,v1,sparse,1436,85020,210.0,22,175,0.05,1.0173224096638815,84021,True,False,True,33.050433499971405
baseline100k_dqn_statev1_sparse_seed42_20261010_115409_706718_3d8ac8e7,dqn,42,v1,sparse,1437,85113,100.0,11,93,0.05,1.073552691808311,84114,True,False,True,33.086476083961315
baseline100k_dqn_statev1_sparse_seed42_20261010_115409_706718_3d8ac8e7,dqn,42,v1,sparse,1438,85176,60.0,7,63,0.05,1.1230174615269615,84177,True,False,True,33.110824333969504
baseline100k_dqn_statev1_sparse_seed42_20261010_115409_706718_3d8ac8e7,dqn,42,v1,sparse,1439,85290,110.0,12,114,0.05,1.0912804854543585,84291,True,False,True,33.154855916975066
baseline100k_dqn_statev1_sparse_seed42_20261010_115409_706718_3d8ac8e7,dqn,42,v1,sparse,1440,85383,90.0,10,93,0.05,1.0769730723032387,84384,True,False,True,33.1912396249827
baseline100k_dqn_statev1_sparse_seed42_20261010_115409_706718_3d8ac8e7,dqn,42,v1,sparse,1441,85411,30.0,4,28,0.05,1.0751351884433202,84412,True,False,True,33.20213358395267
baseline100k_dqn_statev1_sparse_seed42_20261010_115409_706718_3d8ac8e7,dqn,42,v1,sparse,1442,85574,180.0,19,163,0.05,1.093787874546519,84575,True,False,True,33.26487424998777
baseline100k_dqn_statev1_sparse_seed42_20261010_115409_706718_3d8ac8e7,dqn,42,v1,sparse,1443,85638,90.0,10,64,0.05,1.0643206504173577,84639,True,False,True,33.289669541991316
baseline100k_dqn_statev1_sparse_seed42_20261010_115409_706718_3d8ac8e7,dqn,42,v1,sparse,1444,85677,30.0,4,39,0.05,1.1431838044753442,84678,True,False,True,33.30450887494953
baseline100k_dqn_statev1_sparse_seed42_20261010_115409_706718_3d8ac8e7,dqn,42,v1,sparse,1445,85820,170.0,18,143,0.05,1.1068998543949393,84821,True,False,True,33.35948704194743
baseline100k_dqn_statev1_sparse_seed42_20261010_115409_706718_3d8ac8e7,dqn,42,v1,sparse,1446,86019,230.0,24,199,0.05,1.0034254224755657,85020,True,False,True,33.43658066698117
baseline100k_dqn_statev1_sparse_seed42_20261010_115409_706718_3d8ac8e7,dqn,42,v1,sparse,1447,86148,120.0,13,129,0.05,1.0947459180687749,85149,True,False,True,33.48660362494411
baseline100k_dqn_statev1_sparse_seed42_20261010_115409_706718_3d8ac8e7,dqn,42,v1,sparse,1448,86196,40.0,5,48,0.05,1.0498588209350903,85197,True,False,True,33.50567608396523
baseline100k_dqn_statev1_sparse_seed42_20261010_115409_706718_3d8ac8e7,dqn,42,v1,sparse,1449,86271,90.0,10,75,0.05,1.0476732083161673,85272,True,False,True,33.53511724999407
baseline100k_dqn_statev1_sparse_seed42_20261010_115409_706718_3d8ac8e7,dqn,42,v1,sparse,1450,86299,20.0,3,28,0.05,1.1252930057900292,85300,True,False,True,33.545959166949615
baseline100k_dqn_statev1_sparse_seed42_20261010_115409_706718_3d8ac8e7,dqn,42,v1,sparse,1451,86490,220.0,23,191,0.05,1.0560384122801076,85491,True,False,True,33.6200615419657
baseline100k_dqn_statev1_sparse_seed42_20261010_115409_706718_3d8ac8e7,dqn,42,v1,sparse,1452,86596,120.0,13,106,0.05,1.0168912031178206,85597,True,False,True,33.66086358396569
baseline100k_dqn_statev1_sparse_seed42_20261010_115409_706718_3d8ac8e7,dqn,42,v1,sparse,1453,86725,150.0,16,129,0.05,1.1036991068097048,85726,True,False,True,33.71038329199655
baseline100k_dqn_statev1_sparse_seed42_20261010_115409_706718_3d8ac8e7,dqn,42,v1,sparse,1454,86780,80.0,9,55,0.05,1.081907414306294,85781,True,False,True,33.73184324998874
baseline100k_dqn_statev1_sparse_seed42_20261010_115409_706718_3d8ac8e7,dqn,42,v1,sparse,1455,86841,90.0,10,61,0.05,1.0528829439741667,85842,True,False,True,33.75529049994657
baseline100k_dqn_statev1_sparse_seed42_20261010_115409_706718_3d8ac8e7,dqn,42,v1,sparse,1456,86954,140.0,15,113,0.05,1.0392381190198712,85955,True,False,True,33.799012499977835
baseline100k_dqn_statev1_sparse_seed42_20261010_115409_706718_3d8ac8e7,dqn,42,v1,sparse,1457,86997,70.0,8,43,0.05,1.0196198446806086,85998,True,False,True,33.815386458998546
baseline100k_dqn_statev1_sparse_seed42_20261010_115409_706718_3d8ac8e7,dqn,42,v1,sparse,1458,87025,20.0,3,28,0.05,1.1429664364882879,86026,True,False,True,33.82619999995222
baseline100k_dqn_statev1_sparse_seed42_20261010_115409_706718_3d8ac8e7,dqn,42,v1,sparse,1459,87095,90.0,10,70,0.05,1.1095437377691268,86096,True,False,True,33.8531284169876
baseline100k_dqn_statev1_sparse_seed42_20261010_115409_706718_3d8ac8e7,dqn,42,v1,sparse,1460,87233,140.0,15,138,0.05,1.013452886455301,86234,True,False,True,33.90608937497018
baseline100k_dqn_statev1_sparse_seed42_20261010_115409_706718_3d8ac8e7,dqn,42,v1,sparse,1461,87402,150.0,16,169,0.05,1.0454573701824663,86403,True,False,True,33.97099058399908
baseline100k_dqn_statev1_sparse_seed42_20261010_115409_706718_3d8ac8e7,dqn,42,v1,sparse,1462,87552,160.0,17,150,0.05,1.0766420988241832,86553,True,False,True,34.02825779200066
baseline100k_dqn_statev1_sparse_seed42_20261010_115409_706718_3d8ac8e7,dqn,42,v1,sparse,1463,87617,50.0,6,65,0.05,0.9710540381761698,86618,True,False,True,34.05307762499433
baseline100k_dqn_statev1_sparse_seed42_20261010_115409_706718_3d8ac8e7,dqn,42,v1,sparse,1464,87693,110.0,12,76,0.05,1.0498360622870295,86694,True,False,True,34.08249412494479
baseline100k_dqn_statev1_sparse_seed42_20261010_115409_706718_3d8ac8e7,dqn,42,v1,sparse,1465,87771,60.0,7,78,0.05,1.1018240379217343,86772,True,False,True,34.11229233397171
baseline100k_dqn_statev1_sparse_seed42_20261010_115409_706718_3d8ac8e7,dqn,42,v1,sparse,1466,87850,70.0,8,79,0.05,1.035421914314922,86851,True,False,True,34.14246166695375
baseline100k_dqn_statev1_sparse_seed42_20261010_115409_706718_3d8ac8e7,dqn,42,v1,sparse,1467,87909,70.0,8,59,0.05,1.0912235965163022,86910,True,False,True,34.164982666959986
baseline100k_dqn_statev1_sparse_seed42_20261010_115409_706718_3d8ac8e7,dqn,42,v1,sparse,1468,87956,50.0,6,47,0.05,1.1335563000212325,86957,True,False,True,34.1831987919868
baseline100k_dqn_statev1_sparse_seed42_20261010_115409_706718_3d8ac8e7,dqn,42,v1,sparse,1469,88151,260.0,27,195,0.05,1.1038177277033145,87152,True,False,True,34.258018416992854
baseline100k_dqn_statev1_sparse_seed42_20261010_115409_706718_3d8ac8e7,dqn,42,v1,sparse,1470,88230,90.0,10,79,0.05,1.0837129403518726,87231,True,False,True,34.28839145897655
baseline100k_dqn_statev1_sparse_seed42_20261010_115409_706718_3d8ac8e7,dqn,42,v1,sparse,1471,88327,110.0,12,97,0.05,1.127515245344221,87328,True,False,True,34.32575445895782
baseline100k_dqn_statev1_sparse_seed42_20261010_115409_706718_3d8ac8e7,dqn,42,v1,sparse,1472,88341,0.0,1,14,0.05,1.0904021774019514,87342,True,False,True,34.33117908396525
baseline100k_dqn_statev1_sparse_seed42_20261010_115409_706718_3d8ac8e7,dqn,42,v1,sparse,1473,88442,100.0,11,101,0.05,1.0576892937764082,87443,True,False,True,34.36980462499196
baseline100k_dqn_statev1_sparse_seed42_20261010_115409_706718_3d8ac8e7,dqn,42,v1,sparse,1474,88478,20.0,3,36,0.05,1.0802853024668164,87479,True,False,True,34.38369733397849
baseline100k_dqn_statev1_sparse_seed42_20261010_115409_706718_3d8ac8e7,dqn,42,v1,sparse,1475,88624,130.0,14,146,0.05,1.0623116348295996,87625,True,False,True,34.44030879199272
baseline100k_dqn_statev1_sparse_seed42_20261010_115409_706718_3d8ac8e7,dqn,42,v1,sparse,1476,88654,20.0,3,30,0.05,1.0742454906304677,87655,True,False,True,34.45206416695146
baseline100k_dqn_statev1_sparse_seed42_20261010_115409_706718_3d8ac8e7,dqn,42,v1,sparse,1477,88700,20.0,3,46,0.05,1.1164491215477819,87701,True,False,True,34.4700211249874
baseline100k_dqn_statev1_sparse_seed42_20261010_115409_706718_3d8ac8e7,dqn,42,v1,sparse,1478,88710,0.0,1,10,0.05,1.249115377664566,87711,True,False,True,34.47387770895148
baseline100k_dqn_statev1_sparse_seed42_20261010_115409_706718_3d8ac8e7,dqn,42,v1,sparse,1479,88766,60.0,7,56,0.05,1.0162465875702245,87767,True,False,True,34.49548145895824
baseline100k_dqn_statev1_sparse_seed42_20261010_115409_706718_3d8ac8e7,dqn,42,v1,sparse,1480,88883,140.0,15,117,0.05,1.068736344575882,87884,True,False,True,34.5405822089524
baseline100k_dqn_statev1_sparse_seed42_20261010_115409_706718_3d8ac8e7,dqn,42,v1,sparse,1481,88925,40.0,5,42,0.05,1.032082444145566,87926,True,False,True,34.55689870897913
baseline100k_dqn_statev1_sparse_seed42_20261010_115409_706718_3d8ac8e7,dqn,42,v1,sparse,1482,88941,10.0,2,16,0.05,1.1507552973926067,87942,True,False,True,34.56307699996978
baseline100k_dqn_statev1_sparse_seed42_20261010_115409_706718_3d8ac8e7,dqn,42,v1,sparse,1483,88959,10.0,2,18,0.05,1.170835382408566,87960,True,False,True,34.57002087496221
baseline100k_dqn_statev1_sparse_seed42_20261010_115409_706718_3d8ac8e7,dqn,42,v1,sparse,1484,89007,80.0,9,48,0.05,1.0504529954244692,88008,True,False,True,34.58864174998598
baseline100k_dqn_statev1_sparse_seed42_20261010_115409_706718_3d8ac8e7,dqn,42,v1,sparse,1485,89046,30.0,4,39,0.05,0.9546226583994352,88047,True,False,True,34.603499249962624
baseline100k_dqn_statev1_sparse_seed42_20261010_115409_706718_3d8ac8e7,dqn,42,v1,sparse,1486,89079,20.0,3,33,0.05,1.0470538265777356,88080,True,False,True,34.61620308394777
baseline100k_dqn_statev1_sparse_seed42_20261010_115409_706718_3d8ac8e7,dqn,42,v1,sparse,1487,89092,0.0,1,13,0.05,1.0516543892713694,88093,True,False,True,34.62125262495829
baseline100k_dqn_statev1_sparse_seed42_20261010_115409_706718_3d8ac8e7,dqn,42,v1,sparse,1488,89113,10.0,2,21,0.05,0.939649434316726,88114,True,False,True,34.62946483399719
baseline100k_dqn_statev1_sparse_seed42_20261010_115409_706718_3d8ac8e7,dqn,42,v1,sparse,1489,89203,90.0,10,90,0.05,0.977128146092097,88204,True,False,True,34.66448233398842
baseline100k_dqn_statev1_sparse_seed42_20261010_115409_706718_3d8ac8e7,dqn,42,v1,sparse,1490,89297,100.0,11,94,0.05,1.083219495859552,88298,True,False,True,34.70065449998947
baseline100k_dqn_statev1_sparse_seed42_20261010_115409_706718_3d8ac8e7,dqn,42,v1,sparse,1491,89383,110.0,12,86,0.05,1.0831418162168458,88384,True,False,True,34.73388358397642
baseline100k_dqn_statev1_sparse_seed42_20261010_115409_706718_3d8ac8e7,dqn,42,v1,sparse,1492,89422,40.0,5,39,0.05,1.0651503572097192,88423,True,False,True,34.748987291997764
baseline100k_dqn_statev1_sparse_seed42_20261010_115409_706718_3d8ac8e7,dqn,42,v1,sparse,1493,89448,0.0,1,26,0.05,1.0301874279975891,88449,True,False,True,34.75908516696654
baseline100k_dqn_statev1_sparse_seed42_20261010_115409_706718_3d8ac8e7,dqn,42,v1,sparse,1494,89478,30.0,4,30,0.05,0.8455013334751129,88479,True,False,True,34.77086295897607
baseline100k_dqn_statev1_sparse_seed42_20261010_115409_706718_3d8ac8e7,dqn,42,v1,sparse,1495,89588,120.0,13,110,0.05,1.0193304018540816,88589,True,False,True,34.81418774998747
baseline100k_dqn_statev1_sparse_seed42_20261010_115409_706718_3d8ac8e7,dqn,42,v1,sparse,1496,89730,190.0,20,142,0.05,1.0378460955451911,88731,True,False,True,34.86946795898257
baseline100k_dqn_statev1_sparse_seed42_20261010_115409_706718_3d8ac8e7,dqn,42,v1,sparse,1497,89872,150.0,16,142,0.05,1.077029737788187,88873,True,False,True,34.92442574998131
baseline100k_dqn_statev1_sparse_seed42_20261010_115409_706718_3d8ac8e7,dqn,42,v1,sparse,1498,89910,30.0,4,38,0.05,1.0053625624430806,88911,True,False,True,34.93928433395922
baseline100k_dqn_statev1_sparse_seed42_20261010_115409_706718_3d8ac8e7,dqn,42,v1,sparse,1499,89996,130.0,14,86,0.05,1.027724336746127,88997,True,False,True,34.972455416980665
baseline100k_dqn_statev1_sparse_seed42_20261010_115409_706718_3d8ac8e7,dqn,42,v1,sparse,1500,90046,50.0,6,50,0.05,1.0707144236564636,89047,True,False,True,34.99189074995229
baseline100k_dqn_statev1_sparse_seed42_20261010_115409_706718_3d8ac8e7,dqn,42,v1,sparse,1501,90067,0.0,1,21,0.05,1.1792765444233304,89068,True,False,True,35.0020384589443
baseline100k_dqn_statev1_sparse_seed42_20261010_115409_706718_3d8ac8e7,dqn,42,v1,sparse,1502,90241,180.0,19,174,0.05,1.074565775606824,89242,True,False,True,35.069921124959365
baseline100k_dqn_statev1_sparse_seed42_20261010_115409_706718_3d8ac8e7,dqn,42,v1,sparse,1503,90360,140.0,15,119,0.05,1.0566779224812484,89361,True,False,True,35.1163983749575
baseline100k_dqn_statev1_sparse_seed42_20261010_115409_706718_3d8ac8e7,dqn,42,v1,sparse,1504,90542,170.0,18,182,0.05,1.0634566178688636,89543,True,False,True,35.18703883397393
baseline100k_dqn_statev1_sparse_seed42_20261010_115409_706718_3d8ac8e7,dqn,42,v1,sparse,1505,90599,70.0,8,57,0.05,1.0925326389178895,89600,True,False,True,35.20905333396513
baseline100k_dqn_statev1_sparse_seed42_20261010_115409_706718_3d8ac8e7,dqn,42,v1,sparse,1506,90614,0.0,1,15,0.05,1.057789965470632,89615,True,False,True,35.21479724999517
baseline100k_dqn_statev1_sparse_seed42_20261010_115409_706718_3d8ac8e7,dqn,42,v1,sparse,1507,90688,70.0,8,74,0.05,1.0759406814704071,89689,True,False,True,35.24332033394603
baseline100k_dqn_statev1_sparse_seed42_20261010_115409_706718_3d8ac8e7,dqn,42,v1,sparse,1508,90720,40.0,5,32,0.05,0.9802389144897461,89721,True,False,True,35.25614874996245
baseline100k_dqn_statev1_sparse_seed42_20261010_115409_706718_3d8ac8e7,dqn,42,v1,sparse,1509,90888,210.0,22,168,0.05,1.0310109624905246,89889,True,False,True,35.32126470899675
baseline100k_dqn_statev1_sparse_seed42_20261010_115409_706718_3d8ac8e7,dqn,42,v1,sparse,1510,90914,30.0,4,26,0.05,0.8771692961454391,89915,True,False,True,35.33138870896073
baseline100k_dqn_statev1_sparse_seed42_20261010_115409_706718_3d8ac8e7,dqn,42,v1,sparse,1511,91039,140.0,15,125,0.05,1.0576886780261994,90040,True,False,True,35.38201016699895
baseline100k_dqn_statev1_sparse_seed42_20261010_115409_706718_3d8ac8e7,dqn,42,v1,sparse,1512,91095,50.0,6,56,0.05,0.9731436435665403,90096,True,False,True,35.40377937495941
baseline100k_dqn_statev1_sparse_seed42_20261010_115409_706718_3d8ac8e7,dqn,42,v1,sparse,1513,91126,30.0,4,31,0.05,1.0594469904899597,90127,True,False,True,35.41571508394554
baseline100k_dqn_statev1_sparse_seed42_20261010_115409_706718_3d8ac8e7,dqn,42,v1,sparse,1514,91127,-10.0,0,1,0.05,0.8478878140449524,90128,True,False,True,35.41610662499443
baseline100k_dqn_statev1_sparse_seed42_20261010_115409_706718_3d8ac8e7,dqn,42,v1,sparse,1515,91217,90.0,10,90,0.05,1.0113932377762265,90218,True,False,True,35.45208212494617
baseline100k_dqn_statev1_sparse_seed42_20261010_115409_706718_3d8ac8e7,dqn,42,v1,sparse,1516,91289,90.0,10,72,0.05,0.9716554507613182,90290,True,False,True,35.48165116697783
baseline100k_dqn_statev1_sparse_seed42_20261010_115409_706718_3d8ac8e7,dqn,42,v1,sparse,1517,91413,140.0,15,124,0.05,0.9905572653778137,90414,True,False,True,35.53010254196124
baseline100k_dqn_statev1_sparse_seed42_20261010_115409_706718_3d8ac8e7,dqn,42,v1,sparse,1518,91459,60.0,7,46,0.05,1.0985665088114531,90460,True,False,True,35.54795220895903
baseline100k_dqn_statev1_sparse_seed42_20261010_115409_706718_3d8ac8e7,dqn,42,v1,sparse,1519,91576,140.0,15,117,0.05,0.9967517277114412,90577,True,False,True,35.59356899996055
baseline100k_dqn_statev1_sparse_seed42_20261010_115409_706718_3d8ac8e7,dqn,42,v1,sparse,1520,91608,40.0,5,32,0.05,1.0834657875820994,90609,True,False,True,35.606257333944086
baseline100k_dqn_statev1_sparse_seed42_20261010_115409_706718_3d8ac8e7,dqn,42,v1,sparse,1521,91760,220.0,23,152,0.05,1.0429184419151984,90761,True,False,True,35.66535070899408
baseline100k_dqn_statev1_sparse_seed42_20261010_115409_706718_3d8ac8e7,dqn,42,v1,sparse,1522,91785,30.0,4,25,0.05,0.9683450722694397,90786,True,False,True,35.67491404199973
baseline100k_dqn_statev1_sparse_seed42_20261010_115409_706718_3d8ac8e7,dqn,42,v1,sparse,1523,91856,70.0,8,71,0.05,0.9688242606713738,90857,True,False,True,35.702404624957126
baseline100k_dqn_statev1_sparse_seed42_20261010_115409_706718_3d8ac8e7,dqn,42,v1,sparse,1524,91952,120.0,13,96,0.05,1.0107206956793864,90953,True,False,True,35.73988995898981
baseline100k_dqn_statev1_sparse_seed42_20261010_115409_706718_3d8ac8e7,dqn,42,v1,sparse,1525,92032,90.0,10,80,0.05,0.9413535084575415,91033,True,False,True,35.77116604195908
baseline100k_dqn_statev1_sparse_seed42_20261010_115409_706718_3d8ac8e7,dqn,42,v1,sparse,1526,92108,90.0,10,76,0.05,1.1157363590441252,91109,True,False,True,35.80083291698247
baseline100k_dqn_statev1_sparse_seed42_20261010_115409_706718_3d8ac8e7,dqn,42,v1,sparse,1527,92183,90.0,10,75,0.05,1.0756667280197143,91184,True,False,True,35.829321291996166
baseline100k_dqn_statev1_sparse_seed42_20261010_115409_706718_3d8ac8e7,dqn,42,v1,sparse,1528,92355,170.0,18,172,0.05,1.0816224875838258,91356,True,False,True,35.89588508399902
baseline100k_dqn_statev1_sparse_seed42_20261010_115409_706718_3d8ac8e7,dqn,42,v1,sparse,1529,92393,40.0,5,38,0.05,1.0643651595241146,91394,True,False,True,35.91046633396763
baseline100k_dqn_statev1_sparse_seed42_20261010_115409_706718_3d8ac8e7,dqn,42,v1,sparse,1530,92422,40.0,5,29,0.05,1.035238806543679,91423,True,False,True,35.92167079198407
baseline100k_dqn_statev1_sparse_seed42_20261010_115409_706718_3d8ac8e7,dqn,42,v1,sparse,1531,92583,130.0,14,161,0.05,1.084559378786857,91584,True,False,True,35.98340966698015
baseline100k_dqn_statev1_sparse_seed42_20261010_115409_706718_3d8ac8e7,dqn,42,v1,sparse,1532,92735,200.0,21,152,0.05,1.075605503430492,91736,True,False,True,36.0429578339681
baseline100k_dqn_statev1_sparse_seed42_20261010_115409_706718_3d8ac8e7,dqn,42,v1,sparse,1533,92816,90.0,10,81,0.05,0.9992996064233192,91817,True,False,True,36.07480379199842
baseline100k_dqn_statev1_sparse_seed42_20261010_115409_706718_3d8ac8e7,dqn,42,v1,sparse,1534,92850,20.0,3,34,0.05,1.0047410761608797,91851,True,False,True,36.08833474997664
baseline100k_dqn_statev1_sparse_seed42_20261010_115409_706718_3d8ac8e7,dqn,42,v1,sparse,1535,92930,110.0,12,80,0.05,1.0247499007731675,91931,True,False,True,36.12042345898226
baseline100k_dqn_statev1_sparse_seed42_20261010_115409_706718_3d8ac8e7,dqn,42,v1,sparse,1536,93035,150.0,16,105,0.05,1.1009083784761884,92036,True,False,True,36.16132229199866
baseline100k_dqn_statev1_sparse_seed42_20261010_115409_706718_3d8ac8e7,dqn,42,v1,sparse,1537,93144,130.0,14,109,0.05,1.0801148518509822,92145,True,False,True,36.203414291958325
baseline100k_dqn_statev1_sparse_seed42_20261010_115409_706718_3d8ac8e7,dqn,42,v1,sparse,1538,93282,150.0,16,138,0.05,1.0427657938089923,92283,True,False,True,36.25670283398358
baseline100k_dqn_statev1_sparse_seed42_20261010_115409_706718_3d8ac8e7,dqn,42,v1,sparse,1539,93321,50.0,6,39,0.05,1.0895613814011598,92322,True,False,True,36.271659458987415
baseline100k_dqn_statev1_sparse_seed42_20261010_115409_706718_3d8ac8e7,dqn,42,v1,sparse,1540,93429,100.0,11,108,0.05,1.099378718270196,92430,True,False,True,36.31310804199893
baseline100k_dqn_statev1_sparse_seed42_20261010_115409_706718_3d8ac8e7,dqn,42,v1,sparse,1541,93515,130.0,14,86,0.05,1.0335808874562729,92516,True,False,True,36.34621841699118
baseline100k_dqn_statev1_sparse_seed42_20261010_115409_706718_3d8ac8e7,dqn,42,v1,sparse,1542,93536,20.0,3,21,0.05,1.208563194388435,92537,True,False,True,36.35423533397261
baseline100k_dqn_statev1_sparse_seed42_20261010_115409_706718_3d8ac8e7,dqn,42,v1,sparse,1543,93619,90.0,10,83,0.05,1.0273754887552147,92620,True,False,True,36.386465541960206
baseline100k_dqn_statev1_sparse_seed42_20261010_115409_706718_3d8ac8e7,dqn,42,v1,sparse,1544,93678,50.0,6,59,0.05,1.1362799264616885,92679,True,False,True,36.40941262495471
baseline100k_dqn_statev1_sparse_seed42_20261010_115409_706718_3d8ac8e7,dqn,42,v1,sparse,1545,93791,130.0,14,113,0.05,1.0474131621618186,92792,True,False,True,36.4534512499813
baseline100k_dqn_statev1_sparse_seed42_20261010_115409_706718_3d8ac8e7,dqn,42,v1,sparse,1546,93895,140.0,15,104,0.05,1.0672397799789906,92896,True,False,True,36.49421412497759
baseline100k_dqn_statev1_sparse_seed42_20261010_115409_706718_3d8ac8e7,dqn,42,v1,sparse,1547,94119,280.0,29,224,0.05,1.0766524842807226,93120,True,False,True,36.582146249944344
baseline100k_dqn_statev1_sparse_seed42_20261010_115409_706718_3d8ac8e7,dqn,42,v1,sparse,1548,94258,170.0,18,139,0.05,1.048342580417935,93259,True,False,True,36.6364819999435
baseline100k_dqn_statev1_sparse_seed42_20261010_115409_706718_3d8ac8e7,dqn,42,v1,sparse,1549,94290,30.0,4,32,0.05,0.9527676794677973,93291,True,False,True,36.64900141698308
baseline100k_dqn_statev1_sparse_seed42_20261010_115409_706718_3d8ac8e7,dqn,42,v1,sparse,1550,94404,130.0,14,114,0.05,1.0543063808428614,93405,True,False,True,36.69402962498134
baseline100k_dqn_statev1_sparse_seed42_20261010_115409_706718_3d8ac8e7,dqn,42,v1,sparse,1551,94571,200.0,21,167,0.05,1.023375824183047,93572,True,False,True,36.7587247499614
baseline100k_dqn_statev1_sparse_seed42_20261010_115409_706718_3d8ac8e7,dqn,42,v1,sparse,1552,94717,170.0,18,146,0.05,1.0339084388050315,93718,True,False,True,36.8158560419688
baseline100k_dqn_statev1_sparse_seed42_20261010_115409_706718_3d8ac8e7,dqn,42,v1,sparse,1553,94784,50.0,6,67,0.05,1.0238815181290926,93785,True,False,True,36.84186933399178
baseline100k_dqn_statev1_sparse_seed42_20261010_115409_706718_3d8ac8e7,dqn,42,v1,sparse,1554,94965,200.0,21,181,0.05,1.0663409290722061,93966,True,False,True,36.91211216698866
baseline100k_dqn_statev1_sparse_seed42_20261010_115409_706718_3d8ac8e7,dqn,42,v1,sparse,1555,95102,180.0,19,137,0.05,1.0837161728065379,94103,True,False,True,36.965405666967854
baseline100k_dqn_statev1_sparse_seed42_20261010_115409_706718_3d8ac8e7,dqn,42,v1,sparse,1556,95299,230.0,24,197,0.05,1.0526591975071709,94300,True,False,True,37.04138324997621
baseline100k_dqn_statev1_sparse_seed42_20261010_115409_706718_3d8ac8e7,dqn,42,v1,sparse,1557,95342,60.0,7,43,0.05,1.0729025976602422,94343,True,False,True,37.05793604196515
baseline100k_dqn_statev1_sparse_seed42_20261010_115409_706718_3d8ac8e7,dqn,42,v1,sparse,1558,95385,60.0,7,43,0.05,0.9806216608646304,94386,True,False,True,37.074658249970526
baseline100k_dqn_statev1_sparse_seed42_20261010_115409_706718_3d8ac8e7,dqn,42,v1,sparse,1559,95557,190.0,20,172,0.05,1.0661783474822377,94558,True,False,True,37.14060470898403
baseline100k_dqn_statev1_sparse_seed42_20261010_115409_706718_3d8ac8e7,dqn,42,v1,sparse,1560,95575,20.0,3,18,0.05,1.1290154026614294,94576,True,False,True,37.14748695894377
baseline100k_dqn_statev1_sparse_seed42_20261010_115409_706718_3d8ac8e7,dqn,42,v1,sparse,1561,95666,110.0,12,91,0.05,1.002090049968971,94667,True,False,True,37.182662416948006
baseline100k_dqn_statev1_sparse_seed42_20261010_115409_706718_3d8ac8e7,dqn,42,v1,sparse,1562,95683,0.0,1,17,0.05,1.1179721881361568,94684,True,False,True,37.189139708993025
baseline100k_dqn_statev1_sparse_seed42_20261010_115409_706718_3d8ac8e7,dqn,42,v1,sparse,1563,95854,160.0,17,171,0.05,1.097172385593604,94855,True,False,True,37.25485491694417
baseline100k_dqn_statev1_sparse_seed42_20261010_115409_706718_3d8ac8e7,dqn,42,v1,sparse,1564,95898,40.0,5,44,0.05,1.0439569232138721,94899,True,False,True,37.27167595899664
baseline100k_dqn_statev1_sparse_seed42_20261010_115409_706718_3d8ac8e7,dqn,42,v1,sparse,1565,95940,50.0,6,42,0.05,1.1319612236250014,94941,True,False,True,37.28777924994938
baseline100k_dqn_statev1_sparse_seed42_20261010_115409_706718_3d8ac8e7,dqn,42,v1,sparse,1566,96012,90.0,10,72,0.05,1.0530279585056834,95013,True,False,True,37.31566554197343
baseline100k_dqn_statev1_sparse_seed42_20261010_115409_706718_3d8ac8e7,dqn,42,v1,sparse,1567,96109,120.0,13,97,0.05,1.145397544828887,95110,True,False,True,37.35312654194422
baseline100k_dqn_statev1_sparse_seed42_20261010_115409_706718_3d8ac8e7,dqn,42,v1,sparse,1568,96289,170.0,18,180,0.05,1.1046248667769962,95290,True,False,True,37.421815791982226
baseline100k_dqn_statev1_sparse_seed42_20261010_115409_706718_3d8ac8e7,dqn,42,v1,sparse,1569,96416,130.0,14,127,0.05,1.093617750199761,95417,True,False,True,37.47173345898045
baseline100k_dqn_statev1_sparse_seed42_20261010_115409_706718_3d8ac8e7,dqn,42,v1,sparse,1570,96559,150.0,16,143,0.05,1.090439908154361,95560,True,False,True,37.52798020897899
baseline100k_dqn_statev1_sparse_seed42_20261010_115409_706718_3d8ac8e7,dqn,42,v1,sparse,1571,96720,170.0,18,161,0.05,1.1039568472723043,95721,True,False,True,37.59089062496787
baseline100k_dqn_statev1_sparse_seed42_20261010_115409_706718_3d8ac8e7,dqn,42,v1,sparse,1572,96721,-10.0,0,1,0.05,0.647307813167572,95722,True,False,True,37.59130341699347
baseline100k_dqn_statev1_sparse_seed42_20261010_115409_706718_3d8ac8e7,dqn,42,v1,sparse,1573,96849,170.0,18,128,0.05,1.114281608723104,95850,True,False,True,37.641062124981545
baseline100k_dqn_statev1_sparse_seed42_20261010_115409_706718_3d8ac8e7,dqn,42,v1,sparse,1574,96906,70.0,8,57,0.05,1.098344518950111,95907,True,False,True,37.662877874972764
baseline100k_dqn_statev1_sparse_seed42_20261010_115409_706718_3d8ac8e7,dqn,42,v1,sparse,1575,96928,10.0,2,22,0.05,1.0943580080162396,95929,True,False,True,37.67125879199011
baseline100k_dqn_statev1_sparse_seed42_20261010_115409_706718_3d8ac8e7,dqn,42,v1,sparse,1576,97000,100.0,11,72,0.05,1.1172871266802151,96001,True,False,True,37.69930141698569
baseline100k_dqn_statev1_sparse_seed42_20261010_115409_706718_3d8ac8e7,dqn,42,v1,sparse,1577,97092,120.0,13,92,0.05,1.1431295191464217,96093,True,False,True,37.73433483397821
baseline100k_dqn_statev1_sparse_seed42_20261010_115409_706718_3d8ac8e7,dqn,42,v1,sparse,1578,97118,20.0,3,26,0.05,1.054284691810608,96119,True,False,True,37.74441454198677
baseline100k_dqn_statev1_sparse_seed42_20261010_115409_706718_3d8ac8e7,dqn,42,v1,sparse,1579,97162,30.0,4,44,0.05,0.9360988614234057,96163,True,False,True,37.761531249969266
baseline100k_dqn_statev1_sparse_seed42_20261010_115409_706718_3d8ac8e7,dqn,42,v1,sparse,1580,97266,140.0,15,104,0.05,1.026722832941092,96267,True,False,True,37.80205912498059
baseline100k_dqn_statev1_sparse_seed42_20261010_115409_706718_3d8ac8e7,dqn,42,v1,sparse,1581,97365,150.0,16,99,0.05,1.1037797361913353,96366,True,False,True,37.8401129169506
baseline100k_dqn_statev1_sparse_seed42_20261010_115409_706718_3d8ac8e7,dqn,42,v1,sparse,1582,97368,-10.0,0,3,0.05,1.0077078143755596,96369,True,False,True,37.84127079194877
baseline100k_dqn_statev1_sparse_seed42_20261010_115409_706718_3d8ac8e7,dqn,42,v1,sparse,1583,97540,200.0,21,172,0.05,1.0971416432497114,96541,True,False,True,37.90754037495935
baseline100k_dqn_statev1_sparse_seed42_20261010_115409_706718_3d8ac8e7,dqn,42,v1,sparse,1584,97642,150.0,16,102,0.05,1.1064121360872305,96643,True,False,True,37.9471132089966
baseline100k_dqn_statev1_sparse_seed42_20261010_115409_706718_3d8ac8e7,dqn,42,v1,sparse,1585,97681,30.0,4,39,0.05,1.0627257044498737,96682,True,False,True,37.962014958960935
baseline100k_dqn_statev1_sparse_seed42_20261010_115409_706718_3d8ac8e7,dqn,42,v1,sparse,1586,97835,150.0,16,154,0.05,1.119741237202248,96836,True,False,True,38.02182283397997
baseline100k_dqn_statev1_sparse_seed42_20261010_115409_706718_3d8ac8e7,dqn,42,v1,sparse,1587,97898,60.0,7,63,0.05,1.0842272052689204,96899,True,False,True,38.04606920899823
baseline100k_dqn_statev1_sparse_seed42_20261010_115409_706718_3d8ac8e7,dqn,42,v1,sparse,1588,97899,-10.0,0,1,0.05,1.4218865633010864,96900,True,False,True,38.046471583948005
baseline100k_dqn_statev1_sparse_seed42_20261010_115409_706718_3d8ac8e7,dqn,42,v1,sparse,1589,98037,180.0,19,138,0.05,1.1105628376421721,97038,True,False,True,38.09962137497496
baseline100k_dqn_statev1_sparse_seed42_20261010_115409_706718_3d8ac8e7,dqn,42,v1,sparse,1590,98104,60.0,7,67,0.05,1.0027100893098917,97105,True,False,True,38.12550541694509
baseline100k_dqn_statev1_sparse_seed42_20261010_115409_706718_3d8ac8e7,dqn,42,v1,sparse,1591,98181,90.0,10,77,0.05,1.12416022899863,97182,True,False,True,38.15515116695315
baseline100k_dqn_statev1_sparse_seed42_20261010_115409_706718_3d8ac8e7,dqn,42,v1,sparse,1592,98191,0.0,1,10,0.05,1.043052464723587,97192,True,False,True,38.159026749955956
baseline100k_dqn_statev1_sparse_seed42_20261010_115409_706718_3d8ac8e7,dqn,42,v1,sparse,1593,98378,170.0,18,187,0.05,1.0805058904828873,97379,True,False,True,38.231189291982446
baseline100k_dqn_statev1_sparse_seed42_20261010_115409_706718_3d8ac8e7,dqn,42,v1,sparse,1594,98560,190.0,20,182,0.05,1.077420012963997,97561,True,False,True,38.30207816697657
baseline100k_dqn_statev1_sparse_seed42_20261010_115409_706718_3d8ac8e7,dqn,42,v1,sparse,1595,98638,80.0,9,78,0.05,1.058542084426452,97639,True,False,True,38.332322749949526
baseline100k_dqn_statev1_sparse_seed42_20261010_115409_706718_3d8ac8e7,dqn,42,v1,sparse,1596,98734,100.0,11,96,0.05,1.1779296084617574,97735,True,False,True,38.36912916699657
baseline100k_dqn_statev1_sparse_seed42_20261010_115409_706718_3d8ac8e7,dqn,42,v1,sparse,1597,98865,140.0,15,131,0.05,1.0506526554813822,97866,True,False,True,38.420269958965946
baseline100k_dqn_statev1_sparse_seed42_20261010_115409_706718_3d8ac8e7,dqn,42,v1,sparse,1598,98960,90.0,10,95,0.05,1.0891851001664212,97961,True,False,True,38.457478041993454
baseline100k_dqn_statev1_sparse_seed42_20261010_115409_706718_3d8ac8e7,dqn,42,v1,sparse,1599,99062,110.0,12,102,0.05,1.064143998657956,98063,True,False,True,38.49747095897328
baseline100k_dqn_statev1_sparse_seed42_20261010_115409_706718_3d8ac8e7,dqn,42,v1,sparse,1600,99118,70.0,8,56,0.05,1.0507209348891462,98119,True,False,True,38.51907049998408
baseline100k_dqn_statev1_sparse_seed42_20261010_115409_706718_3d8ac8e7,dqn,42,v1,sparse,1601,99171,60.0,7,53,0.05,0.9698244389498009,98172,True,False,True,38.54156229196815
baseline100k_dqn_statev1_sparse_seed42_20261010_115409_706718_3d8ac8e7,dqn,42,v1,sparse,1602,99270,130.0,14,99,0.05,1.0764629238783712,98271,True,False,True,38.58074029197451
baseline100k_dqn_statev1_sparse_seed42_20261010_115409_706718_3d8ac8e7,dqn,42,v1,sparse,1603,99320,50.0,6,50,0.05,1.120364476442337,98321,True,False,True,38.601351624995004
baseline100k_dqn_statev1_sparse_seed42_20261010_115409_706718_3d8ac8e7,dqn,42,v1,sparse,1604,99509,210.0,22,189,0.05,1.0886597412603873,98510,True,False,True,38.6755478749983
baseline100k_dqn_statev1_sparse_seed42_20261010_115409_706718_3d8ac8e7,dqn,42,v1,sparse,1605,99544,40.0,5,35,0.05,1.141970261505672,98545,True,False,True,38.689382583950646
baseline100k_dqn_statev1_sparse_seed42_20261010_115409_706718_3d8ac8e7,dqn,42,v1,sparse,1606,99652,120.0,13,108,0.05,1.0311872203041006,98653,True,False,True,38.73099191696383
baseline100k_dqn_statev1_sparse_seed42_20261010_115409_706718_3d8ac8e7,dqn,42,v1,sparse,1607,99724,40.0,5,72,0.05,1.0748491117523775,98725,True,False,True,38.75879279198125
baseline100k_dqn_statev1_sparse_seed42_20261010_115409_706718_3d8ac8e7,dqn,42,v1,sparse,1608,99914,190.0,20,190,0.05,1.074340003415158,98915,True,False,True,38.83155316696502
baseline100k_dqn_statev1_sparse_seed42_20261010_115409_706718_3d8ac8e7,dqn,42,v1,sparse,1609,99990,80.0,9,76,0.05,1.0288870636569827,98991,True,False,True,38.86082841694588
baseline100k_dqn_statev1_sparse_seed42_20261010_115409_706718_3d8ac8e7,dqn,42,v1,sparse,1610,100000,10.0,1,10,0.05,1.2584874987602235,99001,False,False,False,38.86480716697406
