run_id,algorithm,seed,state_mode,reward_mode,episode,global_step,episode_return,score,episode_length,epsilon,loss,update_count,terminated,truncated,episode_complete,wall_clock_time
debug_algorithm_dqn_statev1_sparse_seed43_20261010_222312_428261_8435935e,dqn,43,v1,sparse,1,21,-10.0,0,21,0.9979020986705985,,0,True,False,True,0.02335299999685958
debug_algorithm_dqn_statev1_sparse_seed43_20261010_222312_428261_8435935e,dqn,43,v1,sparse,2,22,-10.0,0,1,0.9978023084607315,,0,True,False,True,0.023506700003053993
debug_algorithm_dqn_statev1_sparse_seed43_20261010_222312_428261_8435935e,dqn,43,v1,sparse,3,25,-10.0,0,3,0.9975029977012647,,0,True,False,True,0.02360670000052778
debug_algorithm_dqn_statev1_sparse_seed43_20261010_222312_428261_8435935e,dqn,43,v1,sparse,4,48,-10.0,0,23,0.9952112627234414,,0,True,False,True,0.023881499997514766
debug_algorithm_dqn_statev1_sparse_seed43_20261010_222312_428261_8435935e,dqn,43,v1,sparse,5,51,-10.0,0,3,0.9949127291999671,,0,True,False,True,0.024113500003295485
debug_algorithm_dqn_statev1_sparse_seed43_20261010_222312_428261_8435935e,dqn,43,v1,sparse,6,83,-10.0,0,32,0.9917339383024733,,0,True,False,True,0.02458889999979874
debug_algorithm_dqn_statev1_sparse_seed43_20261010_222312_428261_8435935e,dqn,43,v1,sparse,7,96,-10.0,0,13,0.990445457451587,,0,True,False,True,0.024832600000081584
debug_algorithm_dqn_statev1_sparse_seed43_20261010_222312_428261_8435935e,dqn,43,v1,sparse,8,97,-10.0,0,1,0.9903464129058418,,0,True,False,True,0.024917399998230394
debug_algorithm_dqn_statev1_sparse_seed43_20261010_222312_428261_8435935e,dqn,43,v1,sparse,9,99,-10.0,0,2,0.9901483535267248,,0,True,False,True,0.025006000003486406
debug_algorithm_dqn_statev1_sparse_seed43_20261010_222312_428261_8435935e,dqn,43,v1,sparse,10,117,0.0,1,18,0.9883676006096995,,0,True,False,True,0.025608000003558118
debug_algorithm_dqn_statev1_sparse_seed43_20261010_222312_428261_8435935e,dqn,43,v1,sparse,11,133,-10.0,0,16,0.9867873979365388,,0,True,False,True,0.026098399997863453
debug_algorithm_dqn_statev1_sparse_seed43_20261010_222312_428261_8435935e,dqn,43,v1,sparse,12,160,-10.0,0,27,0.9841265327012553,,0,True,False,True,0.026816700003109872
debug_algorithm_dqn_statev1_sparse_seed43_20261010_222312_428261_8435935e,dqn,43,v1,sparse,13,177,-10.0,0,17,0.982454855338776,,0,True,False,True,0.02731060000223806
debug_algorithm_dqn_statev1_sparse_seed43_20261010_222312_428261_8435935e,dqn,43,v1,sparse,14,204,0.0,1,27,0.9798056727739467,,0,True,False,True,0.027961300002061762
debug_algorithm_dqn_statev1_sparse_seed43_20261010_222312_428261_8435935e,dqn,43,v1,sparse,15,205,-10.0,0,1,0.9797076922066693,,0,True,False,True,0.02803210000274703
debug_algorithm_dqn_statev1_sparse_seed43_20261010_222312_428261_8435935e,dqn,43,v1,sparse,16,206,-10.0,0,1,0.9796097214374486,,0,True,False,True,0.02808769999683136
debug_algorithm_dqn_statev1_sparse_seed43_20261010_222312_428261_8435935e,dqn,43,v1,sparse,17,211,-10.0,0,5,0.9791200145279065,,0,True,False,True,0.028179000000818633
debug_algorithm_dqn_statev1_sparse_seed43_20261010_222312_428261_8435935e,dqn,43,v1,sparse,18,214,-10.0,0,3,0.9788263078961694,,0,True,False,True,0.02824990000226535
debug_algorithm_dqn_statev1_sparse_seed43_20261010_222312_428261_8435935e,dqn,43,v1,sparse,19,228,-10.0,0,14,0.9774568414408605,,0,True,False,True,0.028442100003303494
debug_algorithm_dqn_statev1_sparse_seed43_20261010_222312_428261_8435935e,dqn,43,v1,sparse,20,253,-10.0,0,25,0.9750161294608681,,0,True,False,True,0.028742100003000814
debug_algorithm_dqn_statev1_sparse_seed43_20261010_222312_428261_8435935e,dqn,43,v1,sparse,21,259,-10.0,0,6,0.9744312660161123,,0,True,False,True,0.02889100000174949
debug_algorithm_dqn_statev1_sparse_seed43_20261010_222312_428261_8435935e,dqn,43,v1,sparse,22,262,-10.0,0,3,0.974138965868271,,0,True,False,True,0.02897839999786811
debug_algorithm_dqn_statev1_sparse_seed43_20261010_222312_428261_8435935e,dqn,43,v1,sparse,23,274,-10.0,0,12,0.9729706418266841,,0,True,False,True,0.02937009999732254
debug_algorithm_dqn_statev1_sparse_seed43_20261010_222312_428261_8435935e,dqn,43,v1,sparse,24,277,-10.0,0,3,0.9726787798222825,,0,True,False,True,0.0295029999979306
debug_algorithm_dqn_statev1_sparse_seed43_20261010_222312_428261_8435935e,dqn,43,v1,sparse,25,280,-10.0,0,3,0.9723870053677265,,0,True,False,True,0.029663100001926068
debug_algorithm_dqn_statev1_sparse_seed43_20261010_222312_428261_8435935e,dqn,43,v1,sparse,26,291,-10.0,0,11,0.9713179143142632,,0,True,False,True,0.029845700002624653
debug_algorithm_dqn_statev1_sparse_seed43_20261010_222312_428261_8435935e,dqn,43,v1,sparse,27,305,-10.0,0,14,0.9699589527800627,,0,True,False,True,0.030043899998418055
debug_algorithm_dqn_statev1_sparse_seed43_20261010_222312_428261_8435935e,dqn,43,v1,sparse,28,312,-10.0,0,7,0.9692801851705518,,0,True,False,True,0.03017060000274796
debug_algorithm_dqn_statev1_sparse_seed43_20261010_222312_428261_8435935e,dqn,43,v1,sparse,29,344,0.0,1,32,0.9661832914035788,,0,True,False,True,0.030820699998002965
debug_algorithm_dqn_statev1_sparse_seed43_20261010_222312_428261_8435935e,dqn,43,v1,sparse,30,351,-10.0,0,7,0.9655071659642745,,0,True,False,True,0.030985899997176602
debug_algorithm_dqn_statev1_sparse_seed43_20261010_222312_428261_8435935e,dqn,43,v1,sparse,31,359,-10.0,0,8,0.9647350305194479,,0,True,False,True,0.031158799996774178
debug_algorithm_dqn_statev1_sparse_seed43_20261010_222312_428261_8435935e,dqn,43,v1,sparse,32,363,-10.0,0,4,0.9643491943874831,,0,True,False,True,0.031393999997817446
debug_algorithm_dqn_statev1_sparse_seed43_20261010_222312_428261_8435935e,dqn,43,v1,sparse,33,364,-10.0,0,1,0.9642527594680443,,0,True,False,True,0.03146980000019539
debug_algorithm_dqn_statev1_sparse_seed43_20261010_222312_428261_8435935e,dqn,43,v1,sparse,34,369,-10.0,0,5,0.9637707295039442,,0,True,False,True,0.03157590000046184
debug_algorithm_dqn_statev1_sparse_seed43_20261010_222312_428261_8435935e,dqn,43,v1,sparse,35,372,-10.0,0,3,0.9634816271972511,,0,True,False,True,0.03166329999658046
debug_algorithm_dqn_statev1_sparse_seed43_20261010_222312_428261_8435935e,dqn,43,v1,sparse,36,384,-10.0,0,12,0.9623260849305701,,0,True,False,True,0.03184260000125505
debug_algorithm_dqn_statev1_sparse_seed43_20261010_222312_428261_8435935e,dqn,43,v1,sparse,37,446,0.0,1,62,0.9563778244487159,,0,True,False,True,0.03284749999875203
debug_algorithm_dqn_statev1_sparse_seed43_20261010_222312_428261_8435935e,dqn,43,v1,sparse,38,455,-10.0,0,9,0.9555174286224053,,0,True,False,True,0.033043700001144316
debug_algorithm_dqn_statev1_sparse_seed43_20261010_222312_428261_8435935e,dqn,43,v1,sparse,39,462,-10.0,0,7,0.95484876704759,,0,True,False,True,0.03329929999745218
debug_algorithm_dqn_statev1_sparse_seed43_20261010_222312_428261_8435935e,dqn,43,v1,sparse,40,486,-10.0,0,24,0.9525597634576733,,0,True,False,True,0.0336064000002807
debug_algorithm_dqn_statev1_sparse_seed43_20261010_222312_428261_8435935e,dqn,43,v1,sparse,41,498,-10.0,0,12,0.9514173202214522,,0,True,False,True,0.03394359999947483
debug_algorithm_dqn_statev1_sparse_seed43_20261010_222312_428261_8435935e,dqn,43,v1,sparse,42,503,-10.0,0,5,0.9509417066935597,,0,True,False,True,0.03409790000296198
debug_algorithm_dqn_statev1_sparse_seed43_20261010_222312_428261_8435935e,dqn,43,v1,sparse,43,551,-10.0,0,48,0.9463878966948818,,0,True,False,True,0.03503880000062054
debug_algorithm_dqn_statev1_sparse_seed43_20261010_222312_428261_8435935e,dqn,43,v1,sparse,44,565,0.0,1,14,0.9450638145081044,,0,True,False,True,0.03553729999839561
debug_algorithm_dqn_statev1_sparse_seed43_20261010_222312_428261_8435935e,dqn,43,v1,sparse,45,568,-10.0,0,3,0.9447803237147213,,0,True,False,True,0.03564180000103079
debug_algorithm_dqn_statev1_sparse_seed43_20261010_222312_428261_8435935e,dqn,43,v1,sparse,46,611,-10.0,0,43,0.940726288041188,,0,True,False,True,0.03622719999839319
debug_algorithm_dqn_statev1_sparse_seed43_20261010_222312_428261_8435935e,dqn,43,v1,sparse,47,644,-10.0,0,33,0.9376268531966981,,0,True,False,True,0.036717299997690134
debug_algorithm_dqn_statev1_sparse_seed43_20261010_222312_428261_8435935e,dqn,43,v1,sparse,48,645,-10.0,0,1,0.9375330905113785,,0,True,False,True,0.03679060000285972
debug_algorithm_dqn_statev1_sparse_seed43_20261010_222312_428261_8435935e,dqn,43,v1,sparse,49,658,10.0,2,13,0.9363150285014568,,0,True,False,True,0.03720189999876311
debug_algorithm_dqn_statev1_sparse_seed43_20261010_222312_428261_8435935e,dqn,43,v1,sparse,50,659,-10.0,0,1,0.9362213969986066,,0,True,False,True,0.0372750000024098
debug_algorithm_dqn_statev1_sparse_seed43_20261010_222312_428261_8435935e,dqn,43,v1,sparse,51,676,-10.0,0,17,0.9346310932484012,,0,True,False,True,0.03777619999891613
debug_algorithm_dqn_statev1_sparse_seed43_20261010_222312_428261_8435935e,dqn,43,v1,sparse,52,708,-10.0,0,32,0.9316449048878183,,0,True,False,True,0.038204800002858974
debug_algorithm_dqn_statev1_sparse_seed43_20261010_222312_428261_8435935e,dqn,43,v1,sparse,53,709,-10.0,0,1,0.9315517403973295,,0,True,False,True,0.03827630000159843
debug_algorithm_dqn_statev1_sparse_seed43_20261010_222312_428261_8435935e,dqn,43,v1,sparse,54,715,-10.0,0,6,0.9309929490672225,,0,True,False,True,0.03837509999721078
debug_algorithm_dqn_statev1_sparse_seed43_20261010_222312_428261_8435935e,dqn,43,v1,sparse,55,719,-10.0,0,4,0.9306206077434487,,0,True,False,True,0.03845480000018142
debug_algorithm_dqn_statev1_sparse_seed43_20261010_222312_428261_8435935e,dqn,43,v1,sparse,56,723,-10.0,0,4,0.9302484153338654,,0,True,False,True,0.03866769999876851
debug_algorithm_dqn_statev1_sparse_seed43_20261010_222312_428261_8435935e,dqn,43,v1,sparse,57,724,-10.0,0,1,0.930155390492332,,0,True,False,True,0.038727699997252785
debug_algorithm_dqn_statev1_sparse_seed43_20261010_222312_428261_8435935e,dqn,43,v1,sparse,58,729,-10.0,0,5,0.9296904058033238,,0,True,False,True,0.03890559999854304
debug_algorithm_dqn_statev1_sparse_seed43_20261010_222312_428261_8435935e,dqn,43,v1,sparse,59,752,-10.0,0,23,0.9275544683410445,,0,True,False,True,0.03938619999826187
debug_algorithm_dqn_statev1_sparse_seed43_20261010_222312_428261_8435935e,dqn,43,v1,sparse,60,765,-10.0,0,13,0.9263493707594722,,0,True,False,True,0.03958009999769274
debug_algorithm_dqn_statev1_sparse_seed43_20261010_222312_428261_8435935e,dqn,43,v1,sparse,61,768,-10.0,0,3,0.9260714937377992,,0,True,False,True,0.03970829999889247
debug_algorithm_dqn_statev1_sparse_seed43_20261010_222312_428261_8435935e,dqn,43,v1,sparse,62,771,-10.0,0,3,0.9257937000708967,,0,True,False,True,0.03999109999858774
debug_algorithm_dqn_statev1_sparse_seed43_20261010_222312_428261_8435935e,dqn,43,v1,sparse,63,780,-10.0,0,9,0.92496081894881,,0,True,False,True,0.04026880000310484
debug_algorithm_dqn_statev1_sparse_seed43_20261010_222312_428261_8435935e,dqn,43,v1,sparse,64,793,-10.0,0,13,0.9237590910891429,,0,True,False,True,0.0404398000027868
debug_algorithm_dqn_statev1_sparse_seed43_20261010_222312_428261_8435935e,dqn,43,v1,sparse,65,795,-10.0,0,2,0.9235743485085159,,0,True,False,True,0.040501199997379445
debug_algorithm_dqn_statev1_sparse_seed43_20261010_222312_428261_8435935e,dqn,43,v1,sparse,66,817,-10.0,0,22,0.9215446169769135,,0,True,False,True,0.041154699996695854
debug_algorithm_dqn_statev1_sparse_seed43_20261010_222312_428261_8435935e,dqn,43,v1,sparse,67,840,-10.0,0,23,0.9194273942345079,,0,True,False,True,0.04174020000209566
debug_algorithm_dqn_statev1_sparse_seed43_20261010_222312_428261_8435935e,dqn,43,v1,sparse,68,869,0.0,1,29,0.9167647843090437,,0,True,False,True,0.04236300000047777
debug_algorithm_dqn_statev1_sparse_seed43_20261010_222312_428261_8435935e,dqn,43,v1,sparse,69,872,-10.0,0,3,0.9164897823757778,,0,True,False,True,0.04254409999703057
debug_algorithm_dqn_statev1_sparse_seed43_20261010_222312_428261_8435935e,dqn,43,v1,sparse,70,912,-10.0,0,40,0.9128309628200283,,0,True,False,True,0.043470099997648504
debug_algorithm_dqn_statev1_sparse_seed43_20261010_222312_428261_8435935e,dqn,43,v1,sparse,71,924,-10.0,0,12,0.9117361679323023,,0,True,False,True,0.04381580000335816
debug_algorithm_dqn_statev1_sparse_seed43_20261010_222312_428261_8435935e,dqn,43,v1,sparse,72,935,0.0,1,11,0.9107337594520628,,0,True,False,True,0.04416379999747733
debug_algorithm_dqn_statev1_sparse_seed43_20261010_222312_428261_8435935e,dqn,43,v1,sparse,73,943,-10.0,0,8,0.9100054273989592,,0,True,False,True,0.04432760000054259
debug_algorithm_dqn_statev1_sparse_seed43_20261010_222312_428261_8435935e,dqn,43,v1,sparse,74,944,-10.0,0,1,0.9099144268562193,,0,True,False,True,0.044454599999880884
debug_algorithm_dqn_statev1_sparse_seed43_20261010_222312_428261_8435935e,dqn,43,v1,sparse,75,949,0.0,1,5,0.9094595606251352,,0,True,False,True,0.04477939999924274
debug_algorithm_dqn_statev1_sparse_seed43_20261010_222312_428261_8435935e,dqn,43,v1,sparse,76,954,-10.0,0,5,0.9090049217816846,,0,True,False,True,0.045133999999961816
debug_algorithm_dqn_statev1_sparse_seed43_20261010_222312_428261_8435935e,dqn,43,v1,sparse,77,955,-10.0,0,1,0.9089140212895064,,0,True,False,True,0.04521129999920959
debug_algorithm_dqn_statev1_sparse_seed43_20261010_222312_428261_8435935e,dqn,43,v1,sparse,78,956,-10.0,0,1,0.9088231298873775,,0,True,False,True,0.04536999999982072
debug_algorithm_dqn_statev1_sparse_seed43_20261010_222312_428261_8435935e,dqn,43,v1,sparse,79,957,-10.0,0,1,0.9087322475743888,,0,True,False,True,0.04544349999923725
debug_algorithm_dqn_statev1_sparse_seed43_20261010_222312_428261_8435935e,dqn,43,v1,sparse,80,969,-10.0,0,12,0.9076423684407068,,0,True,False,True,0.04572500000358559
debug_algorithm_dqn_statev1_sparse_seed43_20261010_222312_428261_8435935e,dqn,43,v1,sparse,81,1012,-10.0,0,43,0.9037476910769774,0.9696330909545605,13,True,False,True,0.0674901000020327
debug_algorithm_dqn_statev1_sparse_seed43_20261010_222312_428261_8435935e,dqn,43,v1,sparse,82,1013,-10.0,0,1,0.9036573163078697,0.8788954615592957,14,True,False,True,0.0693364999970072
debug_algorithm_dqn_statev1_sparse_seed43_20261010_222312_428261_8435935e,dqn,43,v1,sparse,83,1022,-10.0,0,9,0.9028443499639306,0.7782156566778818,23,True,False,True,0.08344799999758834
debug_algorithm_dqn_statev1_sparse_seed43_20261010_222312_428261_8435935e,dqn,43,v1,sparse,84,1036,-10.0,0,14,0.9015811891337948,0.8748292795249394,37,True,False,True,0.108282599998347
debug_algorithm_dqn_statev1_sparse_seed43_20261010_222312_428261_8435935e,dqn,43,v1,sparse,85,1056,0.0,1,20,0.899779738732421,0.8544573754072189,57,True,False,True,0.15007660000264877
debug_algorithm_dqn_statev1_sparse_seed43_20261010_222312_428261_8435935e,dqn,43,v1,sparse,86,1068,-10.0,0,12,0.8987005967026628,0.6849139581123987,69,True,False,True,0.17051319999882253
debug_algorithm_dqn_statev1_sparse_seed43_20261010_222312_428261_8435935e,dqn,43,v1,sparse,87,1084,-10.0,0,16,0.897263753685546,0.764925729483366,85,True,False,True,0.19576619999861578
debug_algorithm_dqn_statev1_sparse_seed43_20261010_222312_428261_8435935e,dqn,43,v1,sparse,88,1114,-10.0,0,30,0.8945758618813853,0.35303555708378553,115,True,False,True,0.2464789000005112
debug_algorithm_dqn_statev1_sparse_seed43_20261010_222312_428261_8435935e,dqn,43,v1,sparse,89,1116,-10.0,0,2,0.8943969556547676,0.14847204834222794,117,True,False,True,0.249657100001059
debug_algorithm_dqn_statev1_sparse_seed43_20261010_222312_428261_8435935e,dqn,43,v1,sparse,90,1117,-10.0,0,1,0.8943075159592021,0.4433591067790985,118,True,False,True,0.2512977000005776
debug_algorithm_dqn_statev1_sparse_seed43_20261010_222312_428261_8435935e,dqn,43,v1,sparse,91,1121,-10.0,0,4,0.8939498466076922,0.40164000540971756,122,True,False,True,0.25739330000214977
debug_algorithm_dqn_statev1_sparse_seed43_20261010_222312_428261_8435935e,dqn,43,v1,sparse,92,1156,-10.0,0,35,0.8908263352999289,0.14882601809554866,157,True,False,True,0.3112559000001056
debug_algorithm_dqn_statev1_sparse_seed43_20261010_222312_428261_8435935e,dqn,43,v1,sparse,93,1203,-10.0,0,47,0.8866490669278309,0.09355086341817329,204,True,False,True,0.3876001000026008
debug_algorithm_dqn_statev1_sparse_seed43_20261010_222312_428261_8435935e,dqn,43,v1,sparse,94,1205,-10.0,0,2,0.8864717459809359,0.08146652625873685,206,True,False,True,0.39038750000327127
debug_algorithm_dqn_statev1_sparse_seed43_20261010_222312_428261_8435935e,dqn,43,v1,sparse,95,1206,-10.0,0,1,0.8863830988063378,0.1477937251329422,207,True,False,True,0.3923034999970696
debug_algorithm_dqn_statev1_sparse_seed43_20261010_222312_428261_8435935e,dqn,43,v1,sparse,96,1210,-10.0,0,4,0.886028598746256,0.04037102626170963,211,True,False,True,0.3999848000021302
debug_algorithm_dqn_statev1_sparse_seed43_20261010_222312_428261_8435935e,dqn,43,v1,sparse,97,1219,-10.0,0,9,0.8852314919032646,0.05612235407655438,220,True,False,True,0.4133721999969566
debug_algorithm_dqn_statev1_sparse_seed43_20261010_222312_428261_8435935e,dqn,43,v1,sparse,98,1222,-10.0,0,3,0.8849659490117532,0.05628111275533835,223,True,False,True,0.41773749999993015
debug_algorithm_dqn_statev1_sparse_seed43_20261010_222312_428261_8435935e,dqn,43,v1,sparse,99,1229,-10.0,0,7,0.8843466586593235,0.15368503744580916,230,True,False,True,0.42931959999987157
debug_algorithm_dqn_statev1_sparse_seed43_20261010_222312_428261_8435935e,dqn,43,v1,sparse,100,1239,-10.0,0,10,0.8834627098505575,0.10583855793811381,240,True,False,True,0.44833310000103666
debug_algorithm_dqn_statev1_sparse_seed43_20261010_222312_428261_8435935e,dqn,43,v1,sparse,101,1263,0.0,1,24,0.8813448359168053,0.09138880369331066,264,True,False,True,0.5034640000012587
debug_algorithm_dqn_statev1_sparse_seed43_20261010_222312_428261_8435935e,dqn,43,v1,sparse,102,1269,-10.0,0,6,0.8808161611993552,0.07906789829333623,270,True,False,True,0.5120240000032936
debug_algorithm_dqn_statev1_sparse_seed43_20261010_222312_428261_8435935e,dqn,43,v1,sparse,103,1278,0.0,1,9,0.8800237436741165,0.11730614289020498,279,True,False,True,0.5266499999997905
debug_algorithm_dqn_statev1_sparse_seed43_20261010_222312_428261_8435935e,dqn,43,v1,sparse,104,1284,-10.0,0,6,0.8794958614138745,0.006740027262518804,285,True,False,True,0.5369873000017833
debug_algorithm_dqn_statev1_sparse_seed43_20261010_222312_428261_8435935e,dqn,43,v1,sparse,105,1285,-10.0,0,1,0.8794079118277331,0.008823053911328316,286,True,False,True,0.5386259000006248
debug_algorithm_dqn_statev1_sparse_seed43_20261010_222312_428261_8435935e,dqn,43,v1,sparse,106,1301,-10.0,0,16,0.8780019139659949,0.13214017401332967,302,True,False,True,0.5684202999982517
debug_algorithm_dqn_statev1_sparse_seed43_20261010_222312_428261_8435935e,dqn,43,v1,sparse,107,1317,-10.0,0,16,0.8765981640144248,0.08531733613926917,318,True,False,True,0.5958947999970405
debug_algorithm_dqn_statev1_sparse_seed43_20261010_222312_428261_8435935e,dqn,43,v1,sparse,108,1320,-10.0,0,3,0.8763352108622888,0.10164699765543143,321,True,False,True,0.6022939000031329
debug_algorithm_dqn_statev1_sparse_seed43_20261010_222312_428261_8435935e,dqn,43,v1,sparse,109,1347,-10.0,0,27,0.8739721791678078,0.056179734533307726,348,True,False,True,0.6567746000000625
debug_algorithm_dqn_statev1_sparse_seed43_20261010_222312_428261_8435935e,dqn,43,v1,sparse,110,1353,-10.0,0,6,0.8734479269386559,0.07782405967979382,354,True,False,True,0.6685398999979952
debug_algorithm_dqn_statev1_sparse_seed43_20261010_222312_428261_8435935e,dqn,43,v1,sparse,111,1361,-10.0,0,8,0.8727494131136175,0.040158874908229336,362,True,False,True,0.6835442000010516
debug_algorithm_dqn_statev1_sparse_seed43_20261010_222312_428261_8435935e,dqn,43,v1,sparse,112,1362,-10.0,0,1,0.8726621381723062,0.14661261439323425,363,True,False,True,0.6854955000017071
debug_algorithm_dqn_statev1_sparse_seed43_20261010_222312_428261_8435935e,dqn,43,v1,sparse,113,1368,-10.0,0,6,0.8721386717712716,0.12411170518801858,369,True,False,True,0.6950046999991173
debug_algorithm_dqn_statev1_sparse_seed43_20261010_222312_428261_8435935e,dqn,43,v1,sparse,114,1398,-10.0,0,30,0.8695260460206861,0.127662130650909,399,True,False,True,0.745938500003831
debug_algorithm_dqn_statev1_sparse_seed43_20261010_222312_428261_8435935e,dqn,43,v1,sparse,115,1399,-10.0,0,1,0.869439093416084,0.005079477559775114,400,True,False,True,0.7480282000033185
debug_algorithm_dqn_statev1_sparse_seed43_20261010_222312_428261_8435935e,dqn,43,v1,sparse,116,1410,-10.0,0,11,0.8684831884613992,0.029796337338418445,411,True,False,True,0.7717645000011544
debug_algorithm_dqn_statev1_sparse_seed43_20261010_222312_428261_8435935e,dqn,43,v1,sparse,117,1416,-10.0,0,6,0.8679622288034323,0.07595547901776929,417,True,False,True,0.7858314999975846
debug_algorithm_dqn_statev1_sparse_seed43_20261010_222312_428261_8435935e,dqn,43,v1,sparse,118,1418,0.0,1,2,0.8677886450372939,0.1460999995470047,419,True,False,True,0.7896833999984665
debug_algorithm_dqn_statev1_sparse_seed43_20261010_222312_428261_8435935e,dqn,43,v1,sparse,119,1424,-10.0,0,6,0.8672681020012138,0.144189812320595,425,True,False,True,0.8009651000029407
debug_algorithm_dqn_statev1_sparse_seed43_20261010_222312_428261_8435935e,dqn,43,v1,sparse,120,1425,-10.0,0,1,0.8671813751910137,0.4262445867061615,426,True,False,True,0.8042582999987644
debug_algorithm_dqn_statev1_sparse_seed43_20261010_222312_428261_8435935e,dqn,43,v1,sparse,121,1442,-10.0,0,17,0.8657083456303823,0.07170892526696929,443,True,False,True,0.8357503000006545
debug_algorithm_dqn_statev1_sparse_seed43_20261010_222312_428261_8435935e,dqn,43,v1,sparse,122,1463,-10.0,0,21,0.8638921749412104,0.10095776127473939,464,True,False,True,0.8727436999979545
debug_algorithm_dqn_statev1_sparse_seed43_20261010_222312_428261_8435935e,dqn,43,v1,sparse,123,1469,-10.0,0,6,0.8633739692027953,0.0775332114038368,470,True,False,True,0.8839069000023301
debug_algorithm_dqn_statev1_sparse_seed43_20261010_222312_428261_8435935e,dqn,43,v1,sparse,124,1493,-10.0,0,24,0.861304252842312,0.05188238476209032,494,True,False,True,0.9299508999974933
debug_algorithm_dqn_statev1_sparse_seed43_20261010_222312_428261_8435935e,dqn,43,v1,sparse,125,1509,-10.0,0,16,0.8599271991206943,0.13756489492516266,510,True,False,True,0.9593977999975323
debug_algorithm_dqn_statev1_sparse_seed43_20261010_222312_428261_8435935e,dqn,43,v1,sparse,126,1512,-10.0,0,3,0.8596692467579141,0.09644200063000123,513,True,False,True,0.9644238000037149
debug_algorithm_dqn_statev1_sparse_seed43_20261010_222312_428261_8435935e,dqn,43,v1,sparse,127,1515,-10.0,0,3,0.8594113717731046,0.007443985901772976,516,True,False,True,0.9712787000025855
debug_algorithm_dqn_statev1_sparse_seed43_20261010_222312_428261_8435935e,dqn,43,v1,sparse,128,1543,-10.0,0,28,0.8570082656934526,0.07403496255366397,544,True,False,True,1.0338445000015781
debug_algorithm_dqn_statev1_sparse_seed43_20261010_222312_428261_8435935e,dqn,43,v1,sparse,129,1546,-10.0,0,3,0.8567511889231355,0.09549180969285469,547,True,False,True,1.0412643000017852
debug_algorithm_dqn_statev1_sparse_seed43_20261010_222312_428261_8435935e,dqn,43,v1,sparse,130,1556,0.0,1,10,0.8558948231694552,0.04771930347196758,557,True,False,True,1.0602412000007462
debug_algorithm_dqn_statev1_sparse_seed43_20261010_222312_428261_8435935e,dqn,43,v1,sparse,131,1564,-10.0,0,8,0.855210346913546,0.09474758122814819,565,True,False,True,1.074988200001826
debug_algorithm_dqn_statev1_sparse_seed43_20261010_222312_428261_8435935e,dqn,43,v1,sparse,132,1581,-10.0,0,17,0.8537576518285253,0.10252753644496859,582,True,False,True,1.107951799996954
debug_algorithm_dqn_statev1_sparse_seed43_20261010_222312_428261_8435935e,dqn,43,v1,sparse,133,1628,0.0,1,47,0.8497542061566828,0.10444937043506256,629,True,False,True,1.1850334999980987
debug_algorithm_dqn_statev1_sparse_seed43_20261010_222312_428261_8435935e,dqn,43,v1,sparse,134,1646,-10.0,0,18,0.848225948016397,0.114553157110802,647,True,False,True,1.2152254000029643
debug_algorithm_dqn_statev1_sparse_seed43_20261010_222312_428261_8435935e,dqn,43,v1,sparse,135,1658,-10.0,0,12,0.8472086365213355,0.06446835020324215,659,True,False,True,1.2338442999971448
debug_algorithm_dqn_statev1_sparse_seed43_20261010_222312_428261_8435935e,dqn,43,v1,sparse,136,1680,-10.0,0,22,0.8453467332688572,0.0749443132980642,681,True,False,True,1.2717072000014014
debug_algorithm_dqn_statev1_sparse_seed43_20261010_222312_428261_8435935e,dqn,43,v1,sparse,137,1683,-10.0,0,3,0.8450931546084332,0.05104393973791351,684,True,False,True,1.2791897999995854
debug_algorithm_dqn_statev1_sparse_seed43_20261010_222312_428261_8435935e,dqn,43,v1,sparse,138,1689,-10.0,0,6,0.8445862254627408,0.09602890144257496,690,True,False,True,1.2887744000036037
debug_algorithm_dqn_statev1_sparse_seed43_20261010_222312_428261_8435935e,dqn,43,v1,sparse,139,1744,0.0,1,55,0.8399535211992005,0.07711697329386052,745,True,False,True,1.3840905999968527
debug_algorithm_dqn_statev1_sparse_seed43_20261010_222312_428261_8435935e,dqn,43,v1,sparse,140,1755,-10.0,0,11,0.8390300341617535,0.13260594509880652,756,True,False,True,1.4008762000012212
debug_algorithm_dqn_statev1_sparse_seed43_20261010_222312_428261_8435935e,dqn,43,v1,sparse,141,1757,-10.0,0,2,0.8388622365452214,0.1397682041861117,758,True,False,True,1.4039503000021796
debug_algorithm_dqn_statev1_sparse_seed43_20261010_222312_428261_8435935e,dqn,43,v1,sparse,142,1765,-10.0,0,8,0.8381913815904412,0.1287711649783887,766,True,False,True,1.414740799998981
debug_algorithm_dqn_statev1_sparse_seed43_20261010_222312_428261_8435935e,dqn,43,v1,sparse,143,1832,0.0,1,67,0.8325939916558395,0.10276208046490132,833,True,False,True,1.5765874999997322
debug_algorithm_dqn_statev1_sparse_seed43_20261010_222312_428261_8435935e,dqn,43,v1,sparse,144,1833,-10.0,0,1,0.8325107322566739,0.1451725959777832,834,True,False,True,1.5791940999988583
debug_algorithm_dqn_statev1_sparse_seed43_20261010_222312_428261_8435935e,dqn,43,v1,sparse,145,1839,-10.0,0,6,0.8320113506772808,0.05526197833629946,840,True,False,True,1.5930585000023711
debug_algorithm_dqn_statev1_sparse_seed43_20261010_222312_428261_8435935e,dqn,43,v1,sparse,146,1851,-10.0,0,12,0.8310134860009584,0.08693899575155228,852,True,False,True,1.6338772000017343
debug_algorithm_dqn_statev1_sparse_seed43_20261010_222312_428261_8435935e,dqn,43,v1,sparse,147,1878,-10.0,0,27,0.828772664016835,0.10376833857002633,879,True,False,True,1.7082926000002772
debug_algorithm_dqn_statev1_sparse_seed43_20261010_222312_428261_8435935e,dqn,43,v1,sparse,148,1885,10.0,2,7,0.8281926971652785,0.15081122823591744,886,True,False,True,1.7287069000012707
debug_algorithm_dqn_statev1_sparse_seed43_20261010_222312_428261_8435935e,dqn,43,v1,sparse,149,1891,0.0,1,6,0.8276959057593214,0.1859071384727334,892,True,False,True,1.7477416999972775
debug_algorithm_dqn_statev1_sparse_seed43_20261010_222312_428261_8435935e,dqn,43,v1,sparse,150,1903,-10.0,0,12,0.826703216769656,0.12150500617766131,904,True,False,True,1.7838036000030115
debug_algorithm_dqn_statev1_sparse_seed43_20261010_222312_428261_8435935e,dqn,43,v1,sparse,151,1933,-10.0,0,30,0.8242266999241896,0.07397663190107172,934,True,False,True,1.8571981999994023
debug_algorithm_dqn_statev1_sparse_seed43_20261010_222312_428261_8435935e,dqn,43,v1,sparse,152,1935,-10.0,0,2,0.8240618628264719,0.07091056974604726,936,True,False,True,1.861872499997844
debug_algorithm_dqn_statev1_sparse_seed43_20261010_222312_428261_8435935e,dqn,43,v1,sparse,153,1936,-10.0,0,1,0.8239794566401892,0.0027440187986940145,937,True,False,True,1.8649393000014243
debug_algorithm_dqn_statev1_sparse_seed43_20261010_222312_428261_8435935e,dqn,43,v1,sparse,154,1952,-10.0,0,16,0.8226620778236344,0.0922632762012654,953,True,False,True,1.9012284999989788
debug_algorithm_dqn_statev1_sparse_seed43_20261010_222312_428261_8435935e,dqn,43,v1,sparse,155,1953,-10.0,0,1,0.822579811615852,0.002653231378644705,954,True,False,True,1.9039553999973577
debug_algorithm_dqn_statev1_sparse_seed43_20261010_222312_428261_8435935e,dqn,43,v1,sparse,156,1960,-10.0,0,7,0.8220041784606941,0.12102581015122789,961,True,False,True,1.921365499998501
debug_algorithm_dqn_statev1_sparse_seed43_20261010_222312_428261_8435935e,dqn,43,v1,sparse,157,1963,-10.0,0,3,0.8217576018664593,0.10019844366858403,964,True,False,True,1.9291570999994292
debug_algorithm_dqn_statev1_sparse_seed43_20261010_222312_428261_8435935e,dqn,43,v1,sparse,158,1966,-10.0,0,3,0.8215110992378057,0.054618132300674915,967,True,False,True,1.9367781999972067
debug_algorithm_dqn_statev1_sparse_seed43_20261010_222312_428261_8435935e,dqn,43,v1,sparse,159,1974,0.0,1,8,0.8208541203355244,0.08819235357805155,975,True,False,True,1.956236700003501
debug_algorithm_dqn_statev1_sparse_seed43_20261010_222312_428261_8435935e,dqn,43,v1,sparse,160,1981,-10.0,0,7,0.8202796948019279,0.07889762670466942,982,True,False,True,1.9734071999992011
debug_algorithm_dqn_statev1_sparse_seed43_20261010_222312_428261_8435935e,dqn,43,v1,sparse,161,1993,-10.0,0,12,0.8192959003723432,0.10698319047999878,994,True,False,True,2.0029566000011982
debug_algorithm_dqn_statev1_sparse_seed43_20261010_222312_428261_8435935e,dqn,43,v1,sparse,162,2005,-10.0,0,12,0.818313285846986,0.10018466645851731,1006,True,False,True,2.0344103000024916
debug_algorithm_dqn_statev1_sparse_seed43_20261010_222312_428261_8435935e,dqn,43,v1,sparse,163,2074,-10.0,0,69,0.8126860790002739,0.09052415758344358,1075,True,False,True,2.203402899998764
debug_algorithm_dqn_statev1_sparse_seed43_20261010_222312_428261_8435935e,dqn,43,v1,sparse,164,2096,-10.0,0,22,0.8109000456803733,0.11181275557133961,1097,True,False,True,2.2541302000026917
debug_algorithm_dqn_statev1_sparse_seed43_20261010_222312_428261_8435935e,dqn,43,v1,sparse,165,2109,-10.0,0,13,0.8098465078911652,0.17222304498920074,1110,True,False,True,2.2795724000025075
debug_algorithm_dqn_statev1_sparse_seed43_20261010_222312_428261_8435935e,dqn,43,v1,sparse,166,2170,0.0,1,61,0.8049212352799624,0.08525166689555665,1171,True,False,True,2.389160799997626
debug_algorithm_dqn_statev1_sparse_seed43_20261010_222312_428261_8435935e,dqn,43,v1,sparse,167,2177,-10.0,0,7,0.8043579594205564,0.11104033548118812,1178,True,False,True,2.4032797000036226
debug_algorithm_dqn_statev1_sparse_seed43_20261010_222312_428261_8435935e,dqn,43,v1,sparse,168,2188,0.0,1,11,0.803473607929379,0.13601453907110475,1189,True,False,True,2.422616800002288
debug_algorithm_dqn_statev1_sparse_seed43_20261010_222312_428261_8435935e,dqn,43,v1,sparse,169,2190,-10.0,0,2,0.8033129212425293,0.014396334532648325,1191,True,False,True,2.4257100999966497
debug_algorithm_dqn_statev1_sparse_seed43_20261010_222312_428261_8435935e,dqn,43,v1,sparse,170,2222,-10.0,0,32,0.8007463003450978,0.0947955164447194,1223,True,False,True,2.4878010000029462
debug_algorithm_dqn_statev1_sparse_seed43_20261010_222312_428261_8435935e,dqn,43,v1,sparse,171,2239,-10.0,0,17,0.7993861201051627,0.1314802530550343,1240,True,False,True,2.5260533000036958
debug_algorithm_dqn_statev1_sparse_seed43_20261010_222312_428261_8435935e,dqn,43,v1,sparse,172,2240,-10.0,0,1,0.7993061814931522,0.2665700912475586,1241,True,False,True,2.5291089000020293
debug_algorithm_dqn_statev1_sparse_seed43_20261010_222312_428261_8435935e,dqn,43,v1,sparse,173,2249,-10.0,0,9,0.7985870936129023,0.04368869598127074,1250,True,False,True,2.5462367000000086
debug_algorithm_dqn_statev1_sparse_seed43_20261010_222312_428261_8435935e,dqn,43,v1,sparse,174,2282,-10.0,0,33,0.7959559683900088,0.11391608792385369,1283,True,False,True,2.623810400000366
debug_algorithm_dqn_statev1_sparse_seed43_20261010_222312_428261_8435935e,dqn,43,v1,sparse,175,2294,-10.0,0,12,0.7950013463838091,0.11393053239832322,1295,True,False,True,2.6527451000001747
debug_algorithm_dqn_statev1_sparse_seed43_20261010_222312_428261_8435935e,dqn,43,v1,sparse,176,2324,-10.0,0,30,0.7926197973749869,0.0769919832625116,1325,True,False,True,2.7188495000009425
debug_algorithm_dqn_statev1_sparse_seed43_20261010_222312_428261_8435935e,dqn,43,v1,sparse,177,2335,-10.0,0,11,0.7917483514080069,0.07763949153013527,1336,True,False,True,2.740218200000527
debug_algorithm_dqn_statev1_sparse_seed43_20261010_222312_428261_8435935e,dqn,43,v1,sparse,178,2347,-10.0,0,12,0.7907987757660838,0.12691779523932686,1348,True,False,True,2.7595328000024892
debug_algorithm_dqn_statev1_sparse_seed43_20261010_222312_428261_8435935e,dqn,43,v1,sparse,179,2350,-10.0,0,3,0.7905615598565264,0.09516599650184314,1351,True,False,True,2.765007699999842
debug_algorithm_dqn_statev1_sparse_seed43_20261010_222312_428261_8435935e,dqn,43,v1,sparse,180,2366,-10.0,0,16,0.7892976095920575,0.08989933744305745,1367,True,False,True,2.7959344999981113
debug_algorithm_dqn_statev1_sparse_seed43_20261010_222312_428261_8435935e,dqn,43,v1,sparse,181,2391,0.0,1,25,0.7873267316465199,0.08723832931369543,1392,True,False,True,2.841753200002131
debug_algorithm_dqn_statev1_sparse_seed43_20261010_222312_428261_8435935e,dqn,43,v1,sparse,182,2398,-10.0,0,7,0.7867757682454274,0.11251073117767062,1399,True,False,True,2.8552369000026374
debug_algorithm_dqn_statev1_sparse_seed43_20261010_222312_428261_8435935e,dqn,43,v1,sparse,183,2424,-10.0,0,26,0.7847327062247952,0.09507541043254045,1425,True,False,True,2.9057910999981686
debug_algorithm_dqn_statev1_sparse_seed43_20261010_222312_428261_8435935e,dqn,43,v1,sparse,184,2462,-10.0,0,38,0.7817562319978494,0.1264027591034966,1463,True,False,True,2.983650399997714
debug_algorithm_dqn_statev1_sparse_seed43_20261010_222312_428261_8435935e,dqn,43,v1,sparse,185,2479,-10.0,0,17,0.7804283090605204,0.0918316907961579,1480,True,False,True,3.020325400000729
debug_algorithm_dqn_statev1_sparse_seed43_20261010_222312_428261_8435935e,dqn,43,v1,sparse,186,2481,-10.0,0,2,0.7802722312029914,0.014421376399695873,1482,True,False,True,3.0233261000030325
debug_algorithm_dqn_statev1_sparse_seed43_20261010_222312_428261_8435935e,dqn,43,v1,sparse,187,2484,0.0,1,3,0.7800381729410172,0.2739628652731578,1485,True,False,True,3.02967560000252
debug_algorithm_dqn_statev1_sparse_seed43_20261010_222312_428261_8435935e,dqn,43,v1,sparse,188,2486,-10.0,0,2,0.7798821731068107,0.22062088921666145,1487,True,False,True,3.0330552000013995
debug_algorithm_dqn_statev1_sparse_seed43_20261010_222312_428261_8435935e,dqn,43,v1,sparse,189,2549,10.0,2,63,0.7749841155915783,0.11505729551353151,1550,True,False,True,3.142803000002459
debug_algorithm_dqn_statev1_sparse_seed43_20261010_222312_428261_8435935e,dqn,43,v1,sparse,190,2565,-10.0,0,16,0.7737450705537205,0.13078822247916833,1566,True,False,True,3.173929800002952
debug_algorithm_dqn_statev1_sparse_seed43_20261010_222312_428261_8435935e,dqn,43,v1,sparse,191,2573,-10.0,0,8,0.773126291102573,0.1481593365315348,1574,True,False,True,3.187095799999952
debug_algorithm_dqn_statev1_sparse_seed43_20261010_222312_428261_8435935e,dqn,43,v1,sparse,192,2574,-10.0,0,1,0.7730489784734628,0.272133469581604,1575,True,False,True,3.188650800002506
debug_algorithm_dqn_statev1_sparse_seed43_20261010_222312_428261_8435935e,dqn,43,v1,sparse,193,2577,-10.0,0,3,0.772817086970617,0.11492747099449237,1578,True,False,True,3.1930334999997285
debug_algorithm_dqn_statev1_sparse_seed43_20261010_222312_428261_8435935e,dqn,43,v1,sparse,194,2609,0.0,1,32,0.7703479016346673,0.11367835861165076,1610,True,False,True,3.2638057000003755
debug_algorithm_dqn_statev1_sparse_seed43_20261010_222312_428261_8435935e,dqn,43,v1,sparse,195,2612,-10.0,0,3,0.7701168203738437,0.06386870238929987,1613,True,False,True,3.2690156000026036
debug_algorithm_dqn_statev1_sparse_seed43_20261010_222312_428261_8435935e,dqn,43,v1,sparse,196,2637,-10.0,0,25,0.7681938369030756,0.12998561581596732,1638,True,False,True,3.3146389000030467
debug_algorithm_dqn_statev1_sparse_seed43_20261010_222312_428261_8435935e,dqn,43,v1,sparse,197,2649,-10.0,0,12,0.7672725111377597,0.12002105130037914,1650,True,False,True,3.3456442000024254
debug_algorithm_dqn_statev1_sparse_seed43_20261010_222312_428261_8435935e,dqn,43,v1,sparse,198,2656,-10.0,0,7,0.7667355814803388,0.16795455730919326,1657,True,False,True,3.3613277999975253
debug_algorithm_dqn_statev1_sparse_seed43_20261010_222312_428261_8435935e,dqn,43,v1,sparse,199,2657,-10.0,0,1,0.7666589079221908,0.2915384769439697,1658,True,False,True,3.364329500000167
debug_algorithm_dqn_statev1_sparse_seed43_20261010_222312_428261_8435935e,dqn,43,v1,sparse,200,2662,-10.0,0,5,0.7662756551264543,0.14732344672083855,1663,True,False,True,3.377833099999407
debug_algorithm_dqn_statev1_sparse_seed43_20261010_222312_428261_8435935e,dqn,43,v1,sparse,201,2664,-10.0,0,2,0.7661224076581856,0.010559711139649153,1665,True,False,True,3.3918352000036975
debug_algorithm_dqn_statev1_sparse_seed43_20261010_222312_428261_8435935e,dqn,43,v1,sparse,202,2708,-10.0,0,44,0.7627587064463331,0.10599550795318051,1709,True,False,True,3.4822664000021177
debug_algorithm_dqn_statev1_sparse_seed43_20261010_222312_428261_8435935e,dqn,43,v1,sparse,203,2714,0.0,1,6,0.7623011656210174,0.11055848964800437,1715,True,False,True,3.494978299997456
debug_algorithm_dqn_statev1_sparse_seed43_20261010_222312_428261_8435935e,dqn,43,v1,sparse,204,2720,-10.0,0,6,0.7618438992515748,0.08496188217153151,1721,True,False,True,3.5059943000014755
debug_algorithm_dqn_statev1_sparse_seed43_20261010_222312_428261_8435935e,dqn,43,v1,sparse,205,2722,-10.0,0,2,0.7616915380901634,0.12720170919783413,1723,True,False,True,3.5095550999976695
debug_algorithm_dqn_statev1_sparse_seed43_20261010_222312_428261_8435935e,dqn,43,v1,sparse,206,2815,10.0,2,93,0.7546402933302592,0.09988735244178804,1816,True,False,True,3.7191572000010638
debug_algorithm_dqn_statev1_sparse_seed43_20261010_222312_428261_8435935e,dqn,43,v1,sparse,207,2843,-10.0,0,28,0.7525301505785863,0.13928420578927866,1844,True,False,True,3.767162299998745
debug_algorithm_dqn_statev1_sparse_seed43_20261010_222312_428261_8435935e,dqn,43,v1,sparse,208,2844,-10.0,0,1,0.7524548975635285,0.1269138902425766,1845,True,False,True,3.7693309000023874
debug_algorithm_dqn_statev1_sparse_seed43_20261010_222312_428261_8435935e,dqn,43,v1,sparse,209,2846,-10.0,0,2,0.7523044141085647,0.013986363774165511,1847,True,False,True,3.771989400003804
debug_algorithm_dqn_statev1_sparse_seed43_20261010_222312_428261_8435935e,dqn,43,v1,sparse,210,2866,0.0,1,20,0.7508012338014718,0.06977171772159636,1867,True,False,True,3.8083031999995
debug_algorithm_dqn_statev1_sparse_seed43_20261010_222312_428261_8435935e,dqn,43,v1,sparse,211,2878,0.0,1,12,0.7499007676845854,0.10565585767229398,1879,True,False,True,3.8294605999981286
debug_algorithm_dqn_statev1_sparse_seed43_20261010_222312_428261_8435935e,dqn,43,v1,sparse,212,2885,-10.0,0,7,0.7493759946001234,0.07301113448504891,1886,True,False,True,3.8441874999989523
debug_algorithm_dqn_statev1_sparse_seed43_20261010_222312_428261_8435935e,dqn,43,v1,sparse,213,2891,-10.0,0,6,0.7489264813947762,0.15091002313420177,1892,True,False,True,3.8560424000024796
debug_algorithm_dqn_statev1_sparse_seed43_20261010_222312_428261_8435935e,dqn,43,v1,sparse,214,2911,-10.0,0,20,0.7474300505388882,0.11915616698097438,1912,True,False,True,3.8924213999998756
debug_algorithm_dqn_statev1_sparse_seed43_20261010_222312_428261_8435935e,dqn,43,v1,sparse,215,2917,-10.0,0,6,0.7469817046081252,0.03873574174940586,1918,True,False,True,3.904577100001916
debug_algorithm_dqn_statev1_sparse_seed43_20261010_222312_428261_8435935e,dqn,43,v1,sparse,216,2947,0.0,1,30,0.7447440058340166,0.13784040433044234,1948,True,False,True,3.960163800002192
debug_algorithm_dqn_statev1_sparse_seed43_20261010_222312_428261_8435935e,dqn,43,v1,sparse,217,2954,-10.0,0,7,0.7442228414001106,0.0889512486755848,1955,True,False,True,3.9743919000029564
debug_algorithm_dqn_statev1_sparse_seed43_20261010_222312_428261_8435935e,dqn,43,v1,sparse,218,2975,-10.0,0,21,0.7426615353117658,0.09452865330413693,1976,True,False,True,4.014702200001921
debug_algorithm_dqn_statev1_sparse_seed43_20261010_222312_428261_8435935e,dqn,43,v1,sparse,219,2979,-10.0,0,4,0.7423645152543628,0.14709741435945034,1980,True,False,True,4.023985300002096
debug_algorithm_dqn_statev1_sparse_seed43_20261010_222312_428261_8435935e,dqn,43,v1,sparse,220,2995,10.0,2,16,0.741177622451785,0.12122199515579268,1996,True,False,True,4.060094599997683
debug_algorithm_dqn_statev1_sparse_seed43_20261010_222312_428261_8435935e,dqn,43,v1,sparse,221,2996,-10.0,0,1,0.7411035046895398,0.010283715091645718,1997,True,False,True,4.062060999996902
debug_algorithm_dqn_statev1_sparse_seed43_20261010_222312_428261_8435935e,dqn,43,v1,sparse,222,3053,0.0,1,57,0.7368910210692992,0.12902457177181514,2054,True,False,True,4.171662499997183
debug_algorithm_dqn_statev1_sparse_seed43_20261010_222312_428261_8435935e,dqn,43,v1,sparse,223,3068,0.0,1,15,0.7357864579380827,0.1547208985934655,2069,True,False,True,4.196522799997183
debug_algorithm_dqn_statev1_sparse_seed43_20261010_222312_428261_8435935e,dqn,43,v1,sparse,224,3109,10.0,2,41,0.7327757590734547,0.13673993036514376,2110,True,False,True,4.264376300001459
debug_algorithm_dqn_statev1_sparse_seed43_20261010_222312_428261_8435935e,dqn,43,v1,sparse,225,3185,0.0,1,76,0.7272274959933731,0.147321318901193,2186,True,False,True,4.3978719000006095
debug_algorithm_dqn_statev1_sparse_seed43_20261010_222312_428261_8435935e,dqn,43,v1,sparse,226,3194,-10.0,0,9,0.7265732529877998,0.08588592563238409,2195,True,False,True,4.412238899996737
debug_algorithm_dqn_statev1_sparse_seed43_20261010_222312_428261_8435935e,dqn,43,v1,sparse,227,3244,10.0,2,50,0.7229492730210924,0.12825324051082135,2245,True,False,True,4.504825500000152
debug_algorithm_dqn_statev1_sparse_seed43_20261010_222312_428261_8435935e,dqn,43,v1,sparse,228,3252,-10.0,0,8,0.7223711159879919,0.11624578316695988,2253,True,False,True,4.516782200000307
debug_algorithm_dqn_statev1_sparse_seed43_20261010_222312_428261_8435935e,dqn,43,v1,sparse,229,3253,-10.0,0,1,0.7222988788763931,0.1348118782043457,2254,True,False,True,4.518498400000681
debug_algorithm_dqn_statev1_sparse_seed43_20261010_222312_428261_8435935e,dqn,43,v1,sparse,230,3264,-10.0,0,11,0.7215047472548571,0.09702994699843905,2265,True,False,True,4.535155999998096
debug_algorithm_dqn_statev1_sparse_seed43_20261010_222312_428261_8435935e,dqn,43,v1,sparse,231,3267,-10.0,0,3,0.7212883174751016,0.06845868875583012,2268,True,False,True,4.539983599999687
debug_algorithm_dqn_statev1_sparse_seed43_20261010_222312_428261_8435935e,dqn,43,v1,sparse,232,3311,10.0,2,44,0.7181214627227361,0.12654280628670345,2312,True,False,True,4.607811599998968
debug_algorithm_dqn_statev1_sparse_seed43_20261010_222312_428261_8435935e,dqn,43,v1,sparse,233,3343,0.0,1,32,0.7158270323651768,0.1520304213045165,2344,True,False,True,4.662364900003013
debug_algorithm_dqn_statev1_sparse_seed43_20261010_222312_428261_8435935e,dqn,43,v1,sparse,234,3344,-10.0,0,1,0.7157554496619403,0.03477025032043457,2345,True,False,True,4.664481799998612
debug_algorithm_dqn_statev1_sparse_seed43_20261010_222312_428261_8435935e,dqn,43,v1,sparse,235,3370,0.0,1,26,0.7138968098381363,0.18430258269206837,2371,True,False,True,4.714149200000975
debug_algorithm_dqn_statev1_sparse_seed43_20261010_222312_428261_8435935e,dqn,43,v1,sparse,236,3377,0.0,1,7,0.7133972319645958,0.1318774920489107,2378,True,False,True,4.727008100002422
debug_algorithm_dqn_statev1_sparse_seed43_20261010_222312_428261_8435935e,dqn,43,v1,sparse,237,3380,-10.0,0,3,0.71318323419621,0.22059915463129678,2381,True,False,True,4.736691099999007
debug_algorithm_dqn_statev1_sparse_seed43_20261010_222312_428261_8435935e,dqn,43,v1,sparse,238,3404,0.0,1,24,0.7114735613771402,0.12921089155133814,2405,True,False,True,4.774063199998636
debug_algorithm_dqn_statev1_sparse_seed43_20261010_222312_428261_8435935e,dqn,43,v1,sparse,239,3433,-10.0,0,29,0.7094131740337704,0.178020845681172,2434,True,False,True,4.834591600003478
debug_algorithm_dqn_statev1_sparse_seed43_20261010_222312_428261_8435935e,dqn,43,v1,sparse,240,3435,-10.0,0,2,0.7092712984930953,0.16055121645331383,2436,True,False,True,4.838787300002878
debug_algorithm_dqn_statev1_sparse_seed43_20261010_222312_428261_8435935e,dqn,43,v1,sparse,241,3438,-10.0,0,3,0.7090585383809771,0.07215950948496659,2439,True,False,True,4.84468509999715
debug_algorithm_dqn_statev1_sparse_seed43_20261010_222312_428261_8435935e,dqn,43,v1,sparse,242,3468,-10.0,0,30,0.7069344442936409,0.18517518835142255,2469,True,False,True,4.890561400003207
debug_algorithm_dqn_statev1_sparse_seed43_20261010_222312_428261_8435935e,dqn,43,v1,sparse,243,3475,-10.0,0,7,0.7064397386141285,0.13304264218147313,2476,True,False,True,4.906141100000241
debug_algorithm_dqn_statev1_sparse_seed43_20261010_222312_428261_8435935e,dqn,43,v1,sparse,244,3499,10.0,2,24,0.7047462315860497,0.12921895858986923,2500,True,False,True,4.954344400000991
debug_algorithm_dqn_statev1_sparse_seed43_20261010_222312_428261_8435935e,dqn,43,v1,sparse,245,3504,-10.0,0,5,0.7043939289378328,0.11845549568533897,2505,True,False,True,4.962219699998968
debug_algorithm_dqn_statev1_sparse_seed43_20261010_222312_428261_8435935e,dqn,43,v1,sparse,246,3505,-10.0,0,1,0.7043234895449391,0.27666497230529785,2506,True,False,True,4.964135800000804
debug_algorithm_dqn_statev1_sparse_seed43_20261010_222312_428261_8435935e,dqn,43,v1,sparse,247,3554,20.0,3,49,0.7008805743288595,0.1359383563263988,2555,True,False,True,5.05277660000138
debug_algorithm_dqn_statev1_sparse_seed43_20261010_222312_428261_8435935e,dqn,43,v1,sparse,248,3590,-10.0,0,36,0.6983618148087326,0.17846409171923167,2591,True,False,True,5.120914200000698
debug_algorithm_dqn_statev1_sparse_seed43_20261010_222312_428261_8435935e,dqn,43,v1,sparse,249,3634,10.0,2,44,0.695295620086712,0.15446427595716986,2635,True,False,True,5.2039233000032254
debug_algorithm_dqn_statev1_sparse_seed43_20261010_222312_428261_8435935e,dqn,43,v1,sparse,250,3636,-10.0,0,2,0.6951565679156508,0.10225253365933895,2637,True,False,True,5.208222100001876
debug_algorithm_dqn_statev1_sparse_seed43_20261010_222312_428261_8435935e,dqn,43,v1,sparse,251,3695,0.0,1,59,0.6910670157265849,0.1662860055280439,2696,True,False,True,5.3092096999971545
debug_algorithm_dqn_statev1_sparse_seed43_20261010_222312_428261_8435935e,dqn,43,v1,sparse,252,3702,-10.0,0,7,0.6905834139154647,0.22974735125899315,2703,True,False,True,5.321817399999418
debug_algorithm_dqn_statev1_sparse_seed43_20261010_222312_428261_8435935e,dqn,43,v1,sparse,253,3709,-10.0,0,7,0.6901001505240728,0.14194263092109136,2710,True,False,True,5.338936400003149
debug_algorithm_dqn_statev1_sparse_seed43_20261010_222312_428261_8435935e,dqn,43,v1,sparse,254,3710,-10.0,0,1,0.6900311405090204,0.01734224706888199,2711,True,False,True,5.340649199999461
debug_algorithm_dqn_statev1_sparse_seed43_20261010_222312_428261_8435935e,dqn,43,v1,sparse,255,3722,-10.0,0,12,0.6892035584091897,0.10423674356813233,2723,True,False,True,5.360413399997924
debug_algorithm_dqn_statev1_sparse_seed43_20261010_222312_428261_8435935e,dqn,43,v1,sparse,256,3774,10.0,2,52,0.6856288235318889,0.16854082450915414,2775,True,False,True,5.442398699997284
debug_algorithm_dqn_statev1_sparse_seed43_20261010_222312_428261_8435935e,dqn,43,v1,sparse,257,3786,-10.0,0,12,0.6848065213078702,0.1779602348494033,2787,True,False,True,5.458892199996626
debug_algorithm_dqn_statev1_sparse_seed43_20261010_222312_428261_8435935e,dqn,43,v1,sparse,258,3809,0.0,1,23,0.6832331976571747,0.18414794848017071,2810,True,False,True,5.496943500002089
debug_algorithm_dqn_statev1_sparse_seed43_20261010_222312_428261_8435935e,dqn,43,v1,sparse,259,3834,0.0,1,25,0.6815271627920526,0.19642237082123756,2835,True,False,True,5.538219800000661
debug_algorithm_dqn_statev1_sparse_seed43_20261010_222312_428261_8435935e,dqn,43,v1,sparse,260,3836,-10.0,0,2,0.6813908641747658,0.22379223257303238,2837,True,False,True,5.541244200001529
debug_algorithm_dqn_statev1_sparse_seed43_20261010_222312_428261_8435935e,dqn,43,v1,sparse,261,3840,-10.0,0,4,0.6811183487098224,0.15487408265471458,2841,True,False,True,5.549394900001062
debug_algorithm_dqn_statev1_sparse_seed43_20261010_222312_428261_8435935e,dqn,43,v1,sparse,262,3892,-10.0,0,52,0.6775855498915418,0.1464868736668275,2893,True,False,True,5.645379800000228
debug_algorithm_dqn_statev1_sparse_seed43_20261010_222312_428261_8435935e,dqn,43,v1,sparse,263,3942,10.0,2,50,0.6742059092999838,0.15863830000162124,2943,True,False,True,5.727841899999476
debug_algorithm_dqn_statev1_sparse_seed43_20261010_222312_428261_8435935e,dqn,43,v1,sparse,264,3946,-10.0,0,4,0.6739362673859217,0.2708924785256386,2947,True,False,True,5.737370700000611
debug_algorithm_dqn_statev1_sparse_seed43_20261010_222312_428261_8435935e,dqn,43,v1,sparse,265,3957,-10.0,0,11,0.6731953080455672,0.19027553820474583,2958,True,False,True,5.7584711000017705
debug_algorithm_dqn_statev1_sparse_seed43_20261010_222312_428261_8435935e,dqn,43,v1,sparse,266,3999,0.0,1,42,0.6703736762426258,0.13594739740004852,3000,True,False,True,5.82833810000011
debug_algorithm_dqn_statev1_sparse_seed43_20261010_222312_428261_8435935e,dqn,43,v1,sparse,267,4014,-10.0,0,15,0.6693688193156936,0.21310990725954373,3015,True,False,True,5.8548557000031
debug_algorithm_dqn_statev1_sparse_seed43_20261010_222312_428261_8435935e,dqn,43,v1,sparse,268,4062,0.0,1,48,0.6661633878988705,0.20719904858075702,3063,True,False,True,5.942374099999142
debug_algorithm_dqn_statev1_sparse_seed43_20261010_222312_428261_8435935e,dqn,43,v1,sparse,269,4071,-10.0,0,9,0.6655640806126318,0.13238787030180296,3072,True,False,True,5.958044799997879
debug_algorithm_dqn_statev1_sparse_seed43_20261010_222312_428261_8435935e,dqn,43,v1,sparse,270,4080,-10.0,0,9,0.6649653124872504,0.15982435167663628,3081,True,False,True,5.973217200000363
debug_algorithm_dqn_statev1_sparse_seed43_20261010_222312_428261_8435935e,dqn,43,v1,sparse,271,4124,20.0,3,44,0.6620457468863821,0.1699123203500428,3125,True,False,True,6.059053299999505
debug_algorithm_dqn_statev1_sparse_seed43_20261010_222312_428261_8435935e,dqn,43,v1,sparse,272,4175,20.0,3,51,0.6586777408899608,0.16328784845331135,3176,True,False,True,6.14994889999798
debug_algorithm_dqn_statev1_sparse_seed43_20261010_222312_428261_8435935e,dqn,43,v1,sparse,273,4176,-10.0,0,1,0.6586118731158718,0.08585353195667267,3177,True,False,True,6.151892599998973
debug_algorithm_dqn_statev1_sparse_seed43_20261010_222312_428261_8435935e,dqn,43,v1,sparse,274,4231,-10.0,0,55,0.6549992709438076,0.14471945230933753,3232,True,False,True,6.23813749999681
debug_algorithm_dqn_statev1_sparse_seed43_20261010_222312_428261_8435935e,dqn,43,v1,sparse,275,4247,0.0,1,16,0.6539520577427422,0.1826214378233999,3248,True,False,True,6.260528400001931
debug_algorithm_dqn_statev1_sparse_seed43_20261010_222312_428261_8435935e,dqn,43,v1,sparse,276,4260,-10.0,0,13,0.6531024299632983,0.20831602725845116,3261,True,False,True,6.283375500002876
debug_algorithm_dqn_statev1_sparse_seed43_20261010_222312_428261_8435935e,dqn,43,v1,sparse,277,4261,-10.0,0,1,0.653037119720302,0.25823748111724854,3262,True,False,True,6.28504729999986
debug_algorithm_dqn_statev1_sparse_seed43_20261010_222312_428261_8435935e,dqn,43,v1,sparse,278,4275,-10.0,0,14,0.6521234617788324,0.189704956220729,3276,True,False,True,6.305844599999546
debug_algorithm_dqn_statev1_sparse_seed43_20261010_222312_428261_8435935e,dqn,43,v1,sparse,279,4285,-10.0,0,10,0.6514716316943703,0.164755492657423,3286,True,False,True,6.32189539999672
debug_algorithm_dqn_statev1_sparse_seed43_20261010_222312_428261_8435935e,dqn,43,v1,sparse,280,4315,10.0,2,30,0.6495200480576949,0.18414723984897136,3316,True,False,True,6.371669499996642
debug_algorithm_dqn_statev1_sparse_seed43_20261010_222312_428261_8435935e,dqn,43,v1,sparse,281,4358,0.0,1,43,0.6467329690093636,0.1838543666743262,3359,True,False,True,6.439228299997922
debug_algorithm_dqn_statev1_sparse_seed43_20261010_222312_428261_8435935e,dqn,43,v1,sparse,282,4376,10.0,2,18,0.6455698386390532,0.25810840022232795,3377,True,False,True,6.474417800003721
debug_algorithm_dqn_statev1_sparse_seed43_20261010_222312_428261_8435935e,dqn,43,v1,sparse,283,4470,20.0,3,94,0.639529613675243,0.20833971908197124,3471,True,False,True,6.6326209000035306
debug_algorithm_dqn_statev1_sparse_seed43_20261010_222312_428261_8435935e,dqn,43,v1,sparse,284,4533,10.0,2,63,0.6355130417641337,0.18997450524734127,3534,True,False,True,6.748297899997851
debug_algorithm_dqn_statev1_sparse_seed43_20261010_222312_428261_8435935e,dqn,43,v1,sparse,285,4534,-10.0,0,1,0.6354494904599572,0.2366996705532074,3535,True,False,True,6.750220000001718
debug_algorithm_dqn_statev1_sparse_seed43_20261010_222312_428261_8435935e,dqn,43,v1,sparse,286,4547,-10.0,0,13,0.6346239015912687,0.21951808092685846,3548,True,False,True,6.772603600002185
debug_algorithm_dqn_statev1_sparse_seed43_20261010_222312_428261_8435935e,dqn,43,v1,sparse,287,4591,-10.0,0,44,0.6318375515700254,0.2304983740164475,3592,True,False,True,6.858524100003706
debug_algorithm_dqn_statev1_sparse_seed43_20261010_222312_428261_8435935e,dqn,43,v1,sparse,288,4592,-10.0,0,1,0.6317743678148684,0.1762186735868454,3593,True,False,True,6.860275200000615
debug_algorithm_dqn_statev1_sparse_seed43_20261010_222312_428261_8435935e,dqn,43,v1,sparse,289,4612,-10.0,0,20,0.6305120187306207,0.19037902858108283,3613,True,False,True,6.896254100000078
debug_algorithm_dqn_statev1_sparse_seed43_20261010_222312_428261_8435935e,dqn,43,v1,sparse,290,4638,0.0,1,26,0.6288747350075929,0.16566167349139085,3639,True,False,True,6.950417000000016
debug_algorithm_dqn_statev1_sparse_seed43_20261010_222312_428261_8435935e,dqn,43,v1,sparse,291,4658,-10.0,0,20,0.6276181796829617,0.1791637171059847,3659,True,False,True,6.993430599999556
debug_algorithm_dqn_statev1_sparse_seed43_20261010_222312_428261_8435935e,dqn,43,v1,sparse,292,4659,-10.0,0,1,0.6275554178649935,0.17791840434074402,3660,True,False,True,6.996172500003013
debug_algorithm_dqn_statev1_sparse_seed43_20261010_222312_428261_8435935e,dqn,43,v1,sparse,293,4673,0.0,1,14,0.6266774111270456,0.15864297215427672,3674,True,False,True,7.023854699997173
debug_algorithm_dqn_statev1_sparse_seed43_20261010_222312_428261_8435935e,dqn,43,v1,sparse,294,4687,0.0,1,14,0.625800632799864,0.19808187575212546,3688,True,False,True,7.050508499996795
debug_algorithm_dqn_statev1_sparse_seed43_20261010_222312_428261_8435935e,dqn,43,v1,sparse,295,4744,10.0,2,57,0.6222435386847718,0.17154446090653278,3745,True,False,True,7.162982699999702
debug_algorithm_dqn_statev1_sparse_seed43_20261010_222312_428261_8435935e,dqn,43,v1,sparse,296,4748,-10.0,0,4,0.6219946786014213,0.27126956079155207,3749,True,False,True,7.173328800003219
debug_algorithm_dqn_statev1_sparse_seed43_20261010_222312_428261_8435935e,dqn,43,v1,sparse,297,4755,0.0,1,7,0.6215594129235152,0.18995270266064576,3756,True,False,True,7.186320499997237
debug_algorithm_dqn_statev1_sparse_seed43_20261010_222312_428261_8435935e,dqn,43,v1,sparse,298,4779,0.0,1,24,0.6200693845791024,0.1860215070967873,3780,True,False,True,7.228296499997668
debug_algorithm_dqn_statev1_sparse_seed43_20261010_222312_428261_8435935e,dqn,43,v1,sparse,299,4786,-10.0,0,7,0.6196354662027675,0.13434045442513057,3787,True,False,True,7.242995699998573
debug_algorithm_dqn_statev1_sparse_seed43_20261010_222312_428261_8435935e,dqn,43,v1,sparse,300,4801,-10.0,0,15,0.6187066633388536,0.2029689816137155,3802,True,False,True,7.268497199998819
debug_algorithm_dqn_statev1_sparse_seed43_20261010_222312_428261_8435935e,dqn,43,v1,sparse,301,4825,10.0,2,24,0.617223473725626,0.21795022130633393,3826,True,False,True,7.316472300000896
debug_algorithm_dqn_statev1_sparse_seed43_20261010_222312_428261_8435935e,dqn,43,v1,sparse,302,4877,30.0,4,52,0.6140220824215697,0.1823587896875464,3878,True,False,True,7.4004784999997355
debug_algorithm_dqn_statev1_sparse_seed43_20261010_222312_428261_8435935e,dqn,43,v1,sparse,303,4943,10.0,2,66,0.6099826793978044,0.23556375537406316,3944,True,False,True,7.510109700000612
debug_algorithm_dqn_statev1_sparse_seed43_20261010_222312_428261_8435935e,dqn,43,v1,sparse,304,4948,-10.0,0,5,0.6096777490502739,0.1926092766225338,3949,True,False,True,7.5183745000031195
debug_algorithm_dqn_statev1_sparse_seed43_20261010_222312_428261_8435935e,dqn,43,v1,sparse,305,4953,-10.0,0,5,0.6093729711374272,0.24986696541309356,3954,True,False,True,7.526197200000752
debug_algorithm_dqn_statev1_sparse_seed43_20261010_222312_428261_8435935e,dqn,43,v1,sparse,306,4995,10.0,2,42,0.6068188443711456,0.20345435996672936,3996,True,False,True,7.59630240000115
debug_algorithm_dqn_statev1_sparse_seed43_20261010_222312_428261_8435935e,dqn,43,v1,sparse,307,4996,-10.0,0,1,0.6067581624867086,0.21760526299476624,3997,True,False,True,7.598394699998607
debug_algorithm_dqn_statev1_sparse_seed43_20261010_222312_428261_8435935e,dqn,43,v1,sparse,308,5036,10.0,2,40,0.6043358565611991,0.27066264264285567,4037,True,False,True,7.671893600003386
debug_algorithm_dqn_statev1_sparse_seed43_20261010_222312_428261_8435935e,dqn,43,v1,sparse,309,5081,10.0,2,45,0.601622319565125,0.2914178386330605,4082,True,False,True,7.75496430000203
debug_algorithm_dqn_statev1_sparse_seed43_20261010_222312_428261_8435935e,dqn,43,v1,sparse,310,5116,0.0,1,35,0.5995202171649789,0.27991848598633495,4117,True,False,True,7.818037800003367
debug_algorithm_dqn_statev1_sparse_seed43_20261010_222312_428261_8435935e,dqn,43,v1,sparse,311,5120,-10.0,0,4,0.599280445046928,0.23786253109574318,4121,True,False,True,7.826403600003687
debug_algorithm_dqn_statev1_sparse_seed43_20261010_222312_428261_8435935e,dqn,43,v1,sparse,312,5144,0.0,1,24,0.5978438247805367,0.23875202191993594,4145,True,False,True,7.879283000002033
debug_algorithm_dqn_statev1_sparse_seed43_20261010_222312_428261_8435935e,dqn,43,v1,sparse,313,5151,-10.0,0,7,0.5974254596294711,0.3416894333703177,4152,True,False,True,7.891757700002927
debug_algorithm_dqn_statev1_sparse_seed43_20261010_222312_428261_8435935e,dqn,43,v1,sparse,314,5170,-10.0,0,19,0.5962913722750375,0.2866299501375148,4171,True,False,True,7.928532199999609
debug_algorithm_dqn_statev1_sparse_seed43_20261010_222312_428261_8435935e,dqn,43,v1,sparse,315,5198,10.0,2,28,0.5946240084618244,0.24978477135300636,4199,True,False,True,7.981863799999701
debug_algorithm_dqn_statev1_sparse_seed43_20261010_222312_428261_8435935e,dqn,43,v1,sparse,316,5242,10.0,2,44,0.5920132801005779,0.29702921025455,4243,True,False,True,8.0604994000023
debug_algorithm_dqn_statev1_sparse_seed43_20261010_222312_428261_8435935e,dqn,43,v1,sparse,317,5253,-10.0,0,11,0.5913623910021086,0.2520214034752412,4254,True,False,True,8.08282109999709
debug_algorithm_dqn_statev1_sparse_seed43_20261010_222312_428261_8435935e,dqn,43,v1,sparse,318,5254,-10.0,0,1,0.5913032547630084,0.2697826623916626,4255,True,False,True,8.084455800002615
debug_algorithm_dqn_statev1_sparse_seed43_20261010_222312_428261_8435935e,dqn,43,v1,sparse,319,5255,-10.0,0,1,0.591244124437532,0.23894652724266052,4256,True,False,True,8.08597970000119
debug_algorithm_dqn_statev1_sparse_seed43_20261010_222312_428261_8435935e,dqn,43,v1,sparse,320,5266,10.0,2,11,0.5905940809873835,0.2687847221439535,4267,True,False,True,8.10214840000117
debug_algorithm_dqn_statev1_sparse_seed43_20261010_222312_428261_8435935e,dqn,43,v1,sparse,321,5308,10.0,2,42,0.5881186640888593,0.2860319726612596,4309,True,False,True,8.186652299998968
debug_algorithm_dqn_statev1_sparse_seed43_20261010_222312_428261_8435935e,dqn,43,v1,sparse,322,5337,10.0,2,29,0.5864155055771887,0.2806044382781818,4338,True,False,True,8.2378594000038
debug_algorithm_dqn_statev1_sparse_seed43_20261010_222312_428261_8435935e,dqn,43,v1,sparse,323,5385,40.0,5,48,0.5836073157860796,0.2955543341425558,4386,True,False,True,8.332469200002379
debug_algorithm_dqn_statev1_sparse_seed43_20261010_222312_428261_8435935e,dqn,43,v1,sparse,324,5392,-10.0,0,7,0.5831989132021415,0.3220036881310599,4393,True,False,True,8.344061700001475
debug_algorithm_dqn_statev1_sparse_seed43_20261010_222312_428261_8435935e,dqn,43,v1,sparse,325,5424,20.0,3,32,0.5813355664559336,0.2838553744368255,4425,True,False,True,8.40435240000079
debug_algorithm_dqn_statev1_sparse_seed43_20261010_222312_428261_8435935e,dqn,43,v1,sparse,326,5434,-10.0,0,10,0.5807544924207346,0.26941214725375173,4435,True,False,True,8.42304570000124
debug_algorithm_dqn_statev1_sparse_seed43_20261010_222312_428261_8435935e,dqn,43,v1,sparse,327,5451,0.0,1,17,0.5797679992149543,0.3168405390837613,4452,True,False,True,8.4502868999989
debug_algorithm_dqn_statev1_sparse_seed43_20261010_222312_428261_8435935e,dqn,43,v1,sparse,328,5460,-10.0,0,9,0.5792464166834475,0.32718945377402836,4461,True,False,True,8.469044199999189
debug_algorithm_dqn_statev1_sparse_seed43_20261010_222312_428261_8435935e,dqn,43,v1,sparse,329,5499,10.0,2,39,0.5769916425853577,0.2704111058742572,4500,True,False,True,8.53889909999998
debug_algorithm_dqn_statev1_sparse_seed43_20261010_222312_428261_8435935e,dqn,43,v1,sparse,330,5516,0.0,1,17,0.5760115411093795,0.3108794500722605,4517,True,False,True,8.570329900001525
debug_algorithm_dqn_statev1_sparse_seed43_20261010_222312_428261_8435935e,dqn,43,v1,sparse,331,5589,20.0,3,73,0.5718217586795764,0.2997863359034878,4590,True,False,True,8.70731810000143
debug_algorithm_dqn_statev1_sparse_seed43_20261010_222312_428261_8435935e,dqn,43,v1,sparse,332,5618,0.0,1,29,0.5701657950876667,0.2580640497135705,4619,True,False,True,8.757254600001033
debug_algorithm_dqn_statev1_sparse_seed43_20261010_222312_428261_8435935e,dqn,43,v1,sparse,333,5668,0.0,1,50,0.5673219394810879,0.2870028033107519,4669,True,False,True,8.851809500003583
debug_algorithm_dqn_statev1_sparse_seed43_20261010_222312_428261_8435935e,dqn,43,v1,sparse,334,5721,10.0,2,53,0.5643229376246778,0.26624390145517746,4722,True,False,True,8.949372800001584
debug_algorithm_dqn_statev1_sparse_seed43_20261010_222312_428261_8435935e,dqn,43,v1,sparse,335,5734,-10.0,0,13,0.5635897578163009,0.2629206363971417,4735,True,False,True,8.972143899998628
debug_algorithm_dqn_statev1_sparse_seed43_20261010_222312_428261_8435935e,dqn,43,v1,sparse,336,5781,20.0,3,47,0.5609469692312826,0.3233288329966525,4782,True,False,True,9.064915399998426
debug_algorithm_dqn_statev1_sparse_seed43_20261010_222312_428261_8435935e,dqn,43,v1,sparse,337,5818,0.0,1,37,0.5588751969970867,0.2793988468679222,4819,True,False,True,9.130748099996708
debug_algorithm_dqn_statev1_sparse_seed43_20261010_222312_428261_8435935e,dqn,43,v1,sparse,338,5926,20.0,3,108,0.5528715228795615,0.31640351180815035,4927,True,False,True,9.3174072000038
debug_algorithm_dqn_statev1_sparse_seed43_20261010_222312_428261_8435935e,dqn,43,v1,sparse,339,5959,0.0,1,33,0.5510499630014941,0.3123724361260732,4960,True,False,True,9.370939000000362
debug_algorithm_dqn_statev1_sparse_seed43_20261010_222312_428261_8435935e,dqn,43,v1,sparse,340,5989,10.0,2,30,0.5493992079440754,0.334242890526851,4990,True,False,True,9.423878399997193
debug_algorithm_dqn_statev1_sparse_seed43_20261010_222312_428261_8435935e,dqn,43,v1,sparse,341,6029,20.0,3,40,0.5472058910030742,0.31417399905622007,5030,True,False,True,9.493272799998522
debug_algorithm_dqn_statev1_sparse_seed43_20261010_222312_428261_8435935e,dqn,43,v1,sparse,342,6098,10.0,2,69,0.5434429791822951,0.31148383145531017,5099,True,False,True,9.615359000003082
debug_algorithm_dqn_statev1_sparse_seed43_20261010_222312_428261_8435935e,dqn,43,v1,sparse,343,6117,-10.0,0,19,0.5424113662829579,0.27839960432366323,5118,True,False,True,9.649390099999437
debug_algorithm_dqn_statev1_sparse_seed43_20261010_222312_428261_8435935e,dqn,43,v1,sparse,344,6130,0.0,1,13,0.5417066544325649,0.3732084414133659,5131,True,False,True,9.670937599999888
debug_algorithm_dqn_statev1_sparse_seed43_20261010_222312_428261_8435935e,dqn,43,v1,sparse,345,6199,30.0,4,69,0.5379815586196854,0.3233687551557154,5200,True,False,True,9.796957500002463
debug_algorithm_dqn_statev1_sparse_seed43_20261010_222312_428261_8435935e,dqn,43,v1,sparse,346,6249,20.0,3,50,0.5352982305686201,0.3006442120671272,5250,True,False,True,9.890164299999014
debug_algorithm_dqn_statev1_sparse_seed43_20261010_222312_428261_8435935e,dqn,43,v1,sparse,347,6273,10.0,2,24,0.5340149911554969,0.3401957228779793,5274,True,False,True,9.940896000000066
debug_algorithm_dqn_statev1_sparse_seed43_20261010_222312_428261_8435935e,dqn,43,v1,sparse,348,6314,0.0,1,41,0.5318299029274912,0.3020134028501627,5315,True,False,True,10.015709100000095
debug_algorithm_dqn_statev1_sparse_seed43_20261010_222312_428261_8435935e,dqn,43,v1,sparse,349,6315,-10.0,0,1,0.5317767199371984,0.5535465478897095,5316,True,False,True,10.017753599997377
debug_algorithm_dqn_statev1_sparse_seed43_20261010_222312_428261_8435935e,dqn,43,v1,sparse,350,6374,10.0,2,59,0.5286483187258941,0.30089921428490496,5375,True,False,True,10.1226800000004
debug_algorithm_dqn_statev1_sparse_seed43_20261010_222312_428261_8435935e,dqn,43,v1,sparse,351,6392,10.0,2,18,0.5276975601528999,0.30019377710090744,5393,True,False,True,10.154178800003137
debug_algorithm_dqn_statev1_sparse_seed43_20261010_222312_428261_8435935e,dqn,43,v1,sparse,352,6414,0.0,1,22,0.5265378436896593,0.2324522901326418,5415,True,False,True,10.20005189999938
debug_algorithm_dqn_statev1_sparse_seed43_20261010_222312_428261_8435935e,dqn,43,v1,sparse,353,6441,10.0,2,27,0.5251180381203291,0.33924242122857656,5442,True,False,True,10.2483263000031
debug_algorithm_dqn_statev1_sparse_seed43_20261010_222312_428261_8435935e,dqn,43,v1,sparse,354,6458,0.0,1,17,0.524226051259101,0.3427819162607193,5459,True,False,True,10.280160299997078
debug_algorithm_dqn_statev1_sparse_seed43_20261010_222312_428261_8435935e,dqn,43,v1,sparse,355,6460,-10.0,0,2,0.5241212112911097,0.31252846866846085,5461,True,False,True,10.283986399997957
debug_algorithm_dqn_statev1_sparse_seed43_20261010_222312_428261_8435935e,dqn,43,v1,sparse,356,6490,0.0,1,30,0.5225511254580091,0.32431377296646435,5491,True,False,True,10.336974799996824
debug_algorithm_dqn_statev1_sparse_seed43_20261010_222312_428261_8435935e,dqn,43,v1,sparse,357,6507,0.0,1,17,0.5216634988590508,0.28700297523070784,5508,True,False,True,10.367435699998168
debug_algorithm_dqn_statev1_sparse_seed43_20261010_222312_428261_8435935e,dqn,43,v1,sparse,358,6531,10.0,2,24,0.5204129451977533,0.3808226063847542,5532,True,False,True,10.412078800000018
debug_algorithm_dqn_statev1_sparse_seed43_20261010_222312_428261_8435935e,dqn,43,v1,sparse,359,6557,0.0,1,26,0.5190615615300151,0.31306638998480946,5558,True,False,True,10.45739969999704
debug_algorithm_dqn_statev1_sparse_seed43_20261010_222312_428261_8435935e,dqn,43,v1,sparse,360,6573,-10.0,0,16,0.518231685614861,0.3582698064856231,5574,True,False,True,10.48553869999887
debug_algorithm_dqn_statev1_sparse_seed43_20261010_222312_428261_8435935e,dqn,43,v1,sparse,361,6577,-10.0,0,4,0.5180244240324433,0.5238630138337612,5578,True,False,True,10.4912891999993
debug_algorithm_dqn_statev1_sparse_seed43_20261010_222312_428261_8435935e,dqn,43,v1,sparse,362,6643,20.0,3,66,0.5146165507902161,0.3118978650168036,5644,True,False,True,10.605653300000995
debug_algorithm_dqn_statev1_sparse_seed43_20261010_222312_428261_8435935e,dqn,43,v1,sparse,363,6665,-10.0,0,22,0.5134855823505768,0.3263193162327463,5666,True,False,True,10.646187199999986
debug_algorithm_dqn_statev1_sparse_seed43_20261010_222312_428261_8435935e,dqn,43,v1,sparse,364,6677,-10.0,0,12,0.5128697384392993,0.32084861770272255,5678,True,False,True,10.664581999997608
debug_algorithm_dqn_statev1_sparse_seed43_20261010_222312_428261_8435935e,dqn,43,v1,sparse,365,6712,10.0,2,35,0.5110777425756565,0.29929123361195836,5713,True,False,True,10.739965499997197
debug_algorithm_dqn_statev1_sparse_seed43_20261010_222312_428261_8435935e,dqn,43,v1,sparse,366,6714,-10.0,0,2,0.5109755321379188,0.2887381464242935,5715,True,False,True,10.74388970000291
debug_algorithm_dqn_statev1_sparse_seed43_20261010_222312_428261_8435935e,dqn,43,v1,sparse,367,6723,-10.0,0,9,0.5105158380672707,0.2893724176618788,5724,True,False,True,10.762259100003575
debug_algorithm_dqn_statev1_sparse_seed43_20261010_222312_428261_8435935e,dqn,43,v1,sparse,368,6806,40.0,5,83,0.5062958826522423,0.33732698121702814,5807,True,False,True,10.927271499997005
debug_algorithm_dqn_statev1_sparse_seed43_20261010_222312_428261_8435935e,dqn,43,v1,sparse,369,6809,-10.0,0,3,0.5061440090758169,0.28694262107213336,5810,True,False,True,10.933663600000727
debug_algorithm_dqn_statev1_sparse_seed43_20261010_222312_428261_8435935e,dqn,43,v1,sparse,370,6829,0.0,1,20,0.5051326821545237,0.3636588640511036,5830,True,False,True,10.978947499999776
debug_algorithm_dqn_statev1_sparse_seed43_20261010_222312_428261_8435935e,dqn,43,v1,sparse,371,6836,0.0,1,7,0.5047791953372008,0.2021140115601676,5837,True,False,True,10.99288830000296
debug_algorithm_dqn_statev1_sparse_seed43_20261010_222312_428261_8435935e,dqn,43,v1,sparse,372,6853,-10.0,0,17,0.5039217568617038,0.4168538670329487,5854,True,False,True,11.02560639999865
debug_algorithm_dqn_statev1_sparse_seed43_20261010_222312_428261_8435935e,dqn,43,v1,sparse,373,6909,10.0,2,56,0.5011075414681123,0.3248407641159637,5910,True,False,True,11.139999500002887
debug_algorithm_dqn_statev1_sparse_seed43_20261010_222312_428261_8435935e,dqn,43,v1,sparse,374,6911,-10.0,0,2,0.5010073249708941,0.2829560339450836,5912,True,False,True,11.14285799999925
debug_algorithm_dqn_statev1_sparse_seed43_20261010_222312_428261_8435935e,dqn,43,v1,sparse,375,6958,10.0,2,47,0.4986579983178087,0.28499746734791614,5959,True,False,True,11.228282500000205
debug_algorithm_dqn_statev1_sparse_seed43_20261010_222312_428261_8435935e,dqn,43,v1,sparse,376,6968,-10.0,0,10,0.4981595646557616,0.3252044767141342,5969,True,False,True,11.250186600002053
debug_algorithm_dqn_statev1_sparse_seed43_20261010_222312_428261_8435935e,dqn,43,v1,sparse,377,6985,-10.0,0,17,0.497313370554225,0.3148967461550937,5986,True,False,True,11.278381399999489
debug_algorithm_dqn_statev1_sparse_seed43_20261010_222312_428261_8435935e,dqn,43,v1,sparse,378,7008,10.0,2,23,0.496170807124476,0.2872177006109901,6009,True,False,True,11.315973199998552
debug_algorithm_dqn_statev1_sparse_seed43_20261010_222312_428261_8435935e,dqn,43,v1,sparse,379,7009,-10.0,0,1,0.49612119004376354,0.2587638199329376,6010,True,False,True,11.318035700001928
debug_algorithm_dqn_statev1_sparse_seed43_20261010_222312_428261_8435935e,dqn,43,v1,sparse,380,7025,-10.0,0,16,0.4953279912073841,0.3554173866286874,6026,True,False,True,11.344062299998768
debug_algorithm_dqn_statev1_sparse_seed43_20261010_222312_428261_8435935e,dqn,43,v1,sparse,381,7027,-10.0,0,2,0.4952289305624225,0.20403876155614853,6028,True,False,True,11.347092999996676
debug_algorithm_dqn_statev1_sparse_seed43_20261010_222312_428261_8435935e,dqn,43,v1,sparse,382,7033,-10.0,0,6,0.4949318674785208,0.40836435556411743,6034,True,False,True,11.35553809999692
debug_algorithm_dqn_statev1_sparse_seed43_20261010_222312_428261_8435935e,dqn,43,v1,sparse,383,7037,-10.0,0,4,0.49473392442546177,0.2579783760011196,6038,True,False,True,11.363851000001887
debug_algorithm_dqn_statev1_sparse_seed43_20261010_222312_428261_8435935e,dqn,43,v1,sparse,384,7065,0.0,1,28,0.493350537911569,0.2865228606387973,6066,True,False,True,11.409410499996739
debug_algorithm_dqn_statev1_sparse_seed43_20261010_222312_428261_8435935e,dqn,43,v1,sparse,385,7068,-10.0,0,3,0.4932025475502183,0.2533681591351827,6069,True,False,True,11.413892399999895
debug_algorithm_dqn_statev1_sparse_seed43_20261010_222312_428261_8435935e,dqn,43,v1,sparse,386,7076,0.0,1,8,0.4928081235812756,0.32313788775354624,6077,True,False,True,11.425911400001496
debug_algorithm_dqn_statev1_sparse_seed43_20261010_222312_428261_8435935e,dqn,43,v1,sparse,387,7127,30.0,4,51,0.4903010752041619,0.3267529367231855,6128,True,False,True,11.515199599998596
debug_algorithm_dqn_statev1_sparse_seed43_20261010_222312_428261_8435935e,dqn,43,v1,sparse,388,7164,10.0,2,37,0.4884902228246642,0.32207111148415385,6165,True,False,True,11.573232100003224
debug_algorithm_dqn_statev1_sparse_seed43_20261010_222312_428261_8435935e,dqn,43,v1,sparse,389,7166,-10.0,0,2,0.4883925296650015,0.32947416603565216,6167,True,False,True,11.576360699997167
debug_algorithm_dqn_statev1_sparse_seed43_20261010_222312_428261_8435935e,dqn,43,v1,sparse,390,7171,-10.0,0,5,0.4881483822345383,0.3239553064107895,6172,True,False,True,11.58420119999937
debug_algorithm_dqn_statev1_sparse_seed43_20261010_222312_428261_8435935e,dqn,43,v1,sparse,391,7225,10.0,2,54,0.4855193542812118,0.3116043895758964,6226,True,False,True,11.673891300000832
debug_algorithm_dqn_statev1_sparse_seed43_20261010_222312_428261_8435935e,dqn,43,v1,sparse,392,7264,20.0,3,39,0.48362942206475973,0.3356012816612537,6265,True,False,True,11.752919600003224
debug_algorithm_dqn_statev1_sparse_seed43_20261010_222312_428261_8435935e,dqn,43,v1,sparse,393,7278,-10.0,0,14,0.48295278080065057,0.33930795746190207,6279,True,False,True,11.779258800001116
debug_algorithm_dqn_statev1_sparse_seed43_20261010_222312_428261_8435935e,dqn,43,v1,sparse,394,7287,-10.0,0,9,0.4825182971203693,0.3975751648346583,6288,True,False,True,11.792809500002477
debug_algorithm_dqn_statev1_sparse_seed43_20261010_222312_428261_8435935e,dqn,43,v1,sparse,395,7315,30.0,4,28,0.4811690682278532,0.36982032736497267,6316,True,False,True,11.841261900000973
debug_algorithm_dqn_statev1_sparse_seed43_20261010_222312_428261_8435935e,dqn,43,v1,sparse,396,7324,-10.0,0,9,0.4807361892469006,0.3264014745752017,6325,True,False,True,11.856957600000896
debug_algorithm_dqn_statev1_sparse_seed43_20261010_222312_428261_8435935e,dqn,43,v1,sparse,397,7356,20.0,3,32,0.47920021551008557,0.27603842655662447,6357,True,False,True,11.910436500002106
debug_algorithm_dqn_statev1_sparse_seed43_20261010_222312_428261_8435935e,dqn,43,v1,sparse,398,7418,10.0,2,62,0.4762382177533474,0.3594202387837633,6419,True,False,True,12.013605499996629
debug_algorithm_dqn_statev1_sparse_seed43_20261010_222312_428261_8435935e,dqn,43,v1,sparse,399,7426,0.0,1,8,0.4758573604991797,0.2893336731940508,6427,True,False,True,12.027341399996658
debug_algorithm_dqn_statev1_sparse_seed43_20261010_222312_428261_8435935e,dqn,43,v1,sparse,400,7443,0.0,1,17,0.47504904982887175,0.3034127446658471,6444,True,False,True,12.055948699999135
debug_algorithm_dqn_statev1_sparse_seed43_20261010_222312_428261_8435935e,dqn,43,v1,sparse,401,7476,0.0,1,33,0.4734838936334948,0.3228992447257042,6477,True,False,True,12.124652600003174
debug_algorithm_dqn_statev1_sparse_seed43_20261010_222312_428261_8435935e,dqn,43,v1,sparse,402,7478,-10.0,0,2,0.47338920158960707,0.34121205657720566,6479,True,False,True,12.129376800003229
debug_algorithm_dqn_statev1_sparse_seed43_20261010_222312_428261_8435935e,dqn,43,v1,sparse,403,7513,10.0,2,35,0.471735152953938,0.32983923000948767,6514,True,False,True,12.189474200000404
debug_algorithm_dqn_statev1_sparse_seed43_20261010_222312_428261_8435935e,dqn,43,v1,sparse,404,7515,-10.0,0,2,0.47164081064069874,0.2936730980873108,6516,True,False,True,12.192413400000078
debug_algorithm_dqn_statev1_sparse_seed43_20261010_222312_428261_8435935e,dqn,43,v1,sparse,405,7534,0.0,1,19,0.4707454991494305,0.4103797540852898,6535,True,False,True,12.223207800001546
debug_algorithm_dqn_statev1_sparse_seed43_20261010_222312_428261_8435935e,dqn,43,v1,sparse,406,7572,10.0,2,38,0.4689599716257855,0.3314286774318469,6573,True,False,True,12.287412500001665
debug_algorithm_dqn_statev1_sparse_seed43_20261010_222312_428261_8435935e,dqn,43,v1,sparse,407,7574,-10.0,0,2,0.4688661843210601,0.4572879523038864,6575,True,False,True,12.290195900000981
debug_algorithm_dqn_statev1_sparse_seed43_20261010_222312_428261_8435935e,dqn,43,v1,sparse,408,7616,30.0,4,42,0.466900977907419,0.3296304355774607,6617,True,False,True,12.35772320000251
debug_algorithm_dqn_statev1_sparse_seed43_20261010_222312_428261_8435935e,dqn,43,v1,sparse,409,7646,40.0,5,30,0.4655023040986118,0.36580437161028384,6647,True,False,True,12.4096703000032
debug_algorithm_dqn_statev1_sparse_seed43_20261010_222312_428261_8435935e,dqn,43,v1,sparse,410,7661,10.0,2,15,0.4648045392081433,0.29758260572950046,6662,True,False,True,12.434477100003278
debug_algorithm_dqn_statev1_sparse_seed43_20261010_222312_428261_8435935e,dqn,43,v1,sparse,411,7675,0.0,1,14,0.46415423565624025,0.4158863936151777,6676,True,False,True,12.455354400000942
debug_algorithm_dqn_statev1_sparse_seed43_20261010_222312_428261_8435935e,dqn,43,v1,sparse,412,7691,-10.0,0,16,0.4634121456044312,0.38604759983718395,6692,True,False,True,12.479216100000485
debug_algorithm_dqn_statev1_sparse_seed43_20261010_222312_428261_8435935e,dqn,43,v1,sparse,413,7696,-10.0,0,5,0.4631804858682097,0.3547457784414291,6697,True,False,True,12.489838300003612
debug_algorithm_dqn_statev1_sparse_seed43_20261010_222312_428261_8435935e,dqn,43,v1,sparse,414,7699,-10.0,0,3,0.4630415456174007,0.3155279606580734,6700,True,False,True,12.494430699996883
debug_algorithm_dqn_statev1_sparse_seed43_20261010_222312_428261_8435935e,dqn,43,v1,sparse,415,7754,0.0,1,55,0.4605016811513389,0.36271763173016636,6755,True,False,True,12.584363299996767
debug_algorithm_dqn_statev1_sparse_seed43_20261010_222312_428261_8435935e,dqn,43,v1,sparse,416,7791,0.0,1,37,0.4588008882972168,0.3720761043195789,6792,True,False,True,12.650580000001355
debug_algorithm_dqn_statev1_sparse_seed43_20261010_222312_428261_8435935e,dqn,43,v1,sparse,417,7805,-10.0,0,14,0.45815898439545155,0.3093332036265305,6806,True,False,True,12.681448199997249
debug_algorithm_dqn_statev1_sparse_seed43_20261010_222312_428261_8435935e,dqn,43,v1,sparse,418,7824,0.0,1,19,0.457289265333185,0.34912476178846863,6825,True,False,True,12.714709300002141
debug_algorithm_dqn_statev1_sparse_seed43_20261010_222312_428261_8435935e,dqn,43,v1,sparse,419,7846,20.0,3,22,0.45628428458376386,0.36773250929333945,6847,True,False,True,12.756616099999519
debug_algorithm_dqn_statev1_sparse_seed43_20261010_222312_428261_8435935e,dqn,43,v1,sparse,420,7890,30.0,4,44,0.4542809441440878,0.35637976771051233,6891,True,False,True,12.850668400002178
debug_algorithm_dqn_statev1_sparse_seed43_20261010_222312_428261_8435935e,dqn,43,v1,sparse,421,7906,10.0,2,16,0.45355463951627567,0.30490397615358233,6907,True,False,True,12.882154500002798
debug_algorithm_dqn_statev1_sparse_seed43_20261010_222312_428261_8435935e,dqn,43,v1,sparse,422,7952,20.0,3,46,0.45147297558745564,0.40037580692897673,6953,True,False,True,12.97079720000329
debug_algorithm_dqn_statev1_sparse_seed43_20261010_222312_428261_8435935e,dqn,43,v1,sparse,423,8008,40.0,5,56,0.44895166710972434,0.3723683123077665,7009,True,False,True,13.085518200001388
debug_algorithm_dqn_statev1_sparse_seed43_20261010_222312_428261_8435935e,dqn,43,v1,sparse,424,8036,10.0,2,28,0.44769629800927185,0.4351352032806192,7037,True,False,True,13.138567499998317
debug_algorithm_dqn_statev1_sparse_seed43_20261010_222312_428261_8435935e,dqn,43,v1,sparse,425,8055,0.0,1,19,0.4468464401700797,0.3338211915994945,7056,True,False,True,13.171846299999743
debug_algorithm_dqn_statev1_sparse_seed43_20261010_222312_428261_8435935e,dqn,43,v1,sparse,426,8070,0.0,1,15,0.44617663949533265,0.360471377770106,7071,True,False,True,13.195521599998756
debug_algorithm_dqn_statev1_sparse_seed43_20261010_222312_428261_8435935e,dqn,43,v1,sparse,427,8173,20.0,3,103,0.44160437905749617,0.34073635017119563,7174,True,False,True,13.381359400002111
debug_algorithm_dqn_statev1_sparse_seed43_20261010_222312_428261_8435935e,dqn,43,v1,sparse,428,8211,-10.0,0,38,0.4399293831737455,0.3909146656331263,7212,True,False,True,13.44804170000134
debug_algorithm_dqn_statev1_sparse_seed43_20261010_222312_428261_8435935e,dqn,43,v1,sparse,429,8245,-10.0,0,34,0.438436088644296,0.3903725489097483,7246,True,False,True,13.50934309999866
debug_algorithm_dqn_statev1_sparse_seed43_20261010_222312_428261_8435935e,dqn,43,v1,sparse,430,8264,10.0,2,19,0.43760380937690885,0.3718656434824592,7265,True,False,True,13.540754499998002
debug_algorithm_dqn_statev1_sparse_seed43_20261010_222312_428261_8435935e,dqn,43,v1,sparse,431,8365,50.0,6,101,0.43320603714622585,0.39842443153409673,7366,True,False,True,13.693701199998031
debug_algorithm_dqn_statev1_sparse_seed43_20261010_222312_428261_8435935e,dqn,43,v1,sparse,432,8399,10.0,2,34,0.4317355643155002,0.3523748422808507,7400,True,False,True,13.751324099997873
debug_algorithm_dqn_statev1_sparse_seed43_20261010_222312_428261_8435935e,dqn,43,v1,sparse,433,8456,30.0,4,57,0.4292815494829619,0.39373298172365156,7457,True,False,True,13.84653999999864
debug_algorithm_dqn_statev1_sparse_seed43_20261010_222312_428261_8435935e,dqn,43,v1,sparse,434,8481,10.0,2,25,0.42820963246709837,0.33351714789867404,7482,True,False,True,13.88726940000197
debug_algorithm_dqn_statev1_sparse_seed43_20261010_222312_428261_8435935e,dqn,43,v1,sparse,435,8515,10.0,2,34,0.4267561194123269,0.39285564554088254,7516,True,False,True,13.944349199999124
debug_algorithm_dqn_statev1_sparse_seed43_20261010_222312_428261_8435935e,dqn,43,v1,sparse,436,8527,10.0,2,12,0.42624429363420574,0.37329431685308617,7528,True,False,True,13.96421669999836
debug_algorithm_dqn_statev1_sparse_seed43_20261010_222312_428261_8435935e,dqn,43,v1,sparse,437,8567,10.0,2,40,0.42454263695775857,0.36704745013266804,7568,True,False,True,14.02974649999669
debug_algorithm_dqn_statev1_sparse_seed43_20261010_222312_428261_8435935e,dqn,43,v1,sparse,438,8610,20.0,3,43,0.42272093200480676,0.45742932204590286,7611,True,False,True,14.10648129999754
debug_algorithm_dqn_statev1_sparse_seed43_20261010_222312_428261_8435935e,dqn,43,v1,sparse,439,8618,0.0,1,8,0.4223828735973945,0.3223904259502888,7619,True,False,True,14.120845199999167
debug_algorithm_dqn_statev1_sparse_seed43_20261010_222312_428261_8435935e,dqn,43,v1,sparse,440,8636,-10.0,0,18,0.4216232303261807,0.35839267985688317,7637,True,False,True,14.149943399999756
debug_algorithm_dqn_statev1_sparse_seed43_20261010_222312_428261_8435935e,dqn,43,v1,sparse,441,8644,-10.0,0,8,0.42128604977281636,0.4221930429339409,7645,True,False,True,14.161609700000554
debug_algorithm_dqn_statev1_sparse_seed43_20261010_222312_428261_8435935e,dqn,43,v1,sparse,442,8645,-10.0,0,1,0.4212439211678391,0.40231233835220337,7646,True,False,True,14.1631675000026
debug_algorithm_dqn_statev1_sparse_seed43_20261010_222312_428261_8435935e,dqn,43,v1,sparse,443,8670,20.0,3,25,0.42019207412835496,0.40742885768413545,7671,True,False,True,14.206051499997557
debug_algorithm_dqn_statev1_sparse_seed43_20261010_222312_428261_8435935e,dqn,43,v1,sparse,444,8710,10.0,2,40,0.4185145791823598,0.38304998688399794,7711,True,False,True,14.274854100003722
debug_algorithm_dqn_statev1_sparse_seed43_20261010_222312_428261_8435935e,dqn,43,v1,sparse,445,8759,20.0,3,49,0.41646877177396424,0.3724376848157571,7760,True,False,True,14.364968800000497
debug_algorithm_dqn_statev1_sparse_seed43_20261010_222312_428261_8435935e,dqn,43,v1,sparse,446,8783,10.0,2,24,0.41547039533302654,0.4159637466073036,7784,True,False,True,14.40882160000183
debug_algorithm_dqn_statev1_sparse_seed43_20261010_222312_428261_8435935e,dqn,43,v1,sparse,447,8784,-10.0,0,1,0.41542884829349325,0.36921826004981995,7785,True,False,True,14.41101979999803
debug_algorithm_dqn_statev1_sparse_seed43_20261010_222312_428261_8435935e,dqn,43,v1,sparse,448,8809,30.0,4,25,0.41439152150434333,0.39123856008052826,7810,True,False,True,14.456119299997226
debug_algorithm_dqn_statev1_sparse_seed43_20261010_222312_428261_8435935e,dqn,43,v1,sparse,449,8810,-10.0,0,1,0.4143500823521929,0.39022526144981384,7811,True,False,True,14.45770050000283
debug_algorithm_dqn_statev1_sparse_seed43_20261010_222312_428261_8435935e,dqn,43,v1,sparse,450,8834,10.0,2,24,0.4133567849225705,0.4349405063937108,7835,True,False,True,14.494468899996718
debug_algorithm_dqn_statev1_sparse_seed43_20261010_222312_428261_8435935e,dqn,43,v1,sparse,451,8847,-10.0,0,13,0.4128197434022729,0.44231890600461227,7848,True,False,True,14.51676579999912
debug_algorithm_dqn_statev1_sparse_seed43_20261010_222312_428261_8435935e,dqn,43,v1,sparse,452,8861,0.0,1,14,0.4122421712772513,0.39159964078239035,7862,True,False,True,14.544629299998633
debug_algorithm_dqn_statev1_sparse_seed43_20261010_222312_428261_8435935e,dqn,43,v1,sparse,453,8897,10.0,2,36,0.41076069364534995,0.4085975341084931,7898,True,False,True,14.602291600000171
debug_algorithm_dqn_statev1_sparse_seed43_20261010_222312_428261_8435935e,dqn,43,v1,sparse,454,8918,10.0,2,21,0.40989895824008543,0.368886357262021,7919,True,False,True,14.640728200000012
debug_algorithm_dqn_statev1_sparse_seed43_20261010_222312_428261_8435935e,dqn,43,v1,sparse,455,8920,-10.0,0,2,0.409816982547427,0.2286161705851555,7921,True,False,True,14.644250999997894
debug_algorithm_dqn_statev1_sparse_seed43_20261010_222312_428261_8435935e,dqn,43,v1,sparse,456,8923,0.0,1,3,0.40969404974676243,0.35677026212215424,7924,True,False,True,14.64883220000047
debug_algorithm_dqn_statev1_sparse_seed43_20261010_222312_428261_8435935e,dqn,43,v1,sparse,457,8928,-10.0,0,5,0.40948924368719736,0.5075611591339111,7929,True,False,True,14.656985399997211
debug_algorithm_dqn_statev1_sparse_seed43_20261010_222312_428261_8435935e,dqn,43,v1,sparse,458,8947,0.0,1,19,0.4087119139541621,0.3749477153545932,7948,True,False,True,14.695520300003409
debug_algorithm_dqn_statev1_sparse_seed43_20261010_222312_428261_8435935e,dqn,43,v1,sparse,459,8971,10.0,2,24,0.407732132578756,0.38728772290050983,7972,True,False,True,14.74553780000133
debug_algorithm_dqn_statev1_sparse_seed43_20261010_222312_428261_8435935e,dqn,43,v1,sparse,460,8996,10.0,2,25,0.4067140245064387,0.44627832651138305,7997,True,False,True,14.795110699997167
debug_algorithm_dqn_statev1_sparse_seed43_20261010_222312_428261_8435935e,dqn,43,v1,sparse,461,9054,20.0,3,58,0.4043617936147956,0.3943251055376283,8055,True,False,True,14.904872500002966
debug_algorithm_dqn_statev1_sparse_seed43_20261010_222312_428261_8435935e,dqn,43,v1,sparse,462,9057,-10.0,0,3,0.40424049720716054,0.4885712166627248,8058,True,False,True,14.911262100002205
debug_algorithm_dqn_statev1_sparse_seed43_20261010_222312_428261_8435935e,dqn,43,v1,sparse,463,9076,0.0,1,19,0.4034731311221648,0.4885455417005639,8077,True,False,True,14.947605300003488
debug_algorithm_dqn_statev1_sparse_seed43_20261010_222312_428261_8435935e,dqn,43,v1,sparse,464,9092,0.0,1,16,0.4028280580542553,0.37931867223232985,8093,True,False,True,14.98099209999782
debug_algorithm_dqn_statev1_sparse_seed43_20261010_222312_428261_8435935e,dqn,43,v1,sparse,465,9143,10.0,2,51,0.40077876263708184,0.4123421339135544,8144,True,False,True,15.08011550000083
debug_algorithm_dqn_statev1_sparse_seed43_20261010_222312_428261_8435935e,dqn,43,v1,sparse,466,9169,20.0,3,26,0.3997380393437783,0.3734948021861223,8170,True,False,True,15.139904800002114
debug_algorithm_dqn_statev1_sparse_seed43_20261010_222312_428261_8435935e,dqn,43,v1,sparse,467,9195,20.0,3,26,0.398700018551391,0.4039628545825298,8196,True,False,True,15.188906399998814
debug_algorithm_dqn_statev1_sparse_seed43_20261010_222312_428261_8435935e,dqn,43,v1,sparse,468,9230,0.0,1,35,0.3973069381441664,0.3826100430318287,8231,True,False,True,15.252022599997872
debug_algorithm_dqn_statev1_sparse_seed43_20261010_222312_428261_8435935e,dqn,43,v1,sparse,469,9256,10.0,2,26,0.3962752303201363,0.42244225152983117,8257,True,False,True,15.297647400002461
debug_algorithm_dqn_statev1_sparse_seed43_20261010_222312_428261_8435935e,dqn,43,v1,sparse,470,9306,10.0,2,50,0.3942987007822305,0.3970440995693207,8307,True,False,True,15.388291299997945
debug_algorithm_dqn_statev1_sparse_seed43_20261010_222312_428261_8435935e,dqn,43,v1,sparse,471,9308,-10.0,0,2,0.3942198449850611,0.30584637075662613,8309,True,False,True,15.391424499997811
debug_algorithm_dqn_statev1_sparse_seed43_20261010_222312_428261_8435935e,dqn,43,v1,sparse,472,9323,10.0,2,15,0.3936289289691044,0.3894381672143936,8324,True,False,True,15.42123829999764
debug_algorithm_dqn_statev1_sparse_seed43_20261010_222312_428261_8435935e,dqn,43,v1,sparse,473,9325,-10.0,0,2,0.39355020711959987,0.1887827217578888,8326,True,False,True,15.424364500002412
debug_algorithm_dqn_statev1_sparse_seed43_20261010_222312_428261_8435935e,dqn,43,v1,sparse,474,9356,0.0,1,31,0.392332029718222,0.4349776934231481,8357,True,False,True,15.479203800001414
debug_algorithm_dqn_statev1_sparse_seed43_20261010_222312_428261_8435935e,dqn,43,v1,sparse,475,9376,0.0,1,20,0.3915481106425737,0.3952815944328904,8377,True,False,True,15.509273299998313
debug_algorithm_dqn_statev1_sparse_seed43_20261010_222312_428261_8435935e,dqn,43,v1,sparse,476,9378,-10.0,0,2,0.3914698049359263,0.31728537380695343,8379,True,False,True,15.51205900000059
debug_algorithm_dqn_statev1_sparse_seed43_20261010_222312_428261_8435935e,dqn,43,v1,sparse,477,9471,50.0,6,93,0.3878458321429026,0.4100074615049106,8472,True,False,True,15.668358199996874
debug_algorithm_dqn_statev1_sparse_seed43_20261010_222312_428261_8435935e,dqn,43,v1,sparse,478,9503,30.0,4,32,0.38660664727305144,0.4304237784817815,8504,True,False,True,15.729180800000904
debug_algorithm_dqn_statev1_sparse_seed43_20261010_222312_428261_8435935e,dqn,43,v1,sparse,479,9504,-10.0,0,1,0.38656798660832414,0.4503119885921478,8505,True,False,True,15.730775800002448
debug_algorithm_dqn_statev1_sparse_seed43_20261010_222312_428261_8435935e,dqn,43,v1,sparse,480,9525,0.0,1,21,0.3857570051153144,0.4820336628527868,8526,True,False,True,15.766101599998365
debug_algorithm_dqn_statev1_sparse_seed43_20261010_222312_428261_8435935e,dqn,43,v1,sparse,481,9538,-10.0,0,13,0.3852558217888296,0.43745192426901597,8539,True,False,True,15.789341600000625
debug_algorithm_dqn_statev1_sparse_seed43_20261010_222312_428261_8435935e,dqn,43,v1,sparse,482,9557,10.0,2,19,0.3845244941417226,0.37208099153481033,8558,True,False,True,15.827380299997458
debug_algorithm_dqn_statev1_sparse_seed43_20261010_222312_428261_8435935e,dqn,43,v1,sparse,483,9567,-10.0,0,10,0.38414014263746826,0.3410720661282539,8568,True,False,True,15.850034399998549
debug_algorithm_dqn_statev1_sparse_seed43_20261010_222312_428261_8435935e,dqn,43,v1,sparse,484,9593,10.0,2,26,0.38314262572388413,0.36671422636852813,8594,True,False,True,15.904306900003576
debug_algorithm_dqn_statev1_sparse_seed43_20261010_222312_428261_8435935e,dqn,43,v1,sparse,485,9598,-10.0,0,5,0.38295109272145356,0.34958106875419614,8599,True,False,True,15.914998599997489
debug_algorithm_dqn_statev1_sparse_seed43_20261010_222312_428261_8435935e,dqn,43,v1,sparse,486,9628,20.0,3,30,0.3818039037268102,0.37167703559001286,8629,True,False,True,15.967785300003015
debug_algorithm_dqn_statev1_sparse_seed43_20261010_222312_428261_8435935e,dqn,43,v1,sparse,487,9629,-10.0,0,1,0.38176572333643755,0.2717232406139374,8630,True,False,True,15.970361899999261
debug_algorithm_dqn_statev1_sparse_seed43_20261010_222312_428261_8435935e,dqn,43,v1,sparse,488,9646,0.0,1,17,0.3811172405486396,0.43803054795545693,8647,True,False,True,16.00072309999814
debug_algorithm_dqn_statev1_sparse_seed43_20261010_222312_428261_8435935e,dqn,43,v1,sparse,489,9663,0.0,1,17,0.38046985930008514,0.43113060646197376,8664,True,False,True,16.03021019999869
debug_algorithm_dqn_statev1_sparse_seed43_20261010_222312_428261_8435935e,dqn,43,v1,sparse,490,9694,20.0,3,31,0.3792921702120852,0.4084588282050625,8695,True,False,True,16.095271199999843
debug_algorithm_dqn_statev1_sparse_seed43_20261010_222312_428261_8435935e,dqn,43,v1,sparse,491,9695,-10.0,0,1,0.379254240995064,0.1356927901506424,8696,True,False,True,16.097403500003566
debug_algorithm_dqn_statev1_sparse_seed43_20261010_222312_428261_8435935e,dqn,43,v1,sparse,492,9705,-10.0,0,10,0.3788751573729749,0.5314733147621155,8706,True,False,True,16.11379019999731
debug_algorithm_dqn_statev1_sparse_seed43_20261010_222312_428261_8435935e,dqn,43,v1,sparse,493,9711,-10.0,0,6,0.3786478891022477,0.382381151119868,8712,True,False,True,16.122459999998682
debug_algorithm_dqn_statev1_sparse_seed43_20261010_222312_428261_8435935e,dqn,43,v1,sparse,494,9728,-10.0,0,17,0.37800470239451267,0.45186641067266464,8729,True,False,True,16.147271699999692
debug_algorithm_dqn_statev1_sparse_seed43_20261010_222312_428261_8435935e,dqn,43,v1,sparse,495,9789,60.0,7,61,0.3757057776112747,0.43416845969489365,8790,True,False,True,16.261544399996637
debug_algorithm_dqn_statev1_sparse_seed43_20261010_222312_428261_8435935e,dqn,43,v1,sparse,496,9802,10.0,2,13,0.37521765304346166,0.4774501140301044,8803,True,False,True,16.282236300001387
debug_algorithm_dqn_statev1_sparse_seed43_20261010_222312_428261_8435935e,dqn,43,v1,sparse,497,9823,10.0,2,21,0.3744304834303268,0.3968910181096622,8824,True,False,True,16.320281200001773
debug_algorithm_dqn_statev1_sparse_seed43_20261010_222312_428261_8435935e,dqn,43,v1,sparse,498,9885,50.0,6,62,0.3721160807734028,0.36968281720915147,8886,True,False,True,16.431133500002034
debug_algorithm_dqn_statev1_sparse_seed43_20261010_222312_428261_8435935e,dqn,43,v1,sparse,499,9911,10.0,2,26,0.3711497873737088,0.44795887917280197,8912,True,False,True,16.482052500003192
debug_algorithm_dqn_statev1_sparse_seed43_20261010_222312_428261_8435935e,dqn,43,v1,sparse,500,9943,0.0,1,32,0.3699639471174893,0.44269789662212133,8944,True,False,True,16.540718399999605
debug_algorithm_dqn_statev1_sparse_seed43_20261010_222312_428261_8435935e,dqn,43,v1,sparse,501,9982,30.0,4,39,0.3685238257785198,0.38745588293442357,8983,True,False,True,16.61830970000301
debug_algorithm_dqn_statev1_sparse_seed43_20261010_222312_428261_8435935e,dqn,43,v1,sparse,502,9989,-10.0,0,7,0.36826593647758116,0.344330757856369,8990,True,False,True,16.6309528999991
debug_algorithm_dqn_statev1_sparse_seed43_20261010_222312_428261_8435935e,dqn,43,v1,sparse,503,10010,0.0,1,21,0.36749335087987156,0.4150110419307436,9011,True,False,True,16.67061079999985
debug_algorithm_dqn_statev1_sparse_seed43_20261010_222312_428261_8435935e,dqn,43,v1,sparse,504,10016,-10.0,0,6,0.367272909985997,0.3882436876495679,9017,True,False,True,16.680506500000774
debug_algorithm_dqn_statev1_sparse_seed43_20261010_222312_428261_8435935e,dqn,43,v1,sparse,505,10027,-10.0,0,11,0.36686911172452513,0.4312904646450823,9028,True,False,True,16.699079700003495
debug_algorithm_dqn_statev1_sparse_seed43_20261010_222312_428261_8435935e,dqn,43,v1,sparse,506,10036,0.0,1,9,0.366539061566041,0.41234149204360115,9037,True,False,True,16.71915160000208
debug_algorithm_dqn_statev1_sparse_seed43_20261010_222312_428261_8435935e,dqn,43,v1,sparse,507,10059,20.0,3,23,0.36569694841944866,0.3827088054107583,9060,True,False,True,16.75765510000201
debug_algorithm_dqn_statev1_sparse_seed43_20261010_222312_428261_8435935e,dqn,43,v1,sparse,508,10071,-10.0,0,12,0.3652583533608961,0.3207325569043557,9072,True,False,True,16.77903789999982
debug_algorithm_dqn_statev1_sparse_seed43_20261010_222312_428261_8435935e,dqn,43,v1,sparse,509,10089,10.0,2,18,0.3646014468721882,0.4243328819672267,9090,True,False,True,16.807124200000544
debug_algorithm_dqn_statev1_sparse_seed43_20261010_222312_428261_8435935e,dqn,43,v1,sparse,510,10104,10.0,2,15,0.36405492736755535,0.38192792584498725,9105,True,False,True,16.838480899998103
debug_algorithm_dqn_statev1_sparse_seed43_20261010_222312_428261_8435935e,dqn,43,v1,sparse,511,10117,10.0,2,13,0.3635819398207273,0.44989590576061833,9118,True,False,True,16.85833940000157
debug_algorithm_dqn_statev1_sparse_seed43_20261010_222312_428261_8435935e,dqn,43,v1,sparse,512,10129,10.0,2,12,0.3631458813770527,0.34404189481089514,9130,True,False,True,16.87824030000047
debug_algorithm_dqn_statev1_sparse_seed43_20261010_222312_428261_8435935e,dqn,43,v1,sparse,513,10148,10.0,2,19,0.36245652483014573,0.3715346800653558,9149,True,False,True,16.910238199998275
debug_algorithm_dqn_statev1_sparse_seed43_20261010_222312_428261_8435935e,dqn,43,v1,sparse,514,10174,10.0,2,26,0.3615153149074478,0.4314807982972035,9175,True,False,True,16.956381700001657
debug_algorithm_dqn_statev1_sparse_seed43_20261010_222312_428261_8435935e,dqn,43,v1,sparse,515,10205,10.0,2,31,0.36039629685357466,0.440475435506913,9206,True,False,True,17.013112799999362
debug_algorithm_dqn_statev1_sparse_seed43_20261010_222312_428261_8435935e,dqn,43,v1,sparse,516,10238,20.0,3,33,0.35920889000155715,0.4260230886213707,9239,True,False,True,17.068835099998978
debug_algorithm_dqn_statev1_sparse_seed43_20261010_222312_428261_8435935e,dqn,43,v1,sparse,517,10284,20.0,3,46,0.35756024147262744,0.4236963551653468,9285,True,False,True,17.1556580999968
debug_algorithm_dqn_statev1_sparse_seed43_20261010_222312_428261_8435935e,dqn,43,v1,sparse,518,10289,-10.0,0,5,0.35738149710433986,0.4133374899625778,9290,True,False,True,17.165100600002916
debug_algorithm_dqn_statev1_sparse_seed43_20261010_222312_428261_8435935e,dqn,43,v1,sparse,519,10345,40.0,5,56,0.3553856545021088,0.3712993669988854,9346,True,False,True,17.279055400002107
debug_algorithm_dqn_statev1_sparse_seed43_20261010_222312_428261_8435935e,dqn,43,v1,sparse,520,10415,20.0,3,70,0.35290651806288204,0.4135265393980912,9416,True,False,True,17.44820040000195
debug_algorithm_dqn_statev1_sparse_seed43_20261010_222312_428261_8435935e,dqn,43,v1,sparse,521,10447,0.0,1,32,0.3517789658722625,0.39801224786788225,9448,True,False,True,17.543721399997594
debug_algorithm_dqn_statev1_sparse_seed43_20261010_222312_428261_8435935e,dqn,43,v1,sparse,522,10463,0.0,1,16,0.3512165414646938,0.36450747051276267,9464,True,False,True,17.588580900002853
debug_algorithm_dqn_statev1_sparse_seed43_20261010_222312_428261_8435935e,dqn,43,v1,sparse,523,10490,10.0,2,27,0.35026948854610745,0.4214254866043727,9491,True,False,True,17.665373299998464
debug_algorithm_dqn_statev1_sparse_seed43_20261010_222312_428261_8435935e,dqn,43,v1,sparse,524,10507,0.0,1,17,0.3496745065439836,0.4225775617010453,9508,True,False,True,17.69895220000035
debug_algorithm_dqn_statev1_sparse_seed43_20261010_222312_428261_8435935e,dqn,43,v1,sparse,525,10528,20.0,3,21,0.34894092393184717,0.4090556140456881,9529,True,False,True,17.758225899997342
debug_algorithm_dqn_statev1_sparse_seed43_20261010_222312_428261_8435935e,dqn,43,v1,sparse,526,10553,10.0,2,25,0.3480696176426666,0.4267586958408356,9554,True,False,True,17.815100400002848
debug_algorithm_dqn_statev1_sparse_seed43_20261010_222312_428261_8435935e,dqn,43,v1,sparse,527,10650,70.0,8,97,0.34470949727392264,0.39902558723061354,9651,True,False,True,18.006109200003266
debug_algorithm_dqn_statev1_sparse_seed43_20261010_222312_428261_8435935e,dqn,43,v1,sparse,528,10682,20.0,3,32,0.3436081349332325,0.4120657646562904,9683,True,False,True,18.065192599999136
debug_algorithm_dqn_statev1_sparse_seed43_20261010_222312_428261_8435935e,dqn,43,v1,sparse,529,10706,10.0,2,24,0.3427844230727473,0.45119078550487757,9707,True,False,True,18.106941999998526
debug_algorithm_dqn_statev1_sparse_seed43_20261010_222312_428261_8435935e,dqn,43,v1,sparse,530,10728,10.0,2,22,0.3420310886463674,0.36769400706345384,9729,True,False,True,18.14782649999688
debug_algorithm_dqn_statev1_sparse_seed43_20261010_222312_428261_8435935e,dqn,43,v1,sparse,531,10748,20.0,3,20,0.3413476759383933,0.36387930884957315,9749,True,False,True,18.186252300001797
debug_algorithm_dqn_statev1_sparse_seed43_20261010_222312_428261_8435935e,dqn,43,v1,sparse,532,10816,40.0,5,68,0.33903427056285373,0.4457226286039633,9817,True,False,True,18.314398100003018
debug_algorithm_dqn_statev1_sparse_seed43_20261010_222312_428261_8435935e,dqn,43,v1,sparse,533,10864,30.0,4,48,0.3374107245133786,0.4556009955704212,9865,True,False,True,18.401768000003358
debug_algorithm_dqn_statev1_sparse_seed43_20261010_222312_428261_8435935e,dqn,43,v1,sparse,534,10926,40.0,5,62,0.33532514571612315,0.45042084241586344,9927,True,False,True,18.511041400000977
debug_algorithm_dqn_statev1_sparse_seed43_20261010_222312_428261_8435935e,dqn,43,v1,sparse,535,10944,10.0,2,18,0.3347220732277844,0.4032921219865481,9945,True,False,True,18.541852800000925
debug_algorithm_dqn_statev1_sparse_seed43_20261010_222312_428261_8435935e,dqn,43,v1,sparse,536,10952,-10.0,0,8,0.33445438927264065,0.5731443129479885,9953,True,False,True,18.555531999998493
debug_algorithm_dqn_statev1_sparse_seed43_20261010_222312_428261_8435935e,dqn,43,v1,sparse,537,10955,-10.0,0,3,0.3343540629891561,0.5923194835583369,9956,True,False,True,18.560340299998643
debug_algorithm_dqn_statev1_sparse_seed43_20261010_222312_428261_8435935e,dqn,43,v1,sparse,538,10991,30.0,4,36,0.3331524924076723,0.4484711094862885,9992,True,False,True,18.619614800001727
debug_algorithm_dqn_statev1_sparse_seed43_20261010_222312_428261_8435935e,dqn,43,v1,sparse,539,10996,-10.0,0,5,0.3329859494733864,0.406535804271698,9997,True,False,True,18.62736389999918
debug_algorithm_dqn_statev1_sparse_seed43_20261010_222312_428261_8435935e,dqn,43,v1,sparse,540,11011,0.0,1,15,0.3324868200329602,0.4281282961368561,10012,True,False,True,18.656083599998965
debug_algorithm_dqn_statev1_sparse_seed43_20261010_222312_428261_8435935e,dqn,43,v1,sparse,541,11025,0.0,1,14,0.33202164092692843,0.4550538105624063,10026,True,False,True,18.678850399999646
debug_algorithm_dqn_statev1_sparse_seed43_20261010_222312_428261_8435935e,dqn,43,v1,sparse,542,11037,0.0,1,12,0.3316234340190709,0.40069009984532994,10038,True,False,True,18.695666799998435
debug_algorithm_dqn_statev1_sparse_seed43_20261010_222312_428261_8435935e,dqn,43,v1,sparse,543,11063,20.0,3,26,0.33076229000505664,0.4866885474094978,10064,True,False,True,18.738071599997056
debug_algorithm_dqn_statev1_sparse_seed43_20261010_222312_428261_8435935e,dqn,43,v1,sparse,544,11075,0.0,1,12,0.3303655934874106,0.4075523242354393,10076,True,False,True,18.75638869999966
debug_algorithm_dqn_statev1_sparse_seed43_20261010_222312_428261_8435935e,dqn,43,v1,sparse,545,11096,0.0,1,21,0.3296725190696448,0.42748029707443147,10097,True,False,True,18.78884359999938
debug_algorithm_dqn_statev1_sparse_seed43_20261010_222312_428261_8435935e,dqn,43,v1,sparse,546,11129,20.0,3,33,0.3285863386302708,0.4080314640745972,10130,True,False,True,18.83982780000224
debug_algorithm_dqn_statev1_sparse_seed43_20261010_222312_428261_8435935e,dqn,43,v1,sparse,547,11151,10.0,2,22,0.3278642072139438,0.4210206012834202,10152,True,False,True,18.874321100003726
debug_algorithm_dqn_statev1_sparse_seed43_20261010_222312_428261_8435935e,dqn,43,v1,sparse,548,11210,60.0,7,59,0.32593540750433525,0.43128052682189616,10211,True,False,True,18.971327400002338
debug_algorithm_dqn_statev1_sparse_seed43_20261010_222312_428261_8435935e,dqn,43,v1,sparse,549,11235,10.0,2,25,0.3251215460425578,0.4410442444682121,10236,True,False,True,19.01165800000308
debug_algorithm_dqn_statev1_sparse_seed43_20261010_222312_428261_8435935e,dqn,43,v1,sparse,550,11239,-10.0,0,4,0.32499151693013306,0.3319658786058426,10240,True,False,True,19.018254499998875
debug_algorithm_dqn_statev1_sparse_seed43_20261010_222312_428261_8435935e,dqn,43,v1,sparse,551,11299,40.0,5,60,0.3230473090730225,0.45396162855128447,10300,True,False,True,19.124514299997827
debug_algorithm_dqn_statev1_sparse_seed43_20261010_222312_428261_8435935e,dqn,43,v1,sparse,552,11316,10.0,2,17,0.3224985677723435,0.4879324891987969,10317,True,False,True,19.15406890000304
debug_algorithm_dqn_statev1_sparse_seed43_20261010_222312_428261_8435935e,dqn,43,v1,sparse,553,11336,0.0,1,20,0.3218541830165854,0.3856541343033314,10337,True,False,True,19.18261760000314
debug_algorithm_dqn_statev1_sparse_seed43_20261010_222312_428261_8435935e,dqn,43,v1,sparse,554,11364,30.0,4,28,0.3209542068592152,0.4587246621293681,10365,True,False,True,19.229729300001054
debug_algorithm_dqn_statev1_sparse_seed43_20261010_222312_428261_8435935e,dqn,43,v1,sparse,555,11392,0.0,1,28,0.32005674723612215,0.4995513627571719,10393,True,False,True,19.27624680000008
debug_algorithm_dqn_statev1_sparse_seed43_20261010_222312_428261_8435935e,dqn,43,v1,sparse,556,11471,40.0,5,79,0.3175381346195883,0.43195406743620013,10472,True,False,True,19.408723599997757
debug_algorithm_dqn_statev1_sparse_seed43_20261010_222312_428261_8435935e,dqn,43,v1,sparse,557,11478,0.0,1,7,0.31731592459725017,0.35689555534294676,10479,True,False,True,19.422126299999945
debug_algorithm_dqn_statev1_sparse_seed43_20261010_222312_428261_8435935e,dqn,43,v1,sparse,558,11511,30.0,4,33,0.3162704557441832,0.40864819288253784,10512,True,False,True,19.47228460000042
debug_algorithm_dqn_statev1_sparse_seed43_20261010_222312_428261_8435935e,dqn,43,v1,sparse,559,11539,10.0,2,28,0.31538609293496755,0.4227849670818874,10540,True,False,True,19.51689890000125
debug_algorithm_dqn_statev1_sparse_seed43_20261010_222312_428261_8435935e,dqn,43,v1,sparse,560,11557,0.0,1,18,0.3148188802511482,0.46452972789605457,10558,True,False,True,19.543186900002183
debug_algorithm_dqn_statev1_sparse_seed43_20261010_222312_428261_8435935e,dqn,43,v1,sparse,561,11565,0.0,1,8,0.31456711327860615,0.322905320674181,10566,True,False,True,19.556707600000664
debug_algorithm_dqn_statev1_sparse_seed43_20261010_222312_428261_8435935e,dqn,43,v1,sparse,562,11614,0.0,1,49,0.3130294279438677,0.4183367633697938,10615,True,False,True,19.63427260000026
debug_algorithm_dqn_statev1_sparse_seed43_20261010_222312_428261_8435935e,dqn,43,v1,sparse,563,11656,30.0,4,42,0.3117173959398013,0.4385275296157315,10657,True,False,True,19.6982113999984
debug_algorithm_dqn_statev1_sparse_seed43_20261010_222312_428261_8435935e,dqn,43,v1,sparse,564,11657,-10.0,0,1,0.3116862242002073,0.14625442028045654,10658,True,False,True,19.700296900002286
debug_algorithm_dqn_statev1_sparse_seed43_20261010_222312_428261_8435935e,dqn,43,v1,sparse,565,11707,30.0,4,50,0.3101316051335744,0.45578112453222275,10708,True,False,True,19.790087800000038
debug_algorithm_dqn_statev1_sparse_seed43_20261010_222312_428261_8435935e,dqn,43,v1,sparse,566,11747,30.0,4,40,0.30889349467829247,0.4194719875231385,10748,True,False,True,19.8602200000023
debug_algorithm_dqn_statev1_sparse_seed43_20261010_222312_428261_8435935e,dqn,43,v1,sparse,567,11799,10.0,2,52,0.3072913376155132,0.47151633939490867,10800,True,False,True,19.94992320000165
debug_algorithm_dqn_statev1_sparse_seed43_20261010_222312_428261_8435935e,dqn,43,v1,sparse,568,11813,-10.0,0,14,0.3068614092661454,0.4751235619187355,10814,True,False,True,19.976845299999695
debug_algorithm_dqn_statev1_sparse_seed43_20261010_222312_428261_8435935e,dqn,43,v1,sparse,569,11841,20.0,3,28,0.30600335625167735,0.4950532524713448,10842,True,False,True,20.02841179999814
debug_algorithm_dqn_statev1_sparse_seed43_20261010_222312_428261_8435935e,dqn,43,v1,sparse,570,11909,50.0,6,68,0.3039294888748458,0.40630097292801914,10910,True,False,True,20.142634499999986
debug_algorithm_dqn_statev1_sparse_seed43_20261010_222312_428261_8435935e,dqn,43,v1,sparse,571,11983,20.0,3,74,0.3016886001256636,0.4457282881579689,10984,True,False,True,20.265713000000687
debug_algorithm_dqn_statev1_sparse_seed43_20261010_222312_428261_8435935e,dqn,43,v1,sparse,572,12046,50.0,6,63,0.29979384196082604,0.49174950141755364,11047,True,False,True,20.360671800001
debug_algorithm_dqn_statev1_sparse_seed43_20261010_222312_428261_8435935e,dqn,43,v1,sparse,573,12073,10.0,2,27,0.298985449987546,0.473590862971765,11074,True,False,True,20.409444999997504
debug_algorithm_dqn_statev1_sparse_seed43_20261010_222312_428261_8435935e,dqn,43,v1,sparse,574,12130,30.0,4,57,0.2972859959938825,0.43144238452639494,11131,True,False,True,20.49863180000102
debug_algorithm_dqn_statev1_sparse_seed43_20261010_222312_428261_8435935e,dqn,43,v1,sparse,575,12135,-10.0,0,5,0.29713738272151247,0.44996063113212587,11136,True,False,True,20.507998100001714
debug_algorithm_dqn_statev1_sparse_seed43_20261010_222312_428261_8435935e,dqn,43,v1,sparse,576,12137,-10.0,0,2,0.297077958216342,0.24693574756383896,11138,True,False,True,20.511022500002582
debug_algorithm_dqn_statev1_sparse_seed43_20261010_222312_428261_8435935e,dqn,43,v1,sparse,577,12155,-10.0,0,18,0.29654367217850397,0.43277076962921357,11156,True,False,True,20.539415699997335
debug_algorithm_dqn_statev1_sparse_seed43_20261010_222312_428261_8435935e,dqn,43,v1,sparse,578,12189,10.0,2,34,0.29553708552995506,0.5076844350380056,11190,True,False,True,20.592463499997393
debug_algorithm_dqn_statev1_sparse_seed43_20261010_222312_428261_8435935e,dqn,43,v1,sparse,579,12218,10.0,2,29,0.2946812267832946,0.43353303753096484,11219,True,False,True,20.63637690000178
debug_algorithm_dqn_statev1_sparse_seed43_20261010_222312_428261_8435935e,dqn,43,v1,sparse,580,12233,-10.0,0,15,0.29423951422436817,0.4452803055445353,11234,True,False,True,20.66025660000014
debug_algorithm_dqn_statev1_sparse_seed43_20261010_222312_428261_8435935e,dqn,43,v1,sparse,581,12267,30.0,4,34,0.29324074880031464,0.5219336511457667,11268,True,False,True,20.71406610000122
debug_algorithm_dqn_statev1_sparse_seed43_20261010_222312_428261_8435935e,dqn,43,v1,sparse,582,12392,90.0,10,125,0.28959787270459936,0.46726417165994644,11393,True,False,True,20.91553869999916
debug_algorithm_dqn_statev1_sparse_seed43_20261010_222312_428261_8435935e,dqn,43,v1,sparse,583,12416,0.0,1,24,0.28890363651439854,0.45873097827037174,11417,True,False,True,20.957342000001518
debug_algorithm_dqn_statev1_sparse_seed43_20261010_222312_428261_8435935e,dqn,43,v1,sparse,584,12478,40.0,5,62,0.2871178862255381,0.4440920940570293,11479,True,False,True,21.066983299999265
debug_algorithm_dqn_statev1_sparse_seed43_20261010_222312_428261_8435935e,dqn,43,v1,sparse,585,12497,10.0,2,19,0.2865728529351892,0.44962320045421,11498,True,False,True,21.09522840000136
debug_algorithm_dqn_statev1_sparse_seed43_20261010_222312_428261_8435935e,dqn,43,v1,sparse,586,12504,-10.0,0,7,0.28637231210840464,0.4721729925700596,11505,True,False,True,21.109793499999796
debug_algorithm_dqn_statev1_sparse_seed43_20261010_222312_428261_8435935e,dqn,43,v1,sparse,587,12568,40.0,5,64,0.28454529066348055,0.4695025507826358,11569,True,False,True,21.222656600002665
debug_algorithm_dqn_statev1_sparse_seed43_20261010_222312_428261_8435935e,dqn,43,v1,sparse,588,12608,10.0,2,40,0.2834093261453851,0.49790153130888937,11609,True,False,True,21.288743400000385
debug_algorithm_dqn_statev1_sparse_seed43_20261010_222312_428261_8435935e,dqn,43,v1,sparse,589,12637,-10.0,0,29,0.2825885887065228,0.43266138819784955,11638,True,False,True,21.33803469999839
debug_algorithm_dqn_statev1_sparse_seed43_20261010_222312_428261_8435935e,dqn,43,v1,sparse,590,12679,20.0,3,42,0.28140414648074763,0.43926326735388666,11680,True,False,True,21.407990699997754
debug_algorithm_dqn_statev1_sparse_seed43_20261010_222312_428261_8435935e,dqn,43,v1,sparse,591,12700,0.0,1,21,0.2808137883477466,0.5225151848225367,11701,True,False,True,21.43953920000058
debug_algorithm_dqn_statev1_sparse_seed43_20261010_222312_428261_8435935e,dqn,43,v1,sparse,592,12730,10.0,2,30,0.27997256738334797,0.4377723770836989,11731,True,False,True,21.485737599999993
debug_algorithm_dqn_statev1_sparse_seed43_20261010_222312_428261_8435935e,dqn,43,v1,sparse,593,12736,-10.0,0,6,0.279804625833204,0.5797948141892751,11737,True,False,True,21.495636899999226
debug_algorithm_dqn_statev1_sparse_seed43_20261010_222312_428261_8435935e,dqn,43,v1,sparse,594,12752,-10.0,0,16,0.27935727404078214,0.49424966238439083,11753,True,False,True,21.521910199997365
debug_algorithm_dqn_statev1_sparse_seed43_20261010_222312_428261_8435935e,dqn,43,v1,sparse,595,12796,40.0,5,44,0.27813074105879676,0.45171275921165943,11797,True,False,True,21.59064750000107
debug_algorithm_dqn_statev1_sparse_seed43_20261010_222312_428261_8435935e,dqn,43,v1,sparse,596,12829,10.0,2,33,0.27721437662727166,0.5156389768376495,11830,True,False,True,21.64111199999752
debug_algorithm_dqn_statev1_sparse_seed43_20261010_222312_428261_8435935e,dqn,43,v1,sparse,597,12855,10.0,2,26,0.2764945194744216,0.43952278850170284,11856,True,False,True,21.679735899997468
debug_algorithm_dqn_statev1_sparse_seed43_20261010_222312_428261_8435935e,dqn,43,v1,sparse,598,12922,40.0,5,67,0.27464810626346475,0.4862801554932523,11923,True,False,True,21.781014699998195
debug_algorithm_dqn_statev1_sparse_seed43_20261010_222312_428261_8435935e,dqn,43,v1,sparse,599,12964,30.0,4,42,0.2734969457874649,0.4910049477503413,11965,True,False,True,21.843113700000686
debug_algorithm_dqn_statev1_sparse_seed43_20261010_222312_428261_8435935e,dqn,43,v1,sparse,600,12993,30.0,4,29,0.2727049140435727,0.45667431323692714,11994,True,False,True,21.890076700001373
debug_algorithm_dqn_statev1_sparse_seed43_20261010_222312_428261_8435935e,dqn,43,v1,sparse,601,13001,-10.0,0,8,0.27248682645444433,0.4014191906899214,12002,True,False,True,21.915606700000353
debug_algorithm_dqn_statev1_sparse_seed43_20261010_222312_428261_8435935e,dqn,43,v1,sparse,602,13027,10.0,2,26,0.2717792455797903,0.5154797153977247,12028,True,False,True,21.957340599998133
debug_algorithm_dqn_statev1_sparse_seed43_20261010_222312_428261_8435935e,dqn,43,v1,sparse,603,13092,70.0,8,65,0.2700183216388905,0.4839469756071384,12093,True,False,True,22.064710500002548
debug_algorithm_dqn_statev1_sparse_seed43_20261010_222312_428261_8435935e,dqn,43,v1,sparse,604,13250,140.0,15,158,0.2657853490522501,0.47536845693859875,12251,True,False,True,22.32317250000051
debug_algorithm_dqn_statev1_sparse_seed43_20261010_222312_428261_8435935e,dqn,43,v1,sparse,605,13283,30.0,4,33,0.2649096592979829,0.515501498724475,12284,True,False,True,22.376278900002944
debug_algorithm_dqn_statev1_sparse_seed43_20261010_222312_428261_8435935e,dqn,43,v1,sparse,606,13290,-10.0,0,7,0.2647242781582319,0.698926431792123,12291,True,False,True,22.38826269999845
debug_algorithm_dqn_statev1_sparse_seed43_20261010_222312_428261_8435935e,dqn,43,v1,sparse,607,13299,10.0,2,9,0.26448612158639623,0.40558836029635537,12300,True,False,True,22.401783200002683
debug_algorithm_dqn_statev1_sparse_seed43_20261010_222312_428261_8435935e,dqn,43,v1,sparse,608,13346,30.0,4,47,0.2632458916259857,0.5264176954614356,12347,True,False,True,22.47717510000075
debug_algorithm_dqn_statev1_sparse_seed43_20261010_222312_428261_8435935e,dqn,43,v1,sparse,609,13356,-10.0,0,10,0.26298276416342703,0.4193762242794037,12357,True,False,True,22.496261200001754
debug_algorithm_dqn_statev1_sparse_seed43_20261010_222312_428261_8435935e,dqn,43,v1,sparse,610,13409,30.0,4,53,0.26159257326291024,0.4937851018500778,12410,True,False,True,22.605012699998042
debug_algorithm_dqn_statev1_sparse_seed43_20261010_222312_428261_8435935e,dqn,43,v1,sparse,611,13428,10.0,2,19,0.2610959944436292,0.5572171650434795,12429,True,False,True,22.637770399996953
debug_algorithm_dqn_statev1_sparse_seed43_20261010_222312_428261_8435935e,dqn,43,v1,sparse,612,13464,20.0,3,36,0.2601576919057087,0.48888474081953365,12465,True,False,True,22.703443600003084
debug_algorithm_dqn_statev1_sparse_seed43_20261010_222312_428261_8435935e,dqn,43,v1,sparse,613,13485,-10.0,0,21,0.2596119067380057,0.5070384194453558,12486,True,False,True,22.73747010000079
debug_algorithm_dqn_statev1_sparse_seed43_20261010_222312_428261_8435935e,dqn,43,v1,sparse,614,13602,110.0,12,117,0.2565919973523518,0.49328991579703796,12603,True,False,True,22.944744100001117
debug_algorithm_dqn_statev1_sparse_seed43_20261010_222312_428261_8435935e,dqn,43,v1,sparse,615,13606,-10.0,0,4,0.25648937594790433,0.37463888712227345,12607,True,False,True,22.952408500001184
debug_algorithm_dqn_statev1_sparse_seed43_20261010_222312_428261_8435935e,dqn,43,v1,sparse,616,13644,20.0,3,38,0.255516517277763,0.5159706928228077,12645,True,False,True,23.021865299997444
debug_algorithm_dqn_statev1_sparse_seed43_20261010_222312_428261_8435935e,dqn,43,v1,sparse,617,13708,50.0,6,64,0.25388635215054906,0.455767385661602,12709,True,False,True,23.14179129999684
debug_algorithm_dqn_statev1_sparse_seed43_20261010_222312_428261_8435935e,dqn,43,v1,sparse,618,13744,20.0,3,36,0.25297395895557173,0.5457742818527751,12745,True,False,True,23.21982019999996
debug_algorithm_dqn_statev1_sparse_seed43_20261010_222312_428261_8435935e,dqn,43,v1,sparse,619,13833,50.0,6,89,0.25073236851402725,0.5222745127557369,12834,True,False,True,23.393558199997642
debug_algorithm_dqn_statev1_sparse_seed43_20261010_222312_428261_8435935e,dqn,43,v1,sparse,620,13903,80.0,9,70,0.24898328341899806,0.4847839385271072,12904,True,False,True,23.537798700002895
debug_algorithm_dqn_statev1_sparse_seed43_20261010_222312_428261_8435935e,dqn,43,v1,sparse,621,13918,-10.0,0,15,0.24861006981306377,0.5832986742258072,12919,True,False,True,23.56413330000214
debug_algorithm_dqn_statev1_sparse_seed43_20261010_222312_428261_8435935e,dqn,43,v1,sparse,622,13973,70.0,8,55,0.24724639977481394,0.5341591076417402,12974,True,False,True,23.67862890000106
debug_algorithm_dqn_statev1_sparse_seed43_20261010_222312_428261_8435935e,dqn,43,v1,sparse,623,13993,0.0,1,20,0.24675237646168277,0.4338391564786434,12994,True,False,True,23.718715000002703
debug_algorithm_dqn_statev1_sparse_seed43_20261010_222312_428261_8435935e,dqn,43,v1,sparse,624,14016,20.0,3,23,0.24618546984255335,0.4824485448391541,13017,True,False,True,23.763958499999717
debug_algorithm_dqn_statev1_sparse_seed43_20261010_222312_428261_8435935e,dqn,43,v1,sparse,625,14056,30.0,4,40,0.2452026457797839,0.49271376319229604,13057,True,False,True,23.83934859999863
debug_algorithm_dqn_statev1_sparse_seed43_20261010_222312_428261_8435935e,dqn,43,v1,sparse,626,14073,10.0,2,17,0.2447861345908771,0.6097406438168358,13074,True,False,True,23.86916360000032
debug_algorithm_dqn_statev1_sparse_seed43_20261010_222312_428261_8435935e,dqn,43,v1,sparse,627,14104,20.0,3,31,0.24402843472962749,0.49805842388060784,13105,True,False,True,23.92199480000272
debug_algorithm_dqn_statev1_sparse_seed43_20261010_222312_428261_8435935e,dqn,43,v1,sparse,628,14209,70.0,8,105,0.24147941448834856,0.522419304790951,13210,True,False,True,24.09506749999855
debug_algorithm_dqn_statev1_sparse_seed43_20261010_222312_428261_8435935e,dqn,43,v1,sparse,629,14259,50.0,6,50,0.2402749708112941,0.5994876432418823,13260,True,False,True,24.196423599998525
debug_algorithm_dqn_statev1_sparse_seed43_20261010_222312_428261_8435935e,dqn,43,v1,sparse,630,14274,10.0,2,15,0.23991481053450422,0.5451599737008412,13275,True,False,True,24.23859950000042
debug_algorithm_dqn_statev1_sparse_seed43_20261010_222312_428261_8435935e,dqn,43,v1,sparse,631,14287,10.0,2,13,0.23960310834576312,0.5342228699188966,13288,True,False,True,24.264087700001255
debug_algorithm_dqn_statev1_sparse_seed43_20261010_222312_428261_8435935e,dqn,43,v1,sparse,632,14324,20.0,3,37,0.23871817074145074,0.5416795224756807,13325,True,False,True,24.332442200000514
debug_algorithm_dqn_statev1_sparse_seed43_20261010_222312_428261_8435935e,dqn,43,v1,sparse,633,14337,-10.0,0,13,0.23840802325140376,0.589227747458678,13338,True,False,True,24.35202759999811
debug_algorithm_dqn_statev1_sparse_seed43_20261010_222312_428261_8435935e,dqn,43,v1,sparse,634,14376,10.0,2,39,0.23747999638732425,0.570146090327165,13377,True,False,True,24.413560900000448
debug_algorithm_dqn_statev1_sparse_seed43_20261010_222312_428261_8435935e,dqn,43,v1,sparse,635,14465,80.0,9,89,0.2353756972248427,0.5572126660119282,13466,True,False,True,24.568930399997043
debug_algorithm_dqn_statev1_sparse_seed43_20261010_222312_428261_8435935e,dqn,43,v1,sparse,636,14571,70.0,8,106,0.23289376819982,0.5420943954080906,13572,True,False,True,24.762092400000256
debug_algorithm_dqn_statev1_sparse_seed43_20261010_222312_428261_8435935e,dqn,43,v1,sparse,637,14619,50.0,6,48,0.23177850113056336,0.5300589147955179,13620,True,False,True,24.849602900001628
debug_algorithm_dqn_statev1_sparse_seed43_20261010_222312_428261_8435935e,dqn,43,v1,sparse,638,14637,0.0,1,18,0.23136165426057487,0.5812037289142609,13638,True,False,True,24.88341560000117
debug_algorithm_dqn_statev1_sparse_seed43_20261010_222312_428261_8435935e,dqn,43,v1,sparse,639,14669,30.0,4,32,0.2306224433740239,0.5239975242875516,13670,True,False,True,24.94853200000216
debug_algorithm_dqn_statev1_sparse_seed43_20261010_222312_428261_8435935e,dqn,43,v1,sparse,640,14685,0.0,1,16,0.23025372408245096,0.5086368694901466,13686,True,False,True,24.97603369999706
debug_algorithm_dqn_statev1_sparse_seed43_20261010_222312_428261_8435935e,dqn,43,v1,sparse,641,14739,40.0,5,54,0.2290136431992586,0.5426987533768018,13740,True,False,True,25.080813699998544
debug_algorithm_dqn_statev1_sparse_seed43_20261010_222312_428261_8435935e,dqn,43,v1,sparse,642,14805,40.0,5,66,0.22750705503361104,0.54836256057024,13806,True,False,True,25.201794300002803
debug_algorithm_dqn_statev1_sparse_seed43_20261010_222312_428261_8435935e,dqn,43,v1,sparse,643,14859,60.0,7,54,0.22628176692648994,0.5236847820105376,13860,True,False,True,25.308402900001965
debug_algorithm_dqn_statev1_sparse_seed43_20261010_222312_428261_8435935e,dqn,43,v1,sparse,644,14930,40.0,5,71,0.2246807765720427,0.5264253605839232,13931,True,False,True,25.43746960000135
debug_algorithm_dqn_statev1_sparse_seed43_20261010_222312_428261_8435935e,dqn,43,v1,sparse,645,14958,20.0,3,28,0.22405251895538206,0.5605513453483582,13959,True,False,True,25.49345500000345
debug_algorithm_dqn_statev1_sparse_seed43_20261010_222312_428261_8435935e,dqn,43,v1,sparse,646,14959,-10.0,0,1,0.22403011370348652,0.32929667830467224,13960,True,False,True,25.495480799996585
debug_algorithm_dqn_statev1_sparse_seed43_20261010_222312_428261_8435935e,dqn,43,v1,sparse,647,14981,20.0,3,22,0.223537764618059,0.5880892913449894,13982,True,False,True,25.5398903000023
debug_algorithm_dqn_statev1_sparse_seed43_20261010_222312_428261_8435935e,dqn,43,v1,sparse,648,15072,80.0,9,91,0.22151269773465126,0.5340571591814796,14073,True,False,True,25.692265300000145
debug_algorithm_dqn_statev1_sparse_seed43_20261010_222312_428261_8435935e,dqn,43,v1,sparse,649,15123,40.0,5,51,0.22038580265562924,0.522251242223908,14124,True,False,True,25.7865501999986
debug_algorithm_dqn_statev1_sparse_seed43_20261010_222312_428261_8435935e,dqn,43,v1,sparse,650,15168,30.0,4,45,0.21939624523913173,0.6111954960558149,14169,True,False,True,25.86230059999798
debug_algorithm_dqn_statev1_sparse_seed43_20261010_222312_428261_8435935e,dqn,43,v1,sparse,651,15227,40.0,5,59,0.2181055541395989,0.5058995328717313,14228,True,False,True,25.960418599999684
debug_algorithm_dqn_statev1_sparse_seed43_20261010_222312_428261_8435935e,dqn,43,v1,sparse,652,15266,30.0,4,39,0.21725655664913673,0.5833014834385651,14267,True,False,True,26.03006180000375
debug_algorithm_dqn_statev1_sparse_seed43_20261010_222312_428261_8435935e,dqn,43,v1,sparse,653,15288,10.0,2,22,0.2167790937527383,0.6257509968497537,14289,True,False,True,26.07240710000042
debug_algorithm_dqn_statev1_sparse_seed43_20261010_222312_428261_8435935e,dqn,43,v1,sparse,654,15332,30.0,4,44,0.2158273136023714,0.6155631657351147,14333,True,False,True,26.150851400001557
debug_algorithm_dqn_statev1_sparse_seed43_20261010_222312_428261_8435935e,dqn,43,v1,sparse,655,15357,20.0,3,25,0.21528839230417643,0.5660403484106064,14358,True,False,True,26.203979099998833
debug_algorithm_dqn_statev1_sparse_seed43_20261010_222312_428261_8435935e,dqn,43,v1,sparse,656,15382,10.0,2,25,0.21475081669370186,0.5378663921356202,14383,True,False,True,26.251081800000975
debug_algorithm_dqn_statev1_sparse_seed43_20261010_222312_428261_8435935e,dqn,43,v1,sparse,657,15397,-10.0,0,15,0.21442891585933657,0.6464470644791921,14398,True,False,True,26.287010699998064
debug_algorithm_dqn_statev1_sparse_seed43_20261010_222312_428261_8435935e,dqn,43,v1,sparse,658,15455,50.0,6,58,0.2131887660500009,0.5638433407092917,14456,True,False,True,26.430987599997025
debug_algorithm_dqn_statev1_sparse_seed43_20261010_222312_428261_8435935e,dqn,43,v1,sparse,659,15472,-10.0,0,17,0.21282663493952012,0.5251814617830164,14473,True,False,True,26.4653959999996
debug_algorithm_dqn_statev1_sparse_seed43_20261010_222312_428261_8435935e,dqn,43,v1,sparse,660,15540,50.0,6,68,0.2113842513639661,0.5883819609880447,14541,True,False,True,26.623341699996672
debug_algorithm_dqn_statev1_sparse_seed43_20261010_222312_428261_8435935e,dqn,43,v1,sparse,661,15568,40.0,5,28,0.21079317380055498,0.5452942438423634,14569,True,False,True,26.675768300003256
debug_algorithm_dqn_statev1_sparse_seed43_20261010_222312_428261_8435935e,dqn,43,v1,sparse,662,15632,70.0,8,64,0.20944833830950585,0.5272940522991121,14633,True,False,True,26.807158299998264
debug_algorithm_dqn_statev1_sparse_seed43_20261010_222312_428261_8435935e,dqn,43,v1,sparse,663,15671,20.0,3,39,0.20863303988985882,0.5372734635304182,14672,True,False,True,26.8740375999987
debug_algorithm_dqn_statev1_sparse_seed43_20261010_222312_428261_8435935e,dqn,43,v1,sparse,664,15675,-10.0,0,4,0.20854959919105076,0.5928642004728317,14676,True,False,True,26.880693899998732
debug_algorithm_dqn_statev1_sparse_seed43_20261010_222312_428261_8435935e,dqn,43,v1,sparse,665,15775,70.0,8,100,0.20647439276345045,0.5868051463365554,14776,True,False,True,27.079321800003527
debug_algorithm_dqn_statev1_sparse_seed43_20261010_222312_428261_8435935e,dqn,43,v1,sparse,666,15887,80.0,9,112,0.2041746670810716,0.6147087246977857,14888,True,False,True,27.303647000000637
debug_algorithm_dqn_statev1_sparse_seed43_20261010_222312_428261_8435935e,dqn,43,v1,sparse,667,15966,70.0,8,79,0.2025679617173269,0.559024148632454,14967,True,False,True,27.439088600003743
debug_algorithm_dqn_statev1_sparse_seed43_20261010_222312_428261_8435935e,dqn,43,v1,sparse,668,16007,30.0,4,41,0.20173909197424741,0.5696749443688044,15008,True,False,True,27.523646499997994
debug_algorithm_dqn_statev1_sparse_seed43_20261010_222312_428261_8435935e,dqn,43,v1,sparse,669,16026,10.0,2,19,0.20135613247793666,0.6049019176709024,15027,True,False,True,27.570534699996642
debug_algorithm_dqn_statev1_sparse_seed43_20261010_222312_428261_8435935e,dqn,43,v1,sparse,670,16152,90.0,10,126,0.1988348366637757,0.5688897987443303,15153,True,False,True,27.811537300003693
debug_algorithm_dqn_statev1_sparse_seed43_20261010_222312_428261_8435935e,dqn,43,v1,sparse,671,16204,60.0,7,52,0.1978035276741862,0.5448710075937785,15205,True,False,True,27.90429790000053
debug_algorithm_dqn_statev1_sparse_seed43_20261010_222312_428261_8435935e,dqn,43,v1,sparse,672,16286,60.0,7,82,0.19618809031947493,0.5271593526732631,15287,True,False,True,28.051663300000655
debug_algorithm_dqn_statev1_sparse_seed43_20261010_222312_428261_8435935e,dqn,43,v1,sparse,673,16322,40.0,5,36,0.1954830477796658,0.5988365684946378,15323,True,False,True,28.12020510000002
debug_algorithm_dqn_statev1_sparse_seed43_20261010_222312_428261_8435935e,dqn,43,v1,sparse,674,16356,20.0,3,34,0.19481950090824848,0.5980085274752449,15357,True,False,True,28.182750300002226
debug_algorithm_dqn_statev1_sparse_seed43_20261010_222312_428261_8435935e,dqn,43,v1,sparse,675,16370,0.0,1,14,0.19454693082182803,0.4888618439435959,15371,True,False,True,28.20747560000018
debug_algorithm_dqn_statev1_sparse_seed43_20261010_222312_428261_8435935e,dqn,43,v1,sparse,676,16465,120.0,13,95,0.19270739463309094,0.5535260194226315,15466,True,False,True,28.41546009999729
debug_algorithm_dqn_statev1_sparse_seed43_20261010_222312_428261_8435935e,dqn,43,v1,sparse,677,16503,30.0,4,38,0.19197645964221138,0.5839772910663956,15504,True,False,True,28.49216400000296
debug_algorithm_dqn_statev1_sparse_seed43_20261010_222312_428261_8435935e,dqn,43,v1,sparse,678,16558,20.0,3,55,0.19092343493464337,0.5491545582359487,15559,True,False,True,28.60141100000328
debug_algorithm_dqn_statev1_sparse_seed43_20261010_222312_428261_8435935e,dqn,43,v1,sparse,679,16569,0.0,1,11,0.19071352413260842,0.48070545359091327,15570,True,False,True,28.625769400001445
debug_algorithm_dqn_statev1_sparse_seed43_20261010_222312_428261_8435935e,dqn,43,v1,sparse,680,16597,10.0,2,28,0.19018024653777124,0.6156156100332737,15598,True,False,True,28.68138519999775
debug_algorithm_dqn_statev1_sparse_seed43_20261010_222312_428261_8435935e,dqn,43,v1,sparse,681,16617,0.0,1,20,0.18980024717045077,0.6941146582365036,15618,True,False,True,28.725723800002015
debug_algorithm_dqn_statev1_sparse_seed43_20261010_222312_428261_8435935e,dqn,43,v1,sparse,682,16690,60.0,7,73,0.188419681532416,0.583637093844479,15691,True,False,True,28.864081100000476
debug_algorithm_dqn_statev1_sparse_seed43_20261010_222312_428261_8435935e,dqn,43,v1,sparse,683,16692,-10.0,0,2,0.18838199948030634,0.39292916655540466,15693,True,False,True,28.8671192000038
debug_algorithm_dqn_statev1_sparse_seed43_20261010_222312_428261_8435935e,dqn,43,v1,sparse,684,16715,10.0,2,23,0.18794919715450256,0.5883881022100863,15716,True,False,True,28.90448109999852
debug_algorithm_dqn_statev1_sparse_seed43_20261010_222312_428261_8435935e,dqn,43,v1,sparse,685,16782,50.0,6,67,0.18669408410099814,0.5868512536607572,15783,True,False,True,29.00661879999825
debug_algorithm_dqn_statev1_sparse_seed43_20261010_222312_428261_8435935e,dqn,43,v1,sparse,686,16783,-10.0,0,1,0.18667541469258803,0.6804379224777222,15784,True,False,True,29.009003300001496
debug_algorithm_dqn_statev1_sparse_seed43_20261010_222312_428261_8435935e,dqn,43,v1,sparse,687,16831,50.0,6,48,0.18578147517563262,0.5913309697061777,15832,True,False,True,29.107868099999905
debug_algorithm_dqn_statev1_sparse_seed43_20261010_222312_428261_8435935e,dqn,43,v1,sparse,688,16841,0.0,1,10,0.18559577727983095,0.4877890169620514,15842,True,False,True,29.132909500003734
debug_algorithm_dqn_statev1_sparse_seed43_20261010_222312_428261_8435935e,dqn,43,v1,sparse,689,16843,-10.0,0,2,0.18555865998033277,0.47771231830120087,15844,True,False,True,29.140156900000875
debug_algorithm_dqn_statev1_sparse_seed43_20261010_222312_428261_8435935e,dqn,43,v1,sparse,690,16960,100.0,11,117,0.1834001675371127,0.5675880167728815,15961,True,False,True,29.358981700002914
debug_algorithm_dqn_statev1_sparse_seed43_20261010_222312_428261_8435935e,dqn,43,v1,sparse,691,16967,0.0,1,7,0.18327182592745353,0.6268361849444253,15968,True,False,True,29.37004220000381
debug_algorithm_dqn_statev1_sparse_seed43_20261010_222312_428261_8435935e,dqn,43,v1,sparse,692,17010,30.0,4,43,0.18248540976105604,0.5813435822032219,16011,True,False,True,29.446747900001355
debug_algorithm_dqn_statev1_sparse_seed43_20261010_222312_428261_8435935e,dqn,43,v1,sparse,693,17022,0.0,1,12,0.1822665476695755,0.6123064681887627,16023,True,False,True,29.46588409999822
debug_algorithm_dqn_statev1_sparse_seed43_20261010_222312_428261_8435935e,dqn,43,v1,sparse,694,17051,10.0,2,29,0.18173871401794806,0.5024353322283975,16052,True,False,True,29.515879799997492
debug_algorithm_dqn_statev1_sparse_seed43_20261010_222312_428261_8435935e,dqn,43,v1,sparse,695,17095,40.0,5,44,0.18094078052002138,0.6042434038086371,16096,True,False,True,29.63070560000051
debug_algorithm_dqn_statev1_sparse_seed43_20261010_222312_428261_8435935e,dqn,43,v1,sparse,696,17128,10.0,2,33,0.18034463032515363,0.5778465496771263,16129,True,False,True,29.694551400003547
debug_algorithm_dqn_statev1_sparse_seed43_20261010_222312_428261_8435935e,dqn,43,v1,sparse,697,17267,120.0,13,139,0.17785505809600338,0.6246664881063022,16268,True,False,True,29.96664559999772
debug_algorithm_dqn_statev1_sparse_seed43_20261010_222312_428261_8435935e,dqn,43,v1,sparse,698,17317,40.0,5,50,0.17696795804811813,0.6185159647464752,16318,True,False,True,30.04770119999739
debug_algorithm_dqn_statev1_sparse_seed43_20261010_222312_428261_8435935e,dqn,43,v1,sparse,699,17371,40.0,5,54,0.17601485910221581,0.5830756941879237,16372,True,False,True,30.129113900002267
debug_algorithm_dqn_statev1_sparse_seed43_20261010_222312_428261_8435935e,dqn,43,v1,sparse,700,17400,30.0,4,29,0.17550512998840695,0.5323089356052464,16401,True,False,True,30.17962219999754
debug_algorithm_dqn_statev1_sparse_seed43_20261010_222312_428261_8435935e,dqn,43,v1,sparse,701,17429,10.0,2,29,0.17499687702138922,0.6377697725748194,16430,True,False,True,30.250552600002266
debug_algorithm_dqn_statev1_sparse_seed43_20261010_222312_428261_8435935e,dqn,43,v1,sparse,702,17463,20.0,3,34,0.17440286832562638,0.6186652262421215,16464,True,False,True,30.313966900001105
debug_algorithm_dqn_statev1_sparse_seed43_20261010_222312_428261_8435935e,dqn,43,v1,sparse,703,17540,70.0,8,77,0.17306505653344367,0.5852040149174728,16541,True,False,True,30.46058179999818
debug_algorithm_dqn_statev1_sparse_seed43_20261010_222312_428261_8435935e,dqn,43,v1,sparse,704,17592,70.0,8,52,0.17216740926206253,0.6225529599648255,16593,True,False,True,30.563525300000038
debug_algorithm_dqn_statev1_sparse_seed43_20261010_222312_428261_8435935e,dqn,43,v1,sparse,705,17614,0.0,1,22,0.17178903840338958,0.5279230204495516,16615,True,False,True,30.612370299997565
debug_algorithm_dqn_statev1_sparse_seed43_20261010_222312_428261_8435935e,dqn,43,v1,sparse,706,17657,30.0,4,43,0.17105189467534176,0.6421141603658366,16658,True,False,True,30.691371799999615
debug_algorithm_dqn_statev1_sparse_seed43_20261010_222312_428261_8435935e,dqn,43,v1,sparse,707,17712,60.0,7,55,0.1701136448935447,0.6004494290460239,16713,True,False,True,30.830342599998403
debug_algorithm_dqn_statev1_sparse_seed43_20261010_222312_428261_8435935e,dqn,43,v1,sparse,708,17731,10.0,2,19,0.1697907196978056,0.6029499690783652,16732,True,False,True,30.878237500000978
debug_algorithm_dqn_statev1_sparse_seed43_20261010_222312_428261_8435935e,dqn,43,v1,sparse,709,17739,-10.0,0,8,0.1696549346539418,0.5838632993400097,16740,True,False,True,30.89370990000316
debug_algorithm_dqn_statev1_sparse_seed43_20261010_222312_428261_8435935e,dqn,43,v1,sparse,710,17740,-10.0,0,1,0.1696379691604764,1.1890246868133545,16741,True,False,True,30.89645980000205
debug_algorithm_dqn_statev1_sparse_seed43_20261010_222312_428261_8435935e,dqn,43,v1,sparse,711,17780,40.0,5,40,0.1689607387855201,0.5959696866571903,16781,True,False,True,31.003580900003726
debug_algorithm_dqn_statev1_sparse_seed43_20261010_222312_428261_8435935e,dqn,43,v1,sparse,712,17781,-10.0,0,1,0.16894384271164153,0.5247998833656311,16782,True,False,True,31.005224100001215
debug_algorithm_dqn_statev1_sparse_seed43_20261010_222312_428261_8435935e,dqn,43,v1,sparse,713,17828,40.0,5,47,0.16815163019742307,0.6357446845541609,16829,True,False,True,31.088302700001805
debug_algorithm_dqn_statev1_sparse_seed43_20261010_222312_428261_8435935e,dqn,43,v1,sparse,714,17914,70.0,8,86,0.16671165494682075,0.6399317758027897,16915,True,False,True,31.25828729999921
debug_algorithm_dqn_statev1_sparse_seed43_20261010_222312_428261_8435935e,dqn,43,v1,sparse,715,17957,10.0,2,43,0.16599629818146097,0.6607329242451246,16958,True,False,True,31.35452079999959
debug_algorithm_dqn_statev1_sparse_seed43_20261010_222312_428261_8435935e,dqn,43,v1,sparse,716,18034,50.0,6,77,0.16472297161695054,0.5874915256515726,17035,True,False,True,31.48771839999972
debug_algorithm_dqn_statev1_sparse_seed43_20261010_222312_428261_8435935e,dqn,43,v1,sparse,717,18037,-10.0,0,3,0.16467355966698988,0.588365892569224,17038,True,False,True,31.49216200000228
debug_algorithm_dqn_statev1_sparse_seed43_20261010_222312_428261_8435935e,dqn,43,v1,sparse,718,18198,120.0,13,161,0.16204341334071767,0.6043983529443326,17199,True,False,True,31.754439500000444
debug_algorithm_dqn_statev1_sparse_seed43_20261010_222312_428261_8435935e,dqn,43,v1,sparse,719,18201,-10.0,0,3,0.16199480517785583,0.6302489141623179,17202,True,False,True,31.75876650000282
debug_algorithm_dqn_statev1_sparse_seed43_20261010_222312_428261_8435935e,dqn,43,v1,sparse,720,18236,10.0,2,35,0.16142878616941592,0.5910775695528303,17237,True,False,True,31.812450800003717
debug_algorithm_dqn_statev1_sparse_seed43_20261010_222312_428261_8435935e,dqn,43,v1,sparse,721,18266,20.0,3,30,0.16094520137116886,0.6084349339207014,17267,True,False,True,31.860809899997548
debug_algorithm_dqn_statev1_sparse_seed43_20261010_222312_428261_8435935e,dqn,43,v1,sparse,722,18293,20.0,3,27,0.16051121377464111,0.5356425629169853,17294,True,False,True,31.901289699999325
debug_algorithm_dqn_statev1_sparse_seed43_20261010_222312_428261_8435935e,dqn,43,v1,sparse,723,18367,50.0,6,74,0.15932775581405706,0.6431996502183579,17368,True,False,True,32.019240000001446
debug_algorithm_dqn_statev1_sparse_seed43_20261010_222312_428261_8435935e,dqn,43,v1,sparse,724,18395,50.0,6,28,0.15888223983506308,0.5834945887327194,17396,True,False,True,32.0716670000038
debug_algorithm_dqn_statev1_sparse_seed43_20261010_222312_428261_8435935e,dqn,43,v1,sparse,725,18456,30.0,4,61,0.15791596000716843,0.5758773982524872,17457,True,False,True,32.187924300000304
debug_algorithm_dqn_statev1_sparse_seed43_20261010_222312_428261_8435935e,dqn,43,v1,sparse,726,18514,40.0,5,58,0.15700265292398372,0.5950846630951454,17515,True,False,True,32.29033160000108
debug_algorithm_dqn_statev1_sparse_seed43_20261010_222312_428261_8435935e,dqn,43,v1,sparse,727,18561,30.0,4,47,0.15626643511091906,0.5982506151529069,17562,True,False,True,32.36649829999806
debug_algorithm_dqn_statev1_sparse_seed43_20261010_222312_428261_8435935e,dqn,43,v1,sparse,728,18570,-10.0,0,9,0.1561258515621115,0.621704445944892,17571,True,False,True,32.38140040000144
debug_algorithm_dqn_statev1_sparse_seed43_20261010_222312_428261_8435935e,dqn,43,v1,sparse,729,18722,120.0,13,152,0.15377056636879816,0.6258198181657415,17723,True,False,True,32.68213400000241
debug_algorithm_dqn_statev1_sparse_seed43_20261010_222312_428261_8435935e,dqn,43,v1,sparse,730,18825,70.0,8,103,0.15219477997642442,0.5891777864358958,17826,True,False,True,32.88204389999737
debug_algorithm_dqn_statev1_sparse_seed43_20261010_222312_428261_8435935e,dqn,43,v1,sparse,731,18885,50.0,6,60,0.15128429994347944,0.6706557281315326,17886,True,False,True,33.00981909999973
debug_algorithm_dqn_statev1_sparse_seed43_20261010_222312_428261_8435935e,dqn,43,v1,sparse,732,18925,20.0,3,40,0.15068034126793778,0.5924351580440999,17926,True,False,True,33.082011300000886
debug_algorithm_dqn_statev1_sparse_seed43_20261010_222312_428261_8435935e,dqn,43,v1,sparse,733,18938,0.0,1,13,0.15048457431187187,0.5327956911463004,17939,True,False,True,33.10186059999978
debug_algorithm_dqn_statev1_sparse_seed43_20261010_222312_428261_8435935e,dqn,43,v1,sparse,734,18962,20.0,3,24,0.15012382636652755,0.6060077076156934,17963,True,False,True,33.15111320000142
debug_algorithm_dqn_statev1_sparse_seed43_20261010_222312_428261_8435935e,dqn,43,v1,sparse,735,19044,50.0,6,82,0.1488977833338463,0.628100046297399,18045,True,False,True,33.29997459999868
debug_algorithm_dqn_statev1_sparse_seed43_20261010_222312_428261_8435935e,dqn,43,v1,sparse,736,19107,40.0,5,63,0.14796262936853066,0.6833747535470932,18108,True,False,True,33.41546579999704
debug_algorithm_dqn_statev1_sparse_seed43_20261010_222312_428261_8435935e,dqn,43,v1,sparse,737,19114,-10.0,0,7,0.14785908659494668,0.5570942887238094,18115,True,False,True,33.42798649999895
debug_algorithm_dqn_statev1_sparse_seed43_20261010_222312_428261_8435935e,dqn,43,v1,sparse,738,19122,-10.0,0,8,0.1477408407179359,0.6280600875616074,18123,True,False,True,33.442736099998
debug_algorithm_dqn_statev1_sparse_seed43_20261010_222312_428261_8435935e,dqn,43,v1,sparse,739,19138,0.0,1,16,0.14750463257908808,0.5106696877628565,18139,True,False,True,33.46929200000159
debug_algorithm_dqn_statev1_sparse_seed43_20261010_222312_428261_8435935e,dqn,43,v1,sparse,740,19262,110.0,12,124,0.14568677823170761,0.6167060063490944,18263,True,False,True,33.68708340000012
debug_algorithm_dqn_statev1_sparse_seed43_20261010_222312_428261_8435935e,dqn,43,v1,sparse,741,19369,60.0,7,107,0.14413616276021052,0.5922334191398085,18370,True,False,True,33.88426050000271
debug_algorithm_dqn_statev1_sparse_seed43_20261010_222312_428261_8435935e,dqn,43,v1,sparse,742,19409,10.0,2,40,0.14356074094849033,0.5865317154675722,18410,True,False,True,33.948595699999714
debug_algorithm_dqn_statev1_sparse_seed43_20261010_222312_428261_8435935e,dqn,43,v1,sparse,743,19463,80.0,9,54,0.14278756374522664,0.5688884219637623,18464,True,False,True,34.03726540000207
debug_algorithm_dqn_statev1_sparse_seed43_20261010_222312_428261_8435935e,dqn,43,v1,sparse,744,19589,140.0,15,126,0.1409996386278998,0.6399931260754191,18590,True,False,True,34.23469350000232
debug_algorithm_dqn_statev1_sparse_seed43_20261010_222312_428261_8435935e,dqn,43,v1,sparse,745,19677,60.0,7,88,0.13976422383422923,0.6457243952900171,18678,True,False,True,34.3779876999979
debug_algorithm_dqn_statev1_sparse_seed43_20261010_222312_428261_8435935e,dqn,43,v1,sparse,746,19736,40.0,5,59,0.1389420017422361,0.6189372736518666,18737,True,False,True,34.48182860000088
debug_algorithm_dqn_statev1_sparse_seed43_20261010_222312_428261_8435935e,dqn,43,v1,sparse,747,19796,40.0,5,60,0.138110804257386,0.6044725855191548,18797,True,False,True,34.59015869999712
debug_algorithm_dqn_statev1_sparse_seed43_20261010_222312_428261_8435935e,dqn,43,v1,sparse,748,19832,20.0,3,36,0.13761447447482814,0.6521163139906194,18833,True,False,True,34.651708600002166
debug_algorithm_dqn_statev1_sparse_seed43_20261010_222312_428261_8435935e,dqn,43,v1,sparse,749,19937,90.0,10,105,0.1361770105115898,0.6655775556961695,18938,True,False,True,34.85025730000052
debug_algorithm_dqn_statev1_sparse_seed43_20261010_222312_428261_8435935e,dqn,43,v1,sparse,750,19992,40.0,5,55,0.135430055614418,0.6120859923687848,18993,True,False,True,34.94187670000247
debug_algorithm_dqn_statev1_sparse_seed43_20261010_222312_428261_8435935e,dqn,43,v1,sparse,751,20000,0.0,0,8,0.13532174948275888,0.6815376244485378,19001,False,False,False,34.95584550000058
