run_id,algorithm,seed,state_mode,reward_mode,episode,global_step,episode_return,score,episode_length,epsilon,loss,update_count,terminated,truncated,episode_complete,wall_clock_time
debug_algorithm_double_dqn_statev1_sparse_seed44_20261010_222537_619413_43b38fb8,double_dqn,44,v1,sparse,1,16,0.0,1,16,0.9984011994401822,,0,True,False,True,0.017147699996712618
debug_algorithm_double_dqn_statev1_sparse_seed44_20261010_222537_619413_43b38fb8,double_dqn,44,v1,sparse,2,25,-10.0,0,9,0.9975029977012647,,0,True,False,True,0.017448099999455735
debug_algorithm_double_dqn_statev1_sparse_seed44_20261010_222537_619413_43b38fb8,double_dqn,44,v1,sparse,3,33,-10.0,0,8,0.9967052745480899,,0,True,False,True,0.017639999998209532
debug_algorithm_double_dqn_statev1_sparse_seed44_20261010_222537_619413_43b38fb8,double_dqn,44,v1,sparse,4,35,-10.0,0,2,0.9965059434602331,,0,True,False,True,0.01773259999754373
debug_algorithm_double_dqn_statev1_sparse_seed44_20261010_222537_619413_43b38fb8,double_dqn,44,v1,sparse,5,48,-10.0,0,13,0.9952112627234414,,0,True,False,True,0.018097000000125263
debug_algorithm_double_dqn_statev1_sparse_seed44_20261010_222537_619413_43b38fb8,double_dqn,44,v1,sparse,6,71,-10.0,0,23,0.9929247929420344,,0,True,False,True,0.018387399999483023
debug_algorithm_double_dqn_statev1_sparse_seed44_20261010_222537_619413_43b38fb8,double_dqn,44,v1,sparse,7,87,-10.0,0,16,0.9913373042272218,,0,True,False,True,0.01857210000162013
debug_algorithm_double_dqn_statev1_sparse_seed44_20261010_222537_619413_43b38fb8,double_dqn,44,v1,sparse,8,103,-10.0,0,16,0.9897523535902548,,0,True,False,True,0.0191357000003336
debug_algorithm_double_dqn_statev1_sparse_seed44_20261010_222537_619413_43b38fb8,double_dqn,44,v1,sparse,9,112,0.0,1,9,0.9888619326997442,,0,True,False,True,0.019294899997476023
debug_algorithm_double_dqn_statev1_sparse_seed44_20261010_222537_619413_43b38fb8,double_dqn,44,v1,sparse,10,130,-10.0,0,18,0.987083493373033,,0,True,False,True,0.019603699998697266
debug_algorithm_double_dqn_statev1_sparse_seed44_20261010_222537_619413_43b38fb8,double_dqn,44,v1,sparse,11,165,-10.0,0,35,0.9836345678377172,,0,True,False,True,0.02048829999694135
debug_algorithm_double_dqn_statev1_sparse_seed44_20261010_222537_619413_43b38fb8,double_dqn,44,v1,sparse,12,172,-10.0,0,7,0.9829462301690663,,0,True,False,True,0.020765300003404263
debug_algorithm_double_dqn_statev1_sparse_seed44_20261010_222537_619413_43b38fb8,double_dqn,44,v1,sparse,13,194,-10.0,0,22,0.9807860175554679,,0,True,False,True,0.021844199996849056
debug_algorithm_double_dqn_statev1_sparse_seed44_20261010_222537_619413_43b38fb8,double_dqn,44,v1,sparse,14,196,-10.0,0,2,0.9805898701598169,,0,True,False,True,0.021955500000331085
debug_algorithm_double_dqn_statev1_sparse_seed44_20261010_222537_619413_43b38fb8,double_dqn,44,v1,sparse,15,227,-10.0,0,31,0.9775545969005506,,0,True,False,True,0.022310799999104347
debug_algorithm_double_dqn_statev1_sparse_seed44_20261010_222537_619413_43b38fb8,double_dqn,44,v1,sparse,16,228,-10.0,0,1,0.9774568414408605,,0,True,False,True,0.022368899997672997
debug_algorithm_double_dqn_statev1_sparse_seed44_20261010_222537_619413_43b38fb8,double_dqn,44,v1,sparse,17,246,0.0,1,18,0.9756989138379287,,0,True,False,True,0.022599500000069384
debug_algorithm_double_dqn_statev1_sparse_seed44_20261010_222537_619413_43b38fb8,double_dqn,44,v1,sparse,18,271,-10.0,0,25,0.9732625914072018,,0,True,False,True,0.022909599996637553
debug_algorithm_double_dqn_statev1_sparse_seed44_20261010_222537_619413_43b38fb8,double_dqn,44,v1,sparse,19,292,-10.0,0,21,0.9712207825228317,,0,True,False,True,0.023186700003861915
debug_algorithm_double_dqn_statev1_sparse_seed44_20261010_222537_619413_43b38fb8,double_dqn,44,v1,sparse,20,320,-10.0,0,28,0.9685050323665944,,0,True,False,True,0.02368479999859119
debug_algorithm_double_dqn_statev1_sparse_seed44_20261010_222537_619413_43b38fb8,double_dqn,44,v1,sparse,21,327,-10.0,0,7,0.9678272821961004,,0,True,False,True,0.02395480000268435
debug_algorithm_double_dqn_statev1_sparse_seed44_20261010_222537_619413_43b38fb8,double_dqn,44,v1,sparse,22,341,-10.0,0,14,0.9664732043716606,,0,True,False,True,0.024243500003649388
debug_algorithm_double_dqn_statev1_sparse_seed44_20261010_222537_619413_43b38fb8,double_dqn,44,v1,sparse,23,353,-10.0,0,12,0.9653140741861533,,0,True,False,True,0.024496300000464544
debug_algorithm_double_dqn_statev1_sparse_seed44_20261010_222537_619413_43b38fb8,double_dqn,44,v1,sparse,24,355,-10.0,0,2,0.9651210210244568,,0,True,False,True,0.024575900002673734
debug_algorithm_double_dqn_statev1_sparse_seed44_20261010_222537_619413_43b38fb8,double_dqn,44,v1,sparse,25,365,-10.0,0,10,0.9641563341920976,,0,True,False,True,0.02472989999660058
debug_algorithm_double_dqn_statev1_sparse_seed44_20261010_222537_619413_43b38fb8,double_dqn,44,v1,sparse,26,374,-10.0,0,9,0.9632889405066278,,0,True,False,True,0.0248896999983117
debug_algorithm_double_dqn_statev1_sparse_seed44_20261010_222537_619413_43b38fb8,double_dqn,44,v1,sparse,27,396,-10.0,0,22,0.9611719285522058,,0,True,False,True,0.02520389999699546
debug_algorithm_double_dqn_statev1_sparse_seed44_20261010_222537_619413_43b38fb8,double_dqn,44,v1,sparse,28,439,-10.0,0,43,0.9570475567919766,,0,True,False,True,0.026060700001835357
debug_algorithm_double_dqn_statev1_sparse_seed44_20261010_222537_619413_43b38fb8,double_dqn,44,v1,sparse,29,481,-10.0,0,42,0.9530361862567129,,0,True,False,True,0.026682499999878928
debug_algorithm_double_dqn_statev1_sparse_seed44_20261010_222537_619413_43b38fb8,double_dqn,44,v1,sparse,30,482,-10.0,0,1,0.9529408826380873,,0,True,False,True,0.026753600002848543
debug_algorithm_double_dqn_statev1_sparse_seed44_20261010_222537_619413_43b38fb8,double_dqn,44,v1,sparse,31,484,-10.0,0,2,0.9527503039909685,,0,True,False,True,0.026848000001336914
debug_algorithm_double_dqn_statev1_sparse_seed44_20261010_222537_619413_43b38fb8,double_dqn,44,v1,sparse,32,500,-10.0,0,16,0.9512270462715811,,0,True,False,True,0.027263000003586058
debug_algorithm_double_dqn_statev1_sparse_seed44_20261010_222537_619413_43b38fb8,double_dqn,44,v1,sparse,33,507,-10.0,0,7,0.9505613870635811,,0,True,False,True,0.027571799997531343
debug_algorithm_double_dqn_statev1_sparse_seed44_20261010_222537_619413_43b38fb8,double_dqn,44,v1,sparse,34,521,-10.0,0,14,0.9492314657866452,,0,True,False,True,0.0282255999991321
debug_algorithm_double_dqn_statev1_sparse_seed44_20261010_222537_619413_43b38fb8,double_dqn,44,v1,sparse,35,572,-10.0,0,51,0.9444024682682759,,0,True,False,True,0.02997309999773279
debug_algorithm_double_dqn_statev1_sparse_seed44_20261010_222537_619413_43b38fb8,double_dqn,44,v1,sparse,36,582,-10.0,0,10,0.94345849066781,,0,True,False,True,0.03037200000107987
debug_algorithm_double_dqn_statev1_sparse_seed44_20261010_222537_619413_43b38fb8,double_dqn,44,v1,sparse,37,585,-10.0,0,3,0.9431754814234209,,0,True,False,True,0.03047099999821512
debug_algorithm_double_dqn_statev1_sparse_seed44_20261010_222537_619413_43b38fb8,double_dqn,44,v1,sparse,38,610,-10.0,0,25,0.9408203700781957,,0,True,False,True,0.030973100001574494
debug_algorithm_double_dqn_statev1_sparse_seed44_20261010_222537_619413_43b38fb8,double_dqn,44,v1,sparse,39,632,0.0,1,22,0.9387527371109037,,0,True,False,True,0.03130090000195196
debug_algorithm_double_dqn_statev1_sparse_seed44_20261010_222537_619413_43b38fb8,double_dqn,44,v1,sparse,40,639,-10.0,0,7,0.9380958073001479,,0,True,False,True,0.03142959999968298
debug_algorithm_double_dqn_statev1_sparse_seed44_20261010_222537_619413_43b38fb8,double_dqn,44,v1,sparse,41,653,0.0,1,14,0.9367833264957395,,0,True,False,True,0.031683900000643916
debug_algorithm_double_dqn_statev1_sparse_seed44_20261010_222537_619413_43b38fb8,double_dqn,44,v1,sparse,42,657,-10.0,0,4,0.9364086693683936,,0,True,False,True,0.031788499996764585
debug_algorithm_double_dqn_statev1_sparse_seed44_20261010_222537_619413_43b38fb8,double_dqn,44,v1,sparse,43,673,-10.0,0,16,0.934911538663589,,0,True,False,True,0.032006499997805804
debug_algorithm_double_dqn_statev1_sparse_seed44_20261010_222537_619413_43b38fb8,double_dqn,44,v1,sparse,44,675,-10.0,0,2,0.9347245657049716,,0,True,False,True,0.032080700002552476
debug_algorithm_double_dqn_statev1_sparse_seed44_20261010_222537_619413_43b38fb8,double_dqn,44,v1,sparse,45,676,-10.0,0,1,0.9346310932484012,,0,True,False,True,0.03213959999993676
debug_algorithm_double_dqn_statev1_sparse_seed44_20261010_222537_619413_43b38fb8,double_dqn,44,v1,sparse,46,688,-10.0,0,12,0.9335101525874523,,0,True,False,True,0.032588800000667106
debug_algorithm_double_dqn_statev1_sparse_seed44_20261010_222537_619413_43b38fb8,double_dqn,44,v1,sparse,47,701,-10.0,0,13,0.9322973172600907,,0,True,False,True,0.033005299999786075
debug_algorithm_double_dqn_statev1_sparse_seed44_20261010_222537_619413_43b38fb8,double_dqn,44,v1,sparse,48,710,0.0,1,9,0.9314585852232897,,0,True,False,True,0.0333011999973678
debug_algorithm_double_dqn_statev1_sparse_seed44_20261010_222537_619413_43b38fb8,double_dqn,44,v1,sparse,49,723,-10.0,0,13,0.9302484153338654,,0,True,False,True,0.033508599997730926
debug_algorithm_double_dqn_statev1_sparse_seed44_20261010_222537_619413_43b38fb8,double_dqn,44,v1,sparse,50,791,0.0,1,68,0.9239438706238289,,0,True,False,True,0.034808099997462705
debug_algorithm_double_dqn_statev1_sparse_seed44_20261010_222537_619413_43b38fb8,double_dqn,44,v1,sparse,51,814,-10.0,0,23,0.9218211356639004,,0,True,False,True,0.03514590000122553
debug_algorithm_double_dqn_statev1_sparse_seed44_20261010_222537_619413_43b38fb8,double_dqn,44,v1,sparse,52,817,-10.0,0,3,0.9215446169769135,,0,True,False,True,0.03534580000268761
debug_algorithm_double_dqn_statev1_sparse_seed44_20261010_222537_619413_43b38fb8,double_dqn,44,v1,sparse,53,818,-10.0,0,1,0.9214524625152158,,0,True,False,True,0.03541080000286456
debug_algorithm_double_dqn_statev1_sparse_seed44_20261010_222537_619413_43b38fb8,double_dqn,44,v1,sparse,54,831,-10.0,0,13,0.9202552927833972,,0,True,False,True,0.035995700003695674
debug_algorithm_double_dqn_statev1_sparse_seed44_20261010_222537_619413_43b38fb8,double_dqn,44,v1,sparse,55,841,-10.0,0,10,0.9193354514950844,,0,True,False,True,0.03623130000050878
debug_algorithm_double_dqn_statev1_sparse_seed44_20261010_222537_619413_43b38fb8,double_dqn,44,v1,sparse,56,849,-10.0,0,8,0.9186002404963385,,0,True,False,True,0.0365622000026633
debug_algorithm_double_dqn_statev1_sparse_seed44_20261010_222537_619413_43b38fb8,double_dqn,44,v1,sparse,57,862,-10.0,0,13,0.9174067764292271,,0,True,False,True,0.036900600003718864
debug_algorithm_double_dqn_statev1_sparse_seed44_20261010_222537_619413_43b38fb8,double_dqn,44,v1,sparse,58,921,0.0,1,59,0.9120097434959706,,0,True,False,True,0.038292199998977594
debug_algorithm_double_dqn_statev1_sparse_seed44_20261010_222537_619413_43b38fb8,double_dqn,44,v1,sparse,59,930,-10.0,0,9,0.9111892629737348,,0,True,False,True,0.038870099997438956
debug_algorithm_double_dqn_statev1_sparse_seed44_20261010_222537_619413_43b38fb8,double_dqn,44,v1,sparse,60,945,-10.0,0,15,0.9098234354135336,,0,True,False,True,0.03976110000076005
debug_algorithm_double_dqn_statev1_sparse_seed44_20261010_222537_619413_43b38fb8,double_dqn,44,v1,sparse,61,954,-10.0,0,9,0.9090049217816846,,0,True,False,True,0.04033280000294326
debug_algorithm_double_dqn_statev1_sparse_seed44_20261010_222537_619413_43b38fb8,double_dqn,44,v1,sparse,62,955,-10.0,0,1,0.9089140212895064,,0,True,False,True,0.04041700000379933
debug_algorithm_double_dqn_statev1_sparse_seed44_20261010_222537_619413_43b38fb8,double_dqn,44,v1,sparse,63,969,-10.0,0,14,0.9076423684407068,,0,True,False,True,0.04070740000315709
debug_algorithm_double_dqn_statev1_sparse_seed44_20261010_222537_619413_43b38fb8,double_dqn,44,v1,sparse,64,980,-10.0,0,11,0.9066444608889938,,0,True,False,True,0.041219200000341516
debug_algorithm_double_dqn_statev1_sparse_seed44_20261010_222537_619413_43b38fb8,double_dqn,44,v1,sparse,65,998,-10.0,0,18,0.9050138872858745,,0,True,False,True,0.04182559999753721
debug_algorithm_double_dqn_statev1_sparse_seed44_20261010_222537_619413_43b38fb8,double_dqn,44,v1,sparse,66,1003,-10.0,0,5,0.9045614708345707,0.6335544288158417,4,True,False,True,0.04980090000026394
debug_algorithm_double_dqn_statev1_sparse_seed44_20261010_222537_619413_43b38fb8,double_dqn,44,v1,sparse,67,1006,-10.0,0,3,0.9042901295292599,0.691261867682139,7,True,False,True,0.0546978999991552
debug_algorithm_double_dqn_statev1_sparse_seed44_20261010_222537_619413_43b38fb8,double_dqn,44,v1,sparse,68,1011,-10.0,0,5,0.9038380748844658,0.7346894443035126,12,True,False,True,0.061799399998562876
debug_algorithm_double_dqn_statev1_sparse_seed44_20261010_222537_619413_43b38fb8,double_dqn,44,v1,sparse,69,1050,-10.0,0,39,0.9003197955798045,0.6698581133133326,51,True,False,True,0.13639050000347197
debug_algorithm_double_dqn_statev1_sparse_seed44_20261010_222537_619413_43b38fb8,double_dqn,44,v1,sparse,70,1058,-10.0,0,8,0.899599791782472,0.7028105556964874,59,True,False,True,0.15307620000385214
debug_algorithm_double_dqn_statev1_sparse_seed44_20261010_222537_619413_43b38fb8,double_dqn,44,v1,sparse,71,1098,-10.0,0,40,0.8960084006138882,0.5799808641895652,99,True,False,True,0.22547550000308547
debug_algorithm_double_dqn_statev1_sparse_seed44_20261010_222537_619413_43b38fb8,double_dqn,44,v1,sparse,72,1112,-10.0,0,14,0.894754803894616,0.3406045383640698,113,True,False,True,0.2506970000031288
debug_algorithm_double_dqn_statev1_sparse_seed44_20261010_222537_619413_43b38fb8,double_dqn,44,v1,sparse,73,1123,-10.0,0,11,0.8937710655778691,0.4429066506299106,124,True,False,True,0.2680571000018972
debug_algorithm_double_dqn_statev1_sparse_seed44_20261010_222537_619413_43b38fb8,double_dqn,44,v1,sparse,74,1131,-10.0,0,8,0.8930562989312605,0.23543850053101778,132,True,False,True,0.28454990000318503
debug_algorithm_double_dqn_statev1_sparse_seed44_20261010_222537_619413_43b38fb8,double_dqn,44,v1,sparse,75,1136,-10.0,0,5,0.8926098600784946,0.26562631130218506,137,True,False,True,0.2925392000033753
debug_algorithm_double_dqn_statev1_sparse_seed44_20261010_222537_619413_43b38fb8,double_dqn,44,v1,sparse,76,1138,0.0,1,2,0.8924313470325775,0.2549169808626175,139,True,False,True,0.29701599999680184
debug_algorithm_double_dqn_statev1_sparse_seed44_20261010_222537_619413_43b38fb8,double_dqn,44,v1,sparse,77,1150,-10.0,0,12,0.8913610182245367,0.22897930722683668,151,True,False,True,0.32127349999791477
debug_algorithm_double_dqn_statev1_sparse_seed44_20261010_222537_619413_43b38fb8,double_dqn,44,v1,sparse,78,1211,0.0,1,61,0.8859399958863813,0.11692241687694045,212,True,False,True,0.43316349999804515
debug_algorithm_double_dqn_statev1_sparse_seed44_20261010_222537_619413_43b38fb8,double_dqn,44,v1,sparse,79,1220,-10.0,0,9,0.8851429687540743,0.08429079337252511,221,True,False,True,0.4481926000007661
debug_algorithm_double_dqn_statev1_sparse_seed44_20261010_222537_619413_43b38fb8,double_dqn,44,v1,sparse,80,1228,-10.0,0,8,0.8844351021695405,0.01886106817983091,229,True,False,True,0.46471459999884246
debug_algorithm_double_dqn_statev1_sparse_seed44_20261010_222537_619413_43b38fb8,double_dqn,44,v1,sparse,81,1233,-10.0,0,5,0.883992973053122,0.21202533189207315,234,True,False,True,0.4754324000023189
debug_algorithm_double_dqn_statev1_sparse_seed44_20261010_222537_619413_43b38fb8,double_dqn,44,v1,sparse,82,1235,-10.0,0,2,0.8838161832984411,0.22424742579460144,236,True,False,True,0.4802748000001884
debug_algorithm_double_dqn_statev1_sparse_seed44_20261010_222537_619413_43b38fb8,double_dqn,44,v1,sparse,83,1240,-10.0,0,5,0.8833743635795724,0.015339522156864405,241,True,False,True,0.49030130000028294
debug_algorithm_double_dqn_statev1_sparse_seed44_20261010_222537_619413_43b38fb8,double_dqn,44,v1,sparse,84,1243,-10.0,0,3,0.8831093777708461,0.15211286147435507,244,True,False,True,0.4958766999989166
debug_algorithm_double_dqn_statev1_sparse_seed44_20261010_222537_619413_43b38fb8,double_dqn,44,v1,sparse,85,1244,-10.0,0,1,0.883021066833069,0.010717139579355717,245,True,False,True,0.4978543000033824
debug_algorithm_double_dqn_statev1_sparse_seed44_20261010_222537_619413_43b38fb8,double_dqn,44,v1,sparse,86,1268,-10.0,0,24,0.8809042516245177,0.043367007204021014,269,True,False,True,0.5430469999992056
debug_algorithm_double_dqn_statev1_sparse_seed44_20261010_222537_619413_43b38fb8,double_dqn,44,v1,sparse,87,1273,-10.0,0,5,0.880463887580322,0.025133963488042355,274,True,False,True,0.5552624999982072
debug_algorithm_double_dqn_statev1_sparse_seed44_20261010_222537_619413_43b38fb8,double_dqn,44,v1,sparse,88,1275,-10.0,0,2,0.8802878036074449,0.22375504672527313,276,True,False,True,0.5587115000016638
debug_algorithm_double_dqn_statev1_sparse_seed44_20261010_222537_619413_43b38fb8,double_dqn,44,v1,sparse,89,1279,-10.0,0,4,0.879935741299749,0.050315394066274166,280,True,False,True,0.5679937000022619
debug_algorithm_double_dqn_statev1_sparse_seed44_20261010_222537_619413_43b38fb8,double_dqn,44,v1,sparse,90,1322,0.0,1,43,0.8761599525834685,0.06439813540512046,323,True,False,True,0.650027499999851
debug_algorithm_double_dqn_statev1_sparse_seed44_20261010_222537_619413_43b38fb8,double_dqn,44,v1,sparse,91,1330,-10.0,0,8,0.8754592698971296,0.14083089819177985,331,True,False,True,0.6640666000021156
debug_algorithm_double_dqn_statev1_sparse_seed44_20261010_222537_619413_43b38fb8,double_dqn,44,v1,sparse,92,1380,-10.0,0,50,0.8710926807848421,0.07641180823557078,381,True,False,True,0.7526530000031926
debug_algorithm_double_dqn_statev1_sparse_seed44_20261010_222537_619413_43b38fb8,double_dqn,44,v1,sparse,93,1401,-10.0,0,21,0.8692652142917918,0.06028529130188482,402,True,False,True,0.7950285999977496
debug_algorithm_double_dqn_statev1_sparse_seed44_20261010_222537_619413_43b38fb8,double_dqn,44,v1,sparse,94,1403,-10.0,0,2,0.8690913699415856,0.009576132986694574,404,True,False,True,0.7992127000034088
debug_algorithm_double_dqn_statev1_sparse_seed44_20261010_222537_619413_43b38fb8,double_dqn,44,v1,sparse,95,1407,-10.0,0,4,0.868743785535615,0.04804013355169445,408,True,False,True,0.8072652999981074
debug_algorithm_double_dqn_statev1_sparse_seed44_20261010_222537_619413_43b38fb8,double_dqn,44,v1,sparse,96,1448,-10.0,0,41,0.8651890504619433,0.09370415469222679,449,True,False,True,0.8806755999976303
debug_algorithm_double_dqn_statev1_sparse_seed44_20261010_222537_619413_43b38fb8,double_dqn,44,v1,sparse,97,1477,0.0,1,29,0.8626835117238016,0.06930285107729764,478,True,False,True,0.9297106000012718
debug_algorithm_double_dqn_statev1_sparse_seed44_20261010_222537_619413_43b38fb8,double_dqn,44,v1,sparse,98,1485,-10.0,0,8,0.8619936064175018,0.042853248480241746,486,True,False,True,0.9444637999986298
debug_algorithm_double_dqn_statev1_sparse_seed44_20261010_222537_619413_43b38fb8,double_dqn,44,v1,sparse,99,1498,-10.0,0,13,0.8608736868377036,0.05340213131589385,499,True,False,True,0.9688844999982393
debug_algorithm_double_dqn_statev1_sparse_seed44_20261010_222537_619413_43b38fb8,double_dqn,44,v1,sparse,100,1504,-10.0,0,6,0.860357291739438,0.012741648980105916,505,True,False,True,0.9821032000036212
debug_algorithm_double_dqn_statev1_sparse_seed44_20261010_222537_619413_43b38fb8,double_dqn,44,v1,sparse,101,1508,-10.0,0,4,0.8600132004407384,0.08204535325057805,509,True,False,True,1.000457499998447
debug_algorithm_double_dqn_statev1_sparse_seed44_20261010_222537_619413_43b38fb8,double_dqn,44,v1,sparse,102,1537,-10.0,0,29,0.8575226506726076,0.09157516622658947,538,True,False,True,1.0575251999980537
debug_algorithm_double_dqn_statev1_sparse_seed44_20261010_222537_619413_43b38fb8,double_dqn,44,v1,sparse,103,1556,-10.0,0,19,0.8558948231694552,0.10825180723086784,557,True,False,True,1.0993029000019305
debug_algorithm_double_dqn_statev1_sparse_seed44_20261010_222537_619413_43b38fb8,double_dqn,44,v1,sparse,104,1562,-10.0,0,6,0.8553814146426604,0.054119819697613515,563,True,False,True,1.110693299997365
debug_algorithm_double_dqn_statev1_sparse_seed44_20261010_222537_619413_43b38fb8,double_dqn,44,v1,sparse,105,1593,-10.0,0,31,0.852733705938597,0.05715506785218754,594,True,False,True,1.1777879000001121
debug_algorithm_double_dqn_statev1_sparse_seed44_20261010_222537_619413_43b38fb8,double_dqn,44,v1,sparse,106,1629,-10.0,0,36,0.8496692307360671,0.07121238470750137,630,True,False,True,1.2441708999976981
debug_algorithm_double_dqn_statev1_sparse_seed44_20261010_222537_619413_43b38fb8,double_dqn,44,v1,sparse,107,1644,-10.0,0,15,0.848395618656172,0.10686860332886378,645,True,False,True,1.2741758999982267
debug_algorithm_double_dqn_statev1_sparse_seed44_20261010_222537_619413_43b38fb8,double_dqn,44,v1,sparse,108,1647,-10.0,0,3,0.8481411254215954,0.008647890606274208,648,True,False,True,1.2814193000012892
debug_algorithm_double_dqn_statev1_sparse_seed44_20261010_222537_619413_43b38fb8,double_dqn,44,v1,sparse,109,1649,-10.0,0,2,0.8479715056779223,0.07733455952256918,650,True,False,True,1.2851300999973319
debug_algorithm_double_dqn_statev1_sparse_seed44_20261010_222537_619413_43b38fb8,double_dqn,44,v1,sparse,110,1662,-10.0,0,13,0.8468698038958565,0.08772547399768463,663,True,False,True,1.3124720999985584
debug_algorithm_double_dqn_statev1_sparse_seed44_20261010_222537_619413_43b38fb8,double_dqn,44,v1,sparse,111,1664,-10.0,0,2,0.8467004384037754,0.008742676582187414,665,True,False,True,1.3172778000007384
debug_algorithm_double_dqn_statev1_sparse_seed44_20261010_222537_619413_43b38fb8,double_dqn,44,v1,sparse,112,1666,-10.0,0,2,0.8465311067830991,0.08732744352892041,667,True,False,True,1.3210583000036422
debug_algorithm_double_dqn_statev1_sparse_seed44_20261010_222537_619413_43b38fb8,double_dqn,44,v1,sparse,113,1668,-10.0,0,2,0.8463618090270535,0.06093728251289576,669,True,False,True,1.3252868999989005
debug_algorithm_double_dqn_statev1_sparse_seed44_20261010_222537_619413_43b38fb8,double_dqn,44,v1,sparse,114,1669,-10.0,0,1,0.8462771728461508,0.010567217133939266,670,True,False,True,1.3269619999991846
debug_algorithm_double_dqn_statev1_sparse_seed44_20261010_222537_619413_43b38fb8,double_dqn,44,v1,sparse,115,1721,-10.0,0,52,0.8418877345028264,0.0912719723643162,722,True,False,True,1.457723100000294
debug_algorithm_double_dqn_statev1_sparse_seed44_20261010_222537_619413_43b38fb8,double_dqn,44,v1,sparse,116,1748,-10.0,0,27,0.8396175901845725,0.05543267123263191,749,True,False,True,1.524395699998422
debug_algorithm_double_dqn_statev1_sparse_seed44_20261010_222537_619413_43b38fb8,double_dqn,44,v1,sparse,117,1752,-10.0,0,4,0.8392817935221957,0.11558466870337725,753,True,False,True,1.5711410000003525
debug_algorithm_double_dqn_statev1_sparse_seed44_20261010_222537_619413_43b38fb8,double_dqn,44,v1,sparse,118,1785,0.0,1,33,0.8365165904357533,0.08685356854094249,786,True,False,True,1.6824211999992258
debug_algorithm_double_dqn_statev1_sparse_seed44_20261010_222537_619413_43b38fb8,double_dqn,44,v1,sparse,119,1803,-10.0,0,18,0.8350121397610107,0.04186448359137608,804,True,False,True,1.7360324000037508
debug_algorithm_double_dqn_statev1_sparse_seed44_20261010_222537_619413_43b38fb8,double_dqn,44,v1,sparse,120,1824,-10.0,0,21,0.8332603666829398,0.11335008211123447,825,True,False,True,1.7955224999968777
debug_algorithm_double_dqn_statev1_sparse_seed44_20261010_222537_619413_43b38fb8,double_dqn,44,v1,sparse,121,1838,-10.0,0,14,0.8320945601332942,0.07650803598309201,839,True,False,True,1.8369097000031616
debug_algorithm_double_dqn_statev1_sparse_seed44_20261010_222537_619413_43b38fb8,double_dqn,44,v1,sparse,122,1841,-10.0,0,3,0.8318449567272589,0.051591616900016866,842,True,False,True,1.8468959000019822
debug_algorithm_double_dqn_statev1_sparse_seed44_20261010_222537_619413_43b38fb8,double_dqn,44,v1,sparse,123,1844,-10.0,0,3,0.8315954281947576,0.04862974646190802,845,True,False,True,1.8548021000024164
debug_algorithm_double_dqn_statev1_sparse_seed44_20261010_222537_619413_43b38fb8,double_dqn,44,v1,sparse,124,1852,-10.0,0,8,0.8309303846523582,0.07587262452580035,853,True,False,True,1.8760726999971666
debug_algorithm_double_dqn_statev1_sparse_seed44_20261010_222537_619413_43b38fb8,double_dqn,44,v1,sparse,125,1868,-10.0,0,16,0.8296018926882063,0.08731127332430333,869,True,False,True,1.935958699999901
debug_algorithm_double_dqn_statev1_sparse_seed44_20261010_222537_619413_43b38fb8,double_dqn,44,v1,sparse,126,1874,-10.0,0,6,0.8291042559762865,0.058228655718266964,875,True,False,True,1.9602018000005046
debug_algorithm_double_dqn_statev1_sparse_seed44_20261010_222537_619413_43b38fb8,double_dqn,44,v1,sparse,127,1881,-10.0,0,7,0.8285240570799811,0.023766504134982824,882,True,False,True,1.981128200000967
debug_algorithm_double_dqn_statev1_sparse_seed44_20261010_222537_619413_43b38fb8,double_dqn,44,v1,sparse,128,1886,-10.0,0,5,0.828109877895562,0.11667428258806467,887,True,False,True,2.001795399999537
debug_algorithm_double_dqn_statev1_sparse_seed44_20261010_222537_619413_43b38fb8,double_dqn,44,v1,sparse,129,1888,-10.0,0,2,0.8279442642010817,0.011888592969626188,889,True,False,True,2.009927400002198
debug_algorithm_double_dqn_statev1_sparse_seed44_20261010_222537_619413_43b38fb8,double_dqn,44,v1,sparse,130,1906,-10.0,0,18,0.8264552306048949,0.11620541467952232,907,True,False,True,2.0681849000029615
debug_algorithm_double_dqn_statev1_sparse_seed44_20261010_222537_619413_43b38fb8,double_dqn,44,v1,sparse,131,1915,-10.0,0,9,0.8257117183518218,0.08593643399783307,916,True,False,True,2.1039036000001943
debug_algorithm_double_dqn_statev1_sparse_seed44_20261010_222537_619413_43b38fb8,double_dqn,44,v1,sparse,132,1916,-10.0,0,1,0.8256291471799866,0.011347114108502865,917,True,False,True,2.107416699996975
debug_algorithm_double_dqn_statev1_sparse_seed44_20261010_222537_619413_43b38fb8,double_dqn,44,v1,sparse,133,1925,-10.0,0,9,0.8248863781046752,0.09924479563617045,926,True,False,True,2.135586999997031
debug_algorithm_double_dqn_statev1_sparse_seed44_20261010_222537_619413_43b38fb8,double_dqn,44,v1,sparse,134,1948,-10.0,0,23,0.8229912249374277,0.07515761134741099,949,True,False,True,2.1981180000002496
debug_algorithm_double_dqn_statev1_sparse_seed44_20261010_222537_619413_43b38fb8,double_dqn,44,v1,sparse,135,1951,-10.0,0,3,0.8227443522588603,0.10243886026243369,952,True,False,True,2.2120454000032623
debug_algorithm_double_dqn_statev1_sparse_seed44_20261010_222537_619413_43b38fb8,double_dqn,44,v1,sparse,136,1965,-10.0,0,14,0.821593258563662,0.06182624635818813,966,True,False,True,2.262757700002112
debug_algorithm_double_dqn_statev1_sparse_seed44_20261010_222537_619413_43b38fb8,double_dqn,44,v1,sparse,137,1966,-10.0,0,1,0.8215110992378057,0.009673387743532658,967,True,False,True,2.2662721000015154
debug_algorithm_double_dqn_statev1_sparse_seed44_20261010_222537_619413_43b38fb8,double_dqn,44,v1,sparse,138,1977,-10.0,0,11,0.8206078887242265,0.06683984894136136,978,True,False,True,2.3044695999997202
debug_algorithm_double_dqn_statev1_sparse_seed44_20261010_222537_619413_43b38fb8,double_dqn,44,v1,sparse,139,1985,-10.0,0,8,0.8199516321375078,0.024146050796844065,986,True,False,True,2.328667299996596
debug_algorithm_double_dqn_statev1_sparse_seed44_20261010_222537_619413_43b38fb8,double_dqn,44,v1,sparse,140,2022,-10.0,0,37,0.8169232656108569,0.0812666475068073,1023,True,False,True,2.457850500002678
debug_algorithm_double_dqn_statev1_sparse_seed44_20261010_222537_619413_43b38fb8,double_dqn,44,v1,sparse,141,2023,-10.0,0,1,0.8168415732842959,0.005690103396773338,1024,True,False,True,2.460577799996827
debug_algorithm_double_dqn_statev1_sparse_seed44_20261010_222537_619413_43b38fb8,double_dqn,44,v1,sparse,142,2029,-10.0,0,6,0.8163515908502257,0.059987015246103205,1030,True,False,True,2.481095199997071
debug_algorithm_double_dqn_statev1_sparse_seed44_20261010_222537_619413_43b38fb8,double_dqn,44,v1,sparse,143,2068,0.0,1,39,0.8131738613572713,0.0762916400622672,1069,True,False,True,2.607808400003705
debug_algorithm_double_dqn_statev1_sparse_seed44_20261010_222537_619413_43b38fb8,double_dqn,44,v1,sparse,144,2076,-10.0,0,8,0.8125235499113347,0.018065775802824646,1077,True,False,True,2.6290211000014096
debug_algorithm_double_dqn_statev1_sparse_seed44_20261010_222537_619413_43b38fb8,double_dqn,44,v1,sparse,145,2079,-10.0,0,3,0.8122798172212553,0.01014522664869825,1080,True,False,True,2.636891399997694
debug_algorithm_double_dqn_statev1_sparse_seed44_20261010_222537_619413_43b38fb8,double_dqn,44,v1,sparse,146,2085,-10.0,0,6,0.8117925711566507,0.0669226332878073,1086,True,False,True,2.6495343999995384
debug_algorithm_double_dqn_statev1_sparse_seed44_20261010_222537_619413_43b38fb8,double_dqn,44,v1,sparse,147,2104,-10.0,0,19,0.8102515526504372,0.04538876171174802,1105,True,False,True,2.706445399999211
debug_algorithm_double_dqn_statev1_sparse_seed44_20261010_222537_619413_43b38fb8,double_dqn,44,v1,sparse,148,2119,-10.0,0,15,0.8090370257170382,0.021998401017238697,1120,True,False,True,2.745609500001592
debug_algorithm_double_dqn_statev1_sparse_seed44_20261010_222537_619413_43b38fb8,double_dqn,44,v1,sparse,149,2129,-10.0,0,10,0.8082283526609152,0.02527947458438575,1130,True,False,True,2.768481099999917
debug_algorithm_double_dqn_statev1_sparse_seed44_20261010_222537_619413_43b38fb8,double_dqn,44,v1,sparse,150,2132,-10.0,0,3,0.8079859084011592,0.09355340773860614,1133,True,False,True,2.777894099999685
debug_algorithm_double_dqn_statev1_sparse_seed44_20261010_222537_619413_43b38fb8,double_dqn,44,v1,sparse,151,2151,-10.0,0,19,0.8064521160484754,0.06315326688222979,1152,True,False,True,2.8304254000031506
debug_algorithm_double_dqn_statev1_sparse_seed44_20261010_222537_619413_43b38fb8,double_dqn,44,v1,sparse,152,2169,-10.0,0,18,0.8050017354535077,0.032025828000365034,1170,True,False,True,2.873339300000225
debug_algorithm_double_dqn_statev1_sparse_seed44_20261010_222537_619413_43b38fb8,double_dqn,44,v1,sparse,153,2184,0.0,1,15,0.8037950777359838,0.09543953780084849,1185,True,False,True,2.9037911999985226
debug_algorithm_double_dqn_statev1_sparse_seed44_20261010_222537_619413_43b38fb8,double_dqn,44,v1,sparse,154,2194,-10.0,0,10,0.8029916442695944,0.07379049456212669,1195,True,False,True,2.929183899999771
debug_algorithm_double_dqn_statev1_sparse_seed44_20261010_222537_619413_43b38fb8,double_dqn,44,v1,sparse,155,2208,-10.0,0,14,0.8018681863978047,0.06268325481297714,1209,True,False,True,2.9687209999974584
debug_algorithm_double_dqn_statev1_sparse_seed44_20261010_222537_619413_43b38fb8,double_dqn,44,v1,sparse,156,2210,-10.0,0,2,0.801707820779207,0.14086645748466253,1211,True,False,True,2.9741444000028423
debug_algorithm_double_dqn_statev1_sparse_seed44_20261010_222537_619413_43b38fb8,double_dqn,44,v1,sparse,157,2228,-10.0,0,18,0.8002659726608221,0.0588188702499287,1229,True,False,True,3.013843100001395
debug_algorithm_double_dqn_statev1_sparse_seed44_20261010_222537_619413_43b38fb8,double_dqn,44,v1,sparse,158,2269,-10.0,0,41,0.796991435831152,0.06010292283622775,1270,True,False,True,3.1068213999969885
debug_algorithm_double_dqn_statev1_sparse_seed44_20261010_222537_619413_43b38fb8,double_dqn,44,v1,sparse,159,2275,-10.0,0,6,0.7965133605024299,0.127224074366192,1276,True,False,True,3.1194436000005226
debug_algorithm_double_dqn_statev1_sparse_seed44_20261010_222537_619413_43b38fb8,double_dqn,44,v1,sparse,160,2297,-10.0,0,22,0.7947628698291394,0.050376865420151844,1298,True,False,True,3.1617674000008265
debug_algorithm_double_dqn_statev1_sparse_seed44_20261010_222537_619413_43b38fb8,double_dqn,44,v1,sparse,161,2300,-10.0,0,3,0.7945244648102819,0.01646587500969569,1301,True,False,True,3.167552400002023
debug_algorithm_double_dqn_statev1_sparse_seed44_20261010_222537_619413_43b38fb8,double_dqn,44,v1,sparse,162,2309,10.0,2,9,0.7938096787540301,0.08032076024553841,1310,True,False,True,3.184919599996647
debug_algorithm_double_dqn_statev1_sparse_seed44_20261010_222537_619413_43b38fb8,double_dqn,44,v1,sparse,163,2351,10.0,2,42,0.7904825037005407,0.07128275653702162,1352,True,False,True,3.2753206999987015
debug_algorithm_double_dqn_statev1_sparse_seed44_20261010_222537_619413_43b38fb8,double_dqn,44,v1,sparse,164,2375,0.0,1,24,0.7885875258242732,0.06707086850656196,1376,True,False,True,3.32581460000074
debug_algorithm_double_dqn_statev1_sparse_seed44_20261010_222537_619413_43b38fb8,double_dqn,44,v1,sparse,165,2378,-10.0,0,3,0.7883509732233631,0.07384978234767914,1379,True,False,True,3.331547000001592
debug_algorithm_double_dqn_statev1_sparse_seed44_20261010_222537_619413_43b38fb8,double_dqn,44,v1,sparse,166,2380,-10.0,0,2,0.7881933109122282,0.013523129280656576,1381,True,False,True,3.335514200000034
debug_algorithm_double_dqn_statev1_sparse_seed44_20261010_222537_619413_43b38fb8,double_dqn,44,v1,sparse,167,2405,-10.0,0,25,0.7862251904030326,0.0859754216298461,1406,True,False,True,3.395472800002608
debug_algorithm_double_dqn_statev1_sparse_seed44_20261010_222537_619413_43b38fb8,double_dqn,44,v1,sparse,168,2406,-10.0,0,1,0.7861465678839923,0.2802179753780365,1407,True,False,True,3.3986121999987517
debug_algorithm_double_dqn_statev1_sparse_seed44_20261010_222537_619413_43b38fb8,double_dqn,44,v1,sparse,169,2432,-10.0,0,26,0.7841051397410336,0.12577618973759505,1433,True,False,True,3.453000900000916
debug_algorithm_double_dqn_statev1_sparse_seed44_20261010_222537_619413_43b38fb8,double_dqn,44,v1,sparse,170,2440,0.0,1,8,0.7834780751347756,0.047775700862985104,1441,True,False,True,3.469183699999121
debug_algorithm_double_dqn_statev1_sparse_seed44_20261010_222537_619413_43b38fb8,double_dqn,44,v1,sparse,171,2450,-10.0,0,10,0.7826949495307738,0.0689797405153513,1451,True,False,True,3.4912349000005634
debug_algorithm_double_dqn_statev1_sparse_seed44_20261010_222537_619413_43b38fb8,double_dqn,44,v1,sparse,172,2457,0.0,1,7,0.78214722740465,0.04396703925782016,1458,True,False,True,3.5036244000002625
debug_algorithm_double_dqn_statev1_sparse_seed44_20261010_222537_619413_43b38fb8,double_dqn,44,v1,sparse,173,2464,-10.0,0,7,0.7815998885690122,0.14032990937786444,1465,True,False,True,3.517164299999422
debug_algorithm_double_dqn_statev1_sparse_seed44_20261010_222537_619413_43b38fb8,double_dqn,44,v1,sparse,174,2506,-10.0,0,42,0.7783238896480383,0.08176279440522194,1507,True,False,True,3.5963682000001427
debug_algorithm_double_dqn_statev1_sparse_seed44_20261010_222537_619413_43b38fb8,double_dqn,44,v1,sparse,175,2523,-10.0,0,17,0.7770017970270515,0.05551235025803394,1524,True,False,True,3.628548499997123
debug_algorithm_double_dqn_statev1_sparse_seed44_20261010_222537_619413_43b38fb8,double_dqn,44,v1,sparse,176,2526,-10.0,0,3,0.7767687197972204,0.05771835520863533,1527,True,False,True,3.6349520000003395
debug_algorithm_double_dqn_statev1_sparse_seed44_20261010_222537_619413_43b38fb8,double_dqn,44,v1,sparse,177,2575,-10.0,0,49,0.7729716735756155,0.08602413305138447,1576,True,False,True,3.7377482000010787
debug_algorithm_double_dqn_statev1_sparse_seed44_20261010_222537_619413_43b38fb8,double_dqn,44,v1,sparse,178,2615,-10.0,0,40,0.7698858084304661,0.054063271859195086,1616,True,False,True,3.814543799999228
debug_algorithm_double_dqn_statev1_sparse_seed44_20261010_222537_619413_43b38fb8,double_dqn,44,v1,sparse,179,2631,-10.0,0,16,0.7686549145689517,0.14695273549295962,1632,True,False,True,3.842634000000544
debug_algorithm_double_dqn_statev1_sparse_seed44_20261010_222537_619413_43b38fb8,double_dqn,44,v1,sparse,180,2657,0.0,1,26,0.7666589079221908,0.11992192862985226,1658,True,False,True,3.8938097999998718
debug_algorithm_double_dqn_statev1_sparse_seed44_20261010_222537_619413_43b38fb8,double_dqn,44,v1,sparse,181,2660,-10.0,0,3,0.7664289332488148,0.06479476640621822,1661,True,False,True,3.8996677000031923
debug_algorithm_double_dqn_statev1_sparse_seed44_20261010_222537_619413_43b38fb8,double_dqn,44,v1,sparse,182,2687,-10.0,0,27,0.7643622630541387,0.0824064693103234,1688,True,False,True,3.9479921000020113
debug_algorithm_double_dqn_statev1_sparse_seed44_20261010_222537_619413_43b38fb8,double_dqn,44,v1,sparse,183,2704,0.0,1,17,0.7630638862200402,0.0690586758120095,1705,True,False,True,3.9757113000014215
debug_algorithm_double_dqn_statev1_sparse_seed44_20261010_222537_619413_43b38fb8,double_dqn,44,v1,sparse,184,2713,-10.0,0,9,0.7623774033613535,0.11919880948132938,1714,True,False,True,3.9939094000001205
debug_algorithm_double_dqn_statev1_sparse_seed44_20261010_222537_619413_43b38fb8,double_dqn,44,v1,sparse,185,2746,-10.0,0,33,0.7598655791265375,0.08669200618610237,1747,True,False,True,4.05748820000008
debug_algorithm_double_dqn_statev1_sparse_seed44_20261010_222537_619413_43b38fb8,double_dqn,44,v1,sparse,186,2747,-10.0,0,1,0.7597895925686249,0.41006869077682495,1748,True,False,True,4.059079099999508
debug_algorithm_double_dqn_statev1_sparse_seed44_20261010_222537_619413_43b38fb8,double_dqn,44,v1,sparse,187,2755,-10.0,0,8,0.759181973593113,0.10279861936578527,1756,True,False,True,4.071644199997536
debug_algorithm_double_dqn_statev1_sparse_seed44_20261010_222537_619413_43b38fb8,double_dqn,44,v1,sparse,188,2773,0.0,1,18,0.7578166069698048,0.11336050811223686,1774,True,False,True,4.106952699999965
debug_algorithm_double_dqn_statev1_sparse_seed44_20261010_222537_619413_43b38fb8,double_dqn,44,v1,sparse,189,2781,-10.0,0,8,0.7572105658304465,0.08451471891021356,1782,True,False,True,4.119221300003119
debug_algorithm_double_dqn_statev1_sparse_seed44_20261010_222537_619413_43b38fb8,double_dqn,44,v1,sparse,190,2791,-10.0,0,10,0.7564536959185215,0.05100882593542337,1792,True,False,True,4.13540710000234
debug_algorithm_double_dqn_statev1_sparse_seed44_20261010_222537_619413_43b38fb8,double_dqn,44,v1,sparse,191,2806,-10.0,0,15,0.7553198093069414,0.09072803917030493,1807,True,False,True,4.158572499996808
debug_algorithm_double_dqn_statev1_sparse_seed44_20261010_222537_619413_43b38fb8,double_dqn,44,v1,sparse,192,2812,-10.0,0,6,0.7548667307042234,0.08767269474143784,1813,True,False,True,4.170650000000023
debug_algorithm_double_dqn_statev1_sparse_seed44_20261010_222537_619413_43b38fb8,double_dqn,44,v1,sparse,193,2831,0.0,1,19,0.7534337740068217,0.06787079303084236,1832,True,False,True,4.207112299998698
debug_algorithm_double_dqn_statev1_sparse_seed44_20261010_222537_619413_43b38fb8,double_dqn,44,v1,sparse,194,2842,-10.0,0,11,0.7526054111196983,0.09808530396019871,1843,True,False,True,4.226486999999906
debug_algorithm_double_dqn_statev1_sparse_seed44_20261010_222537_619413_43b38fb8,double_dqn,44,v1,sparse,195,2855,-10.0,0,13,0.7516276109022719,0.13658725699553123,1856,True,False,True,4.251300800002355
debug_algorithm_double_dqn_statev1_sparse_seed44_20261010_222537_619413_43b38fb8,double_dqn,44,v1,sparse,196,2945,-10.0,0,90,0.7448929769804828,0.07692156807105574,1946,True,False,True,4.495713199998136
debug_algorithm_double_dqn_statev1_sparse_seed44_20261010_222537_619413_43b38fb8,double_dqn,44,v1,sparse,197,2958,-10.0,0,13,0.7439251969139442,0.10021409335044715,1959,True,False,True,4.532060800003819
debug_algorithm_double_dqn_statev1_sparse_seed44_20261010_222537_619413_43b38fb8,double_dqn,44,v1,sparse,198,3000,0.0,1,42,0.74080710775091,0.07288341989208545,2001,True,False,True,4.659449400001904
debug_algorithm_double_dqn_statev1_sparse_seed44_20261010_222537_619413_43b38fb8,double_dqn,44,v1,sparse,199,3011,-10.0,0,11,0.7399926272540845,0.13507089238952508,2012,True,False,True,4.692420300001686
debug_algorithm_double_dqn_statev1_sparse_seed44_20261010_222537_619413_43b38fb8,double_dqn,44,v1,sparse,200,3018,-10.0,0,7,0.7394747877875611,0.11359523316579205,2019,True,False,True,4.7142084000006435
debug_algorithm_double_dqn_statev1_sparse_seed44_20261010_222537_619413_43b38fb8,double_dqn,44,v1,sparse,201,3057,-10.0,0,39,0.7365963088713853,0.11209692715261227,2058,True,False,True,4.835038500001247
debug_algorithm_double_dqn_statev1_sparse_seed44_20261010_222537_619413_43b38fb8,double_dqn,44,v1,sparse,202,3100,0.0,1,43,0.7334355871266565,0.07556005291164268,2101,True,False,True,4.935873399997945
debug_algorithm_double_dqn_statev1_sparse_seed44_20261010_222537_619413_43b38fb8,double_dqn,44,v1,sparse,203,3101,-10.0,0,1,0.7333622435679438,0.14992813766002655,2102,True,False,True,4.938161799997033
debug_algorithm_double_dqn_statev1_sparse_seed44_20261010_222537_619413_43b38fb8,double_dqn,44,v1,sparse,204,3123,-10.0,0,22,0.7317505395700358,0.0626628417310051,2124,True,False,True,4.992234199999075
debug_algorithm_double_dqn_statev1_sparse_seed44_20261010_222537_619413_43b38fb8,double_dqn,44,v1,sparse,205,3124,-10.0,0,1,0.7316773645160788,0.27320340275764465,2125,True,False,True,4.993964499997674
debug_algorithm_double_dqn_statev1_sparse_seed44_20261010_222537_619413_43b38fb8,double_dqn,44,v1,sparse,206,3151,0.0,1,27,0.7297044016805622,0.09848308373518565,2152,True,False,True,5.053754000000481
debug_algorithm_double_dqn_statev1_sparse_seed44_20261010_222537_619413_43b38fb8,double_dqn,44,v1,sparse,207,3155,-10.0,0,4,0.7294125636992354,0.08512438321486115,2156,True,False,True,5.062350599997444
debug_algorithm_double_dqn_statev1_sparse_seed44_20261010_222537_619413_43b38fb8,double_dqn,44,v1,sparse,208,3161,-10.0,0,6,0.7289750255583133,0.18874508561566472,2162,True,False,True,5.075672899998608
debug_algorithm_double_dqn_statev1_sparse_seed44_20261010_222537_619413_43b38fb8,double_dqn,44,v1,sparse,209,3163,-10.0,0,2,0.728829237842952,0.08159609930589795,2164,True,False,True,5.0793201999986195
debug_algorithm_double_dqn_statev1_sparse_seed44_20261010_222537_619413_43b38fb8,double_dqn,44,v1,sparse,210,3200,0.0,1,37,0.7261374180074647,0.08262245080156906,2201,True,False,True,5.151440399997227
debug_algorithm_double_dqn_statev1_sparse_seed44_20261010_222537_619413_43b38fb8,double_dqn,44,v1,sparse,211,3212,-10.0,0,12,0.7252665321968375,0.06607323733624071,2213,True,False,True,5.177186200002325
debug_algorithm_double_dqn_statev1_sparse_seed44_20261010_222537_619413_43b38fb8,double_dqn,44,v1,sparse,212,3251,-10.0,0,39,0.7224433603240242,0.09217664561210534,2252,True,False,True,5.253082600000198
debug_algorithm_double_dqn_statev1_sparse_seed44_20261010_222537_619413_43b38fb8,double_dqn,44,v1,sparse,213,3286,-10.0,0,35,0.7199191023762731,0.07222270048888667,2287,True,False,True,5.340512700000545
debug_algorithm_double_dqn_statev1_sparse_seed44_20261010_222537_619413_43b38fb8,double_dqn,44,v1,sparse,214,3287,-10.0,0,1,0.7198471104660354,0.13779409229755402,2288,True,False,True,5.342608799997834
debug_algorithm_double_dqn_statev1_sparse_seed44_20261010_222537_619413_43b38fb8,double_dqn,44,v1,sparse,215,3292,-10.0,0,5,0.7194872588883153,0.11490358188748359,2293,True,False,True,5.354315999997198
debug_algorithm_double_dqn_statev1_sparse_seed44_20261010_222537_619413_43b38fb8,double_dqn,44,v1,sparse,216,3294,-10.0,0,2,0.7193433686314104,0.12906544283032417,2295,True,False,True,5.358197499997914
debug_algorithm_double_dqn_statev1_sparse_seed44_20261010_222537_619413_43b38fb8,double_dqn,44,v1,sparse,217,3312,-10.0,0,18,0.7180496505764639,0.09712482512825066,2313,True,False,True,5.391997300001094
debug_algorithm_double_dqn_statev1_sparse_seed44_20261010_222537_619413_43b38fb8,double_dqn,44,v1,sparse,218,3339,-10.0,0,27,0.7161134347751452,0.11220608348095859,2340,True,False,True,5.456346300001314
debug_algorithm_double_dqn_statev1_sparse_seed44_20261010_222537_619413_43b38fb8,double_dqn,44,v1,sparse,219,3348,-10.0,0,9,0.7154691904245395,0.15791619351754585,2349,True,False,True,5.476127499998256
debug_algorithm_double_dqn_statev1_sparse_seed44_20261010_222537_619413_43b38fb8,double_dqn,44,v1,sparse,220,3393,10.0,2,45,0.7122566520707583,0.08119500218373206,2394,True,False,True,5.587333499999659
debug_algorithm_double_dqn_statev1_sparse_seed44_20261010_222537_619413_43b38fb8,double_dqn,44,v1,sparse,221,3400,-10.0,0,7,0.7117582219632792,0.029530031806124107,2401,True,False,True,5.607042299998284
debug_algorithm_double_dqn_statev1_sparse_seed44_20261010_222537_619413_43b38fb8,double_dqn,44,v1,sparse,222,3405,-10.0,0,5,0.7114024140210026,0.03542560525238514,2406,True,False,True,5.618415600001754
debug_algorithm_double_dqn_statev1_sparse_seed44_20261010_222537_619413_43b38fb8,double_dqn,44,v1,sparse,223,3449,10.0,2,44,0.708278963853983,0.1137858635364947,2450,True,False,True,5.700513700001466
debug_algorithm_double_dqn_statev1_sparse_seed44_20261010_222537_619413_43b38fb8,double_dqn,44,v1,sparse,224,3454,-10.0,0,5,0.70792489519287,0.12313687205314636,2455,True,False,True,5.70856040000217
debug_algorithm_double_dqn_statev1_sparse_seed44_20261010_222537_619413_43b38fb8,double_dqn,44,v1,sparse,225,3456,-10.0,0,2,0.7077833172930805,0.01211530389264226,2457,True,False,True,5.712407899998652
debug_algorithm_double_dqn_statev1_sparse_seed44_20261010_222537_619413_43b38fb8,double_dqn,44,v1,sparse,226,3457,-10.0,0,1,0.7077125389613512,0.1421804130077362,2458,True,False,True,5.715047500001674
debug_algorithm_double_dqn_statev1_sparse_seed44_20261010_222537_619413_43b38fb8,double_dqn,44,v1,sparse,227,3520,0.0,1,63,0.7032677435299146,0.07385477276578073,2521,True,False,True,5.842967900003714
debug_algorithm_double_dqn_statev1_sparse_seed44_20261010_222537_619413_43b38fb8,double_dqn,44,v1,sparse,228,3557,0.0,1,37,0.7006703311822772,0.10345819052560506,2558,True,False,True,5.912958799999615
debug_algorithm_double_dqn_statev1_sparse_seed44_20261010_222537_619413_43b38fb8,double_dqn,44,v1,sparse,229,3561,-10.0,0,4,0.7003901050872217,0.045924067264422774,2562,True,False,True,5.918852599999809
debug_algorithm_double_dqn_statev1_sparse_seed44_20261010_222537_619413_43b38fb8,double_dqn,44,v1,sparse,230,3573,-10.0,0,12,0.6995500990645352,0.09434647974558175,2574,True,False,True,5.940283399999316
debug_algorithm_double_dqn_statev1_sparse_seed44_20261010_222537_619413_43b38fb8,double_dqn,44,v1,sparse,231,3630,-10.0,0,57,0.695573807878217,0.08867684166813106,2631,True,False,True,6.061636300000828
debug_algorithm_double_dqn_statev1_sparse_seed44_20261010_222537_619413_43b38fb8,double_dqn,44,v1,sparse,232,3681,0.0,1,51,0.6920352355561304,0.09195168860548851,2682,True,False,True,6.188613999998779
debug_algorithm_double_dqn_statev1_sparse_seed44_20261010_222537_619413_43b38fb8,double_dqn,44,v1,sparse,233,3686,-10.0,0,5,0.691689287134956,0.16979216346517206,2687,True,False,True,6.197587800001202
debug_algorithm_double_dqn_statev1_sparse_seed44_20261010_222537_619413_43b38fb8,double_dqn,44,v1,sparse,234,3689,-10.0,0,3,0.6914818010988025,0.059187397050360836,2690,True,False,True,6.204020400000445
debug_algorithm_double_dqn_statev1_sparse_seed44_20261010_222537_619413_43b38fb8,double_dqn,44,v1,sparse,235,3703,-10.0,0,14,0.6905143555740731,0.15020895430019923,2704,True,False,True,6.237244500000088
debug_algorithm_double_dqn_statev1_sparse_seed44_20261010_222537_619413_43b38fb8,double_dqn,44,v1,sparse,236,3719,0.0,1,16,0.689410360835819,0.12716113185160793,2720,True,False,True,6.275366000001668
debug_algorithm_double_dqn_statev1_sparse_seed44_20261010_222537_619413_43b38fb8,double_dqn,44,v1,sparse,237,3740,0.0,1,21,0.6879640459233184,0.11266459025708693,2741,True,False,True,6.31490710000071
debug_algorithm_double_dqn_statev1_sparse_seed44_20261010_222537_619413_43b38fb8,double_dqn,44,v1,sparse,238,3750,-10.0,0,10,0.6872763913786747,0.12352307285182178,2751,True,False,True,6.33742589999747
debug_algorithm_double_dqn_statev1_sparse_seed44_20261010_222537_619413_43b38fb8,double_dqn,44,v1,sparse,239,3759,-10.0,0,9,0.6866580899882122,0.07055627244214217,2760,True,False,True,6.354533500001708
debug_algorithm_double_dqn_statev1_sparse_seed44_20261010_222537_619413_43b38fb8,double_dqn,44,v1,sparse,240,3760,-10.0,0,1,0.6865894241792134,0.5071169137954712,2761,True,False,True,6.356614399999671
debug_algorithm_double_dqn_statev1_sparse_seed44_20261010_222537_619413_43b38fb8,double_dqn,44,v1,sparse,241,3837,10.0,2,77,0.6813227250883483,0.10538323951715772,2838,True,False,True,6.518036800000118
debug_algorithm_double_dqn_statev1_sparse_seed44_20261010_222537_619413_43b38fb8,double_dqn,44,v1,sparse,242,3866,-10.0,0,29,0.6793496528679204,0.059974457811692666,2867,True,False,True,6.5834680999978445
debug_algorithm_double_dqn_statev1_sparse_seed44_20261010_222537_619413_43b38fb8,double_dqn,44,v1,sparse,243,3870,-10.0,0,4,0.6790779537650351,0.04926063446328044,2871,True,False,True,6.59043930000189
debug_algorithm_double_dqn_statev1_sparse_seed44_20261010_222537_619413_43b38fb8,double_dqn,44,v1,sparse,244,3900,10.0,2,30,0.6770436711376424,0.1319927389578273,2901,True,False,True,6.652269400001387
debug_algorithm_double_dqn_statev1_sparse_seed44_20261010_222537_619413_43b38fb8,double_dqn,44,v1,sparse,245,3918,-10.0,0,18,0.675826027854151,0.10344616442711817,2919,True,False,True,6.68521370000235
debug_algorithm_double_dqn_statev1_sparse_seed44_20261010_222537_619413_43b38fb8,double_dqn,44,v1,sparse,246,3926,0.0,1,8,0.6752855562253139,0.10945129237370566,2927,True,False,True,6.701178399998753
debug_algorithm_double_dqn_statev1_sparse_seed44_20261010_222537_619413_43b38fb8,double_dqn,44,v1,sparse,247,3933,-10.0,0,7,0.6748129981222905,0.10791767036010112,2934,True,False,True,6.714195400003518
debug_algorithm_double_dqn_statev1_sparse_seed44_20261010_222537_619413_43b38fb8,double_dqn,44,v1,sparse,248,3943,-10.0,0,10,0.6741384887090538,0.07509928699582816,2944,True,False,True,6.731178599999112
debug_algorithm_double_dqn_statev1_sparse_seed44_20261010_222537_619413_43b38fb8,double_dqn,44,v1,sparse,249,3950,-10.0,0,7,0.6736667333124478,0.12741609356765235,2951,True,False,True,6.747159899998223
debug_algorithm_double_dqn_statev1_sparse_seed44_20261010_222537_619413_43b38fb8,double_dqn,44,v1,sparse,250,3975,-10.0,0,25,0.6719845859307854,0.13581306932494044,2976,True,False,True,6.799294199998258
debug_algorithm_double_dqn_statev1_sparse_seed44_20261010_222537_619413_43b38fb8,double_dqn,44,v1,sparse,251,3990,-10.0,0,15,0.6709773143300432,0.11094219709436098,2991,True,False,True,6.8321924999982
debug_algorithm_double_dqn_statev1_sparse_seed44_20261010_222537_619413_43b38fb8,double_dqn,44,v1,sparse,252,3999,-10.0,0,9,0.6703736762426258,0.15555071064995396,3000,True,False,True,6.849377899998217
debug_algorithm_double_dqn_statev1_sparse_seed44_20261010_222537_619413_43b38fb8,double_dqn,44,v1,sparse,253,4032,10.0,2,33,0.668164979029219,0.16050176474858413,3033,True,False,True,6.918656499998178
debug_algorithm_double_dqn_statev1_sparse_seed44_20261010_222537_619413_43b38fb8,double_dqn,44,v1,sparse,254,4033,-10.0,0,1,0.668098162531316,0.030883509665727615,3034,True,False,True,6.920386799996777
debug_algorithm_double_dqn_statev1_sparse_seed44_20261010_222537_619413_43b38fb8,double_dqn,44,v1,sparse,255,4039,-10.0,0,6,0.6676974038351606,0.16505911697944006,3040,True,False,True,6.93445320000319
debug_algorithm_double_dqn_statev1_sparse_seed44_20261010_222537_619413_43b38fb8,double_dqn,44,v1,sparse,256,4108,10.0,2,69,0.6631059210041022,0.144040092839387,3109,True,False,True,7.091387100001157
debug_algorithm_double_dqn_statev1_sparse_seed44_20261010_222537_619413_43b38fb8,double_dqn,44,v1,sparse,257,4126,-10.0,0,18,0.6619133443574623,0.14689062370194328,3127,True,False,True,7.123627100001613
debug_algorithm_double_dqn_statev1_sparse_seed44_20261010_222537_619413_43b38fb8,double_dqn,44,v1,sparse,258,4128,-10.0,0,2,0.6617809683077243,0.21430344134569168,3129,True,False,True,7.126915200002259
debug_algorithm_double_dqn_statev1_sparse_seed44_20261010_222537_619413_43b38fb8,double_dqn,44,v1,sparse,259,4155,-10.0,0,27,0.6599964806099436,0.15064745099732169,3156,True,False,True,7.179715899997973
debug_algorithm_double_dqn_statev1_sparse_seed44_20261010_222537_619413_43b38fb8,double_dqn,44,v1,sparse,260,4186,0.0,1,31,0.6579535575390794,0.19015880541936045,3187,True,False,True,7.241451000001689
debug_algorithm_double_dqn_statev1_sparse_seed44_20261010_222537_619413_43b38fb8,double_dqn,44,v1,sparse,261,4193,0.0,1,7,0.657493128196023,0.11561253613659314,3194,True,False,True,7.255326200000127
debug_algorithm_double_dqn_statev1_sparse_seed44_20261010_222537_619413_43b38fb8,double_dqn,44,v1,sparse,262,4221,0.0,1,28,0.6556546306084972,0.1281929048044341,3222,True,False,True,7.311897699997644
debug_algorithm_double_dqn_statev1_sparse_seed44_20261010_222537_619413_43b38fb8,double_dqn,44,v1,sparse,263,4272,10.0,2,51,0.6523191379512959,0.13221419730461112,3273,True,False,True,7.413646000000881
debug_algorithm_double_dqn_statev1_sparse_seed44_20261010_222537_619413_43b38fb8,double_dqn,44,v1,sparse,264,4339,10.0,2,67,0.6479629913037508,0.11368177080554749,3340,True,False,True,7.545416399996611
debug_algorithm_double_dqn_statev1_sparse_seed44_20261010_222537_619413_43b38fb8,double_dqn,44,v1,sparse,265,4429,10.0,2,90,0.6421571993424096,0.13325641186287004,3430,True,False,True,7.757480200001737
debug_algorithm_double_dqn_statev1_sparse_seed44_20261010_222537_619413_43b38fb8,double_dqn,44,v1,sparse,266,4430,-10.0,0,1,0.6420929836224754,0.1438879519701004,3431,True,False,True,7.7595063999979175
debug_algorithm_double_dqn_statev1_sparse_seed44_20261010_222537_619413_43b38fb8,double_dqn,44,v1,sparse,267,4461,-10.0,0,31,0.640105478221431,0.14125058018872816,3462,True,False,True,7.833753500002786
debug_algorithm_double_dqn_statev1_sparse_seed44_20261010_222537_619413_43b38fb8,double_dqn,44,v1,sparse,268,4466,-10.0,0,5,0.6397854894864674,0.1297203753143549,3467,True,False,True,7.8449723000012455
debug_algorithm_double_dqn_statev1_sparse_seed44_20261010_222537_619413_43b38fb8,double_dqn,44,v1,sparse,269,4487,-10.0,0,21,0.6384432826575418,0.21099056307935998,3488,True,False,True,7.889451600000029
debug_algorithm_double_dqn_statev1_sparse_seed44_20261010_222537_619413_43b38fb8,double_dqn,44,v1,sparse,270,4530,10.0,2,43,0.6357037338138014,0.13774329016721526,3531,True,False,True,7.983468899998115
debug_algorithm_double_dqn_statev1_sparse_seed44_20261010_222537_619413_43b38fb8,double_dqn,44,v1,sparse,271,4531,-10.0,0,1,0.6356401634404201,0.15569519996643066,3532,True,False,True,7.985184199998912
debug_algorithm_double_dqn_statev1_sparse_seed44_20261010_222537_619413_43b38fb8,double_dqn,44,v1,sparse,272,4534,-10.0,0,3,0.6354494904599572,0.11260336202879746,3535,True,False,True,7.990660800001933
debug_algorithm_double_dqn_statev1_sparse_seed44_20261010_222537_619413_43b38fb8,double_dqn,44,v1,sparse,273,4543,-10.0,0,9,0.63487781462699,0.19383097295131949,3544,True,False,True,8.007512500000303
debug_algorithm_double_dqn_statev1_sparse_seed44_20261010_222537_619413_43b38fb8,double_dqn,44,v1,sparse,274,4544,-10.0,0,1,0.6348143268455273,0.13971875607967377,3545,True,False,True,8.009062400000403
debug_algorithm_double_dqn_statev1_sparse_seed44_20261010_222537_619413_43b38fb8,double_dqn,44,v1,sparse,275,4590,-10.0,0,46,0.6319007416441899,0.16191167578749036,3591,True,False,True,8.095001300003787
debug_algorithm_double_dqn_statev1_sparse_seed44_20261010_222537_619413_43b38fb8,double_dqn,44,v1,sparse,276,4601,0.0,1,11,0.6312059982695464,0.10066374255852266,3602,True,False,True,8.116241399999126
debug_algorithm_double_dqn_statev1_sparse_seed44_20261010_222537_619413_43b38fb8,double_dqn,44,v1,sparse,277,4611,0.0,1,10,0.6305750762382445,0.1805704103782773,3612,True,False,True,8.139546999998856
debug_algorithm_double_dqn_statev1_sparse_seed44_20261010_222537_619413_43b38fb8,double_dqn,44,v1,sparse,278,4630,-10.0,0,19,0.6293780612659893,0.11999080408560603,3631,True,False,True,8.17542919999687
debug_algorithm_double_dqn_statev1_sparse_seed44_20261010_222537_619413_43b38fb8,double_dqn,44,v1,sparse,279,4633,-10.0,0,3,0.6291892667283221,0.17098626059790453,3634,True,False,True,8.181962599999679
debug_algorithm_double_dqn_statev1_sparse_seed44_20261010_222537_619413_43b38fb8,double_dqn,44,v1,sparse,280,4637,-10.0,0,4,0.62893762877047,0.13518009334802628,3638,True,False,True,8.190355400001863
debug_algorithm_double_dqn_statev1_sparse_seed44_20261010_222537_619413_43b38fb8,double_dqn,44,v1,sparse,281,4642,0.0,1,5,0.6286232228435585,0.20907697528600694,3643,True,False,True,8.20151910000277
debug_algorithm_double_dqn_statev1_sparse_seed44_20261010_222537_619413_43b38fb8,double_dqn,44,v1,sparse,282,4655,-10.0,0,13,0.6278065028002345,0.16203633638528678,3656,True,False,True,8.226576399996702
debug_algorithm_double_dqn_statev1_sparse_seed44_20261010_222537_619413_43b38fb8,double_dqn,44,v1,sparse,283,4721,10.0,2,66,0.6236764176480042,0.15203874854540284,3722,True,False,True,8.358876799997233
debug_algorithm_double_dqn_statev1_sparse_seed44_20261010_222537_619413_43b38fb8,double_dqn,44,v1,sparse,284,4756,-10.0,0,35,0.6214972569822229,0.139933033021433,3757,True,False,True,8.436302299996896
debug_algorithm_double_dqn_statev1_sparse_seed44_20261010_222537_619413_43b38fb8,double_dqn,44,v1,sparse,285,4764,-10.0,0,8,0.6210002331610694,0.13236999697983265,3765,True,False,True,8.452826599997934
debug_algorithm_double_dqn_statev1_sparse_seed44_20261010_222537_619413_43b38fb8,double_dqn,44,v1,sparse,286,4773,-10.0,0,9,0.6204415564591523,0.12437834880418247,3774,True,False,True,8.478625900002953
debug_algorithm_double_dqn_statev1_sparse_seed44_20261010_222537_619413_43b38fb8,double_dqn,44,v1,sparse,287,4775,-10.0,0,2,0.620317474352276,0.27924513816833496,3776,True,False,True,8.483731200001785
debug_algorithm_double_dqn_statev1_sparse_seed44_20261010_222537_619413_43b38fb8,double_dqn,44,v1,sparse,288,4808,0.0,1,33,0.618273698581263,0.1627852733839642,3809,True,False,True,8.558738500003528
debug_algorithm_double_dqn_statev1_sparse_seed44_20261010_222537_619413_43b38fb8,double_dqn,44,v1,sparse,289,4817,-10.0,0,9,0.6177174747791442,0.12215995229780674,3818,True,False,True,8.578147699998226
debug_algorithm_double_dqn_statev1_sparse_seed44_20261010_222537_619413_43b38fb8,double_dqn,44,v1,sparse,290,4837,-10.0,0,20,0.6164832127888894,0.19140331922098994,3838,True,False,True,8.616537699999753
debug_algorithm_double_dqn_statev1_sparse_seed44_20261010_222537_619413_43b38fb8,double_dqn,44,v1,sparse,291,4848,-10.0,0,11,0.6158054202188893,0.21187413246794182,3849,True,False,True,8.636586300002818
debug_algorithm_double_dqn_statev1_sparse_seed44_20261010_222537_619413_43b38fb8,double_dqn,44,v1,sparse,292,4868,-10.0,0,20,0.6145749787070303,0.14046312840655445,3869,True,False,True,8.67821990000084
debug_algorithm_double_dqn_statev1_sparse_seed44_20261010_222537_619413_43b38fb8,double_dqn,44,v1,sparse,293,4881,-10.0,0,13,0.6137765104274701,0.12835891974660066,3882,True,False,True,8.709413700002187
debug_algorithm_double_dqn_statev1_sparse_seed44_20261010_222537_619413_43b38fb8,double_dqn,44,v1,sparse,294,4885,-10.0,0,4,0.6135310366474346,0.12390382820740342,3886,True,False,True,8.71822670000256
debug_algorithm_double_dqn_statev1_sparse_seed44_20261010_222537_619413_43b38fb8,double_dqn,44,v1,sparse,295,4905,0.0,1,20,0.6123051395839814,0.15170473060570658,3906,True,False,True,8.766296599998896
debug_algorithm_double_dqn_statev1_sparse_seed44_20261010_222537_619413_43b38fb8,double_dqn,44,v1,sparse,296,4917,-10.0,0,12,0.611570777403196,0.09709449492705365,3918,True,False,True,8.787827300002391
debug_algorithm_double_dqn_statev1_sparse_seed44_20261010_222537_619413_43b38fb8,double_dqn,44,v1,sparse,297,4946,10.0,2,29,0.6097997028928555,0.1922647076305644,3947,True,False,True,8.849601399997482
debug_algorithm_double_dqn_statev1_sparse_seed44_20261010_222537_619413_43b38fb8,double_dqn,44,v1,sparse,298,4976,0.0,1,30,0.6079729539387682,0.11397106523315112,3977,True,False,True,8.936518700000306
debug_algorithm_double_dqn_statev1_sparse_seed44_20261010_222537_619413_43b38fb8,double_dqn,44,v1,sparse,299,4982,-10.0,0,6,0.6076082613501894,0.1590788308531046,3983,True,False,True,8.949318500002846
debug_algorithm_double_dqn_statev1_sparse_seed44_20261010_222537_619413_43b38fb8,double_dqn,44,v1,sparse,300,4984,-10.0,0,2,0.607486745774002,0.16161368787288666,3985,True,False,True,8.954185200003849
debug_algorithm_double_dqn_statev1_sparse_seed44_20261010_222537_619413_43b38fb8,double_dqn,44,v1,sparse,301,5000,-10.0,0,16,0.6065154956247766,0.19929167698137462,4001,True,False,True,9.000901300001715
debug_algorithm_double_dqn_statev1_sparse_seed44_20261010_222537_619413_43b38fb8,double_dqn,44,v1,sparse,302,5020,-10.0,0,20,0.6053036163218346,0.15000641532242298,4021,True,False,True,9.049469300000055
debug_algorithm_double_dqn_statev1_sparse_seed44_20261010_222537_619413_43b38fb8,double_dqn,44,v1,sparse,303,5021,-10.0,0,1,0.6052430859602024,0.41096314787864685,4022,True,False,True,9.051364899998589
debug_algorithm_double_dqn_statev1_sparse_seed44_20261010_222537_619413_43b38fb8,double_dqn,44,v1,sparse,304,5022,-10.0,0,1,0.6051825616516063,0.14981089532375336,4023,True,False,True,9.05319099999906
debug_algorithm_double_dqn_statev1_sparse_seed44_20261010_222537_619413_43b38fb8,double_dqn,44,v1,sparse,305,5035,-10.0,0,13,0.6043962961908182,0.14774385352547353,4036,True,False,True,9.08157940000092
debug_algorithm_double_dqn_statev1_sparse_seed44_20261010_222537_619413_43b38fb8,double_dqn,44,v1,sparse,306,5050,-10.0,0,15,0.6034903360877253,0.13282210932423671,4051,True,False,True,9.110212200001115
debug_algorithm_double_dqn_statev1_sparse_seed44_20261010_222537_619413_43b38fb8,double_dqn,44,v1,sparse,307,5052,-10.0,0,2,0.6033696440554112,0.1514117680490017,4053,True,False,True,9.115157899999758
debug_algorithm_double_dqn_statev1_sparse_seed44_20261010_222537_619413_43b38fb8,double_dqn,44,v1,sparse,308,5116,20.0,3,64,0.5995202171649789,0.15182043649838306,4117,True,False,True,9.240037499999744
debug_algorithm_double_dqn_statev1_sparse_seed44_20261010_222537_619413_43b38fb8,double_dqn,44,v1,sparse,309,5194,30.0,4,78,0.5948619175395045,0.1603778739913534,4195,True,False,True,9.382868599997892
debug_algorithm_double_dqn_statev1_sparse_seed44_20261010_222537_619413_43b38fb8,double_dqn,44,v1,sparse,310,5205,10.0,2,11,0.5942078965061331,0.15546833131123672,4206,True,False,True,9.408507899999677
debug_algorithm_double_dqn_statev1_sparse_seed44_20261010_222537_619413_43b38fb8,double_dqn,44,v1,sparse,311,5252,0.0,1,47,0.5914215331554241,0.15576968680908707,4253,True,False,True,9.503906500001904
debug_algorithm_double_dqn_statev1_sparse_seed44_20261010_222537_619413_43b38fb8,double_dqn,44,v1,sparse,312,5324,-10.0,0,72,0.5871783796394747,0.1614075826687945,4325,True,False,True,9.647558199998457
debug_algorithm_double_dqn_statev1_sparse_seed44_20261010_222537_619413_43b38fb8,double_dqn,44,v1,sparse,313,5331,0.0,1,7,0.5867674780606377,0.18122668457882746,4332,True,False,True,9.665086699998938
debug_algorithm_double_dqn_statev1_sparse_seed44_20261010_222537_619413_43b38fb8,double_dqn,44,v1,sparse,314,5350,0.0,1,19,0.58565362265636,0.1654421780258417,4351,True,False,True,9.701706599997124
debug_algorithm_double_dqn_statev1_sparse_seed44_20261010_222537_619413_43b38fb8,double_dqn,44,v1,sparse,315,5371,10.0,2,21,0.5844249791428205,0.15387067584586994,4372,True,False,True,9.74558529999922
debug_algorithm_double_dqn_statev1_sparse_seed44_20261010_222537_619413_43b38fb8,double_dqn,44,v1,sparse,316,5402,0.0,1,31,0.5826159766584786,0.13565570891143813,4403,True,False,True,9.813933299999917
debug_algorithm_double_dqn_statev1_sparse_seed44_20261010_222537_619413_43b38fb8,double_dqn,44,v1,sparse,317,5435,-10.0,0,33,0.5806964169714925,0.17750045307206386,4436,True,False,True,9.888925100000051
debug_algorithm_double_dqn_statev1_sparse_seed44_20261010_222537_619413_43b38fb8,double_dqn,44,v1,sparse,318,5477,0.0,1,42,0.5782624851564626,0.13557489810600168,4478,True,False,True,9.994514300000446
debug_algorithm_double_dqn_statev1_sparse_seed44_20261010_222537_619413_43b38fb8,double_dqn,44,v1,sparse,319,5531,0.0,1,54,0.5751481283478269,0.17930302758597666,4532,True,False,True,10.118992399999115
debug_algorithm_double_dqn_statev1_sparse_seed44_20261010_222537_619413_43b38fb8,double_dqn,44,v1,sparse,320,5535,-10.0,0,4,0.5749181036030749,0.22453912952914834,4536,True,False,True,10.1256538000016
debug_algorithm_double_dqn_statev1_sparse_seed44_20261010_222537_619413_43b38fb8,double_dqn,44,v1,sparse,321,5593,10.0,2,58,0.571593064283123,0.16709956529967743,4594,True,False,True,10.236940000002505
debug_algorithm_double_dqn_statev1_sparse_seed44_20261010_222537_619413_43b38fb8,double_dqn,44,v1,sparse,322,5629,-10.0,0,36,0.5695389262101992,0.18034612346026632,4630,True,False,True,10.300621900001715
debug_algorithm_double_dqn_statev1_sparse_seed44_20261010_222537_619413_43b38fb8,double_dqn,44,v1,sparse,323,5639,-10.0,0,10,0.5689696435081731,0.18217588774859905,4640,True,False,True,10.318194100000255
debug_algorithm_double_dqn_statev1_sparse_seed44_20261010_222537_619413_43b38fb8,double_dqn,44,v1,sparse,324,5642,-10.0,0,3,0.5687989696836411,0.27112629016240436,4643,True,False,True,10.323776800003543
debug_algorithm_double_dqn_statev1_sparse_seed44_20261010_222537_619413_43b38fb8,double_dqn,44,v1,sparse,325,5656,0.0,1,14,0.5680031685261605,0.17802946349339827,4657,True,False,True,10.349424599997292
debug_algorithm_double_dqn_statev1_sparse_seed44_20261010_222537_619413_43b38fb8,double_dqn,44,v1,sparse,326,5660,-10.0,0,4,0.5677760013366682,0.2212530025281012,4661,True,False,True,10.357630799997423
debug_algorithm_double_dqn_statev1_sparse_seed44_20261010_222537_619413_43b38fb8,double_dqn,44,v1,sparse,327,5680,-10.0,0,20,0.5666415274614081,0.2026423867791891,4681,True,False,True,10.399550599999202
debug_algorithm_double_dqn_statev1_sparse_seed44_20261010_222537_619413_43b38fb8,double_dqn,44,v1,sparse,328,5732,0.0,1,52,0.5637024926778116,0.15602098401779166,4733,True,False,True,10.497943299997132
debug_algorithm_double_dqn_statev1_sparse_seed44_20261010_222537_619413_43b38fb8,double_dqn,44,v1,sparse,329,5765,10.0,2,33,0.5618452477278809,0.15058539971483476,4766,True,False,True,10.571566400001757
debug_algorithm_double_dqn_statev1_sparse_seed44_20261010_222537_619413_43b38fb8,double_dqn,44,v1,sparse,330,5813,0.0,1,48,0.5591547184464293,0.13775923640544838,4814,True,False,True,10.670672499996726
debug_algorithm_double_dqn_statev1_sparse_seed44_20261010_222537_619413_43b38fb8,double_dqn,44,v1,sparse,331,5852,10.0,2,39,0.5569781532754333,0.16619577535834068,4853,True,False,True,10.750258899999608
debug_algorithm_double_dqn_statev1_sparse_seed44_20261010_222537_619413_43b38fb8,double_dqn,44,v1,sparse,332,5863,-10.0,0,11,0.5563657835529315,0.14710364795543932,4864,True,False,True,10.773837799999455
debug_algorithm_double_dqn_statev1_sparse_seed44_20261010_222537_619413_43b38fb8,double_dqn,44,v1,sparse,333,5897,30.0,4,34,0.5544772577741836,0.17976198465946844,4898,True,False,True,10.845413199996983
debug_algorithm_double_dqn_statev1_sparse_seed44_20261010_222537_619413_43b38fb8,double_dqn,44,v1,sparse,334,5900,-10.0,0,3,0.5543109312306146,0.2927826792001724,4901,True,False,True,10.850449199999275
debug_algorithm_double_dqn_statev1_sparse_seed44_20261010_222537_619413_43b38fb8,double_dqn,44,v1,sparse,335,5922,10.0,2,22,0.5530927267869251,0.16754132068969987,4923,True,False,True,10.89518649999809
debug_algorithm_double_dqn_statev1_sparse_seed44_20261010_222537_619413_43b38fb8,double_dqn,44,v1,sparse,336,5961,10.0,2,39,0.5509397585193935,0.16974647130626133,4962,True,False,True,10.971370300001581
debug_algorithm_double_dqn_statev1_sparse_seed44_20261010_222537_619413_43b38fb8,double_dqn,44,v1,sparse,337,5980,0.0,1,19,0.5498939145515465,0.2040996755424299,4981,True,False,True,11.009735799998452
debug_algorithm_double_dqn_statev1_sparse_seed44_20261010_222537_619413_43b38fb8,double_dqn,44,v1,sparse,338,6018,10.0,2,38,0.5478081787956212,0.1967183939720455,5019,True,False,True,11.091714000001957
debug_algorithm_double_dqn_statev1_sparse_seed44_20261010_222537_619413_43b38fb8,double_dqn,44,v1,sparse,339,6026,-10.0,0,8,0.5473700856082013,0.14240502519533038,5027,True,False,True,11.110369900001388
debug_algorithm_double_dqn_statev1_sparse_seed44_20261010_222537_619413_43b38fb8,double_dqn,44,v1,sparse,340,6077,10.0,2,51,0.5445854657548751,0.17498361487306802,5078,True,False,True,11.215114500002528
debug_algorithm_double_dqn_statev1_sparse_seed44_20261010_222537_619413_43b38fb8,double_dqn,44,v1,sparse,341,6089,-10.0,0,12,0.5439323225025948,0.1314752927670876,5090,True,False,True,11.238562400001683
debug_algorithm_double_dqn_statev1_sparse_seed44_20261010_222537_619413_43b38fb8,double_dqn,44,v1,sparse,342,6092,-10.0,0,3,0.5437691591232698,0.15247162183125815,5093,True,False,True,11.245616000000155
debug_algorithm_double_dqn_statev1_sparse_seed44_20261010_222537_619413_43b38fb8,double_dqn,44,v1,sparse,343,6128,-10.0,0,36,0.5418150120168181,0.21505714368282092,5129,True,False,True,11.330721600003017
debug_algorithm_double_dqn_statev1_sparse_seed44_20261010_222537_619413_43b38fb8,double_dqn,44,v1,sparse,344,6144,-10.0,0,16,0.5409487578722881,0.22331502800807357,5145,True,False,True,11.375241300003836
debug_algorithm_double_dqn_statev1_sparse_seed44_20261010_222537_619413_43b38fb8,double_dqn,44,v1,sparse,345,6154,0.0,1,10,0.5404080524764545,0.17092895805835723,5155,True,False,True,11.395625299999665
debug_algorithm_double_dqn_statev1_sparse_seed44_20261010_222537_619413_43b38fb8,double_dqn,44,v1,sparse,346,6166,-10.0,0,12,0.5397599193639345,0.23207314871251583,5167,True,False,True,11.420003799998085
debug_algorithm_double_dqn_statev1_sparse_seed44_20261010_222537_619413_43b38fb8,double_dqn,44,v1,sparse,347,6184,-10.0,0,18,0.5387891769014772,0.19727333748920095,5185,True,False,True,11.463754099997459
debug_algorithm_double_dqn_statev1_sparse_seed44_20261010_222537_619413_43b38fb8,double_dqn,44,v1,sparse,348,6210,10.0,2,26,0.5373900747063118,0.1841794395676026,5211,True,False,True,11.535167900001397
debug_algorithm_double_dqn_statev1_sparse_seed44_20261010_222537_619413_43b38fb8,double_dqn,44,v1,sparse,349,6250,10.0,2,40,0.5352447007455633,0.2070028603542596,5251,True,False,True,11.637757199998305
debug_algorithm_double_dqn_statev1_sparse_seed44_20261010_222537_619413_43b38fb8,double_dqn,44,v1,sparse,350,6268,-10.0,0,18,0.5342820787720175,0.17927146040731007,5269,True,False,True,11.682842000001983
debug_algorithm_double_dqn_statev1_sparse_seed44_20261010_222537_619413_43b38fb8,double_dqn,44,v1,sparse,351,6282,0.0,1,14,0.5335345698640033,0.14193139225244522,5283,True,False,True,11.716767500001879
debug_algorithm_double_dqn_statev1_sparse_seed44_20261010_222537_619413_43b38fb8,double_dqn,44,v1,sparse,352,6295,-10.0,0,13,0.532841390927592,0.23254505201027945,5296,True,False,True,11.749796600000991
debug_algorithm_double_dqn_statev1_sparse_seed44_20261010_222537_619413_43b38fb8,double_dqn,44,v1,sparse,353,6301,-10.0,0,6,0.532521766008588,0.15759026631712914,5302,True,False,True,11.763745800002653
debug_algorithm_double_dqn_statev1_sparse_seed44_20261010_222537_619413_43b38fb8,double_dqn,44,v1,sparse,354,6307,0.0,1,6,0.5322023328165981,0.21882115801175436,5308,True,False,True,11.77708430000348
debug_algorithm_double_dqn_statev1_sparse_seed44_20261010_222537_619413_43b38fb8,double_dqn,44,v1,sparse,355,6325,-10.0,0,18,0.5312451824529831,0.1875281733357244,5326,True,False,True,11.814819200000784
debug_algorithm_double_dqn_statev1_sparse_seed44_20261010_222537_619413_43b38fb8,double_dqn,44,v1,sparse,356,6353,0.0,1,28,0.5297597023096327,0.24231285202716077,5354,True,False,True,11.870280399998592
debug_algorithm_double_dqn_statev1_sparse_seed44_20261010_222537_619413_43b38fb8,double_dqn,44,v1,sparse,357,6422,10.0,2,69,0.5261167608158214,0.18899346952852997,5423,True,False,True,12.011828100003186
debug_algorithm_double_dqn_statev1_sparse_seed44_20261010_222537_619413_43b38fb8,double_dqn,44,v1,sparse,358,6441,20.0,3,19,0.5251180381203291,0.2062107662817365,5442,True,False,True,12.056989900003828
debug_algorithm_double_dqn_statev1_sparse_seed44_20261010_222537_619413_43b38fb8,double_dqn,44,v1,sparse,359,6502,20.0,3,61,0.521924408876267,0.2074416518272435,5503,True,False,True,12.190435700002126
debug_algorithm_double_dqn_statev1_sparse_seed44_20261010_222537_619413_43b38fb8,double_dqn,44,v1,sparse,360,6511,-10.0,0,9,0.5214548647572306,0.18882507582505545,5512,True,False,True,12.21233840000059
debug_algorithm_double_dqn_statev1_sparse_seed44_20261010_222537_619413_43b38fb8,double_dqn,44,v1,sparse,361,6535,0.0,1,24,0.5202048112423694,0.19220197899267077,5536,True,False,True,12.26667230000021
debug_algorithm_double_dqn_statev1_sparse_seed44_20261010_222537_619413_43b38fb8,double_dqn,44,v1,sparse,362,6559,-10.0,0,24,0.5189577544083247,0.20543089311104268,5560,True,False,True,12.317679200001294
debug_algorithm_double_dqn_statev1_sparse_seed44_20261010_222537_619413_43b38fb8,double_dqn,44,v1,sparse,363,6572,-10.0,0,13,0.5182835139662576,0.19512198564524835,5573,True,False,True,12.34924200000387
debug_algorithm_double_dqn_statev1_sparse_seed44_20261010_222537_619413_43b38fb8,double_dqn,44,v1,sparse,364,6590,10.0,2,18,0.517351396192134,0.23733224574890402,5591,True,False,True,12.387733900002786
debug_algorithm_double_dqn_statev1_sparse_seed44_20261010_222537_619413_43b38fb8,double_dqn,44,v1,sparse,365,6594,-10.0,0,4,0.5171444866726715,0.32137449085712433,5595,True,False,True,12.398377400000754
debug_algorithm_double_dqn_statev1_sparse_seed44_20261010_222537_619413_43b38fb8,double_dqn,44,v1,sparse,366,6622,0.0,1,28,0.5156984352230408,0.20112182605745538,5623,True,False,True,12.46528219999891
debug_algorithm_double_dqn_statev1_sparse_seed44_20261010_222537_619413_43b38fb8,double_dqn,44,v1,sparse,367,6670,20.0,3,48,0.5132288909028252,0.2015045218868181,5671,True,False,True,12.568549800002074
debug_algorithm_double_dqn_statev1_sparse_seed44_20261010_222537_619413_43b38fb8,double_dqn,44,v1,sparse,368,6676,-10.0,0,6,0.5129210305423535,0.37404536828398705,5677,True,False,True,12.583147400000598
debug_algorithm_double_dqn_statev1_sparse_seed44_20261010_222537_619413_43b38fb8,double_dqn,44,v1,sparse,369,6712,10.0,2,36,0.5110777425756565,0.24138617505215937,5713,True,False,True,12.668093799999042
debug_algorithm_double_dqn_statev1_sparse_seed44_20261010_222537_619413_43b38fb8,double_dqn,44,v1,sparse,370,6778,0.0,1,66,0.5077155687421073,0.22015186500820247,5779,True,False,True,12.818150300001435
debug_algorithm_double_dqn_statev1_sparse_seed44_20261010_222537_619413_43b38fb8,double_dqn,44,v1,sparse,371,6803,10.0,2,25,0.5064478017998547,0.2543165801465511,5804,True,False,True,12.872757600001933
debug_algorithm_double_dqn_statev1_sparse_seed44_20261010_222537_619413_43b38fb8,double_dqn,44,v1,sparse,372,6804,-10.0,0,1,0.5063971570196747,0.03297027572989464,5805,True,False,True,12.876418500003638
debug_algorithm_double_dqn_statev1_sparse_seed44_20261010_222537_619413_43b38fb8,double_dqn,44,v1,sparse,373,6813,-10.0,0,9,0.5059415818388027,0.2561328878833188,5814,True,False,True,12.897605600002862
debug_algorithm_double_dqn_statev1_sparse_seed44_20261010_222537_619413_43b38fb8,double_dqn,44,v1,sparse,374,6827,-10.0,0,14,0.5052337238469558,0.2730307440672602,5828,True,False,True,12.932001100001798
debug_algorithm_double_dqn_statev1_sparse_seed44_20261010_222537_619413_43b38fb8,double_dqn,44,v1,sparse,375,6857,0.0,1,30,0.503720218392249,0.20932082943618296,5858,True,False,True,12.998301699997683
debug_algorithm_double_dqn_statev1_sparse_seed44_20261010_222537_619413_43b38fb8,double_dqn,44,v1,sparse,376,6863,-10.0,0,6,0.5034180618091727,0.24195252731442451,5864,True,False,True,13.013440399998217
debug_algorithm_double_dqn_statev1_sparse_seed44_20261010_222537_619413_43b38fb8,double_dqn,44,v1,sparse,377,6893,10.0,2,30,0.5019099954498156,0.22531227680544058,5894,True,False,True,13.09026730000187
debug_algorithm_double_dqn_statev1_sparse_seed44_20261010_222537_619413_43b38fb8,double_dqn,44,v1,sparse,378,6928,10.0,2,35,0.5001562935478397,0.28230272329279354,5929,True,False,True,13.179138699997566
debug_algorithm_double_dqn_statev1_sparse_seed44_20261010_222537_619413_43b38fb8,double_dqn,44,v1,sparse,379,6931,-10.0,0,3,0.500006261663964,0.3459862917661667,5932,True,False,True,13.18848209999851
debug_algorithm_double_dqn_statev1_sparse_seed44_20261010_222537_619413_43b38fb8,double_dqn,44,v1,sparse,380,6955,0.0,1,24,0.4988076256417713,0.23564427066594362,5956,True,False,True,13.247376300001633
debug_algorithm_double_dqn_statev1_sparse_seed44_20261010_222537_619413_43b38fb8,double_dqn,44,v1,sparse,381,6969,10.0,2,14,0.49810974869929603,0.1682068117495094,5970,True,False,True,13.27758690000337
debug_algorithm_double_dqn_statev1_sparse_seed44_20261010_222537_619413_43b38fb8,double_dqn,44,v1,sparse,382,7006,0.0,1,37,0.49627005617301,0.21913347045916157,6007,True,False,True,13.371351599998889
debug_algorithm_double_dqn_statev1_sparse_seed44_20261010_222537_619413_43b38fb8,double_dqn,44,v1,sparse,383,7018,0.0,1,12,0.49567485953468465,0.286503001426657,6019,True,False,True,13.409116499999072
debug_algorithm_double_dqn_statev1_sparse_seed44_20261010_222537_619413_43b38fb8,double_dqn,44,v1,sparse,384,7049,0.0,1,31,0.49414057013172435,0.2530304626111061,6050,True,False,True,13.490974699998333
debug_algorithm_double_dqn_statev1_sparse_seed44_20261010_222537_619413_43b38fb8,double_dqn,44,v1,sparse,385,7062,-10.0,0,13,0.493498572678909,0.21303770805780703,6063,True,False,True,13.524496199999703
debug_algorithm_double_dqn_statev1_sparse_seed44_20261010_222537_619413_43b38fb8,double_dqn,44,v1,sparse,386,7118,30.0,4,56,0.4907425668882533,0.27201275514172657,6119,True,False,True,13.657756400003564
debug_algorithm_double_dqn_statev1_sparse_seed44_20261010_222537_619413_43b38fb8,double_dqn,44,v1,sparse,387,7124,-10.0,0,6,0.4904481949496914,0.3487197309732437,6125,True,False,True,13.674742600000172
debug_algorithm_double_dqn_statev1_sparse_seed44_20261010_222537_619413_43b38fb8,double_dqn,44,v1,sparse,388,7146,10.0,2,22,0.48937034110120103,0.27645399878648197,6147,True,False,True,13.729021099999954
debug_algorithm_double_dqn_statev1_sparse_seed44_20261010_222537_619413_43b38fb8,double_dqn,44,v1,sparse,389,7158,0.0,1,12,0.48878341956866744,0.18993928966422877,6159,True,False,True,13.763767800002825
debug_algorithm_double_dqn_statev1_sparse_seed44_20261010_222537_619413_43b38fb8,double_dqn,44,v1,sparse,390,7194,0.0,1,36,0.48702687510672743,0.2532874710030026,6195,True,False,True,13.853017599998566
debug_algorithm_double_dqn_statev1_sparse_seed44_20261010_222537_619413_43b38fb8,double_dqn,44,v1,sparse,391,7247,0.0,1,53,0.4844523325041568,0.2602290063393566,6248,True,False,True,13.982080699999642
debug_algorithm_double_dqn_statev1_sparse_seed44_20261010_222537_619413_43b38fb8,double_dqn,44,v1,sparse,392,7248,-10.0,0,1,0.4844038872709064,0.08590508997440338,6249,True,False,True,13.984692400001222
debug_algorithm_double_dqn_statev1_sparse_seed44_20261010_222537_619413_43b38fb8,double_dqn,44,v1,sparse,393,7256,-10.0,0,8,0.48401649976705496,0.34250733628869057,6257,True,False,True,14.004594700003508
debug_algorithm_double_dqn_statev1_sparse_seed44_20261010_222537_619413_43b38fb8,double_dqn,44,v1,sparse,394,7281,0.0,1,25,0.4828079094545109,0.3034658867120743,6282,True,False,True,14.066416699999536
debug_algorithm_double_dqn_statev1_sparse_seed44_20261010_222537_619413_43b38fb8,double_dqn,44,v1,sparse,395,7299,0.0,1,18,0.4819395935197709,0.2845463653405507,6300,True,False,True,14.105854399997042
debug_algorithm_double_dqn_statev1_sparse_seed44_20261010_222537_619413_43b38fb8,double_dqn,44,v1,sparse,396,7306,-10.0,0,7,0.4816023369947556,0.2761719876102039,6307,True,False,True,14.123840799999016
debug_algorithm_double_dqn_statev1_sparse_seed44_20261010_222537_619413_43b38fb8,double_dqn,44,v1,sparse,397,7310,-10.0,0,4,0.48140972495417156,0.2011667899787426,6311,True,False,True,14.133007600001292
debug_algorithm_double_dqn_statev1_sparse_seed44_20261010_222537_619413_43b38fb8,double_dqn,44,v1,sparse,398,7313,-10.0,0,3,0.4812653164784957,0.21757303178310394,6314,True,False,True,14.138973000000988
debug_algorithm_double_dqn_statev1_sparse_seed44_20261010_222537_619413_43b38fb8,double_dqn,44,v1,sparse,399,7394,50.0,6,81,0.4773826194296643,0.28549385806660593,6395,True,False,True,14.315758199998527
debug_algorithm_double_dqn_statev1_sparse_seed44_20261010_222537_619413_43b38fb8,double_dqn,44,v1,sparse,400,7456,10.0,2,62,0.474431856466523,0.2779041525697516,6457,True,False,True,14.480808200001775
debug_algorithm_double_dqn_statev1_sparse_seed44_20261010_222537_619413_43b38fb8,double_dqn,44,v1,sparse,401,7477,10.0,2,21,0.4734365452441315,0.28760013605157536,6478,True,False,True,14.551059199999145
debug_algorithm_double_dqn_statev1_sparse_seed44_20261010_222537_619413_43b38fb8,double_dqn,44,v1,sparse,402,7485,-10.0,0,8,0.47305792854365974,0.17879030434414744,6486,True,False,True,14.573566400002164
debug_algorithm_double_dqn_statev1_sparse_seed44_20261010_222537_619413_43b38fb8,double_dqn,44,v1,sparse,403,7542,30.0,4,57,0.47036903453249235,0.2525269742401546,6543,True,False,True,14.710927300002368
debug_algorithm_double_dqn_statev1_sparse_seed44_20261010_222537_619413_43b38fb8,double_dqn,44,v1,sparse,404,7557,0.0,1,15,0.4696639746542264,0.27071005081137023,6558,True,False,True,14.749426100002893
debug_algorithm_double_dqn_statev1_sparse_seed44_20261010_222537_619413_43b38fb8,double_dqn,44,v1,sparse,405,7598,10.0,2,41,0.4677421986008712,0.2782322766213882,6599,True,False,True,14.856269700001576
debug_algorithm_double_dqn_statev1_sparse_seed44_20261010_222537_619413_43b38fb8,double_dqn,44,v1,sparse,406,7624,0.0,1,26,0.4665275878312238,0.3054004486363668,6625,True,False,True,14.953754900001513
debug_algorithm_double_dqn_statev1_sparse_seed44_20261010_222537_619413_43b38fb8,double_dqn,44,v1,sparse,407,7670,0.0,1,46,0.46438638241345237,0.28455607342007366,6671,True,False,True,15.058971500002372
debug_algorithm_double_dqn_statev1_sparse_seed44_20261010_222537_619413_43b38fb8,double_dqn,44,v1,sparse,408,7701,0.0,1,31,0.4629489419386927,0.23706215187426535,6702,True,False,True,15.140169400001469
debug_algorithm_double_dqn_statev1_sparse_seed44_20261010_222537_619413_43b38fb8,double_dqn,44,v1,sparse,409,7739,30.0,4,38,0.46119298658836533,0.26997548567229196,6740,True,False,True,15.225560099999711
debug_algorithm_double_dqn_statev1_sparse_seed44_20261010_222537_619413_43b38fb8,double_dqn,44,v1,sparse,410,7751,0.0,1,12,0.46063985929039086,0.2812753729522228,6752,True,False,True,15.26345169999695
debug_algorithm_double_dqn_statev1_sparse_seed44_20261010_222537_619413_43b38fb8,double_dqn,44,v1,sparse,411,7793,10.0,2,42,0.45870913270756625,0.3100283484728563,6794,True,False,True,15.364051700002165
debug_algorithm_double_dqn_statev1_sparse_seed44_20261010_222537_619413_43b38fb8,double_dqn,44,v1,sparse,412,7796,-10.0,0,3,0.4585715337285693,0.4161151746908824,6797,True,False,True,15.370309899997665
debug_algorithm_double_dqn_statev1_sparse_seed44_20261010_222537_619413_43b38fb8,double_dqn,44,v1,sparse,413,7806,-10.0,0,10,0.458113168497012,0.22553200274705887,6807,True,False,True,15.39371630000096
debug_algorithm_double_dqn_statev1_sparse_seed44_20261010_222537_619413_43b38fb8,double_dqn,44,v1,sparse,414,7817,-10.0,0,11,0.4576094958983344,0.2456482486291365,6818,True,False,True,15.42026469999837
debug_algorithm_double_dqn_statev1_sparse_seed44_20261010_222537_619413_43b38fb8,double_dqn,44,v1,sparse,415,7823,-10.0,0,6,0.4573349988330683,0.22387960677345595,6824,True,False,True,15.43481420000171
debug_algorithm_double_dqn_statev1_sparse_seed44_20261010_222537_619413_43b38fb8,double_dqn,44,v1,sparse,416,7867,10.0,2,44,0.4553270451765506,0.2704197145490484,6868,True,False,True,15.561437500000466
debug_algorithm_double_dqn_statev1_sparse_seed44_20261010_222537_619413_43b38fb8,double_dqn,44,v1,sparse,417,7938,30.0,4,71,0.4521055120528347,0.30211275401459614,6939,True,False,True,15.743374600002426
debug_algorithm_double_dqn_statev1_sparse_seed44_20261010_222537_619413_43b38fb8,double_dqn,44,v1,sparse,418,7974,10.0,2,36,0.45048077724879876,0.2603545128885243,6975,True,False,True,15.826819200003229
debug_algorithm_double_dqn_statev1_sparse_seed44_20261010_222537_619413_43b38fb8,double_dqn,44,v1,sparse,419,8001,10.0,2,27,0.4492660590208893,0.3016480290227466,7002,True,False,True,15.877027399998042
debug_algorithm_double_dqn_statev1_sparse_seed44_20261010_222537_619413_43b38fb8,double_dqn,44,v1,sparse,420,8023,20.0,3,22,0.4482787108040984,0.2305784161117944,7024,True,False,True,15.915833899998688
debug_algorithm_double_dqn_statev1_sparse_seed44_20261010_222537_619413_43b38fb8,double_dqn,44,v1,sparse,421,8053,10.0,2,30,0.44693582286529454,0.24938726847370465,7054,True,False,True,15.978155400000105
debug_algorithm_double_dqn_statev1_sparse_seed44_20261010_222537_619413_43b38fb8,double_dqn,44,v1,sparse,422,8059,-10.0,0,6,0.4466677284030108,0.3332095916072528,7060,True,False,True,15.994095699999889
debug_algorithm_double_dqn_statev1_sparse_seed44_20261010_222537_619413_43b38fb8,double_dqn,44,v1,sparse,423,8065,-10.0,0,6,0.44639979475719554,0.3325402190287908,7066,True,False,True,16.00801749999664
debug_algorithm_double_dqn_statev1_sparse_seed44_20261010_222537_619413_43b38fb8,double_dqn,44,v1,sparse,424,8067,-10.0,0,2,0.446310519262242,0.3878169357776642,7068,True,False,True,16.012169599998742
debug_algorithm_double_dqn_statev1_sparse_seed44_20261010_222537_619413_43b38fb8,double_dqn,44,v1,sparse,425,8101,20.0,3,34,0.44479556463011005,0.30547155680901866,7102,True,False,True,16.077064500001143
debug_algorithm_double_dqn_statev1_sparse_seed44_20261010_222537_619413_43b38fb8,double_dqn,44,v1,sparse,426,8128,0.0,1,27,0.443596176537794,0.29361873602977506,7129,True,False,True,16.126177799997095
debug_algorithm_double_dqn_statev1_sparse_seed44_20261010_222537_619413_43b38fb8,double_dqn,44,v1,sparse,427,8129,-10.0,0,1,0.44355181692014023,0.3461036682128906,7130,True,False,True,16.12776819999999
debug_algorithm_double_dqn_statev1_sparse_seed44_20261010_222537_619413_43b38fb8,double_dqn,44,v1,sparse,428,8186,30.0,4,57,0.44103063768986983,0.2972353670680732,7187,True,False,True,16.228575599998294
debug_algorithm_double_dqn_statev1_sparse_seed44_20261010_222537_619413_43b38fb8,double_dqn,44,v1,sparse,429,8222,0.0,1,36,0.4394457027408413,0.2955691882719596,7223,True,False,True,16.301095399998303
debug_algorithm_double_dqn_statev1_sparse_seed44_20261010_222537_619413_43b38fb8,double_dqn,44,v1,sparse,430,8248,0.0,1,26,0.438304570970347,0.20387962317237487,7249,True,False,True,16.351239700001315
debug_algorithm_double_dqn_statev1_sparse_seed44_20261010_222537_619413_43b38fb8,double_dqn,44,v1,sparse,431,8255,-10.0,0,7,0.4379978497992885,0.24236101657152176,7256,True,False,True,16.370426800000132
debug_algorithm_double_dqn_statev1_sparse_seed44_20261010_222537_619413_43b38fb8,double_dqn,44,v1,sparse,432,8285,20.0,3,30,0.43668575976346596,0.272382769236962,7286,True,False,True,16.43398200000229
debug_algorithm_double_dqn_statev1_sparse_seed44_20261010_222537_619413_43b38fb8,double_dqn,44,v1,sparse,433,8312,10.0,2,27,0.4355082397025818,0.3052465347228227,7313,True,False,True,16.490079700000933
debug_algorithm_double_dqn_statev1_sparse_seed44_20261010_222537_619413_43b38fb8,double_dqn,44,v1,sparse,434,8353,10.0,2,41,0.4337262224492563,0.32375485713525515,7354,True,False,True,16.591756100002385
debug_algorithm_double_dqn_statev1_sparse_seed44_20261010_222537_619413_43b38fb8,double_dqn,44,v1,sparse,435,8394,20.0,3,41,0.43195149687310636,0.2890806633343057,7395,True,False,True,16.68347360000189
debug_algorithm_double_dqn_statev1_sparse_seed44_20261010_222537_619413_43b38fb8,double_dqn,44,v1,sparse,436,8414,10.0,2,20,0.4310884140949888,0.3175024664029479,7415,True,False,True,16.731177900001057
debug_algorithm_double_dqn_statev1_sparse_seed44_20261010_222537_619413_43b38fb8,double_dqn,44,v1,sparse,437,8446,10.0,2,32,0.42971106723176966,0.26696486154105514,7447,True,False,True,16.815374999998312
debug_algorithm_double_dqn_statev1_sparse_seed44_20261010_222537_619413_43b38fb8,double_dqn,44,v1,sparse,438,8509,40.0,5,63,0.4270122627266631,0.28434814098808503,7510,True,False,True,16.970307099996717
debug_algorithm_double_dqn_statev1_sparse_seed44_20261010_222537_619413_43b38fb8,double_dqn,44,v1,sparse,439,8588,10.0,2,79,0.4236519883952973,0.2934506920555347,7589,True,False,True,17.137625299998035
debug_algorithm_double_dqn_statev1_sparse_seed44_20261010_222537_619413_43b38fb8,double_dqn,44,v1,sparse,440,8624,10.0,2,36,0.42212950722222015,0.26692518804015386,7625,True,False,True,17.219448099996953
debug_algorithm_double_dqn_statev1_sparse_seed44_20261010_222537_619413_43b38fb8,double_dqn,44,v1,sparse,441,8678,30.0,4,54,0.41985603809930533,0.2774434905775167,7679,True,False,True,17.328393499999947
debug_algorithm_double_dqn_statev1_sparse_seed44_20261010_222537_619413_43b38fb8,double_dqn,44,v1,sparse,442,8680,-10.0,0,2,0.4197720710902459,0.18176887929439545,7681,True,False,True,17.332277499997872
debug_algorithm_double_dqn_statev1_sparse_seed44_20261010_222537_619413_43b38fb8,double_dqn,44,v1,sparse,443,8699,-10.0,0,19,0.41897522155881967,0.30668193454805176,7700,True,False,True,17.375221399997827
debug_algorithm_double_dqn_statev1_sparse_seed44_20261010_222537_619413_43b38fb8,double_dqn,44,v1,sparse,444,8712,10.0,2,13,0.4184308804516691,0.29396212473511696,7713,True,False,True,17.403196500003105
debug_algorithm_double_dqn_statev1_sparse_seed44_20261010_222537_619413_43b38fb8,double_dqn,44,v1,sparse,445,8720,-10.0,0,8,0.41809625288452507,0.20139142218977213,7721,True,False,True,17.41962529999728
debug_algorithm_double_dqn_statev1_sparse_seed44_20261010_222537_619413_43b38fb8,double_dqn,44,v1,sparse,446,8752,20.0,3,32,0.4167604165604542,0.2727555870078504,7753,True,False,True,17.48120000000199
debug_algorithm_double_dqn_statev1_sparse_seed44_20261010_222537_619413_43b38fb8,double_dqn,44,v1,sparse,447,8764,-10.0,0,12,0.41626057903078995,0.26895757267872494,7765,True,False,True,17.500829700002214
debug_algorithm_double_dqn_statev1_sparse_seed44_20261010_222537_619413_43b38fb8,double_dqn,44,v1,sparse,448,8765,-10.0,0,1,0.41621895297288686,0.6003203392028809,7766,True,False,True,17.502595799996925
debug_algorithm_double_dqn_statev1_sparse_seed44_20261010_222537_619413_43b38fb8,double_dqn,44,v1,sparse,449,8791,30.0,4,26,0.4151381353252074,0.3301596986846282,7792,True,False,True,17.54744159999973
debug_algorithm_double_dqn_statev1_sparse_seed44_20261010_222537_619413_43b38fb8,double_dqn,44,v1,sparse,450,8806,0.0,1,15,0.4145158638284305,0.29960556626319884,7807,True,False,True,17.576737900002627
debug_algorithm_double_dqn_statev1_sparse_seed44_20261010_222537_619413_43b38fb8,double_dqn,44,v1,sparse,451,8820,-10.0,0,14,0.41393591867766444,0.37865206812109264,7821,True,False,True,17.607804899998882
debug_algorithm_double_dqn_statev1_sparse_seed44_20261010_222537_619413_43b38fb8,double_dqn,44,v1,sparse,452,8831,-10.0,0,11,0.4134808167635885,0.2773650525645776,7832,True,False,True,17.631689399997413
debug_algorithm_double_dqn_statev1_sparse_seed44_20261010_222537_619413_43b38fb8,double_dqn,44,v1,sparse,453,8881,20.0,3,50,0.4114184697250659,0.30904197931289673,7882,True,False,True,17.740423700000974
debug_algorithm_double_dqn_statev1_sparse_seed44_20261010_222537_619413_43b38fb8,double_dqn,44,v1,sparse,454,8907,10.0,2,26,0.4103501177447341,0.33233314895859134,7908,True,False,True,17.803129200001422
debug_algorithm_double_dqn_statev1_sparse_seed44_20261010_222537_619413_43b38fb8,double_dqn,44,v1,sparse,455,8934,10.0,2,27,0.4092436115561825,0.36756233208709294,7935,True,False,True,17.863155099999858
debug_algorithm_double_dqn_statev1_sparse_seed44_20261010_222537_619413_43b38fb8,double_dqn,44,v1,sparse,456,8948,-10.0,0,14,0.4086710427627667,0.21585905764784133,7949,True,False,True,17.889274599998316
debug_algorithm_double_dqn_statev1_sparse_seed44_20261010_222537_619413_43b38fb8,double_dqn,44,v1,sparse,457,8987,20.0,3,39,0.4070802502169334,0.30413391469762874,7988,True,False,True,17.967704499998945
debug_algorithm_double_dqn_statev1_sparse_seed44_20261010_222537_619413_43b38fb8,double_dqn,44,v1,sparse,458,9055,40.0,5,68,0.40432135743543407,0.30757437164292617,8056,True,False,True,18.207086100002925
debug_algorithm_double_dqn_statev1_sparse_seed44_20261010_222537_619413_43b38fb8,double_dqn,44,v1,sparse,459,9084,20.0,3,29,0.40315046556715217,0.2892431954628435,8085,True,False,True,18.25965339999675
debug_algorithm_double_dqn_statev1_sparse_seed44_20261010_222537_619413_43b38fb8,double_dqn,44,v1,sparse,460,9085,-10.0,0,1,0.40311015052059546,0.43469956517219543,8086,True,False,True,18.26145220000035
debug_algorithm_double_dqn_statev1_sparse_seed44_20261010_222537_619413_43b38fb8,double_dqn,44,v1,sparse,461,9088,-10.0,0,3,0.4029892295683407,0.48181434472401935,8089,True,False,True,18.267514500003017
debug_algorithm_double_dqn_statev1_sparse_seed44_20261010_222537_619413_43b38fb8,double_dqn,44,v1,sparse,462,9096,0.0,1,8,0.4026669509991059,0.24927658960223198,8097,True,False,True,18.28293080000003
debug_algorithm_double_dqn_statev1_sparse_seed44_20261010_222537_619413_43b38fb8,double_dqn,44,v1,sparse,463,9101,-10.0,0,5,0.4024656577862749,0.2852073036134243,8102,True,False,True,18.29124060000322
debug_algorithm_double_dqn_statev1_sparse_seed44_20261010_222537_619413_43b38fb8,double_dqn,44,v1,sparse,464,9132,-10.0,0,31,0.4012198839046288,0.30477324873209,8133,True,False,True,18.355866899997636
debug_algorithm_double_dqn_statev1_sparse_seed44_20261010_222537_619413_43b38fb8,double_dqn,44,v1,sparse,465,9171,10.0,2,39,0.3996580957332899,0.29631531783021414,8172,True,False,True,18.427485100000922
debug_algorithm_double_dqn_statev1_sparse_seed44_20261010_222537_619413_43b38fb8,double_dqn,44,v1,sparse,466,9211,30.0,4,40,0.3980625767385317,0.27422087639570236,8212,True,False,True,18.50492900000245
debug_algorithm_double_dqn_statev1_sparse_seed44_20261010_222537_619413_43b38fb8,double_dqn,44,v1,sparse,467,9249,10.0,2,38,0.39655273397172025,0.28177363298049096,8250,True,False,True,18.586286899997503
debug_algorithm_double_dqn_statev1_sparse_seed44_20261010_222537_619413_43b38fb8,double_dqn,44,v1,sparse,468,9289,20.0,3,40,0.394969612232839,0.33080503195524213,8290,True,False,True,18.682505500000843
debug_algorithm_double_dqn_statev1_sparse_seed44_20261010_222537_619413_43b38fb8,double_dqn,44,v1,sparse,469,9327,30.0,4,38,0.39347150101367806,0.27705532116325277,8328,True,False,True,18.76480289999745
debug_algorithm_double_dqn_statev1_sparse_seed44_20261010_222537_619413_43b38fb8,double_dqn,44,v1,sparse,470,9390,30.0,4,63,0.3910002994539706,0.3312406756929935,8391,True,False,True,18.89898920000269
debug_algorithm_double_dqn_statev1_sparse_seed44_20261010_222537_619413_43b38fb8,double_dqn,44,v1,sparse,471,9395,0.0,1,5,0.39080483840036373,0.32999302446842194,8396,True,False,True,18.908566700003576
debug_algorithm_double_dqn_statev1_sparse_seed44_20261010_222537_619413_43b38fb8,double_dqn,44,v1,sparse,472,9405,-10.0,0,10,0.39041420937725224,0.39873433113098145,8406,True,False,True,18.92828449999797
debug_algorithm_double_dqn_statev1_sparse_seed44_20261010_222537_619413_43b38fb8,double_dqn,44,v1,sparse,473,9498,60.0,7,93,0.38680000860121894,0.28717598042661147,8499,True,False,True,19.131283800001256
debug_algorithm_double_dqn_statev1_sparse_seed44_20261010_222537_619413_43b38fb8,double_dqn,44,v1,sparse,474,9552,40.0,5,54,0.3847168140809286,0.29634046251023255,8553,True,False,True,19.238991899997927
debug_algorithm_double_dqn_statev1_sparse_seed44_20261010_222537_619413_43b38fb8,double_dqn,44,v1,sparse,475,9556,-10.0,0,4,0.38456295043676625,0.2985740005970001,8557,True,False,True,19.246653800000786
debug_algorithm_double_dqn_statev1_sparse_seed44_20261010_222537_619413_43b38fb8,double_dqn,44,v1,sparse,476,9607,40.0,5,51,0.38260657456823455,0.3305068836346561,8608,True,False,True,19.350914100003138
debug_algorithm_double_dqn_statev1_sparse_seed44_20261010_222537_619413_43b38fb8,double_dqn,44,v1,sparse,477,9615,-10.0,0,8,0.38230059641699765,0.2895941552706063,8616,True,False,True,19.372620399997686
debug_algorithm_double_dqn_statev1_sparse_seed44_20261010_222537_619413_43b38fb8,double_dqn,44,v1,sparse,478,9625,20.0,3,10,0.38191846780998107,0.34106051698327067,8626,True,False,True,19.39095069999894
debug_algorithm_double_dqn_statev1_sparse_seed44_20261010_222537_619413_43b38fb8,double_dqn,44,v1,sparse,479,9670,30.0,4,45,0.38020361028393046,0.3945773361457719,8671,True,False,True,19.477059299999382
debug_algorithm_double_dqn_statev1_sparse_seed44_20261010_222537_619413_43b38fb8,double_dqn,44,v1,sparse,480,9694,20.0,3,24,0.3792921702120852,0.29205510175476473,8695,True,False,True,19.5253079000031
debug_algorithm_double_dqn_statev1_sparse_seed44_20261010_222537_619413_43b38fb8,double_dqn,44,v1,sparse,481,9716,10.0,2,22,0.37845860301869927,0.3566135347566821,8717,True,False,True,19.564547399997537
debug_algorithm_double_dqn_statev1_sparse_seed44_20261010_222537_619413_43b38fb8,double_dqn,44,v1,sparse,482,9758,20.0,3,42,0.3768723310741208,0.35281821429019883,8759,True,False,True,19.642377800002578
debug_algorithm_double_dqn_statev1_sparse_seed44_20261010_222537_619413_43b38fb8,double_dqn,44,v1,sparse,483,9777,10.0,2,19,0.376156917731723,0.3868761642983085,8778,True,False,True,19.675655799997912
debug_algorithm_double_dqn_statev1_sparse_seed44_20261010_222537_619413_43b38fb8,double_dqn,44,v1,sparse,484,9801,20.0,3,24,0.3752551785613178,0.31653308620055515,8802,True,False,True,19.719575499999337
debug_algorithm_double_dqn_statev1_sparse_seed44_20261010_222537_619413_43b38fb8,double_dqn,44,v1,sparse,485,9837,0.0,1,36,0.37390662134900904,0.37984959677689606,8838,True,False,True,19.79646949999733
debug_algorithm_double_dqn_statev1_sparse_seed44_20261010_222537_619413_43b38fb8,double_dqn,44,v1,sparse,486,9857,-10.0,0,20,0.37315951810281905,0.3416903380304575,8858,True,False,True,19.843284499998845
debug_algorithm_double_dqn_statev1_sparse_seed44_20261010_222537_619413_43b38fb8,double_dqn,44,v1,sparse,487,9865,-10.0,0,8,0.3728610949521076,0.30256656743586063,8866,True,False,True,19.865224100001797
debug_algorithm_double_dqn_statev1_sparse_seed44_20261010_222537_619413_43b38fb8,double_dqn,44,v1,sparse,488,9896,10.0,2,31,0.3717069576870097,0.30257055115315223,8897,True,False,True,19.94845229999919
debug_algorithm_double_dqn_statev1_sparse_seed44_20261010_222537_619413_43b38fb8,double_dqn,44,v1,sparse,489,9922,10.0,2,26,0.3707417266787534,0.3166908024308773,8923,True,False,True,20.004875600003288
debug_algorithm_double_dqn_statev1_sparse_seed44_20261010_222537_619413_43b38fb8,double_dqn,44,v1,sparse,490,9964,20.0,3,42,0.36918779926100087,0.30178792402148247,8965,True,False,True,20.099628299998585
debug_algorithm_double_dqn_statev1_sparse_seed44_20261010_222537_619413_43b38fb8,double_dqn,44,v1,sparse,491,10007,30.0,4,43,0.36760362093841203,0.35672622745813326,9008,True,False,True,20.181103399998392
debug_algorithm_double_dqn_statev1_sparse_seed44_20261010_222537_619413_43b38fb8,double_dqn,44,v1,sparse,492,10044,10.0,2,37,0.3662459329272018,0.3928356007546992,9045,True,False,True,20.254951900002197
debug_algorithm_double_dqn_statev1_sparse_seed44_20261010_222537_619413_43b38fb8,double_dqn,44,v1,sparse,493,10107,20.0,3,63,0.3639457218106289,0.34298466867397703,9108,True,False,True,20.377695700000913
debug_algorithm_double_dqn_statev1_sparse_seed44_20261010_222537_619413_43b38fb8,double_dqn,44,v1,sparse,494,10154,0.0,1,47,0.36223910527647785,0.39179728243579254,9155,True,False,True,20.50145380000322
debug_algorithm_double_dqn_statev1_sparse_seed44_20261010_222537_619413_43b38fb8,double_dqn,44,v1,sparse,495,10179,10.0,2,25,0.3613345933979106,0.3689507818222046,9180,True,False,True,20.55289549999725
debug_algorithm_double_dqn_statev1_sparse_seed44_20261010_222537_619413_43b38fb8,double_dqn,44,v1,sparse,496,10181,-10.0,0,2,0.36126233009257697,0.17818502336740494,9182,True,False,True,20.55650600000081
debug_algorithm_double_dqn_statev1_sparse_seed44_20261010_222537_619413_43b38fb8,double_dqn,44,v1,sparse,497,10244,40.0,5,63,0.358993418541706,0.35110633158021504,9245,True,False,True,20.69029690000025
debug_algorithm_double_dqn_statev1_sparse_seed44_20261010_222537_619413_43b38fb8,double_dqn,44,v1,sparse,498,10275,20.0,3,31,0.35788220665107656,0.3920336805524365,9276,True,False,True,20.748527099996863
debug_algorithm_double_dqn_statev1_sparse_seed44_20261010_222537_619413_43b38fb8,double_dqn,44,v1,sparse,499,10282,0.0,1,7,0.3576317642491596,0.3975286898868425,9283,True,False,True,20.768275900001754
debug_algorithm_double_dqn_statev1_sparse_seed44_20261010_222537_619413_43b38fb8,double_dqn,44,v1,sparse,500,10338,40.0,5,56,0.35563452399810336,0.3692344416465078,9339,True,False,True,20.890009399998235
debug_algorithm_double_dqn_statev1_sparse_seed44_20261010_222537_619413_43b38fb8,double_dqn,44,v1,sparse,501,10364,10.0,2,26,0.35471102912379315,0.343693211961251,9365,True,False,True,20.95745889999671
debug_algorithm_double_dqn_statev1_sparse_seed44_20261010_222537_619413_43b38fb8,double_dqn,44,v1,sparse,502,10435,40.0,5,71,0.3522013751469981,0.3689860544154342,9436,True,False,True,21.112733599999046
debug_algorithm_double_dqn_statev1_sparse_seed44_20261010_222537_619413_43b38fb8,double_dqn,44,v1,sparse,503,10477,30.0,4,42,0.3507251577858882,0.40255237831955865,9478,True,False,True,21.192842900003598
debug_algorithm_double_dqn_statev1_sparse_seed44_20261010_222537_619413_43b38fb8,double_dqn,44,v1,sparse,504,10533,40.0,5,56,0.34876648836048446,0.4162638732897384,9534,True,False,True,21.302285400000983
debug_algorithm_double_dqn_statev1_sparse_seed44_20261010_222537_619413_43b38fb8,double_dqn,44,v1,sparse,505,10575,10.0,2,42,0.3473046679888969,0.3723368603913557,9576,True,False,True,21.37670629999775
debug_algorithm_double_dqn_statev1_sparse_seed44_20261010_222537_619413_43b38fb8,double_dqn,44,v1,sparse,506,10589,-10.0,0,14,0.34681875737457624,0.4625388852187565,9590,True,False,True,21.40272730000288
debug_algorithm_double_dqn_statev1_sparse_seed44_20261010_222537_619413_43b38fb8,double_dqn,44,v1,sparse,507,10623,20.0,3,34,0.34564151717897557,0.3971157221890548,9624,True,False,True,21.460318400000688
debug_algorithm_double_dqn_statev1_sparse_seed44_20261010_222537_619413_43b38fb8,double_dqn,44,v1,sparse,508,10656,20.0,3,33,0.3445027232750893,0.4147250566518668,9657,True,False,True,21.521403500002634
debug_algorithm_double_dqn_statev1_sparse_seed44_20261010_222537_619413_43b38fb8,double_dqn,44,v1,sparse,509,10663,0.0,1,7,0.3442616437023122,0.43883012873785837,9664,True,False,True,21.53534590000345
debug_algorithm_double_dqn_statev1_sparse_seed44_20261010_222537_619413_43b38fb8,double_dqn,44,v1,sparse,510,10703,-10.0,0,40,0.34288727897016286,0.367225288040936,9704,True,False,True,21.60396690000198
debug_algorithm_double_dqn_statev1_sparse_seed44_20261010_222537_619413_43b38fb8,double_dqn,44,v1,sparse,511,10746,50.0,6,43,0.3414159557153768,0.4506388677414073,9747,True,False,True,21.70297169999685
debug_algorithm_double_dqn_statev1_sparse_seed44_20261010_222537_619413_43b38fb8,double_dqn,44,v1,sparse,512,10833,80.0,9,87,0.3384583731590423,0.41190162883407766,9834,True,False,True,21.954090400002315
debug_algorithm_double_dqn_statev1_sparse_seed44_20261010_222537_619413_43b38fb8,double_dqn,44,v1,sparse,513,10847,10.0,2,14,0.3379848393105742,0.4110858972583498,9848,True,False,True,21.98799329999747
debug_algorithm_double_dqn_statev1_sparse_seed44_20261010_222537_619413_43b38fb8,double_dqn,44,v1,sparse,514,10877,20.0,3,30,0.33697235365540107,0.4789457087715467,9878,True,False,True,22.05202200000349
debug_algorithm_double_dqn_statev1_sparse_seed44_20261010_222537_619413_43b38fb8,double_dqn,44,v1,sparse,515,10917,20.0,3,40,0.3356270892989284,0.38087977916002275,9918,True,False,True,22.147522999999637
debug_algorithm_double_dqn_statev1_sparse_seed44_20261010_222537_619413_43b38fb8,double_dqn,44,v1,sparse,516,10972,40.0,5,55,0.333786115576319,0.4227085435932333,9973,True,False,True,22.264842199998384
debug_algorithm_double_dqn_statev1_sparse_seed44_20261010_222537_619413_43b38fb8,double_dqn,44,v1,sparse,517,10974,-10.0,0,2,0.3337193616910649,0.3929825574159622,9975,True,False,True,22.26897800000006
debug_algorithm_double_dqn_statev1_sparse_seed44_20261010_222537_619413_43b38fb8,double_dqn,44,v1,sparse,518,11057,40.0,5,83,0.33096081685766743,0.41378034175519485,10058,True,False,True,22.47236530000373
debug_algorithm_double_dqn_statev1_sparse_seed44_20261010_222537_619413_43b38fb8,double_dqn,44,v1,sparse,519,11123,20.0,3,66,0.32878355945498505,0.39086451471755,10124,True,False,True,22.63095990000147
debug_algorithm_double_dqn_statev1_sparse_seed44_20261010_222537_619413_43b38fb8,double_dqn,44,v1,sparse,520,11169,0.0,1,46,0.327274553005759,0.4083048297983149,10170,True,False,True,22.727878199999395
debug_algorithm_double_dqn_statev1_sparse_seed44_20261010_222537_619413_43b38fb8,double_dqn,44,v1,sparse,521,11205,40.0,5,36,0.3260984241098086,0.4037007577717304,10206,True,False,True,22.81275900000037
debug_algorithm_double_dqn_statev1_sparse_seed44_20261010_222537_619413_43b38fb8,double_dqn,44,v1,sparse,522,11251,10.0,2,46,0.324601741532736,0.387740150903878,10252,True,False,True,22.919210599997314
debug_algorithm_double_dqn_statev1_sparse_seed44_20261010_222537_619413_43b38fb8,double_dqn,44,v1,sparse,523,11296,40.0,5,45,0.32314424265181385,0.4034196121825112,10297,True,False,True,23.009198400002788
debug_algorithm_double_dqn_statev1_sparse_seed44_20261010_222537_619413_43b38fb8,double_dqn,44,v1,sparse,524,11331,30.0,4,35,0.32201515839748834,0.4489753318684442,10332,True,False,True,23.085157200002868
debug_algorithm_double_dqn_statev1_sparse_seed44_20261010_222537_619413_43b38fb8,double_dqn,44,v1,sparse,525,11349,0.0,1,18,0.32143602353289935,0.3840869549247954,10350,True,False,True,23.12550249999913
debug_algorithm_double_dqn_statev1_sparse_seed44_20261010_222537_619413_43b38fb8,double_dqn,44,v1,sparse,526,11369,10.0,2,20,0.32079376184799685,0.3759883131831884,10370,True,False,True,23.17038689999754
debug_algorithm_double_dqn_statev1_sparse_seed44_20261010_222537_619413_43b38fb8,double_dqn,44,v1,sparse,527,11464,80.0,9,95,0.3177605002511795,0.41835682070568986,10465,True,False,True,23.362788099999307
debug_algorithm_double_dqn_statev1_sparse_seed44_20261010_222537_619413_43b38fb8,double_dqn,44,v1,sparse,528,11505,20.0,3,41,0.31646028445214053,0.4001719657240844,10506,True,False,True,23.451414100003603
debug_algorithm_double_dqn_statev1_sparse_seed44_20261010_222537_619413_43b38fb8,double_dqn,44,v1,sparse,529,11559,30.0,4,54,0.31475591962328675,0.4313383463908125,10560,True,False,True,23.564168700002483
debug_algorithm_double_dqn_statev1_sparse_seed44_20261010_222537_619413_43b38fb8,double_dqn,44,v1,sparse,530,11582,10.0,2,23,0.3140327767834759,0.43134975951650867,10583,True,False,True,23.607514700001047
debug_algorithm_double_dqn_statev1_sparse_seed44_20261010_222537_619413_43b38fb8,double_dqn,44,v1,sparse,531,11643,10.0,2,61,0.3121229123592416,0.4111763499066478,10644,True,False,True,23.726612699996622
debug_algorithm_double_dqn_statev1_sparse_seed44_20261010_222537_619413_43b38fb8,double_dqn,44,v1,sparse,532,11647,-10.0,0,4,0.31199808192042416,0.29185086488723755,10648,True,False,True,23.73422720000235
debug_algorithm_double_dqn_statev1_sparse_seed44_20261010_222537_619413_43b38fb8,double_dqn,44,v1,sparse,533,11669,0.0,1,22,0.3113124063755195,0.4083803942935033,10670,True,False,True,23.790342100001
debug_algorithm_double_dqn_statev1_sparse_seed44_20261010_222537_619413_43b38fb8,double_dqn,44,v1,sparse,534,11685,10.0,2,16,0.31081467992592804,0.3870202647522092,10686,True,False,True,23.82326209999883
debug_algorithm_double_dqn_statev1_sparse_seed44_20261010_222537_619413_43b38fb8,double_dqn,44,v1,sparse,535,11694,-10.0,0,9,0.31053505858117497,0.39103856020503575,10695,True,False,True,23.845224900003814
debug_algorithm_double_dqn_statev1_sparse_seed44_20261010_222537_619413_43b38fb8,double_dqn,44,v1,sparse,536,11717,10.0,2,23,0.3098216130504539,0.41626528942066693,10718,True,False,True,23.89965320000192
debug_algorithm_double_dqn_statev1_sparse_seed44_20261010_222537_619413_43b38fb8,double_dqn,44,v1,sparse,537,11719,-10.0,0,2,0.30975965182605997,0.2867276817560196,10720,True,False,True,23.906018599998788
debug_algorithm_double_dqn_statev1_sparse_seed44_20261010_222537_619413_43b38fb8,double_dqn,44,v1,sparse,538,11758,10.0,2,39,0.30855388167461123,0.40835242661146015,10759,True,False,True,23.996134399996663
debug_algorithm_double_dqn_statev1_sparse_seed44_20261010_222537_619413_43b38fb8,double_dqn,44,v1,sparse,539,11768,0.0,1,10,0.30824546660516344,0.49456319957971573,10769,True,False,True,24.020035200002894
debug_algorithm_double_dqn_statev1_sparse_seed44_20261010_222537_619413_43b38fb8,double_dqn,44,v1,sparse,540,11808,20.0,3,40,0.3070148860107322,0.4106988849118352,10809,True,False,True,24.103401200001827
debug_algorithm_double_dqn_statev1_sparse_seed44_20261010_222537_619413_43b38fb8,double_dqn,44,v1,sparse,541,11842,30.0,4,34,0.30597275591605216,0.4241809533799396,10843,True,False,True,24.178088699998625
debug_algorithm_double_dqn_statev1_sparse_seed44_20261010_222537_619413_43b38fb8,double_dqn,44,v1,sparse,542,11847,-10.0,0,5,0.30581980013231014,0.38001033663749695,10848,True,False,True,24.18893119999848
debug_algorithm_double_dqn_statev1_sparse_seed44_20261010_222537_619413_43b38fb8,double_dqn,44,v1,sparse,543,11906,20.0,3,59,0.3040206859603173,0.4368074296389596,10907,True,False,True,24.32472450000205
debug_algorithm_double_dqn_statev1_sparse_seed44_20261010_222537_619413_43b38fb8,double_dqn,44,v1,sparse,544,11921,0.0,1,15,0.3035649740148093,0.44849544763565063,10922,True,False,True,24.359120000000985
debug_algorithm_double_dqn_statev1_sparse_seed44_20261010_222537_619413_43b38fb8,double_dqn,44,v1,sparse,545,11947,10.0,2,26,0.3027766908797212,0.40721317437978893,10948,True,False,True,24.420181200002844
debug_algorithm_double_dqn_statev1_sparse_seed44_20261010_222537_619413_43b38fb8,double_dqn,44,v1,sparse,546,11970,30.0,4,23,0.3020810699797763,0.40801999620769336,10971,True,False,True,24.475852900002792
debug_algorithm_double_dqn_statev1_sparse_seed44_20261010_222537_619413_43b38fb8,double_dqn,44,v1,sparse,547,12005,10.0,2,35,0.30102558164167376,0.5086687943765096,11006,True,False,True,24.557769699997152
debug_algorithm_double_dqn_statev1_sparse_seed44_20261010_222537_619413_43b38fb8,double_dqn,44,v1,sparse,548,12009,-10.0,0,4,0.30090518946934797,0.5445591807365417,11010,True,False,True,24.565356600003724
debug_algorithm_double_dqn_statev1_sparse_seed44_20261010_222537_619413_43b38fb8,double_dqn,44,v1,sparse,549,12015,0.0,1,6,0.30072469148542713,0.3768039643764496,11016,True,False,True,24.57611860000179
debug_algorithm_double_dqn_statev1_sparse_seed44_20261010_222537_619413_43b38fb8,double_dqn,44,v1,sparse,550,12044,10.0,2,29,0.2998538097242328,0.47401174286316183,11045,True,False,True,24.63864640000247
debug_algorithm_double_dqn_statev1_sparse_seed44_20261010_222537_619413_43b38fb8,double_dqn,44,v1,sparse,551,12067,0.0,1,23,0.2991649040612299,0.39447272763304086,11068,True,False,True,24.68111620000127
debug_algorithm_double_dqn_statev1_sparse_seed44_20261010_222537_619413_43b38fb8,double_dqn,44,v1,sparse,552,12167,60.0,7,100,0.29618801542548845,0.44060199983417986,11168,True,False,True,24.88791940000374
debug_algorithm_double_dqn_statev1_sparse_seed44_20261010_222537_619413_43b38fb8,double_dqn,44,v1,sparse,553,12209,50.0,6,42,0.29494657254258855,0.4177354627421924,11210,True,False,True,24.970801800001936
debug_algorithm_double_dqn_statev1_sparse_seed44_20261010_222537_619413_43b38fb8,double_dqn,44,v1,sparse,554,12246,10.0,2,37,0.2938572322785661,0.49827429068249623,11247,True,False,True,25.05007179999666
debug_algorithm_double_dqn_statev1_sparse_seed44_20261010_222537_619413_43b38fb8,double_dqn,44,v1,sparse,555,12273,10.0,2,27,0.2930648483312823,0.4098716375452501,11274,True,False,True,25.110443600002327
debug_algorithm_double_dqn_statev1_sparse_seed44_20261010_222537_619413_43b38fb8,double_dqn,44,v1,sparse,556,12326,10.0,2,53,0.29151563621197285,0.430781179582173,11327,True,False,True,25.215178200000082
debug_algorithm_double_dqn_statev1_sparse_seed44_20261010_222537_619413_43b38fb8,double_dqn,44,v1,sparse,557,12366,40.0,5,40,0.29035184461157526,0.5319796493276954,11367,True,False,True,25.304942299997492
debug_algorithm_double_dqn_statev1_sparse_seed44_20261010_222537_619413_43b38fb8,double_dqn,44,v1,sparse,558,12401,10.0,2,35,0.2893373388500768,0.40036272246922766,11402,True,False,True,25.38980370000354
debug_algorithm_double_dqn_statev1_sparse_seed44_20261010_222537_619413_43b38fb8,double_dqn,44,v1,sparse,559,12434,30.0,4,33,0.28838405175557963,0.48238633505322714,11435,True,False,True,25.467915599998378
debug_algorithm_double_dqn_statev1_sparse_seed44_20261010_222537_619413_43b38fb8,double_dqn,44,v1,sparse,560,12478,50.0,6,44,0.2871178862255381,0.43112390606918116,11479,True,False,True,25.578345399997488
debug_algorithm_double_dqn_statev1_sparse_seed44_20261010_222537_619413_43b38fb8,double_dqn,44,v1,sparse,561,12486,0.0,1,8,0.2868882722934893,0.3711384776979685,11487,True,False,True,25.59514019999915
debug_algorithm_double_dqn_statev1_sparse_seed44_20261010_222537_619413_43b38fb8,double_dqn,44,v1,sparse,562,12528,40.0,5,42,0.2856858083676125,0.40841718461541904,11529,True,False,True,25.68436340000335
debug_algorithm_double_dqn_statev1_sparse_seed44_20261010_222537_619413_43b38fb8,double_dqn,44,v1,sparse,563,12551,20.0,3,23,0.2850294532877655,0.4799503444329552,11552,True,False,True,25.732121100001677
debug_algorithm_double_dqn_statev1_sparse_seed44_20261010_222537_619413_43b38fb8,double_dqn,44,v1,sparse,564,12610,70.0,8,59,0.2833526471142493,0.46934755234900166,11611,True,False,True,25.848929400002817
debug_algorithm_double_dqn_statev1_sparse_seed44_20261010_222537_619413_43b38fb8,double_dqn,44,v1,sparse,565,12614,-10.0,0,4,0.28323932305542904,0.3508945368230343,11615,True,False,True,25.85569779999787
debug_algorithm_double_dqn_statev1_sparse_seed44_20261010_222537_619413_43b38fb8,double_dqn,44,v1,sparse,566,12644,20.0,3,30,0.28239083602814224,0.5176277781526247,11645,True,False,True,25.91348480000306
debug_algorithm_double_dqn_statev1_sparse_seed44_20261010_222537_619413_43b38fb8,double_dqn,44,v1,sparse,567,12699,30.0,4,55,0.2808418725350001,0.40265541916543784,11700,True,False,True,26.048652199999196
debug_algorithm_double_dqn_statev1_sparse_seed44_20261010_222537_619413_43b38fb8,double_dqn,44,v1,sparse,568,12710,-10.0,0,11,0.2805331008919119,0.3693780858408321,11711,True,False,True,26.07249060000322
debug_algorithm_double_dqn_statev1_sparse_seed44_20261010_222537_619413_43b38fb8,double_dqn,44,v1,sparse,569,12718,-10.0,0,8,0.2803087529447587,0.47025739029049873,11719,True,False,True,26.090979900000093
debug_algorithm_double_dqn_statev1_sparse_seed44_20261010_222537_619413_43b38fb8,double_dqn,44,v1,sparse,570,12757,50.0,6,39,0.27921762333669575,0.4137524874546589,11758,True,False,True,26.173834799999895
debug_algorithm_double_dqn_statev1_sparse_seed44_20261010_222537_619413_43b38fb8,double_dqn,44,v1,sparse,571,12797,40.0,5,40,0.2781029279846909,0.44366764575242995,11798,True,False,True,26.25833160000184
debug_algorithm_double_dqn_statev1_sparse_seed44_20261010_222537_619413_43b38fb8,double_dqn,44,v1,sparse,572,12818,0.0,1,21,0.2775194954823614,0.4680724576825187,11819,True,False,True,26.302663399997982
debug_algorithm_double_dqn_statev1_sparse_seed44_20261010_222537_619413_43b38fb8,double_dqn,44,v1,sparse,573,12839,-10.0,0,21,0.2769372869638539,0.48439794920739676,11840,True,False,True,26.351068199997826
debug_algorithm_double_dqn_statev1_sparse_seed44_20261010_222537_619413_43b38fb8,double_dqn,44,v1,sparse,574,12873,20.0,3,34,0.2759972521504475,0.44466424163650065,11874,True,False,True,26.42189320000034
debug_algorithm_double_dqn_statev1_sparse_seed44_20261010_222537_619413_43b38fb8,double_dqn,44,v1,sparse,575,12892,10.0,2,19,0.2754733290593284,0.4024758715378611,11893,True,False,True,26.46108990000357
debug_algorithm_double_dqn_statev1_sparse_seed44_20261010_222537_619413_43b38fb8,double_dqn,44,v1,sparse,576,12893,-10.0,0,1,0.2754457817264225,0.4751746356487274,11894,True,False,True,26.46363779999956
debug_algorithm_double_dqn_statev1_sparse_seed44_20261010_222537_619413_43b38fb8,double_dqn,44,v1,sparse,577,12921,20.0,3,28,0.27467557382084684,0.43922883538263185,11922,True,False,True,26.518470399998478
debug_algorithm_double_dqn_statev1_sparse_seed44_20261010_222537_619413_43b38fb8,double_dqn,44,v1,sparse,578,12928,-10.0,0,7,0.2744833585914301,0.41386017203330994,11929,True,False,True,26.53596590000234
debug_algorithm_double_dqn_statev1_sparse_seed44_20261010_222537_619413_43b38fb8,double_dqn,44,v1,sparse,579,12986,40.0,5,58,0.2728958838636921,0.4945755473755557,11987,True,False,True,26.656853599997703
debug_algorithm_double_dqn_statev1_sparse_seed44_20261010_222537_619413_43b38fb8,double_dqn,44,v1,sparse,580,13003,-10.0,0,17,0.2724323318140217,0.48339196163065296,12004,True,False,True,26.690776399998867
debug_algorithm_double_dqn_statev1_sparse_seed44_20261010_222537_619413_43b38fb8,double_dqn,44,v1,sparse,581,13048,30.0,4,45,0.27120907953918466,0.44869714627663293,12049,True,False,True,26.78111290000379
debug_algorithm_double_dqn_statev1_sparse_seed44_20261010_222537_619413_43b38fb8,double_dqn,44,v1,sparse,582,13061,-10.0,0,13,0.27085671920131943,0.4329116206902724,12062,True,False,True,26.80893620000279
debug_algorithm_double_dqn_statev1_sparse_seed44_20261010_222537_619413_43b38fb8,double_dqn,44,v1,sparse,583,13097,30.0,4,36,0.26988333947720317,0.4982551224529743,12098,True,False,True,26.880527000001166
debug_algorithm_double_dqn_statev1_sparse_seed44_20261010_222537_619413_43b38fb8,double_dqn,44,v1,sparse,584,13132,10.0,2,35,0.26894035182992865,0.5279667219945363,12133,True,False,True,26.947146799997427
debug_algorithm_double_dqn_statev1_sparse_seed44_20261010_222537_619413_43b38fb8,double_dqn,44,v1,sparse,585,13134,-10.0,0,2,0.2688865664489662,0.4592669904232025,12135,True,False,True,26.951552999998967
debug_algorithm_double_dqn_statev1_sparse_seed44_20261010_222537_619413_43b38fb8,double_dqn,44,v1,sparse,586,13135,-10.0,0,1,0.2688596777923213,0.416107177734375,12136,True,False,True,26.953538699999626
debug_algorithm_double_dqn_statev1_sparse_seed44_20261010_222537_619413_43b38fb8,double_dqn,44,v1,sparse,587,13136,-10.0,0,1,0.26883279182454206,0.46786415576934814,12137,True,False,True,26.955680899998697
debug_algorithm_double_dqn_statev1_sparse_seed44_20261010_222537_619413_43b38fb8,double_dqn,44,v1,sparse,588,13166,40.0,5,30,0.2680274617809882,0.4261327862739563,12167,True,False,True,27.01769570000033
debug_algorithm_double_dqn_statev1_sparse_seed44_20261010_222537_619413_43b38fb8,double_dqn,44,v1,sparse,589,13187,10.0,2,21,0.2674651666126016,0.5225245902935663,12188,True,False,True,27.059323399997083
debug_algorithm_double_dqn_statev1_sparse_seed44_20261010_222537_619413_43b38fb8,double_dqn,44,v1,sparse,590,13202,0.0,1,15,0.2670642495794476,0.4866603230436643,12203,True,False,True,27.08582629999728
debug_algorithm_double_dqn_statev1_sparse_seed44_20261010_222537_619413_43b38fb8,double_dqn,44,v1,sparse,591,13240,20.0,3,38,0.26605128064173617,0.4276360273361206,12241,True,False,True,27.16043989999889
debug_algorithm_double_dqn_statev1_sparse_seed44_20261010_222537_619413_43b38fb8,double_dqn,44,v1,sparse,592,13263,10.0,2,23,0.26544003533505883,0.49400327743395517,12264,True,False,True,27.214549299998907
debug_algorithm_double_dqn_statev1_sparse_seed44_20261010_222537_619413_43b38fb8,double_dqn,44,v1,sparse,593,13306,70.0,8,43,0.2643010368341152,0.4501178285410238,12307,True,False,True,27.319833100002143
debug_algorithm_double_dqn_statev1_sparse_seed44_20261010_222537_619413_43b38fb8,double_dqn,44,v1,sparse,594,13358,20.0,3,52,0.26293017024042203,0.4291758697050122,12359,True,False,True,27.431757899998047
debug_algorithm_double_dqn_statev1_sparse_seed44_20261010_222537_619413_43b38fb8,double_dqn,44,v1,sparse,595,13380,10.0,2,22,0.2623523308298662,0.4476552944291722,12381,True,False,True,27.48702090000006
debug_algorithm_double_dqn_statev1_sparse_seed44_20261010_222537_619413_43b38fb8,double_dqn,44,v1,sparse,596,13424,20.0,3,44,0.26120045895622895,0.47505455049262807,12425,True,False,True,27.574462500000664
debug_algorithm_double_dqn_statev1_sparse_seed44_20261010_222537_619413_43b38fb8,double_dqn,44,v1,sparse,597,13479,60.0,7,55,0.2597677284150904,0.4587089079347524,12480,True,False,True,27.69752470000094
debug_algorithm_double_dqn_statev1_sparse_seed44_20261010_222537_619413_43b38fb8,double_dqn,44,v1,sparse,598,13548,60.0,7,69,0.25798141165209265,0.47814215546932776,12549,True,False,True,27.842306200000166
debug_algorithm_double_dqn_statev1_sparse_seed44_20261010_222537_619413_43b38fb8,double_dqn,44,v1,sparse,599,13642,50.0,6,94,0.25556762824773627,0.4680385691054324,12643,True,False,True,28.04876289999811
debug_algorithm_double_dqn_statev1_sparse_seed44_20261010_222537_619413_43b38fb8,double_dqn,44,v1,sparse,600,13682,20.0,3,40,0.25454734863957157,0.48028538674116134,12683,True,False,True,28.134345200000098
debug_algorithm_double_dqn_statev1_sparse_seed44_20261010_222537_619413_43b38fb8,double_dqn,44,v1,sparse,601,13704,0.0,1,22,0.2539879320851231,0.49420198459516873,12705,True,False,True,28.196983000001637
debug_algorithm_double_dqn_statev1_sparse_seed44_20261010_222537_619413_43b38fb8,double_dqn,44,v1,sparse,602,13729,30.0,4,25,0.2533537236348555,0.44376415699720384,12730,True,False,True,28.252067499997793
debug_algorithm_double_dqn_statev1_sparse_seed44_20261010_222537_619413_43b38fb8,double_dqn,44,v1,sparse,603,13774,10.0,2,45,0.25221613648904506,0.46932935151788924,12775,True,False,True,28.34992410000268
debug_algorithm_double_dqn_statev1_sparse_seed44_20261010_222537_619413_43b38fb8,double_dqn,44,v1,sparse,604,13813,10.0,2,39,0.2512343601753791,0.4939565448424755,12814,True,False,True,28.431423499998346
debug_algorithm_double_dqn_statev1_sparse_seed44_20261010_222537_619413_43b38fb8,double_dqn,44,v1,sparse,605,13916,80.0,9,103,0.24865979928632304,0.4645478415836408,12917,True,False,True,28.651226599999063
debug_algorithm_double_dqn_statev1_sparse_seed44_20261010_222537_619413_43b38fb8,double_dqn,44,v1,sparse,606,13951,40.0,5,35,0.2477909678884495,0.4980134619133813,12952,True,False,True,28.726050800003577
debug_algorithm_double_dqn_statev1_sparse_seed44_20261010_222537_619413_43b38fb8,double_dqn,44,v1,sparse,607,13989,30.0,4,38,0.246851102092441,0.4671832177984087,12990,True,False,True,28.80864290000318
debug_algorithm_double_dqn_statev1_sparse_seed44_20261010_222537_619413_43b38fb8,double_dqn,44,v1,sparse,608,14061,50.0,6,72,0.2450800689747067,0.48149257856938577,13062,True,False,True,28.965247599997383
debug_algorithm_double_dqn_statev1_sparse_seed44_20261010_222537_619413_43b38fb8,double_dqn,44,v1,sparse,609,14079,30.0,4,18,0.24463929962314745,0.4363226344188054,13080,True,False,True,29.00902170000336
debug_algorithm_double_dqn_statev1_sparse_seed44_20261010_222537_619413_43b38fb8,double_dqn,44,v1,sparse,610,14129,40.0,5,50,0.24341909516715085,0.4182155860215426,13130,True,False,True,29.12549620000209
debug_algorithm_double_dqn_statev1_sparse_seed44_20261010_222537_619413_43b38fb8,double_dqn,44,v1,sparse,611,14168,20.0,3,39,0.24247156220888794,0.5011645331978798,13169,True,False,True,29.23016700000153
debug_algorithm_double_dqn_statev1_sparse_seed44_20261010_222537_619413_43b38fb8,double_dqn,44,v1,sparse,612,14217,40.0,5,49,0.2412862985574728,0.49526882536557254,13218,True,False,True,29.347470799999428
debug_algorithm_double_dqn_statev1_sparse_seed44_20261010_222537_619413_43b38fb8,double_dqn,44,v1,sparse,613,14252,30.0,4,35,0.24044323058804196,0.500331680902413,13253,True,False,True,29.426925899999333
debug_algorithm_double_dqn_statev1_sparse_seed44_20261010_222537_619413_43b38fb8,double_dqn,44,v1,sparse,614,14262,10.0,2,10,0.24020289552805957,0.4584049016237259,13263,True,False,True,29.450593200002913
debug_algorithm_double_dqn_statev1_sparse_seed44_20261010_222537_619413_43b38fb8,double_dqn,44,v1,sparse,615,14273,0.0,1,11,0.23993880441494572,0.4629658568989147,13274,True,False,True,29.471863300001132
debug_algorithm_double_dqn_statev1_sparse_seed44_20261010_222537_619413_43b38fb8,double_dqn,44,v1,sparse,616,14303,10.0,2,30,0.2392200307620058,0.48766651302576064,13304,True,False,True,29.530133100000967
debug_algorithm_double_dqn_statev1_sparse_seed44_20261010_222537_619413_43b38fb8,double_dqn,44,v1,sparse,617,14336,20.0,3,33,0.23843186643804756,0.49862500754269684,13337,True,False,True,29.597210200001427
debug_algorithm_double_dqn_statev1_sparse_seed44_20261010_222537_619413_43b38fb8,double_dqn,44,v1,sparse,618,14347,0.0,1,11,0.23816972248315887,0.492077421058308,13348,True,False,True,29.622852100001182
debug_algorithm_double_dqn_statev1_sparse_seed44_20261010_222537_619413_43b38fb8,double_dqn,44,v1,sparse,619,14404,30.0,4,57,0.23681594929432764,0.49575821715488766,13405,True,False,True,29.733185199998843
debug_algorithm_double_dqn_statev1_sparse_seed44_20261010_222537_619413_43b38fb8,double_dqn,44,v1,sparse,620,14435,20.0,3,31,0.23608291998193653,0.527911469821007,13436,True,False,True,29.794025600000168
debug_algorithm_double_dqn_statev1_sparse_seed44_20261010_222537_619413_43b38fb8,double_dqn,44,v1,sparse,621,14437,-10.0,0,2,0.23603570575876937,0.49895837903022766,13438,True,False,True,29.797611299996788
debug_algorithm_double_dqn_statev1_sparse_seed44_20261010_222537_619413_43b38fb8,double_dqn,44,v1,sparse,622,14453,10.0,2,16,0.2356583317402652,0.4427213855087757,13454,True,False,True,29.825491099996725
debug_algorithm_double_dqn_statev1_sparse_seed44_20261010_222537_619413_43b38fb8,double_dqn,44,v1,sparse,623,14465,10.0,2,12,0.2353756972248427,0.48317287489771843,13466,True,False,True,29.84758509999665
debug_algorithm_double_dqn_statev1_sparse_seed44_20261010_222537_619413_43b38fb8,double_dqn,44,v1,sparse,624,14489,10.0,2,24,0.23481144471227705,0.4762008997301261,13490,True,False,True,29.89427109999815
debug_algorithm_double_dqn_statev1_sparse_seed44_20261010_222537_619413_43b38fb8,double_dqn,44,v1,sparse,625,14524,30.0,4,35,0.23399100024826808,0.5257851660251618,13525,True,False,True,29.959650199998578
debug_algorithm_double_dqn_statev1_sparse_seed44_20261010_222537_619413_43b38fb8,double_dqn,44,v1,sparse,626,14552,20.0,3,28,0.2333367091674784,0.41638777325195925,13553,True,False,True,30.012267400001292
debug_algorithm_double_dqn_statev1_sparse_seed44_20261010_222537_619413_43b38fb8,double_dqn,44,v1,sparse,627,14569,0.0,1,17,0.2329403539412047,0.39822409345823173,13570,True,False,True,30.04915350000374
debug_algorithm_double_dqn_statev1_sparse_seed44_20261010_222537_619413_43b38fb8,double_dqn,44,v1,sparse,628,14644,40.0,5,75,0.23119974968044302,0.45105197673042613,13645,True,False,True,30.206020700003137
debug_algorithm_double_dqn_statev1_sparse_seed44_20261010_222537_619413_43b38fb8,double_dqn,44,v1,sparse,629,14655,0.0,1,11,0.23094555707751654,0.5013692284172232,13656,True,False,True,30.22913089999929
debug_algorithm_double_dqn_statev1_sparse_seed44_20261010_222537_619413_43b38fb8,double_dqn,44,v1,sparse,630,14711,50.0,6,56,0.2296558121261243,0.4515633752037372,13712,True,False,True,30.345131800000672
debug_algorithm_double_dqn_statev1_sparse_seed44_20261010_222537_619413_43b38fb8,double_dqn,44,v1,sparse,631,14713,-10.0,0,2,0.2296098832602572,0.6666318476200104,13714,True,False,True,30.351213100002497
debug_algorithm_double_dqn_statev1_sparse_seed44_20261010_222537_619413_43b38fb8,double_dqn,44,v1,sparse,632,14736,10.0,2,23,0.22908236103532745,0.4881084723317105,13737,True,False,True,30.401458000000275
debug_algorithm_double_dqn_statev1_sparse_seed44_20261010_222537_619413_43b38fb8,double_dqn,44,v1,sparse,633,14758,20.0,3,22,0.22857890866868447,0.5082617673006925,13759,True,False,True,30.450602800003253
debug_algorithm_double_dqn_statev1_sparse_seed44_20261010_222537_619413_43b38fb8,double_dqn,44,v1,sparse,634,14763,-10.0,0,5,0.22846464206995534,0.4940471351146698,13764,True,False,True,30.460361899997224
debug_algorithm_double_dqn_statev1_sparse_seed44_20261010_222537_619413_43b38fb8,double_dqn,44,v1,sparse,635,14834,80.0,9,71,0.22684820742188636,0.46285953719011497,13835,True,False,True,30.598269599999185
debug_algorithm_double_dqn_statev1_sparse_seed44_20261010_222537_619413_43b38fb8,double_dqn,44,v1,sparse,636,14835,-10.0,0,1,0.22682552260114416,0.42731431126594543,13836,True,False,True,30.599854500003858
debug_algorithm_double_dqn_statev1_sparse_seed44_20261010_222537_619413_43b38fb8,double_dqn,44,v1,sparse,637,14841,0.0,1,6,0.22668946130687573,0.6312370796998342,13842,True,False,True,30.60977709999861
debug_algorithm_double_dqn_statev1_sparse_seed44_20261010_222537_619413_43b38fb8,double_dqn,44,v1,sparse,638,14842,-10.0,0,1,0.22666679236074505,1.145092487335205,13843,True,False,True,30.611415999999736
debug_algorithm_double_dqn_statev1_sparse_seed44_20261010_222537_619413_43b38fb8,double_dqn,44,v1,sparse,639,14924,70.0,8,82,0.2248156322335339,0.4839397493477275,13925,True,False,True,30.76164769999741
debug_algorithm_double_dqn_statev1_sparse_seed44_20261010_222537_619413_43b38fb8,double_dqn,44,v1,sparse,640,14953,20.0,3,29,0.224164578830581,0.4900682491475138,13954,True,False,True,30.816628699998546
debug_algorithm_double_dqn_statev1_sparse_seed44_20261010_222537_619413_43b38fb8,double_dqn,44,v1,sparse,641,14998,50.0,6,45,0.22315805427761576,0.5696583906809489,13999,True,False,True,30.898907900002087
debug_algorithm_double_dqn_statev1_sparse_seed44_20261010_222537_619413_43b38fb8,double_dqn,44,v1,sparse,642,15043,40.0,5,45,0.22215604913481343,0.5299692339367337,14044,True,False,True,30.988900500000454
debug_algorithm_double_dqn_statev1_sparse_seed44_20261010_222537_619413_43b38fb8,double_dqn,44,v1,sparse,643,15063,10.0,2,20,0.221712158879887,0.4733136396855116,14064,True,False,True,31.025435299998207
debug_algorithm_double_dqn_statev1_sparse_seed44_20261010_222537_619413_43b38fb8,double_dqn,44,v1,sparse,644,15112,40.0,5,49,0.22062837255623258,0.5026514539305045,14113,True,False,True,31.11967259999801
debug_algorithm_double_dqn_statev1_sparse_seed44_20261010_222537_619413_43b38fb8,double_dqn,44,v1,sparse,645,15117,-10.0,0,5,0.22051808043058554,0.5017918676137925,14118,True,False,True,31.12958439999784
debug_algorithm_double_dqn_statev1_sparse_seed44_20261010_222537_619413_43b38fb8,double_dqn,44,v1,sparse,646,15119,-10.0,0,2,0.22047397901968024,0.6517496407032013,14120,True,False,True,31.133488300001773
debug_algorithm_double_dqn_statev1_sparse_seed44_20261010_222537_619413_43b38fb8,double_dqn,44,v1,sparse,647,15142,20.0,3,23,0.21996744627683767,0.5424206224472626,14143,True,False,True,31.17947550000099
debug_algorithm_double_dqn_statev1_sparse_seed44_20261010_222537_619413_43b38fb8,double_dqn,44,v1,sparse,648,15167,20.0,3,25,0.21941818705783753,0.5334078872203827,14168,True,False,True,31.230534499998612
debug_algorithm_double_dqn_statev1_sparse_seed44_20261010_222537_619413_43b38fb8,double_dqn,44,v1,sparse,649,15211,50.0,6,44,0.21845481982783452,0.5549576126716353,14212,True,False,True,31.315283800002362
debug_algorithm_double_dqn_statev1_sparse_seed44_20261010_222537_619413_43b38fb8,double_dqn,44,v1,sparse,650,15273,50.0,6,62,0.21710452267575603,0.5464379018352877,14274,True,False,True,31.431327300000703
debug_algorithm_double_dqn_statev1_sparse_seed44_20261010_222537_619413_43b38fb8,double_dqn,44,v1,sparse,651,15283,-10.0,0,10,0.21688751582406748,0.5375233620405198,14284,True,False,True,31.44928770000115
debug_algorithm_double_dqn_statev1_sparse_seed44_20261010_222537_619413_43b38fb8,double_dqn,44,v1,sparse,652,15284,-10.0,0,1,0.21686582707248508,0.43449944257736206,14285,True,False,True,31.451681300000928
debug_algorithm_double_dqn_statev1_sparse_seed44_20261010_222537_619413_43b38fb8,double_dqn,44,v1,sparse,653,15350,50.0,6,66,0.2154391544776279,0.5229956252556859,14351,True,False,True,31.588326800003415
debug_algorithm_double_dqn_statev1_sparse_seed44_20261010_222537_619413_43b38fb8,double_dqn,44,v1,sparse,654,15374,10.0,2,24,0.214922694683128,0.4668418976167838,14375,True,False,True,31.6322943999985
debug_algorithm_double_dqn_statev1_sparse_seed44_20261010_222537_619413_43b38fb8,double_dqn,44,v1,sparse,655,15412,20.0,3,38,0.2141074975383734,0.5058011916515074,14413,True,False,True,31.70243230000051
debug_algorithm_double_dqn_statev1_sparse_seed44_20261010_222537_619413_43b38fb8,double_dqn,44,v1,sparse,656,15416,-10.0,0,4,0.21402186738495152,0.5049014985561371,14417,True,False,True,31.709761700003583
debug_algorithm_double_dqn_statev1_sparse_seed44_20261010_222537_619413_43b38fb8,double_dqn,44,v1,sparse,657,15425,0.0,1,9,0.2138293247342022,0.5882418519920773,14426,True,False,True,31.72530800000095
debug_algorithm_double_dqn_statev1_sparse_seed44_20261010_222537_619413_43b38fb8,double_dqn,44,v1,sparse,658,15462,30.0,4,37,0.21303957867594592,0.5227880340975684,14463,True,False,True,31.79227389999869
debug_algorithm_double_dqn_statev1_sparse_seed44_20261010_222537_619413_43b38fb8,double_dqn,44,v1,sparse,659,15495,30.0,4,33,0.21233767175381815,0.5397544372262377,14496,True,False,True,31.847829899998032
debug_algorithm_double_dqn_statev1_sparse_seed44_20261010_222537_619413_43b38fb8,double_dqn,44,v1,sparse,660,15576,70.0,8,81,0.2106245982718003,0.5395740977040043,14577,True,False,True,32.01088950000121
debug_algorithm_double_dqn_statev1_sparse_seed44_20261010_222537_619413_43b38fb8,double_dqn,44,v1,sparse,661,15615,20.0,3,39,0.2098047211436465,0.4428278394998648,14616,True,False,True,32.09813459999714
debug_algorithm_double_dqn_statev1_sparse_seed44_20261010_222537_619413_43b38fb8,double_dqn,44,v1,sparse,662,15667,60.0,7,52,0.20871651397329213,0.5315456494975549,14668,True,False,True,32.193800699998974
debug_algorithm_double_dqn_statev1_sparse_seed44_20261010_222537_619413_43b38fb8,double_dqn,44,v1,sparse,663,15684,10.0,2,17,0.20836197961211902,0.5558789503924987,14685,True,False,True,32.22770190000301
debug_algorithm_double_dqn_statev1_sparse_seed44_20261010_222537_619413_43b38fb8,double_dqn,44,v1,sparse,664,15730,20.0,3,46,0.20740566789285475,0.5411544652736705,14731,True,False,True,32.31550099999731
debug_algorithm_double_dqn_statev1_sparse_seed44_20261010_222537_619413_43b38fb8,double_dqn,44,v1,sparse,665,15741,-10.0,0,11,0.20717763569707487,0.48607042838226666,14742,True,False,True,32.33714840000175
debug_algorithm_double_dqn_statev1_sparse_seed44_20261010_222537_619413_43b38fb8,double_dqn,44,v1,sparse,666,15781,40.0,5,40,0.20635053909482215,0.5226272854954004,14782,True,False,True,32.413087000000814
debug_algorithm_double_dqn_statev1_sparse_seed44_20261010_222537_619413_43b38fb8,double_dqn,44,v1,sparse,667,15834,40.0,5,53,0.20525971992011724,0.5848032064595312,14835,True,False,True,32.509630400003516
debug_algorithm_double_dqn_statev1_sparse_seed44_20261010_222537_619413_43b38fb8,double_dqn,44,v1,sparse,668,15835,-10.0,0,1,0.20523919394812523,0.5726680755615234,14836,True,False,True,32.5127302999972
debug_algorithm_double_dqn_statev1_sparse_seed44_20261010_222537_619413_43b38fb8,double_dqn,44,v1,sparse,669,15852,0.0,1,17,0.20489056630420338,0.5925590676419875,14853,True,False,True,32.547449400000914
debug_algorithm_double_dqn_statev1_sparse_seed44_20261010_222537_619413_43b38fb8,double_dqn,44,v1,sparse,670,15901,40.0,5,49,0.20388900827180606,0.5347029195756329,14902,True,False,True,32.63487819999864
debug_algorithm_double_dqn_statev1_sparse_seed44_20261010_222537_619413_43b38fb8,double_dqn,44,v1,sparse,671,15948,50.0,6,47,0.20293293067068136,0.5264187112767645,14949,True,False,True,32.7305286999981
debug_algorithm_double_dqn_statev1_sparse_seed44_20261010_222537_619413_43b38fb8,double_dqn,44,v1,sparse,672,15970,10.0,2,22,0.20248694668590742,0.5337382246824828,14971,True,False,True,32.771474399996805
debug_algorithm_double_dqn_statev1_sparse_seed44_20261010_222537_619413_43b38fb8,double_dqn,44,v1,sparse,673,16037,60.0,7,67,0.2011347514448667,0.547316602361736,15038,True,False,True,32.88327779999963
debug_algorithm_double_dqn_statev1_sparse_seed44_20261010_222537_619413_43b38fb8,double_dqn,44,v1,sparse,674,16101,40.0,5,64,0.19985153554489493,0.5333352349698544,15102,True,False,True,33.0021448999978
debug_algorithm_double_dqn_statev1_sparse_seed44_20261010_222537_619413_43b38fb8,double_dqn,44,v1,sparse,675,16163,40.0,5,62,0.19861622766980452,0.5562330977089943,15164,True,False,True,33.11500659999729
debug_algorithm_double_dqn_statev1_sparse_seed44_20261010_222537_619413_43b38fb8,double_dqn,44,v1,sparse,676,16179,0.0,1,16,0.1982986799338171,0.5435920506715775,15180,True,False,True,33.14237290000165
debug_algorithm_double_dqn_statev1_sparse_seed44_20261010_222537_619413_43b38fb8,double_dqn,44,v1,sparse,677,16199,10.0,2,20,0.19790245911547694,0.5382785975933075,15200,True,False,True,33.17810070000269
debug_algorithm_double_dqn_statev1_sparse_seed44_20261010_222537_619413_43b38fb8,double_dqn,44,v1,sparse,678,16219,30.0,4,20,0.19750702998640549,0.5188224874436855,15220,True,False,True,33.21564780000335
debug_algorithm_double_dqn_statev1_sparse_seed44_20261010_222537_619413_43b38fb8,double_dqn,44,v1,sparse,679,16272,80.0,9,53,0.19646295975332906,0.5465845537354361,15273,True,False,True,33.31124429999909
debug_algorithm_double_dqn_statev1_sparse_seed44_20261010_222537_619413_43b38fb8,double_dqn,44,v1,sparse,680,16376,90.0,10,104,0.19443023184148392,0.5580085040285037,15377,True,False,True,33.512977300000784
debug_algorithm_double_dqn_statev1_sparse_seed44_20261010_222537_619413_43b38fb8,double_dqn,44,v1,sparse,681,16389,20.0,3,13,0.1941776241400777,0.6071137396188883,15390,True,False,True,33.53744860000006
debug_algorithm_double_dqn_statev1_sparse_seed44_20261010_222537_619413_43b38fb8,double_dqn,44,v1,sparse,682,16391,-10.0,0,2,0.1941387905570259,0.7460789382457733,15392,True,False,True,33.542117099997995
debug_algorithm_double_dqn_statev1_sparse_seed44_20261010_222537_619413_43b38fb8,double_dqn,44,v1,sparse,683,16411,10.0,2,20,0.19375088161838971,0.5424810729920864,15412,True,False,True,33.58242389999941
debug_algorithm_double_dqn_statev1_sparse_seed44_20261010_222537_619413_43b38fb8,double_dqn,44,v1,sparse,684,16424,10.0,2,13,0.19349915654257466,0.5718190922186925,15425,True,False,True,33.60548820000258
debug_algorithm_double_dqn_statev1_sparse_seed44_20261010_222537_619413_43b38fb8,double_dqn,44,v1,sparse,685,16497,70.0,8,73,0.19209168584380634,0.55750634745784,15498,True,False,True,33.73113430000376
debug_algorithm_double_dqn_statev1_sparse_seed44_20261010_222537_619413_43b38fb8,double_dqn,44,v1,sparse,686,16563,50.0,6,66,0.19082799230761044,0.5509344821400715,15564,True,False,True,33.848173600003065
debug_algorithm_double_dqn_statev1_sparse_seed44_20261010_222537_619413_43b38fb8,double_dqn,44,v1,sparse,687,16658,100.0,11,95,0.18902362049772883,0.5659887398544111,15659,True,False,True,34.02993840000272
debug_algorithm_double_dqn_statev1_sparse_seed44_20261010_222537_619413_43b38fb8,double_dqn,44,v1,sparse,688,16698,40.0,5,40,0.18826899853415074,0.5653114069253207,15699,True,False,True,34.11565790000168
debug_algorithm_double_dqn_statev1_sparse_seed44_20261010_222537_619413_43b38fb8,double_dqn,44,v1,sparse,689,16724,10.0,2,26,0.18778011052298915,0.587075881086863,15725,True,False,True,34.16478320000169
debug_algorithm_double_dqn_statev1_sparse_seed44_20261010_222537_619413_43b38fb8,double_dqn,44,v1,sparse,690,16749,20.0,3,25,0.1873112231553565,0.5275201326608658,15750,True,False,True,34.2148343000008
debug_algorithm_double_dqn_statev1_sparse_seed44_20261010_222537_619413_43b38fb8,double_dqn,44,v1,sparse,691,16784,20.0,3,35,0.18665674715111877,0.5707394421100617,15785,True,False,True,34.290937899997516
debug_algorithm_double_dqn_statev1_sparse_seed44_20261010_222537_619413_43b38fb8,double_dqn,44,v1,sparse,692,16827,40.0,5,43,0.18585580634756665,0.5552275802853496,15828,True,False,True,34.372508300002664
debug_algorithm_double_dqn_statev1_sparse_seed44_20261010_222537_619413_43b38fb8,double_dqn,44,v1,sparse,693,16928,100.0,11,101,0.18398801752454347,0.5725800928355443,15929,True,False,True,34.57245220000186
debug_algorithm_double_dqn_statev1_sparse_seed44_20261010_222537_619413_43b38fb8,double_dqn,44,v1,sparse,694,16955,10.0,2,27,0.18349189513732667,0.5352866373680256,15956,True,False,True,34.62754519999726
debug_algorithm_double_dqn_statev1_sparse_seed44_20261010_222537_619413_43b38fb8,double_dqn,44,v1,sparse,695,16989,20.0,3,34,0.18286905098622638,0.5609350677798776,15990,True,False,True,34.69743040000321
debug_algorithm_double_dqn_statev1_sparse_seed44_20261010_222537_619413_43b38fb8,double_dqn,44,v1,sparse,696,17009,10.0,2,20,0.18250366012706876,0.6464101985096932,16010,True,False,True,34.73457190000045
debug_algorithm_double_dqn_statev1_sparse_seed44_20261010_222537_619413_43b38fb8,double_dqn,44,v1,sparse,697,17083,70.0,8,74,0.18115805065634133,0.5300796269565016,16084,True,False,True,34.8744594000018
debug_algorithm_double_dqn_statev1_sparse_seed44_20261010_222537_619413_43b38fb8,double_dqn,44,v1,sparse,698,17096,-10.0,0,13,0.18092268644196938,0.6018632959861022,16097,True,False,True,34.89785760000086
debug_algorithm_double_dqn_statev1_sparse_seed44_20261010_222537_619413_43b38fb8,double_dqn,44,v1,sparse,699,17125,20.0,3,29,0.18039874453673269,0.5387902855873108,16126,True,False,True,34.95296640000015
debug_algorithm_double_dqn_statev1_sparse_seed44_20261010_222537_619413_43b38fb8,double_dqn,44,v1,sparse,700,17131,0.0,1,6,0.18029053234621467,0.4781758983929952,16132,True,False,True,34.964502800001355
debug_algorithm_double_dqn_statev1_sparse_seed44_20261010_222537_619413_43b38fb8,double_dqn,44,v1,sparse,701,17201,80.0,9,70,0.17903284278355266,0.5574267112783023,16202,True,False,True,35.11544590000267
debug_algorithm_double_dqn_statev1_sparse_seed44_20261010_222537_619413_43b38fb8,double_dqn,44,v1,sparse,702,17256,50.0,6,55,0.17805081609513168,0.6012964516878128,16257,True,False,True,35.22321699999884
debug_algorithm_double_dqn_statev1_sparse_seed44_20261010_222537_619413_43b38fb8,double_dqn,44,v1,sparse,703,17269,0.0,1,13,0.17781948886293475,0.4705865807258166,16270,True,False,True,35.244952699998976
debug_algorithm_double_dqn_statev1_sparse_seed44_20261010_222537_619413_43b38fb8,double_dqn,44,v1,sparse,704,17412,130.0,14,143,0.1752946396272042,0.577455015761869,16413,True,False,True,35.559447999999975
debug_algorithm_double_dqn_statev1_sparse_seed44_20261010_222537_619413_43b38fb8,double_dqn,44,v1,sparse,705,17414,-10.0,0,2,0.17525958245222517,0.8896000385284424,16415,True,False,True,35.56383829999686
debug_algorithm_double_dqn_statev1_sparse_seed44_20261010_222537_619413_43b38fb8,double_dqn,44,v1,sparse,706,17471,50.0,6,57,0.17426339485400363,0.6063829291807977,16472,True,False,True,35.69624260000273
debug_algorithm_double_dqn_statev1_sparse_seed44_20261010_222537_619413_43b38fb8,double_dqn,44,v1,sparse,707,17496,20.0,3,25,0.1738282587564678,0.5920560890436173,16497,True,False,True,35.743106299996725
debug_algorithm_double_dqn_statev1_sparse_seed44_20261010_222537_619413_43b38fb8,double_dqn,44,v1,sparse,708,17589,60.0,7,93,0.17221906981660765,0.5720073899594686,16590,True,False,True,35.920217600003525
debug_algorithm_double_dqn_statev1_sparse_seed44_20261010_222537_619413_43b38fb8,double_dqn,44,v1,sparse,709,17629,30.0,4,40,0.17153153514613428,0.4794580046087503,16630,True,False,True,36.01075480000145
debug_algorithm_double_dqn_statev1_sparse_seed44_20261010_222537_619413_43b38fb8,double_dqn,44,v1,sparse,710,17702,90.0,10,73,0.1702838521383801,0.5555178084193844,16703,True,False,True,36.176714100001846
debug_algorithm_double_dqn_statev1_sparse_seed44_20261010_222537_619413_43b38fb8,double_dqn,44,v1,sparse,711,17756,40.0,5,54,0.16936675188041628,0.6147204532667443,16757,True,False,True,36.293312299996614
debug_algorithm_double_dqn_statev1_sparse_seed44_20261010_222537_619413_43b38fb8,double_dqn,44,v1,sparse,712,17806,70.0,8,50,0.16852198954803335,0.5359325090050697,16807,True,False,True,36.404991000003065
debug_algorithm_double_dqn_statev1_sparse_seed44_20261010_222537_619413_43b38fb8,double_dqn,44,v1,sparse,713,17823,10.0,2,17,0.16823573124115274,0.48021570373983946,16824,True,False,True,36.44189940000069
debug_algorithm_double_dqn_statev1_sparse_seed44_20261010_222537_619413_43b38fb8,double_dqn,44,v1,sparse,714,17845,0.0,1,22,0.1678660009980015,0.5470355329188433,16846,True,False,True,36.493957200000295
debug_algorithm_double_dqn_statev1_sparse_seed44_20261010_222537_619413_43b38fb8,double_dqn,44,v1,sparse,715,17892,30.0,4,47,0.1670788427058261,0.6011442310632543,16893,True,False,True,36.59933089999686
debug_algorithm_double_dqn_statev1_sparse_seed44_20261010_222537_619413_43b38fb8,double_dqn,44,v1,sparse,716,17992,100.0,11,100,0.16541629773022293,0.5944093085825444,16993,True,False,True,36.80483259999892
debug_algorithm_double_dqn_statev1_sparse_seed44_20261010_222537_619413_43b38fb8,double_dqn,44,v1,sparse,717,18136,140.0,15,144,0.1630512539736548,0.6290395595133305,17137,True,False,True,37.093554400002176
debug_algorithm_double_dqn_statev1_sparse_seed44_20261010_222537_619413_43b38fb8,double_dqn,44,v1,sparse,718,18142,10.0,2,6,0.16295344767569797,0.6108290503422419,17143,True,False,True,37.107387500000186
debug_algorithm_double_dqn_statev1_sparse_seed44_20261010_222537_619413_43b38fb8,double_dqn,44,v1,sparse,719,18186,30.0,4,44,0.16223799188959484,0.5709022662856362,17187,True,False,True,37.21249920000264
debug_algorithm_double_dqn_statev1_sparse_seed44_20261010_222537_619413_43b38fb8,double_dqn,44,v1,sparse,720,18235,40.0,5,49,0.16144493066248217,0.6332027471187164,17236,True,False,True,37.318505499999446
debug_algorithm_double_dqn_statev1_sparse_seed44_20261010_222537_619413_43b38fb8,double_dqn,44,v1,sparse,721,18278,30.0,4,43,0.16075217331795635,0.5954473864200504,17279,True,False,True,37.4123843999987
debug_algorithm_double_dqn_statev1_sparse_seed44_20261010_222537_619413_43b38fb8,double_dqn,44,v1,sparse,722,18292,0.0,1,14,0.16052726650129123,0.7098662980965206,17293,True,False,True,37.4430097000004
debug_algorithm_double_dqn_statev1_sparse_seed44_20261010_222537_619413_43b38fb8,double_dqn,44,v1,sparse,723,18322,20.0,3,30,0.16004638234409563,0.6634467810392379,17323,True,False,True,37.5078605000017
debug_algorithm_double_dqn_statev1_sparse_seed44_20261010_222537_619413_43b38fb8,double_dqn,44,v1,sparse,724,18381,80.0,9,59,0.15910484188619584,0.6215477098347777,17382,True,False,True,37.63564010000118
debug_algorithm_double_dqn_statev1_sparse_seed44_20261010_222537_619413_43b38fb8,double_dqn,44,v1,sparse,725,18395,10.0,2,14,0.15888223983506308,0.5735047140291759,17396,True,False,True,37.66365799999767
debug_algorithm_double_dqn_statev1_sparse_seed44_20261010_222537_619413_43b38fb8,double_dqn,44,v1,sparse,726,18415,10.0,2,20,0.1585647770505999,0.637512581050396,17416,True,False,True,37.706971699997666
debug_algorithm_double_dqn_statev1_sparse_seed44_20261010_222537_619413_43b38fb8,double_dqn,44,v1,sparse,727,18431,10.0,2,16,0.15831126359628403,0.5676702009513974,17432,True,False,True,37.73828979999962
debug_algorithm_double_dqn_statev1_sparse_seed44_20261010_222537_619413_43b38fb8,double_dqn,44,v1,sparse,728,18472,20.0,3,41,0.15766348388190485,0.6494724863186115,17473,True,False,True,37.81555769999977
debug_algorithm_double_dqn_statev1_sparse_seed44_20261010_222537_619413_43b38fb8,double_dqn,44,v1,sparse,729,18480,10.0,2,8,0.15753739723174678,0.5023585483431816,17481,True,False,True,37.83210159999726
debug_algorithm_double_dqn_statev1_sparse_seed44_20261010_222537_619413_43b38fb8,double_dqn,44,v1,sparse,730,18630,130.0,14,150,0.1551918545452897,0.6251193113128344,17631,True,False,True,38.13566279999941
debug_algorithm_double_dqn_statev1_sparse_seed44_20261010_222537_619413_43b38fb8,double_dqn,44,v1,sparse,731,18688,50.0,6,58,0.15429430232826014,0.6635531926977223,17689,True,False,True,38.24826719999692
debug_algorithm_double_dqn_statev1_sparse_seed44_20261010_222537_619413_43b38fb8,double_dqn,44,v1,sparse,732,18709,10.0,2,21,0.15397060810628654,0.5469469009410768,17710,True,False,True,38.29226270000072
debug_algorithm_double_dqn_statev1_sparse_seed44_20261010_222537_619413_43b38fb8,double_dqn,44,v1,sparse,733,18735,10.0,2,26,0.1535707845295931,0.6120579357330616,17736,True,False,True,38.35235249999823
debug_algorithm_double_dqn_statev1_sparse_seed44_20261010_222537_619413_43b38fb8,double_dqn,44,v1,sparse,734,18804,70.0,8,69,0.15251474085401534,0.6198170546820199,17805,True,False,True,38.50051650000387
debug_algorithm_double_dqn_statev1_sparse_seed44_20261010_222537_619413_43b38fb8,double_dqn,44,v1,sparse,735,18922,110.0,12,118,0.15072555441264565,0.625889147868601,17923,True,False,True,38.75348910000321
debug_algorithm_double_dqn_statev1_sparse_seed44_20261010_222537_619413_43b38fb8,double_dqn,44,v1,sparse,736,18988,70.0,8,66,0.1497339919303127,0.6973997304836909,17989,True,False,True,38.87998830000288
debug_algorithm_double_dqn_statev1_sparse_seed44_20261010_222537_619413_43b38fb8,double_dqn,44,v1,sparse,737,19070,70.0,8,82,0.14851113262806243,0.6710071763614329,18071,True,False,True,39.049302599996736
debug_algorithm_double_dqn_statev1_sparse_seed44_20261010_222537_619413_43b38fb8,double_dqn,44,v1,sparse,738,19111,40.0,5,41,0.14790345319394918,0.6830298573505588,18112,True,False,True,39.14209490000212
debug_algorithm_double_dqn_statev1_sparse_seed44_20261010_222537_619413_43b38fb8,double_dqn,44,v1,sparse,739,19164,70.0,8,53,0.14712159954114673,0.7129568120218673,18165,True,False,True,39.249055000000226
debug_algorithm_double_dqn_statev1_sparse_seed44_20261010_222537_619413_43b38fb8,double_dqn,44,v1,sparse,740,19272,130.0,14,108,0.14554115699504677,0.6606016633687196,18273,True,False,True,39.470349199997145
debug_algorithm_double_dqn_statev1_sparse_seed44_20261010_222537_619413_43b38fb8,double_dqn,44,v1,sparse,741,19315,30.0,4,43,0.1449166424622871,0.7085234765396562,18316,True,False,True,39.57229009999719
debug_algorithm_double_dqn_statev1_sparse_seed44_20261010_222537_619413_43b38fb8,double_dqn,44,v1,sparse,742,19390,50.0,6,75,0.14383377931274105,0.6540281595786412,18391,True,False,True,39.72808349999832
debug_algorithm_double_dqn_statev1_sparse_seed44_20261010_222537_619413_43b38fb8,double_dqn,44,v1,sparse,743,19424,30.0,4,34,0.1433455505105451,0.6516030842767042,18425,True,False,True,39.80078559999674
debug_algorithm_double_dqn_statev1_sparse_seed44_20261010_222537_619413_43b38fb8,double_dqn,44,v1,sparse,744,19489,90.0,10,65,0.14241677976803696,0.6598188936710357,18490,True,False,True,39.9422629000037
debug_algorithm_double_dqn_statev1_sparse_seed44_20261010_222537_619413_43b38fb8,double_dqn,44,v1,sparse,745,19554,40.0,5,65,0.14149402675742948,0.6578989480550472,18555,True,False,True,40.07132670000283
debug_algorithm_double_dqn_statev1_sparse_seed44_20261010_222537_619413_43b38fb8,double_dqn,44,v1,sparse,746,19579,0.0,1,25,0.14114071584735893,0.6494175976514817,18580,True,False,True,40.11838059999718
debug_algorithm_double_dqn_statev1_sparse_seed44_20261010_222537_619413_43b38fb8,double_dqn,44,v1,sparse,747,19629,60.0,7,50,0.14043673847878077,0.6109380507469178,18630,True,False,True,40.215170299998135
debug_algorithm_double_dqn_statev1_sparse_seed44_20261010_222537_619413_43b38fb8,double_dqn,44,v1,sparse,748,19679,50.0,6,50,0.13973627238710462,0.6702506467700005,18680,True,False,True,40.31539730000077
debug_algorithm_double_dqn_statev1_sparse_seed44_20261010_222537_619413_43b38fb8,double_dqn,44,v1,sparse,749,19771,120.0,13,92,0.13845653053240028,0.6185387954439806,18772,True,False,True,40.51829220000218
debug_algorithm_double_dqn_statev1_sparse_seed44_20261010_222537_619413_43b38fb8,double_dqn,44,v1,sparse,750,19849,100.0,11,78,0.13738071693036114,0.6824463858054235,18850,True,False,True,40.68823110000085
debug_algorithm_double_dqn_statev1_sparse_seed44_20261010_222537_619413_43b38fb8,double_dqn,44,v1,sparse,751,19871,20.0,3,22,0.13707879649110466,0.6836914921348746,18872,True,False,True,40.73444710000331
debug_algorithm_double_dqn_statev1_sparse_seed44_20261010_222537_619413_43b38fb8,double_dqn,44,v1,sparse,752,19910,40.0,5,39,0.13654520368703507,0.6328432850348644,18911,True,False,True,40.80682810000144
debug_algorithm_double_dqn_statev1_sparse_seed44_20261010_222537_619413_43b38fb8,double_dqn,44,v1,sparse,753,19921,0.0,1,11,0.1363950790403159,0.609469083222476,18922,True,False,True,40.827974200001336
debug_algorithm_double_dqn_statev1_sparse_seed44_20261010_222537_619413_43b38fb8,double_dqn,44,v1,sparse,754,19934,0.0,1,13,0.1362178717867259,0.7194679769185873,18935,True,False,True,40.85433180000109
debug_algorithm_double_dqn_statev1_sparse_seed44_20261010_222537_619413_43b38fb8,double_dqn,44,v1,sparse,755,19956,20.0,3,22,0.1359185069224031,0.6459538638591766,18957,True,False,True,40.89383639999869
debug_algorithm_double_dqn_statev1_sparse_seed44_20261010_222537_619413_43b38fb8,double_dqn,44,v1,sparse,756,19972,20.0,3,16,0.13570120033744595,0.5963233727961779,18973,True,False,True,40.92010409999784
debug_algorithm_double_dqn_statev1_sparse_seed44_20261010_222537_619413_43b38fb8,double_dqn,44,v1,sparse,757,20000,20.0,2,28,0.13532174948275888,0.7042437302214759,19001,False,False,False,40.969982900001924
