run_id,algorithm,seed,state_mode,reward_mode,episode,global_step,episode_return,score,episode_length,epsilon,loss,update_count,terminated,truncated,episode_complete,wall_clock_time
debug_algorithm_dueling_dqn_statev1_sparse_seed44_20261010_222751_694664_afea71b2,dueling_dqn,44,v1,sparse,1,16,0.0,1,16,0.9984011994401822,,0,True,False,True,0.015256200000294484
debug_algorithm_dueling_dqn_statev1_sparse_seed44_20261010_222751_694664_afea71b2,dueling_dqn,44,v1,sparse,2,25,-10.0,0,9,0.9975029977012647,,0,True,False,True,0.015486500000406522
debug_algorithm_dueling_dqn_statev1_sparse_seed44_20261010_222751_694664_afea71b2,dueling_dqn,44,v1,sparse,3,33,-10.0,0,8,0.9967052745480899,,0,True,False,True,0.015629199995601084
debug_algorithm_dueling_dqn_statev1_sparse_seed44_20261010_222751_694664_afea71b2,dueling_dqn,44,v1,sparse,4,35,-10.0,0,2,0.9965059434602331,,0,True,False,True,0.01570999999967171
debug_algorithm_dueling_dqn_statev1_sparse_seed44_20261010_222751_694664_afea71b2,dueling_dqn,44,v1,sparse,5,48,-10.0,0,13,0.9952112627234414,,0,True,False,True,0.016016099994885735
debug_algorithm_dueling_dqn_statev1_sparse_seed44_20261010_222751_694664_afea71b2,dueling_dqn,44,v1,sparse,6,71,-10.0,0,23,0.9929247929420344,,0,True,False,True,0.016299099996103905
debug_algorithm_dueling_dqn_statev1_sparse_seed44_20261010_222751_694664_afea71b2,dueling_dqn,44,v1,sparse,7,87,-10.0,0,16,0.9913373042272218,,0,True,False,True,0.016506799998751376
debug_algorithm_dueling_dqn_statev1_sparse_seed44_20261010_222751_694664_afea71b2,dueling_dqn,44,v1,sparse,8,94,-10.0,0,7,0.9906435762604033,,0,True,False,True,0.017077699994842988
debug_algorithm_dueling_dqn_statev1_sparse_seed44_20261010_222751_694664_afea71b2,dueling_dqn,44,v1,sparse,9,95,-10.0,0,1,0.9905445119027773,,0,True,False,True,0.01719289999891771
debug_algorithm_dueling_dqn_statev1_sparse_seed44_20261010_222751_694664_afea71b2,dueling_dqn,44,v1,sparse,10,124,-10.0,0,29,0.9876759508118795,,0,True,False,True,0.01755119999870658
debug_algorithm_dueling_dqn_statev1_sparse_seed44_20261010_222751_694664_afea71b2,dueling_dqn,44,v1,sparse,11,149,-10.0,0,25,0.9852097216922968,,0,True,False,True,0.01788049999595387
debug_algorithm_dueling_dqn_statev1_sparse_seed44_20261010_222751_694664_afea71b2,dueling_dqn,44,v1,sparse,12,150,-10.0,0,1,0.9851112007201276,,0,True,False,True,0.01794510000036098
debug_algorithm_dueling_dqn_statev1_sparse_seed44_20261010_222751_694664_afea71b2,dueling_dqn,44,v1,sparse,13,182,-10.0,0,32,0.9819637261467681,,0,True,False,True,0.018538600001193117
debug_algorithm_dueling_dqn_statev1_sparse_seed44_20261010_222751_694664_afea71b2,dueling_dqn,44,v1,sparse,14,183,-10.0,0,1,0.9818655297741534,,0,True,False,True,0.018618699999933597
debug_algorithm_dueling_dqn_statev1_sparse_seed44_20261010_222751_694664_afea71b2,dueling_dqn,44,v1,sparse,15,190,-10.0,0,7,0.9811784300607109,,0,True,False,True,0.018902299998444505
debug_algorithm_dueling_dqn_statev1_sparse_seed44_20261010_222751_694664_afea71b2,dueling_dqn,44,v1,sparse,16,201,-10.0,0,11,0.9800996732739187,,0,True,False,True,0.019068699999479577
debug_algorithm_dueling_dqn_statev1_sparse_seed44_20261010_222751_694664_afea71b2,dueling_dqn,44,v1,sparse,17,208,-10.0,0,7,0.9794138092892584,,0,True,False,True,0.01918199999636272
debug_algorithm_dueling_dqn_statev1_sparse_seed44_20261010_222751_694664_afea71b2,dueling_dqn,44,v1,sparse,18,214,-10.0,0,6,0.9788263078961694,,0,True,False,True,0.01928329999645939
debug_algorithm_dueling_dqn_statev1_sparse_seed44_20261010_222751_694664_afea71b2,dueling_dqn,44,v1,sparse,19,223,-10.0,0,9,0.9779457165143248,,0,True,False,True,0.019410299995797686
debug_algorithm_dueling_dqn_statev1_sparse_seed44_20261010_222751_694664_afea71b2,dueling_dqn,44,v1,sparse,20,228,-10.0,0,5,0.9774568414408605,,0,True,False,True,0.019500499998684973
debug_algorithm_dueling_dqn_statev1_sparse_seed44_20261010_222751_694664_afea71b2,dueling_dqn,44,v1,sparse,21,246,-10.0,0,18,0.9756989138379287,,0,True,False,True,0.01973349999752827
debug_algorithm_dueling_dqn_statev1_sparse_seed44_20261010_222751_694664_afea71b2,dueling_dqn,44,v1,sparse,22,249,-10.0,0,3,0.9754062334337691,,0,True,False,True,0.019813799997791648
debug_algorithm_dueling_dqn_statev1_sparse_seed44_20261010_222751_694664_afea71b2,dueling_dqn,44,v1,sparse,23,259,-10.0,0,10,0.9744312660161123,,0,True,False,True,0.02001380000001518
debug_algorithm_dueling_dqn_statev1_sparse_seed44_20261010_222751_694664_afea71b2,dueling_dqn,44,v1,sparse,24,319,0.0,1,60,0.9686018925558499,,0,True,False,True,0.02089789999445202
debug_algorithm_dueling_dqn_statev1_sparse_seed44_20261010_222751_694664_afea71b2,dueling_dqn,44,v1,sparse,25,323,-10.0,0,4,0.968214509911067,,0,True,False,True,0.02101530000072671
debug_algorithm_dueling_dqn_statev1_sparse_seed44_20261010_222751_694664_afea71b2,dueling_dqn,44,v1,sparse,26,363,-10.0,0,40,0.9643491943874831,,0,True,False,True,0.021720899996580556
debug_algorithm_dueling_dqn_statev1_sparse_seed44_20261010_222751_694664_afea71b2,dueling_dqn,44,v1,sparse,27,366,-10.0,0,3,0.9640599185586783,,0,True,False,True,0.021820499998284504
debug_algorithm_dueling_dqn_statev1_sparse_seed44_20261010_222751_694664_afea71b2,dueling_dqn,44,v1,sparse,28,371,-10.0,0,5,0.9635779849957506,,0,True,False,True,0.02191839999431977
debug_algorithm_dueling_dqn_statev1_sparse_seed44_20261010_222751_694664_afea71b2,dueling_dqn,44,v1,sparse,29,374,0.0,1,3,0.9632889405066278,,0,True,False,True,0.02200799999991432
debug_algorithm_dueling_dqn_statev1_sparse_seed44_20261010_222751_694664_afea71b2,dueling_dqn,44,v1,sparse,30,386,-10.0,0,12,0.962133629336845,,0,True,False,True,0.022171199998410884
debug_algorithm_dueling_dqn_statev1_sparse_seed44_20261010_222751_694664_afea71b2,dueling_dqn,44,v1,sparse,31,389,-10.0,0,3,0.9618450181110908,,0,True,False,True,0.022272399997746106
debug_algorithm_dueling_dqn_statev1_sparse_seed44_20261010_222751_694664_afea71b2,dueling_dqn,44,v1,sparse,32,433,-10.0,0,44,0.9576219863596453,,0,True,False,True,0.02297549999639159
debug_algorithm_dueling_dqn_statev1_sparse_seed44_20261010_222751_694664_afea71b2,dueling_dqn,44,v1,sparse,33,481,-10.0,0,48,0.9530361862567129,,0,True,False,True,0.023823499999707565
debug_algorithm_dueling_dqn_statev1_sparse_seed44_20261010_222751_694664_afea71b2,dueling_dqn,44,v1,sparse,34,503,-10.0,0,22,0.9509417066935597,,0,True,False,True,0.0242870000001858
debug_algorithm_dueling_dqn_statev1_sparse_seed44_20261010_222751_694664_afea71b2,dueling_dqn,44,v1,sparse,35,512,-10.0,0,9,0.9500862014166829,,0,True,False,True,0.02444919999834383
debug_algorithm_dueling_dqn_statev1_sparse_seed44_20261010_222751_694664_afea71b2,dueling_dqn,44,v1,sparse,36,520,-10.0,0,8,0.9493263984264878,,0,True,False,True,0.02487449999898672
debug_algorithm_dueling_dqn_statev1_sparse_seed44_20261010_222751_694664_afea71b2,dueling_dqn,44,v1,sparse,37,523,-10.0,0,3,0.9490416289858026,,0,True,False,True,0.025002299997140653
debug_algorithm_dueling_dqn_statev1_sparse_seed44_20261010_222751_694664_afea71b2,dueling_dqn,44,v1,sparse,38,575,-10.0,0,52,0.9441191758589251,,0,True,False,True,0.026180799999565352
debug_algorithm_dueling_dqn_statev1_sparse_seed44_20261010_222751_694664_afea71b2,dueling_dqn,44,v1,sparse,39,584,-10.0,0,9,0.9432698084042613,,0,True,False,True,0.02651719999994384
debug_algorithm_dueling_dqn_statev1_sparse_seed44_20261010_222751_694664_afea71b2,dueling_dqn,44,v1,sparse,40,591,-10.0,0,7,0.9426097175920269,,0,True,False,True,0.026655199995730072
debug_algorithm_dueling_dqn_statev1_sparse_seed44_20261010_222751_694664_afea71b2,dueling_dqn,44,v1,sparse,41,595,-10.0,0,4,0.9422327302578029,,0,True,False,True,0.026922599994577467
debug_algorithm_dueling_dqn_statev1_sparse_seed44_20261010_222751_694664_afea71b2,dueling_dqn,44,v1,sparse,42,604,-10.0,0,9,0.9413850599252181,,0,True,False,True,0.027089399998658337
debug_algorithm_dueling_dqn_statev1_sparse_seed44_20261010_222751_694664_afea71b2,dueling_dqn,44,v1,sparse,43,605,-10.0,0,1,0.9412909214192257,,0,True,False,True,0.027150099995196797
debug_algorithm_dueling_dqn_statev1_sparse_seed44_20261010_222751_694664_afea71b2,dueling_dqn,44,v1,sparse,44,631,0.0,1,26,0.938846621773081,,0,True,False,True,0.027641900000162423
debug_algorithm_dueling_dqn_statev1_sparse_seed44_20261010_222751_694664_afea71b2,dueling_dqn,44,v1,sparse,45,636,0.0,1,5,0.9383772923374687,,0,True,False,True,0.027847400000609923
debug_algorithm_dueling_dqn_statev1_sparse_seed44_20261010_222751_694664_afea71b2,dueling_dqn,44,v1,sparse,46,638,-10.0,0,2,0.9381896262627741,,0,True,False,True,0.02792599999520462
debug_algorithm_dueling_dqn_statev1_sparse_seed44_20261010_222751_694664_afea71b2,dueling_dqn,44,v1,sparse,47,657,0.0,1,19,0.9364086693683936,,0,True,False,True,0.02818009999464266
debug_algorithm_dueling_dqn_statev1_sparse_seed44_20261010_222751_694664_afea71b2,dueling_dqn,44,v1,sparse,48,666,-10.0,0,9,0.9355662385944366,,0,True,False,True,0.028318999997281935
debug_algorithm_dueling_dqn_statev1_sparse_seed44_20261010_222751_694664_afea71b2,dueling_dqn,44,v1,sparse,49,675,-10.0,0,9,0.9347245657049716,,0,True,False,True,0.028462099995522294
debug_algorithm_dueling_dqn_statev1_sparse_seed44_20261010_222751_694664_afea71b2,dueling_dqn,44,v1,sparse,50,678,-10.0,0,3,0.9344441763760625,,0,True,False,True,0.0285405999966315
debug_algorithm_dueling_dqn_statev1_sparse_seed44_20261010_222751_694664_afea71b2,dueling_dqn,44,v1,sparse,51,689,-10.0,0,11,0.9334168015721935,,0,True,False,True,0.02894259999447968
debug_algorithm_dueling_dqn_statev1_sparse_seed44_20261010_222751_694664_afea71b2,dueling_dqn,44,v1,sparse,52,697,-10.0,0,8,0.9326703294353756,,0,True,False,True,0.02937709999969229
debug_algorithm_dueling_dqn_statev1_sparse_seed44_20261010_222751_694664_afea71b2,dueling_dqn,44,v1,sparse,53,702,-10.0,0,5,0.9322040875283647,,0,True,False,True,0.029504899997846223
debug_algorithm_dueling_dqn_statev1_sparse_seed44_20261010_222751_694664_afea71b2,dueling_dqn,44,v1,sparse,54,715,-10.0,0,13,0.9309929490672225,,0,True,False,True,0.029838899994501844
debug_algorithm_dueling_dqn_statev1_sparse_seed44_20261010_222751_694664_afea71b2,dueling_dqn,44,v1,sparse,55,716,-10.0,0,1,0.9308998497723158,,0,True,False,True,0.02991189999738708
debug_algorithm_dueling_dqn_statev1_sparse_seed44_20261010_222751_694664_afea71b2,dueling_dqn,44,v1,sparse,56,719,-10.0,0,3,0.9306206077434487,,0,True,False,True,0.029996599994774442
debug_algorithm_dueling_dqn_statev1_sparse_seed44_20261010_222751_694664_afea71b2,dueling_dqn,44,v1,sparse,57,723,-10.0,0,4,0.9302484153338654,,0,True,False,True,0.030088299994531553
debug_algorithm_dueling_dqn_statev1_sparse_seed44_20261010_222751_694664_afea71b2,dueling_dqn,44,v1,sparse,58,731,-10.0,0,8,0.9295044770190672,,0,True,False,True,0.030218100000638515
debug_algorithm_dueling_dqn_statev1_sparse_seed44_20261010_222751_694664_afea71b2,dueling_dqn,44,v1,sparse,59,744,-10.0,0,13,0.928296845946663,,0,True,False,True,0.030401600000914186
debug_algorithm_dueling_dqn_statev1_sparse_seed44_20261010_222751_694664_afea71b2,dueling_dqn,44,v1,sparse,60,748,-10.0,0,4,0.927925582902382,,0,True,False,True,0.0307496999957948
debug_algorithm_dueling_dqn_statev1_sparse_seed44_20261010_222751_694664_afea71b2,dueling_dqn,44,v1,sparse,61,758,-10.0,0,10,0.9269980747746605,,0,True,False,True,0.03095259999827249
debug_algorithm_dueling_dqn_statev1_sparse_seed44_20261010_222751_694664_afea71b2,dueling_dqn,44,v1,sparse,62,765,-10.0,0,7,0.9263493707594722,,0,True,False,True,0.0310955999957514
debug_algorithm_dueling_dqn_statev1_sparse_seed44_20261010_222751_694664_afea71b2,dueling_dqn,44,v1,sparse,63,770,-10.0,0,5,0.9258862886997666,,0,True,False,True,0.03120669999771053
debug_algorithm_dueling_dqn_statev1_sparse_seed44_20261010_222751_694664_afea71b2,dueling_dqn,44,v1,sparse,64,791,-10.0,0,21,0.9239438706238289,,0,True,False,True,0.032040199999755714
debug_algorithm_dueling_dqn_statev1_sparse_seed44_20261010_222751_694664_afea71b2,dueling_dqn,44,v1,sparse,65,800,-10.0,0,9,0.9231126536824614,,0,True,False,True,0.032209699995291885
debug_algorithm_dueling_dqn_statev1_sparse_seed44_20261010_222751_694664_afea71b2,dueling_dqn,44,v1,sparse,66,804,-10.0,0,4,0.9227434640040553,,0,True,False,True,0.03230489999987185
debug_algorithm_dueling_dqn_statev1_sparse_seed44_20261010_222751_694664_afea71b2,dueling_dqn,44,v1,sparse,67,806,-10.0,0,2,0.9225589245386892,,0,True,False,True,0.03237349999835715
debug_algorithm_dueling_dqn_statev1_sparse_seed44_20261010_222751_694664_afea71b2,dueling_dqn,44,v1,sparse,68,812,-10.0,0,6,0.922005527549355,,0,True,False,True,0.03249349999532569
debug_algorithm_dueling_dqn_statev1_sparse_seed44_20261010_222751_694664_afea71b2,dueling_dqn,44,v1,sparse,69,818,-10.0,0,6,0.9214524625152158,,0,True,False,True,0.03280280000035418
debug_algorithm_dueling_dqn_statev1_sparse_seed44_20261010_222751_694664_afea71b2,dueling_dqn,44,v1,sparse,70,820,-10.0,0,2,0.9212681812372374,,0,True,False,True,0.03305420000106096
debug_algorithm_dueling_dqn_statev1_sparse_seed44_20261010_222751_694664_afea71b2,dueling_dqn,44,v1,sparse,71,826,-10.0,0,6,0.9207155585002982,,0,True,False,True,0.03337639999517705
debug_algorithm_dueling_dqn_statev1_sparse_seed44_20261010_222751_694664_afea71b2,dueling_dqn,44,v1,sparse,72,889,-10.0,0,63,0.9149329955488482,,0,True,False,True,0.034777099994244054
debug_algorithm_dueling_dqn_statev1_sparse_seed44_20261010_222751_694664_afea71b2,dueling_dqn,44,v1,sparse,73,902,-10.0,0,13,0.9137442960407659,,0,True,False,True,0.035003899996809196
debug_algorithm_dueling_dqn_statev1_sparse_seed44_20261010_222751_694664_afea71b2,dueling_dqn,44,v1,sparse,74,941,-10.0,0,39,0.9101874557882422,,0,True,False,True,0.03663539999979548
debug_algorithm_dueling_dqn_statev1_sparse_seed44_20261010_222751_694664_afea71b2,dueling_dqn,44,v1,sparse,75,942,-10.0,0,1,0.9100964370426634,,0,True,False,True,0.03673329999583075
debug_algorithm_dueling_dqn_statev1_sparse_seed44_20261010_222751_694664_afea71b2,dueling_dqn,44,v1,sparse,76,944,-10.0,0,2,0.9099144268562193,,0,True,False,True,0.036951399997633416
debug_algorithm_dueling_dqn_statev1_sparse_seed44_20261010_222751_694664_afea71b2,dueling_dqn,44,v1,sparse,77,946,-10.0,0,2,0.9097324530699923,,0,True,False,True,0.037033599997812416
debug_algorithm_dueling_dqn_statev1_sparse_seed44_20261010_222751_694664_afea71b2,dueling_dqn,44,v1,sparse,78,989,-10.0,0,43,0.905828807190053,,0,True,False,True,0.03824319999694126
debug_algorithm_dueling_dqn_statev1_sparse_seed44_20261010_222751_694664_afea71b2,dueling_dqn,44,v1,sparse,79,1004,-10.0,0,15,0.9044710146874873,0.8113227844238281,5,True,False,True,0.049071099994762335
debug_algorithm_dueling_dqn_statev1_sparse_seed44_20261010_222751_694664_afea71b2,dueling_dqn,44,v1,sparse,80,1007,-10.0,0,3,0.904199700516307,0.646950826048851,8,True,False,True,0.05507279999437742
debug_algorithm_dueling_dqn_statev1_sparse_seed44_20261010_222751_694664_afea71b2,dueling_dqn,44,v1,sparse,81,1023,-10.0,0,16,0.9027540655289342,0.8355769719928503,24,True,False,True,0.08888550000119722
debug_algorithm_dueling_dqn_statev1_sparse_seed44_20261010_222751_694664_afea71b2,dueling_dqn,44,v1,sparse,82,1026,-10.0,0,3,0.9024832663909947,0.9660216172536215,27,True,False,True,0.09458050000102958
debug_algorithm_dueling_dqn_statev1_sparse_seed44_20261010_222751_694664_afea71b2,dueling_dqn,44,v1,sparse,83,1032,-10.0,0,6,0.9019419117856019,0.8134609411160151,33,True,False,True,0.10463560000061989
debug_algorithm_dueling_dqn_statev1_sparse_seed44_20261010_222751_694664_afea71b2,dueling_dqn,44,v1,sparse,84,1053,-10.0,0,21,0.9000497266498242,0.7995230711641765,54,True,False,True,0.1482587999998941
debug_algorithm_dueling_dqn_statev1_sparse_seed44_20261010_222751_694664_afea71b2,dueling_dqn,44,v1,sparse,85,1054,-10.0,0,1,0.8999597216771592,0.5251320004463196,55,True,False,True,0.15041370000108145
debug_algorithm_dueling_dqn_statev1_sparse_seed44_20261010_222751_694664_afea71b2,dueling_dqn,44,v1,sparse,86,1060,-10.0,0,6,0.8994198808201134,0.770094633102417,61,True,False,True,0.16490219999832334
debug_algorithm_dueling_dqn_statev1_sparse_seed44_20261010_222751_694664_afea71b2,dueling_dqn,44,v1,sparse,87,1061,-10.0,0,1,0.8993299388320314,1.0927796363830566,62,True,False,True,0.16729369999666233
debug_algorithm_dueling_dqn_statev1_sparse_seed44_20261010_222751_694664_afea71b2,dueling_dqn,44,v1,sparse,88,1063,-10.0,0,2,0.8991500818375644,1.1745946407318115,64,True,False,True,0.171453199996904
debug_algorithm_dueling_dqn_statev1_sparse_seed44_20261010_222751_694664_afea71b2,dueling_dqn,44,v1,sparse,89,1109,-10.0,0,46,0.8950232840300215,0.453220054993163,110,True,False,True,0.2727783999944222
debug_algorithm_dueling_dqn_statev1_sparse_seed44_20261010_222751_694664_afea71b2,dueling_dqn,44,v1,sparse,90,1115,-10.0,0,6,0.8944864042951971,0.09467468876391649,116,True,False,True,0.28514329999597976
debug_algorithm_dueling_dqn_statev1_sparse_seed44_20261010_222751_694664_afea71b2,dueling_dqn,44,v1,sparse,91,1116,-10.0,0,1,0.8943969556547676,0.2239616960287094,117,True,False,True,0.28743309999845224
debug_algorithm_dueling_dqn_statev1_sparse_seed44_20261010_222751_694664_afea71b2,dueling_dqn,44,v1,sparse,92,1118,-10.0,0,2,0.8942180852076062,0.14582536555826664,119,True,False,True,0.29246989999955986
debug_algorithm_dueling_dqn_statev1_sparse_seed44_20261010_222751_694664_afea71b2,dueling_dqn,44,v1,sparse,93,1133,-10.0,0,15,0.8928776966020373,0.0630947777380546,134,True,False,True,0.31878779999533435
debug_algorithm_dueling_dqn_statev1_sparse_seed44_20261010_222751_694664_afea71b2,dueling_dqn,44,v1,sparse,94,1209,-10.0,0,76,0.8861172104673026,0.06227687592495625,210,True,False,True,0.48180239999783225
debug_algorithm_dueling_dqn_statev1_sparse_seed44_20261010_222751_694664_afea71b2,dueling_dqn,44,v1,sparse,95,1217,-10.0,0,8,0.8854085647621314,0.007273857685504481,218,True,False,True,0.5015170999977272
debug_algorithm_dueling_dqn_statev1_sparse_seed44_20261010_222751_694664_afea71b2,dueling_dqn,44,v1,sparse,96,1265,0.0,1,48,0.8811685757630704,0.031619027875422034,266,True,False,True,0.611161799999536
debug_algorithm_dueling_dqn_statev1_sparse_seed44_20261010_222751_694664_afea71b2,dueling_dqn,44,v1,sparse,97,1278,-10.0,0,13,0.8800237436741165,0.07030079514683726,279,True,False,True,0.6398065999965183
debug_algorithm_dueling_dqn_statev1_sparse_seed44_20261010_222751_694664_afea71b2,dueling_dqn,44,v1,sparse,98,1294,-10.0,0,16,0.8786167612200774,0.09559781334974105,295,True,False,True,0.6778505999973277
debug_algorithm_dueling_dqn_statev1_sparse_seed44_20261010_222751_694664_afea71b2,dueling_dqn,44,v1,sparse,99,1320,-10.0,0,26,0.8763352108622888,0.04748023711503125,321,True,False,True,0.7400963999971282
debug_algorithm_dueling_dqn_statev1_sparse_seed44_20261010_222751_694664_afea71b2,dueling_dqn,44,v1,sparse,100,1362,-10.0,0,42,0.8726621381723062,0.05101927939159352,363,True,False,True,0.8281882000010228
debug_algorithm_dueling_dqn_statev1_sparse_seed44_20261010_222751_694664_afea71b2,dueling_dqn,44,v1,sparse,101,1372,-10.0,0,10,0.8717898686273949,0.05947716452064924,373,True,False,True,0.8644646999964607
debug_algorithm_dueling_dqn_statev1_sparse_seed44_20261010_222751_694664_afea71b2,dueling_dqn,44,v1,sparse,102,1399,-10.0,0,27,0.869439093416084,0.04975762263078381,400,True,False,True,0.920394299995678
debug_algorithm_dueling_dqn_statev1_sparse_seed44_20261010_222751_694664_afea71b2,dueling_dqn,44,v1,sparse,103,1407,-10.0,0,8,0.868743785535615,0.03788049329887144,408,True,False,True,0.9390567000009469
debug_algorithm_dueling_dqn_statev1_sparse_seed44_20261010_222751_694664_afea71b2,dueling_dqn,44,v1,sparse,104,1419,0.0,1,12,0.8677018661727902,0.03742601896131722,420,True,False,True,0.9679967999982182
debug_algorithm_dueling_dqn_statev1_sparse_seed44_20261010_222751_694664_afea71b2,dueling_dqn,44,v1,sparse,105,1455,-10.0,0,36,0.8645835997860419,0.06601080090008003,456,True,False,True,1.0543567999993684
debug_algorithm_dueling_dqn_statev1_sparse_seed44_20261010_222751_694664_afea71b2,dueling_dqn,44,v1,sparse,106,1473,-10.0,0,18,0.8630286714140989,0.011225752687702576,474,True,False,True,1.0980035999964457
debug_algorithm_dueling_dqn_statev1_sparse_seed44_20261010_222751_694664_afea71b2,dueling_dqn,44,v1,sparse,107,1479,-10.0,0,6,0.8625109836482919,0.07559036752597119,480,True,False,True,1.1114597999985563
debug_algorithm_dueling_dqn_statev1_sparse_seed44_20261010_222751_694664_afea71b2,dueling_dqn,44,v1,sparse,108,1486,-10.0,0,7,0.8619074070568601,0.0016293485116745745,487,True,False,True,1.127903900000092
debug_algorithm_dueling_dqn_statev1_sparse_seed44_20261010_222751_694664_afea71b2,dueling_dqn,44,v1,sparse,109,1495,-10.0,0,9,0.8611320006047861,0.01817386059297456,496,True,False,True,1.150278499997512
debug_algorithm_dueling_dqn_statev1_sparse_seed44_20261010_222751_694664_afea71b2,dueling_dqn,44,v1,sparse,110,1505,-10.0,0,10,0.860271256010264,0.016448190715163947,506,True,False,True,1.1788909999959287
debug_algorithm_dueling_dqn_statev1_sparse_seed44_20261010_222751_694664_afea71b2,dueling_dqn,44,v1,sparse,111,1506,-10.0,0,1,0.860185228884663,0.14900986850261688,507,True,False,True,1.1807536999986041
debug_algorithm_dueling_dqn_statev1_sparse_seed44_20261010_222751_694664_afea71b2,dueling_dqn,44,v1,sparse,112,1508,-10.0,0,2,0.8600132004407384,0.07378383725881577,509,True,False,True,1.1849002999952063
debug_algorithm_dueling_dqn_statev1_sparse_seed44_20261010_222751_694664_afea71b2,dueling_dqn,44,v1,sparse,113,1549,-10.0,0,41,0.8564941892681375,0.03700028280244868,550,True,False,True,1.2659351999973296
debug_algorithm_dueling_dqn_statev1_sparse_seed44_20261010_222751_694664_afea71b2,dueling_dqn,44,v1,sparse,114,1557,-10.0,0,8,0.8558092336871382,0.0394010322925169,558,True,False,True,1.281259700001101
debug_algorithm_dueling_dqn_statev1_sparse_seed44_20261010_222751_694664_afea71b2,dueling_dqn,44,v1,sparse,115,1560,-10.0,0,3,0.8555525165904533,0.051619139732792974,561,True,False,True,1.2868541999996523
debug_algorithm_dueling_dqn_statev1_sparse_seed44_20261010_222751_694664_afea71b2,dueling_dqn,44,v1,sparse,116,1591,-10.0,0,31,0.8529042782652072,0.07600549061316997,592,True,False,True,1.3497457999983453
debug_algorithm_dueling_dqn_statev1_sparse_seed44_20261010_222751_694664_afea71b2,dueling_dqn,44,v1,sparse,117,1605,0.0,1,14,0.8517109881081575,0.04350959329998919,606,True,False,True,1.3823639999973238
debug_algorithm_dueling_dqn_statev1_sparse_seed44_20261010_222751_694664_afea71b2,dueling_dqn,44,v1,sparse,118,1621,-10.0,0,16,0.8503492721035674,0.029268837886775145,622,True,False,True,1.418569800000114
debug_algorithm_dueling_dqn_statev1_sparse_seed44_20261010_222751_694664_afea71b2,dueling_dqn,44,v1,sparse,119,1642,-10.0,0,21,0.8485653232351658,0.03611980825995228,643,True,False,True,1.4791418999957386
debug_algorithm_dueling_dqn_statev1_sparse_seed44_20261010_222751_694664_afea71b2,dueling_dqn,44,v1,sparse,120,1657,-10.0,0,15,0.8472933658579213,0.08773966748267412,658,True,False,True,1.5207354000012856
debug_algorithm_dueling_dqn_statev1_sparse_seed44_20261010_222751_694664_afea71b2,dueling_dqn,44,v1,sparse,121,1694,-10.0,0,37,0.8441640168001866,0.061098581452136605,695,True,False,True,1.6694852000000537
debug_algorithm_dueling_dqn_statev1_sparse_seed44_20261010_222751_694664_afea71b2,dueling_dqn,44,v1,sparse,122,1703,-10.0,0,9,0.8434045730132134,0.05035627791140643,704,True,False,True,1.7039858999996795
debug_algorithm_dueling_dqn_statev1_sparse_seed44_20261010_222751_694664_afea71b2,dueling_dqn,44,v1,sparse,123,1718,-10.0,0,15,0.8421403513448614,0.06850202872107426,719,True,False,True,1.7529750999965472
debug_algorithm_dueling_dqn_statev1_sparse_seed44_20261010_222751_694664_afea71b2,dueling_dqn,44,v1,sparse,124,1720,-10.0,0,2,0.8419719316959959,0.0064019926358014345,721,True,False,True,1.7585201999972924
debug_algorithm_dueling_dqn_statev1_sparse_seed44_20261010_222751_694664_afea71b2,dueling_dqn,44,v1,sparse,125,1742,0.0,1,22,0.8401215371054063,0.07318094686012376,743,True,False,True,1.8299934999959078
debug_algorithm_dueling_dqn_statev1_sparse_seed44_20261010_222751_694664_afea71b2,dueling_dqn,44,v1,sparse,126,1744,-10.0,0,2,0.8399535211992005,0.07522545498795807,745,True,False,True,1.8372840999945765
debug_algorithm_dueling_dqn_statev1_sparse_seed44_20261010_222751_694664_afea71b2,dueling_dqn,44,v1,sparse,127,1752,-10.0,0,8,0.8392817935221957,0.055752851942088455,753,True,False,True,1.8639504999955534
debug_algorithm_dueling_dqn_statev1_sparse_seed44_20261010_222751_694664_afea71b2,dueling_dqn,44,v1,sparse,128,1764,-10.0,0,12,0.8382752091113522,0.04947665325986842,765,True,False,True,1.897203599997738
debug_algorithm_dueling_dqn_statev1_sparse_seed44_20261010_222751_694664_afea71b2,dueling_dqn,44,v1,sparse,129,1766,-10.0,0,2,0.8381075624522821,0.0016559116775169969,767,True,False,True,1.9026747999960207
debug_algorithm_dueling_dqn_statev1_sparse_seed44_20261010_222751_694664_afea71b2,dueling_dqn,44,v1,sparse,130,1768,-10.0,0,2,0.8379399493208673,0.001411725883372128,769,True,False,True,1.9082209999978659
debug_algorithm_dueling_dqn_statev1_sparse_seed44_20261010_222751_694664_afea71b2,dueling_dqn,44,v1,sparse,131,1776,-10.0,0,8,0.8372698319376778,0.01935987689648755,777,True,False,True,1.9329263999970863
debug_algorithm_dueling_dqn_statev1_sparse_seed44_20261010_222751_694664_afea71b2,dueling_dqn,44,v1,sparse,132,1785,-10.0,0,9,0.8365165904357533,0.12720363128917395,786,True,False,True,1.9605060999965644
debug_algorithm_dueling_dqn_statev1_sparse_seed44_20261010_222751_694664_afea71b2,dueling_dqn,44,v1,sparse,133,1786,-10.0,0,1,0.8364329387767098,0.14706982672214508,787,True,False,True,1.9646380999984103
debug_algorithm_dueling_dqn_statev1_sparse_seed44_20261010_222751_694664_afea71b2,dueling_dqn,44,v1,sparse,134,1802,0.0,1,16,0.8350956493259434,0.057085868407739326,803,True,False,True,2.0080869999947026
debug_algorithm_dueling_dqn_statev1_sparse_seed44_20261010_222751_694664_afea71b2,dueling_dqn,44,v1,sparse,135,1826,-10.0,0,24,0.8330937229422068,0.07990986958369224,827,True,False,True,2.065084999994724
debug_algorithm_dueling_dqn_statev1_sparse_seed44_20261010_222751_694664_afea71b2,dueling_dqn,44,v1,sparse,136,1828,-10.0,0,2,0.8329271125285557,0.0022196746431291103,829,True,False,True,2.0701192999986233
debug_algorithm_dueling_dqn_statev1_sparse_seed44_20261010_222751_694664_afea71b2,dueling_dqn,44,v1,sparse,137,1833,-10.0,0,5,0.8325107322566739,0.08809182329569012,834,True,False,True,2.0854102999946917
debug_algorithm_dueling_dqn_statev1_sparse_seed44_20261010_222751_694664_afea71b2,dueling_dqn,44,v1,sparse,138,1837,-10.0,0,4,0.8321777779110853,0.0029128403402864933,838,True,False,True,2.0961204999985057
debug_algorithm_dueling_dqn_statev1_sparse_seed44_20261010_222751_694664_afea71b2,dueling_dqn,44,v1,sparse,139,1844,-10.0,0,7,0.8315954281947576,0.04328114805477006,845,True,False,True,2.113940299997921
debug_algorithm_dueling_dqn_statev1_sparse_seed44_20261010_222751_694664_afea71b2,dueling_dqn,44,v1,sparse,140,1860,-10.0,0,16,0.8302658729586178,0.048096421494847164,861,True,False,True,2.152257499998086
debug_algorithm_dueling_dqn_statev1_sparse_seed44_20261010_222751_694664_afea71b2,dueling_dqn,44,v1,sparse,141,1871,-10.0,0,11,0.829353037007627,0.0806132509605959,872,True,False,True,2.1818562999978894
debug_algorithm_dueling_dqn_statev1_sparse_seed44_20261010_222751_694664_afea71b2,dueling_dqn,44,v1,sparse,142,1878,-10.0,0,7,0.828772664016835,0.0470194404146501,879,True,False,True,2.203081399995426
debug_algorithm_dueling_dqn_statev1_sparse_seed44_20261010_222751_694664_afea71b2,dueling_dqn,44,v1,sparse,143,1888,-10.0,0,10,0.8279442642010817,0.08870664774440229,889,True,False,True,2.22540179999487
debug_algorithm_dueling_dqn_statev1_sparse_seed44_20261010_222751_694664_afea71b2,dueling_dqn,44,v1,sparse,144,1916,-10.0,0,28,0.8256291471799866,0.03281523213497296,917,True,False,True,2.300335299994913
debug_algorithm_dueling_dqn_statev1_sparse_seed44_20261010_222751_694664_afea71b2,dueling_dqn,44,v1,sparse,145,1939,-10.0,0,23,0.8237322875217569,0.07112466674753586,940,True,False,True,2.3503753999975743
debug_algorithm_dueling_dqn_statev1_sparse_seed44_20261010_222751_694664_afea71b2,dueling_dqn,44,v1,sparse,146,1941,-10.0,0,2,0.8235675493015754,0.0026269753579981625,942,True,False,True,2.3552529999942635
debug_algorithm_dueling_dqn_statev1_sparse_seed44_20261010_222751_694664_afea71b2,dueling_dqn,44,v1,sparse,147,1951,-10.0,0,10,0.8227443522588603,0.05976740117766895,952,True,False,True,2.384477599996899
debug_algorithm_dueling_dqn_statev1_sparse_seed44_20261010_222751_694664_afea71b2,dueling_dqn,44,v1,sparse,148,1959,-10.0,0,8,0.822086387099404,0.02329166969866492,960,True,False,True,2.406327599994256
debug_algorithm_dueling_dqn_statev1_sparse_seed44_20261010_222751_694664_afea71b2,dueling_dqn,44,v1,sparse,149,1972,-10.0,0,13,0.8210183157884989,0.07799163007607254,973,True,False,True,2.438757699994312
debug_algorithm_dueling_dqn_statev1_sparse_seed44_20261010_222751_694664_afea71b2,dueling_dqn,44,v1,sparse,150,1984,-10.0,0,12,0.8200336355010579,0.07392998604336753,985,True,False,True,2.4722372999967774
debug_algorithm_dueling_dqn_statev1_sparse_seed44_20261010_222751_694664_afea71b2,dueling_dqn,44,v1,sparse,151,2046,0.0,1,62,0.8149649028290192,0.051296221927904916,1047,True,False,True,2.6447324999971897
debug_algorithm_dueling_dqn_statev1_sparse_seed44_20261010_222751_694664_afea71b2,dueling_dqn,44,v1,sparse,152,2063,-10.0,0,17,0.8135805702924959,0.057710688424241895,1064,True,False,True,2.6891649999961373
debug_algorithm_dueling_dqn_statev1_sparse_seed44_20261010_222751_694664_afea71b2,dueling_dqn,44,v1,sparse,153,2082,-10.0,0,19,0.8120361576436711,0.09522041412511546,1083,True,False,True,2.7408016999979736
debug_algorithm_dueling_dqn_statev1_sparse_seed44_20261010_222751_694664_afea71b2,dueling_dqn,44,v1,sparse,154,2102,-10.0,0,20,0.8104136272717553,0.0558088903548196,1103,True,False,True,2.7823395999948843
debug_algorithm_dueling_dqn_statev1_sparse_seed44_20261010_222751_694664_afea71b2,dueling_dqn,44,v1,sparse,155,2121,-10.0,0,19,0.808875226402265,0.06520254658780207,1122,True,False,True,2.8220495999994455
debug_algorithm_dueling_dqn_statev1_sparse_seed44_20261010_222751_694664_afea71b2,dueling_dqn,44,v1,sparse,156,2142,-10.0,0,21,0.8071782859894758,0.06657431255804286,1143,True,False,True,2.8696653000006336
debug_algorithm_dueling_dqn_statev1_sparse_seed44_20261010_222751_694664_afea71b2,dueling_dqn,44,v1,sparse,157,2159,-10.0,0,17,0.8058071801170735,0.04825596230597619,1160,True,False,True,2.9106740999995964
debug_algorithm_dueling_dqn_statev1_sparse_seed44_20261010_222751_694664_afea71b2,dueling_dqn,44,v1,sparse,158,2162,-10.0,0,3,0.8055654621364481,0.004721921946232517,1163,True,False,True,2.9155772000012803
debug_algorithm_dueling_dqn_statev1_sparse_seed44_20261010_222751_694664_afea71b2,dueling_dqn,44,v1,sparse,159,2173,-10.0,0,11,0.8046797830562106,0.09924873599613254,1174,True,False,True,2.9385129000002053
debug_algorithm_dueling_dqn_statev1_sparse_seed44_20261010_222751_694664_afea71b2,dueling_dqn,44,v1,sparse,160,2175,-10.0,0,2,0.8045188551463972,0.07458011666312814,1176,True,False,True,2.9424293999982183
debug_algorithm_dueling_dqn_statev1_sparse_seed44_20261010_222751_694664_afea71b2,dueling_dqn,44,v1,sparse,161,2219,0.0,1,44,0.8009865722879879,0.08575045547067103,1220,True,False,True,3.0293662999974913
debug_algorithm_dueling_dqn_statev1_sparse_seed44_20261010_222751_694664_afea71b2,dueling_dqn,44,v1,sparse,162,2222,-10.0,0,3,0.8007463003450978,0.10245613070825736,1223,True,False,True,3.0348674999986542
debug_algorithm_dueling_dqn_statev1_sparse_seed44_20261010_222751_694664_afea71b2,dueling_dqn,44,v1,sparse,163,2234,-10.0,0,12,0.7997859331011175,0.05327386901869128,1235,True,False,True,3.05909039999824
debug_algorithm_dueling_dqn_statev1_sparse_seed44_20261010_222751_694664_afea71b2,dueling_dqn,44,v1,sparse,164,2237,-10.0,0,3,0.7995460213139653,0.053520252307256065,1238,True,False,True,3.066817799997807
debug_algorithm_dueling_dqn_statev1_sparse_seed44_20261010_222751_694664_afea71b2,dueling_dqn,44,v1,sparse,165,2241,-10.0,0,4,0.799226250875003,0.006067632988560945,1242,True,False,True,3.073548699998355
debug_algorithm_dueling_dqn_statev1_sparse_seed44_20261010_222751_694664_afea71b2,dueling_dqn,44,v1,sparse,166,2267,-10.0,0,26,0.7971508580312495,0.05455618445277931,1268,True,False,True,3.129100899997866
debug_algorithm_dueling_dqn_statev1_sparse_seed44_20261010_222751_694664_afea71b2,dueling_dqn,44,v1,sparse,167,2291,-10.0,0,24,0.7952398944957562,0.07556966995859209,1292,True,False,True,3.195818899999722
debug_algorithm_dueling_dqn_statev1_sparse_seed44_20261010_222751_694664_afea71b2,dueling_dqn,44,v1,sparse,168,2294,-10.0,0,3,0.7950013463838091,0.010672710835933685,1295,True,False,True,3.2028694999971776
debug_algorithm_dueling_dqn_statev1_sparse_seed44_20261010_222751_694664_afea71b2,dueling_dqn,44,v1,sparse,169,2366,-10.0,0,72,0.7892976095920575,0.06250072188170937,1367,True,False,True,3.3846478999985266
debug_algorithm_dueling_dqn_statev1_sparse_seed44_20261010_222751_694664_afea71b2,dueling_dqn,44,v1,sparse,170,2370,-10.0,0,4,0.7889819379029201,0.04347626608796418,1371,True,False,True,3.3917220000003
debug_algorithm_dueling_dqn_statev1_sparse_seed44_20261010_222751_694664_afea71b2,dueling_dqn,44,v1,sparse,171,2394,0.0,1,24,0.7870905572460406,0.03617913441848941,1395,True,False,True,3.44761589999689
debug_algorithm_dueling_dqn_statev1_sparse_seed44_20261010_222751_694664_afea71b2,dueling_dqn,44,v1,sparse,172,2460,0.0,1,66,0.7819126067000634,0.07415922437653397,1461,True,False,True,3.591221199996653
debug_algorithm_dueling_dqn_statev1_sparse_seed44_20261010_222751_694664_afea71b2,dueling_dqn,44,v1,sparse,173,2461,-10.0,0,1,0.7818344154393934,0.11687460541725159,1462,True,False,True,3.5940253000007942
debug_algorithm_dueling_dqn_statev1_sparse_seed44_20261010_222751_694664_afea71b2,dueling_dqn,44,v1,sparse,174,2471,-10.0,0,10,0.7810529327556373,0.0075062783667817715,1472,True,False,True,3.6192886999997427
debug_algorithm_dueling_dqn_statev1_sparse_seed44_20261010_222751_694664_afea71b2,dueling_dqn,44,v1,sparse,175,2521,0.0,1,50,0.7771572206996192,0.06643603225238622,1522,True,False,True,3.752261499997985
debug_algorithm_dueling_dqn_statev1_sparse_seed44_20261010_222751_694664_afea71b2,dueling_dqn,44,v1,sparse,176,2537,-10.0,0,16,0.7759147013000982,0.051257104554679245,1538,True,False,True,3.7913024999943445
debug_algorithm_dueling_dqn_statev1_sparse_seed44_20261010_222751_694664_afea71b2,dueling_dqn,44,v1,sparse,177,2550,-10.0,0,13,0.7749066171800192,0.08252710866956757,1551,True,False,True,3.8291896999944584
debug_algorithm_dueling_dqn_statev1_sparse_seed44_20261010_222751_694664_afea71b2,dueling_dqn,44,v1,sparse,178,2576,-10.0,0,26,0.7728943764082579,0.058581461798614606,1577,True,False,True,3.8907896999953664
debug_algorithm_dueling_dqn_statev1_sparse_seed44_20261010_222751_694664_afea71b2,dueling_dqn,44,v1,sparse,179,2621,-10.0,0,45,0.7694239924128826,0.07012038467865851,1622,True,False,True,3.9943291999952635
debug_algorithm_dueling_dqn_statev1_sparse_seed44_20261010_222751_694664_afea71b2,dueling_dqn,44,v1,sparse,180,2674,-10.0,0,53,0.7653566299136922,0.05337707253770446,1675,True,False,True,4.102792499994393
debug_algorithm_dueling_dqn_statev1_sparse_seed44_20261010_222751_694664_afea71b2,dueling_dqn,44,v1,sparse,181,2683,-10.0,0,9,0.7646680844108765,0.08331696774500112,1684,True,False,True,4.121808099996997
debug_algorithm_dueling_dqn_statev1_sparse_seed44_20261010_222751_694664_afea71b2,dueling_dqn,44,v1,sparse,182,2685,-10.0,0,2,0.7645151584406752,0.21213453263044357,1686,True,False,True,4.1264515000002575
debug_algorithm_dueling_dqn_statev1_sparse_seed44_20261010_222751_694664_afea71b2,dueling_dqn,44,v1,sparse,183,2687,-10.0,0,2,0.7643622630541387,0.07693975674919784,1688,True,False,True,4.130638599999656
debug_algorithm_dueling_dqn_statev1_sparse_seed44_20261010_222751_694664_afea71b2,dueling_dqn,44,v1,sparse,184,2691,-10.0,0,4,0.7640565640075955,0.005568323453189805,1692,True,False,True,4.138974299996335
debug_algorithm_dueling_dqn_statev1_sparse_seed44_20261010_222751_694664_afea71b2,dueling_dqn,44,v1,sparse,185,2696,-10.0,0,5,0.7636746121236078,0.14054937660694122,1697,True,False,True,4.148848299999372
debug_algorithm_dueling_dqn_statev1_sparse_seed44_20261010_222751_694664_afea71b2,dueling_dqn,44,v1,sparse,186,2701,-10.0,0,5,0.763292851177371,0.052996280044317244,1702,True,False,True,4.161541800000123
debug_algorithm_dueling_dqn_statev1_sparse_seed44_20261010_222751_694664_afea71b2,dueling_dqn,44,v1,sparse,187,2724,10.0,2,23,0.7615392073994608,0.08422716783926538,1725,True,False,True,4.21102979999705
debug_algorithm_dueling_dqn_statev1_sparse_seed44_20261010_222751_694664_afea71b2,dueling_dqn,44,v1,sparse,188,2732,-10.0,0,8,0.7609301892218785,0.10237390326801687,1733,True,False,True,4.231330999995407
debug_algorithm_dueling_dqn_statev1_sparse_seed44_20261010_222751_694664_afea71b2,dueling_dqn,44,v1,sparse,189,2733,-10.0,0,1,0.7608540962029563,0.008764355443418026,1734,True,False,True,4.2342505999986315
debug_algorithm_dueling_dqn_statev1_sparse_seed44_20261010_222751_694664_afea71b2,dueling_dqn,44,v1,sparse,190,2740,-10.0,0,7,0.7603216580883472,0.08879303765882339,1741,True,False,True,4.254794000000402
debug_algorithm_dueling_dqn_statev1_sparse_seed44_20261010_222751_694664_afea71b2,dueling_dqn,44,v1,sparse,191,2747,-10.0,0,7,0.7597895925686249,0.10836302898158985,1748,True,False,True,4.2727116999958525
debug_algorithm_dueling_dqn_statev1_sparse_seed44_20261010_222751_694664_afea71b2,dueling_dqn,44,v1,sparse,192,2751,-10.0,0,4,0.7594857223159339,0.0737916249781847,1752,True,False,True,4.281990199997381
debug_algorithm_dueling_dqn_statev1_sparse_seed44_20261010_222751_694664_afea71b2,dueling_dqn,44,v1,sparse,193,2792,-10.0,0,41,0.7563780505489297,0.06836894814992642,1793,True,False,True,4.379326599999331
debug_algorithm_dueling_dqn_statev1_sparse_seed44_20261010_222751_694664_afea71b2,dueling_dqn,44,v1,sparse,194,2793,-10.0,0,1,0.7563024127438748,0.003154697362333536,1794,True,False,True,4.381916799997271
debug_algorithm_dueling_dqn_statev1_sparse_seed44_20261010_222751_694664_afea71b2,dueling_dqn,44,v1,sparse,195,2795,-10.0,0,2,0.7561511598243502,0.006464662961661816,1796,True,False,True,4.387599199995748
debug_algorithm_dueling_dqn_statev1_sparse_seed44_20261010_222751_694664_afea71b2,dueling_dqn,44,v1,sparse,196,2816,-10.0,0,21,0.7545648293009262,0.054679157378684194,1817,True,False,True,4.439504699999816
debug_algorithm_dueling_dqn_statev1_sparse_seed44_20261010_222751_694664_afea71b2,dueling_dqn,44,v1,sparse,197,2825,-10.0,0,9,0.75388599253452,0.08130154895803167,1826,True,False,True,4.460236499995517
debug_algorithm_dueling_dqn_statev1_sparse_seed44_20261010_222751_694664_afea71b2,dueling_dqn,44,v1,sparse,198,2842,0.0,1,17,0.7526054111196983,0.05567822765613742,1843,True,False,True,4.497346399999515
debug_algorithm_dueling_dqn_statev1_sparse_seed44_20261010_222751_694664_afea71b2,dueling_dqn,44,v1,sparse,199,2843,-10.0,0,1,0.7525301505785863,0.00498523423448205,1844,True,False,True,4.5001071999940905
debug_algorithm_dueling_dqn_statev1_sparse_seed44_20261010_222751_694664_afea71b2,dueling_dqn,44,v1,sparse,200,2844,-10.0,0,1,0.7524548975635285,0.14928041398525238,1845,True,False,True,4.50394779999624
debug_algorithm_dueling_dqn_statev1_sparse_seed44_20261010_222751_694664_afea71b2,dueling_dqn,44,v1,sparse,201,2875,-10.0,0,31,0.750125782916437,0.07568296327465965,1876,True,False,True,4.599903299997095
debug_algorithm_dueling_dqn_statev1_sparse_seed44_20261010_222751_694664_afea71b2,dueling_dqn,44,v1,sparse,202,2902,-10.0,0,27,0.7481030740512588,0.07618841877276147,1903,True,False,True,4.6659562999993796
debug_algorithm_dueling_dqn_statev1_sparse_seed44_20261010_222751_694664_afea71b2,dueling_dqn,44,v1,sparse,203,2904,-10.0,0,2,0.7479534609174793,0.07138906524050981,1905,True,False,True,4.670856799995818
debug_algorithm_dueling_dqn_statev1_sparse_seed44_20261010_222751_694664_afea71b2,dueling_dqn,44,v1,sparse,204,2912,-10.0,0,8,0.7473553075338344,0.058140695618931204,1913,True,False,True,4.689741999995022
debug_algorithm_dueling_dqn_statev1_sparse_seed44_20261010_222751_694664_afea71b2,dueling_dqn,44,v1,sparse,205,2920,0.0,1,8,0.7467576325054469,0.0962604372180067,1921,True,False,True,4.7071052999963285
debug_algorithm_dueling_dqn_statev1_sparse_seed44_20261010_222751_694664_afea71b2,dueling_dqn,44,v1,sparse,206,2944,0.0,1,24,0.7449674737278557,0.0495390526096647,1945,True,False,True,4.763929299995652
debug_algorithm_dueling_dqn_statev1_sparse_seed44_20261010_222751_694664_afea71b2,dueling_dqn,44,v1,sparse,207,2985,0.0,1,41,0.7419192078850414,0.0765142435571406,1986,True,False,True,4.863053499997477
debug_algorithm_dueling_dqn_statev1_sparse_seed44_20261010_222751_694664_afea71b2,dueling_dqn,44,v1,sparse,208,3017,0.0,1,32,0.7395487426618274,0.07290128725435352,2018,True,False,True,4.940949899995758
debug_algorithm_dueling_dqn_statev1_sparse_seed44_20261010_222751_694664_afea71b2,dueling_dqn,44,v1,sparse,209,3025,-10.0,0,8,0.7389573106999364,0.045051329652778804,2026,True,False,True,4.963070099998731
debug_algorithm_dueling_dqn_statev1_sparse_seed44_20261010_222751_694664_afea71b2,dueling_dqn,44,v1,sparse,210,3033,-10.0,0,8,0.738366351718047,0.09716160647803918,2034,True,False,True,4.98226739999518
debug_algorithm_dueling_dqn_statev1_sparse_seed44_20261010_222751_694664_afea71b2,dueling_dqn,44,v1,sparse,211,3035,-10.0,0,2,0.738218685831367,0.15121728740632534,2036,True,False,True,4.987201399999321
debug_algorithm_dueling_dqn_statev1_sparse_seed44_20261010_222751_694664_afea71b2,dueling_dqn,44,v1,sparse,212,3085,-10.0,0,50,0.7345366211290114,0.09813293430954217,2086,True,False,True,5.101940399996238
debug_algorithm_dueling_dqn_statev1_sparse_seed44_20261010_222751_694664_afea71b2,dueling_dqn,44,v1,sparse,213,3089,-10.0,0,4,0.7342428505498191,0.07947727059945464,2090,True,False,True,5.109331100000418
debug_algorithm_dueling_dqn_statev1_sparse_seed44_20261010_222751_694664_afea71b2,dueling_dqn,44,v1,sparse,214,3137,0.0,1,48,0.7307267544413448,0.08072275533534896,2138,True,False,True,5.215033000000403
debug_algorithm_dueling_dqn_statev1_sparse_seed44_20261010_222751_694664_afea71b2,dueling_dqn,44,v1,sparse,215,3147,0.0,1,10,0.7299963564262711,0.0621110743843019,2148,True,False,True,5.239421399994171
debug_algorithm_dueling_dqn_statev1_sparse_seed44_20261010_222751_694664_afea71b2,dueling_dqn,44,v1,sparse,216,3155,-10.0,0,8,0.7294125636992354,0.07697143708355725,2156,True,False,True,5.2569044999982
debug_algorithm_dueling_dqn_statev1_sparse_seed44_20261010_222751_694664_afea71b2,dueling_dqn,44,v1,sparse,217,3162,-10.0,0,7,0.7289021280557575,0.12747669858591898,2163,True,False,True,5.272791099996539
debug_algorithm_dueling_dqn_statev1_sparse_seed44_20261010_222751_694664_afea71b2,dueling_dqn,44,v1,sparse,218,3166,-10.0,0,4,0.7286106109357474,0.17389991087839007,2167,True,False,True,5.283674499994959
debug_algorithm_dueling_dqn_statev1_sparse_seed44_20261010_222751_694664_afea71b2,dueling_dqn,44,v1,sparse,219,3186,-10.0,0,20,0.7271547732437738,0.05749829214764759,2187,True,False,True,5.331640999997035
debug_algorithm_dueling_dqn_statev1_sparse_seed44_20261010_222751_694664_afea71b2,dueling_dqn,44,v1,sparse,220,3194,-10.0,0,8,0.7265732529877998,0.009300432109739631,2195,True,False,True,5.347329500000342
debug_algorithm_dueling_dqn_statev1_sparse_seed44_20261010_222751_694664_afea71b2,dueling_dqn,44,v1,sparse,221,3253,0.0,1,59,0.7222988788763931,0.08445622702523814,2254,True,False,True,5.4854879999984405
debug_algorithm_dueling_dqn_statev1_sparse_seed44_20261010_222751_694664_afea71b2,dueling_dqn,44,v1,sparse,222,3278,-10.0,0,25,0.720495296915465,0.10532732235267758,2279,True,False,True,5.553612199997588
debug_algorithm_dueling_dqn_statev1_sparse_seed44_20261010_222751_694664_afea71b2,dueling_dqn,44,v1,sparse,223,3302,0.0,1,24,0.7187680953123704,0.06018805119674653,2303,True,False,True,5.611370300000999
debug_algorithm_dueling_dqn_statev1_sparse_seed44_20261010_222751_694664_afea71b2,dueling_dqn,44,v1,sparse,224,3303,-10.0,0,1,0.7186962185028392,0.00945304799824953,2304,True,False,True,5.613122399998247
debug_algorithm_dueling_dqn_statev1_sparse_seed44_20261010_222751_694664_afea71b2,dueling_dqn,44,v1,sparse,225,3304,-10.0,0,1,0.7186243488809889,0.008120477199554443,2305,True,False,True,5.614771299995482
debug_algorithm_dueling_dqn_statev1_sparse_seed44_20261010_222751_694664_afea71b2,dueling_dqn,44,v1,sparse,226,3311,0.0,1,7,0.7181214627227361,0.07045079834227051,2312,True,False,True,5.634344400001282
debug_algorithm_dueling_dqn_statev1_sparse_seed44_20261010_222751_694664_afea71b2,dueling_dqn,44,v1,sparse,227,3312,-10.0,0,1,0.7180496505764639,0.005604858044534922,2313,True,False,True,5.63664389999758
debug_algorithm_dueling_dqn_statev1_sparse_seed44_20261010_222751_694664_afea71b2,dueling_dqn,44,v1,sparse,228,3330,-10.0,0,18,0.7167582592356826,0.05681173156739937,2331,True,False,True,5.682733099994948
debug_algorithm_dueling_dqn_statev1_sparse_seed44_20261010_222751_694664_afea71b2,dueling_dqn,44,v1,sparse,229,3362,-10.0,0,32,0.7144681843745495,0.0747623064162326,2363,True,False,True,5.766777899996669
debug_algorithm_dueling_dqn_statev1_sparse_seed44_20261010_222751_694664_afea71b2,dueling_dqn,44,v1,sparse,230,3408,10.0,2,46,0.7111890146381573,0.07714025629178176,2409,True,False,True,5.871464299998479
debug_algorithm_dueling_dqn_statev1_sparse_seed44_20261010_222751_694664_afea71b2,dueling_dqn,44,v1,sparse,231,3425,10.0,2,17,0.709980960046893,0.09778966390363433,2426,True,False,True,5.9105105999988155
debug_algorithm_dueling_dqn_statev1_sparse_seed44_20261010_222751_694664_afea71b2,dueling_dqn,44,v1,sparse,232,3454,0.0,1,29,0.70792489519287,0.08387042694436066,2455,True,False,True,5.986013299996557
debug_algorithm_dueling_dqn_statev1_sparse_seed44_20261010_222751_694664_afea71b2,dueling_dqn,44,v1,sparse,233,3528,0.0,1,74,0.7027053262106808,0.12845334770611008,2529,True,False,True,6.16151230000105
debug_algorithm_dueling_dqn_statev1_sparse_seed44_20261010_222751_694664_afea71b2,dueling_dqn,44,v1,sparse,234,3544,-10.0,0,16,0.701581840541748,0.1277152787806699,2545,True,False,True,6.198212700001022
debug_algorithm_dueling_dqn_statev1_sparse_seed44_20261010_222751_694664_afea71b2,dueling_dqn,44,v1,sparse,235,3547,-10.0,0,3,0.7013713870363392,0.240708256761233,2548,True,False,True,6.204734799997823
debug_algorithm_dueling_dqn_statev1_sparse_seed44_20261010_222751_694664_afea71b2,dueling_dqn,44,v1,sparse,236,3550,-10.0,0,3,0.7011609966606684,0.10656185789654653,2551,True,False,True,6.212103099998785
debug_algorithm_dueling_dqn_statev1_sparse_seed44_20261010_222751_694664_afea71b2,dueling_dqn,44,v1,sparse,237,3583,0.0,1,33,0.698850863679084,0.07951486282840822,2584,True,False,True,6.296615399995062
debug_algorithm_dueling_dqn_statev1_sparse_seed44_20261010_222751_694664_afea71b2,dueling_dqn,44,v1,sparse,238,3601,-10.0,0,18,0.6975940007962347,0.0618073272311853,2602,True,False,True,6.335226999995939
debug_algorithm_dueling_dqn_statev1_sparse_seed44_20261010_222751_694664_afea71b2,dueling_dqn,44,v1,sparse,239,3606,-10.0,0,5,0.6972452735482612,0.25502718091011045,2607,True,False,True,6.346249899994291
debug_algorithm_dueling_dqn_statev1_sparse_seed44_20261010_222751_694664_afea71b2,dueling_dqn,44,v1,sparse,240,3607,-10.0,0,1,0.6971755490209064,0.1494423896074295,2608,True,False,True,6.34836229999928
debug_algorithm_dueling_dqn_statev1_sparse_seed44_20261010_222751_694664_afea71b2,dueling_dqn,44,v1,sparse,241,3621,0.0,1,14,0.6962001374283248,0.045776796992868185,2622,True,False,True,6.383610199998657
debug_algorithm_dueling_dqn_statev1_sparse_seed44_20261010_222751_694664_afea71b2,dueling_dqn,44,v1,sparse,242,3647,0.0,1,26,0.694392277912378,0.10466390057431105,2648,True,False,True,6.441165699994599
debug_algorithm_dueling_dqn_statev1_sparse_seed44_20261010_222751_694664_afea71b2,dueling_dqn,44,v1,sparse,243,3649,-10.0,0,2,0.6942534064007183,0.07842849940061569,2650,True,False,True,6.447086100000888
debug_algorithm_dueling_dqn_statev1_sparse_seed44_20261010_222751_694664_afea71b2,dueling_dqn,44,v1,sparse,244,3673,0.0,1,24,0.6925891129603271,0.10736821898414443,2674,True,False,True,6.505333099994459
debug_algorithm_dueling_dqn_statev1_sparse_seed44_20261010_222751_694664_afea71b2,dueling_dqn,44,v1,sparse,245,3688,-10.0,0,15,0.691550956194422,0.08925317845617732,2689,True,False,True,6.540048799994111
debug_algorithm_dueling_dqn_statev1_sparse_seed44_20261010_222751_694664_afea71b2,dueling_dqn,44,v1,sparse,246,3691,-10.0,0,3,0.6913435116534008,0.10021806415170431,2692,True,False,True,6.547350299995742
debug_algorithm_dueling_dqn_statev1_sparse_seed44_20261010_222751_694664_afea71b2,dueling_dqn,44,v1,sparse,247,3692,-10.0,0,1,0.6912743773022355,0.13704518973827362,2693,True,False,True,6.549546099995496
debug_algorithm_dueling_dqn_statev1_sparse_seed44_20261010_222751_694664_afea71b2,dueling_dqn,44,v1,sparse,248,3700,-10.0,0,8,0.6907215513185129,0.06039550740388222,2701,True,False,True,6.568681799995829
debug_algorithm_dueling_dqn_statev1_sparse_seed44_20261010_222751_694664_afea71b2,dueling_dqn,44,v1,sparse,249,3717,-10.0,0,17,0.6895482635930549,0.10539521823418052,2718,True,False,True,6.606994800000393
debug_algorithm_dueling_dqn_statev1_sparse_seed44_20261010_222751_694664_afea71b2,dueling_dqn,44,v1,sparse,250,3746,0.0,1,29,0.6875513706766131,0.09928140103624299,2747,True,False,True,6.6780098999952315
debug_algorithm_dueling_dqn_statev1_sparse_seed44_20261010_222751_694664_afea71b2,dueling_dqn,44,v1,sparse,251,3769,-10.0,0,23,0.6859717408119801,0.08110057558540416,2770,True,False,True,6.73005259999627
debug_algorithm_dueling_dqn_statev1_sparse_seed44_20261010_222751_694664_afea71b2,dueling_dqn,44,v1,sparse,252,3784,-10.0,0,15,0.6849435031590669,0.13362350904693207,2785,True,False,True,6.766273499997624
debug_algorithm_dueling_dqn_statev1_sparse_seed44_20261010_222751_694664_afea71b2,dueling_dqn,44,v1,sparse,253,3820,10.0,2,36,0.6824820168052996,0.1300257299379963,2821,True,False,True,6.854907699998876
debug_algorithm_dueling_dqn_statev1_sparse_seed44_20261010_222751_694664_afea71b2,dueling_dqn,44,v1,sparse,254,3826,-10.0,0,6,0.6820726299538704,0.03341660904698074,2827,True,False,True,6.8699325999987195
debug_algorithm_dueling_dqn_statev1_sparse_seed44_20261010_222751_694664_afea71b2,dueling_dqn,44,v1,sparse,255,3841,10.0,2,15,0.6810502368749514,0.05625540983552734,2842,True,False,True,6.904055499995593
debug_algorithm_dueling_dqn_statev1_sparse_seed44_20261010_222751_694664_afea71b2,dueling_dqn,44,v1,sparse,256,3843,-10.0,0,2,0.6809140336380788,0.2819785848259926,2844,True,False,True,6.907920799996646
debug_algorithm_dueling_dqn_statev1_sparse_seed44_20261010_222751_694664_afea71b2,dueling_dqn,44,v1,sparse,257,3869,0.0,1,26,0.6791458683518703,0.09790419686872226,2870,True,False,True,6.962245599999733
debug_algorithm_dueling_dqn_statev1_sparse_seed44_20261010_222751_694664_afea71b2,dueling_dqn,44,v1,sparse,258,3886,-10.0,0,17,0.6779922435523955,0.08901111630942016,2887,True,False,True,6.997324399999343
debug_algorithm_dueling_dqn_statev1_sparse_seed44_20261010_222751_694664_afea71b2,dueling_dqn,44,v1,sparse,259,3942,0.0,1,56,0.6742059092999838,0.09407593955984339,2943,True,False,True,7.128719499996805
debug_algorithm_dueling_dqn_statev1_sparse_seed44_20261010_222751_694664_afea71b2,dueling_dqn,44,v1,sparse,260,3944,-10.0,0,2,0.6740710748601829,0.1404038667678833,2945,True,False,True,7.132446299998264
debug_algorithm_dueling_dqn_statev1_sparse_seed44_20261010_222751_694664_afea71b2,dueling_dqn,44,v1,sparse,261,3977,-10.0,0,33,0.6718501957334451,0.10905467686384465,2978,True,False,True,7.204600599994592
debug_algorithm_dueling_dqn_statev1_sparse_seed44_20261010_222751_694664_afea71b2,dueling_dqn,44,v1,sparse,262,3978,-10.0,0,1,0.6717830107138717,0.15004968643188477,2979,True,False,True,7.2068067000000156
debug_algorithm_dueling_dqn_statev1_sparse_seed44_20261010_222751_694664_afea71b2,dueling_dqn,44,v1,sparse,263,4000,-10.0,0,22,0.6703066388750015,0.12549820497886024,3001,True,False,True,7.252676500000234
debug_algorithm_dueling_dqn_statev1_sparse_seed44_20261010_222751_694664_afea71b2,dueling_dqn,44,v1,sparse,264,4030,10.0,2,30,0.6682986320726472,0.09154824546227852,3031,True,False,True,7.313568199999281
debug_algorithm_dueling_dqn_statev1_sparse_seed44_20261010_222751_694664_afea71b2,dueling_dqn,44,v1,sparse,265,4038,-10.0,0,8,0.667764180253186,0.09926569205708802,3039,True,False,True,7.333937399998831
debug_algorithm_dueling_dqn_statev1_sparse_seed44_20261010_222751_694664_afea71b2,dueling_dqn,44,v1,sparse,266,4047,-10.0,0,9,0.6671634328299793,0.10997605013350646,3048,True,False,True,7.353364299997338
debug_algorithm_dueling_dqn_statev1_sparse_seed44_20261010_222751_694664_afea71b2,dueling_dqn,44,v1,sparse,267,4052,-10.0,0,5,0.6668299178232362,0.09654751494526863,3053,True,False,True,7.365583699996932
debug_algorithm_dueling_dqn_statev1_sparse_seed44_20261010_222751_694664_afea71b2,dueling_dqn,44,v1,sparse,268,4065,-10.0,0,13,0.6659635588667363,0.16026324298805916,3066,True,False,True,7.394327699999849
debug_algorithm_dueling_dqn_statev1_sparse_seed44_20261010_222751_694664_afea71b2,dueling_dqn,44,v1,sparse,269,4076,-10.0,0,11,0.6652313651220781,0.09278469558127901,3077,True,False,True,7.417215199995553
debug_algorithm_dueling_dqn_statev1_sparse_seed44_20261010_222751_694664_afea71b2,dueling_dqn,44,v1,sparse,270,4108,0.0,1,32,0.6631059210041022,0.1189963071665261,3109,True,False,True,7.4968579999986105
debug_algorithm_dueling_dqn_statev1_sparse_seed44_20261010_222751_694664_afea71b2,dueling_dqn,44,v1,sparse,271,4161,20.0,3,53,0.6596005817078509,0.13783705276700686,3162,True,False,True,7.6155737999943085
debug_algorithm_dueling_dqn_statev1_sparse_seed44_20261010_222751_694664_afea71b2,dueling_dqn,44,v1,sparse,272,4244,10.0,2,83,0.654148282603729,0.11600532469126475,3245,True,False,True,7.817520500000683
debug_algorithm_dueling_dqn_statev1_sparse_seed44_20261010_222751_694664_afea71b2,dueling_dqn,44,v1,sparse,273,4254,-10.0,0,10,0.6534944286093685,0.12467747973278165,3255,True,False,True,7.8397750000003725
debug_algorithm_dueling_dqn_statev1_sparse_seed44_20261010_222751_694664_afea71b2,dueling_dqn,44,v1,sparse,274,4271,0.0,1,17,0.6523843763889348,0.13604374766788063,3272,True,False,True,7.878340299997944
debug_algorithm_dueling_dqn_statev1_sparse_seed44_20261010_222751_694664_afea71b2,dueling_dqn,44,v1,sparse,275,4277,-10.0,0,6,0.6519930436077113,0.15154848930736384,3278,True,False,True,7.89044819999981
debug_algorithm_dueling_dqn_statev1_sparse_seed44_20261010_222751_694664_afea71b2,dueling_dqn,44,v1,sparse,276,4302,-10.0,0,25,0.6503650154790633,0.14522499531507493,3303,True,False,True,7.949939499994798
debug_algorithm_dueling_dqn_statev1_sparse_seed44_20261010_222751_694664_afea71b2,dueling_dqn,44,v1,sparse,277,4308,-10.0,0,6,0.649974894011522,0.10663796107595165,3309,True,False,True,7.964328899994143
debug_algorithm_dueling_dqn_statev1_sparse_seed44_20261010_222751_694664_afea71b2,dueling_dqn,44,v1,sparse,278,4309,-10.0,0,1,0.6499098965221208,0.013007198460400105,3310,True,False,True,7.966611399999238
debug_algorithm_dueling_dqn_statev1_sparse_seed44_20261010_222751_694664_afea71b2,dueling_dqn,44,v1,sparse,279,4310,-10.0,0,1,0.6498449055324687,0.27636006474494934,3311,True,False,True,7.969301199998881
debug_algorithm_dueling_dqn_statev1_sparse_seed44_20261010_222751_694664_afea71b2,dueling_dqn,44,v1,sparse,280,4415,0.0,1,105,0.643056894046309,0.13339845594905672,3416,True,False,True,8.235615999998117
debug_algorithm_dueling_dqn_statev1_sparse_seed44_20261010_222751_694664_afea71b2,dueling_dqn,44,v1,sparse,281,4420,-10.0,0,5,0.642735429898545,0.2312268078327179,3421,True,False,True,8.247238699994341
debug_algorithm_dueling_dqn_statev1_sparse_seed44_20261010_222751_694664_afea71b2,dueling_dqn,44,v1,sparse,282,4476,20.0,3,56,0.6391459918236903,0.11034249878555004,3477,True,False,True,8.367041400000744
debug_algorithm_dueling_dqn_statev1_sparse_seed44_20261010_222751_694664_afea71b2,dueling_dqn,44,v1,sparse,283,4487,0.0,1,11,0.6384432826575418,0.2354481563988057,3488,True,False,True,8.392427799997677
debug_algorithm_dueling_dqn_statev1_sparse_seed44_20261010_222751_694664_afea71b2,dueling_dqn,44,v1,sparse,284,4518,10.0,2,31,0.6364670743747733,0.12424208175751471,3519,True,False,True,8.463442399995984
debug_algorithm_dueling_dqn_statev1_sparse_seed44_20261010_222751_694664_afea71b2,dueling_dqn,44,v1,sparse,285,4530,0.0,1,12,0.6357037338138014,0.056164311400304236,3531,True,False,True,8.493862799994531
debug_algorithm_dueling_dqn_statev1_sparse_seed44_20261010_222751_694664_afea71b2,dueling_dqn,44,v1,sparse,286,4533,-10.0,0,3,0.6355130417641337,0.10428997191290061,3534,True,False,True,8.500045499997213
debug_algorithm_dueling_dqn_statev1_sparse_seed44_20261010_222751_694664_afea71b2,dueling_dqn,44,v1,sparse,287,4590,20.0,3,57,0.6319007416441899,0.1409083799900193,3591,True,False,True,8.626977100000659
debug_algorithm_dueling_dqn_statev1_sparse_seed44_20261010_222751_694664_afea71b2,dueling_dqn,44,v1,sparse,288,4594,-10.0,0,4,0.6316480192590491,0.1477593604940921,3595,True,False,True,8.637917000000016
debug_algorithm_dueling_dqn_statev1_sparse_seed44_20261010_222751_694664_afea71b2,dueling_dqn,44,v1,sparse,289,4621,10.0,2,27,0.6299447848451347,0.11889572148383767,3622,True,False,True,8.703527799996664
debug_algorithm_dueling_dqn_statev1_sparse_seed44_20261010_222751_694664_afea71b2,dueling_dqn,44,v1,sparse,290,4622,-10.0,0,1,0.6298817903666503,0.014345381408929825,3623,True,False,True,8.705384399996547
debug_algorithm_dueling_dqn_statev1_sparse_seed44_20261010_222751_694664_afea71b2,dueling_dqn,44,v1,sparse,291,4642,-10.0,0,20,0.6286232228435585,0.13403136758133768,3643,True,False,True,8.74911720000091
debug_algorithm_dueling_dqn_statev1_sparse_seed44_20261010_222751_694664_afea71b2,dueling_dqn,44,v1,sparse,292,4645,-10.0,0,3,0.6284346547347734,0.26792676250139874,3646,True,False,True,8.7549027999994
debug_algorithm_dueling_dqn_statev1_sparse_seed44_20261010_222751_694664_afea71b2,dueling_dqn,44,v1,sparse,293,4664,0.0,1,19,0.6272417029053277,0.1601386617280935,3665,True,False,True,8.80034650000016
debug_algorithm_dueling_dqn_statev1_sparse_seed44_20261010_222751_694664_afea71b2,dueling_dqn,44,v1,sparse,294,4688,10.0,2,24,0.625738052736584,0.13648917937340835,3689,True,False,True,8.855657100000826
debug_algorithm_dueling_dqn_statev1_sparse_seed44_20261010_222751_694664_afea71b2,dueling_dqn,44,v1,sparse,295,4715,-10.0,0,27,0.6240507545055743,0.10326831956842432,3716,True,False,True,8.918422599999758
debug_algorithm_dueling_dqn_statev1_sparse_seed44_20261010_222751_694664_afea71b2,dueling_dqn,44,v1,sparse,296,4738,-10.0,0,23,0.6226170155139792,0.1700607780367136,3739,True,False,True,8.972342299995944
debug_algorithm_dueling_dqn_statev1_sparse_seed44_20261010_222751_694664_afea71b2,dueling_dqn,44,v1,sparse,297,4762,0.0,1,24,0.621124451840193,0.13186859688721597,3763,True,False,True,9.031349099997897
debug_algorithm_dueling_dqn_statev1_sparse_seed44_20261010_222751_694664_afea71b2,dueling_dqn,44,v1,sparse,298,4781,0.0,1,19,0.6199453769028804,0.17484915932934536,3782,True,False,True,9.070606699999189
debug_algorithm_dueling_dqn_statev1_sparse_seed44_20261010_222751_694664_afea71b2,dueling_dqn,44,v1,sparse,299,4783,-10.0,0,2,0.6198213940269536,0.22259404510259628,3784,True,False,True,9.07416430000012
debug_algorithm_dueling_dqn_statev1_sparse_seed44_20261010_222751_694664_afea71b2,dueling_dqn,44,v1,sparse,300,4784,-10.0,0,1,0.6197594118875509,0.1491495817899704,3785,True,False,True,9.07760729999427
debug_algorithm_dueling_dqn_statev1_sparse_seed44_20261010_222751_694664_afea71b2,dueling_dqn,44,v1,sparse,301,4798,-10.0,0,14,0.6188923124664429,0.11207442770579032,3799,True,False,True,9.123667799998657
debug_algorithm_dueling_dqn_statev1_sparse_seed44_20261010_222751_694664_afea71b2,dueling_dqn,44,v1,sparse,302,4799,-10.0,0,1,0.6188304232351963,0.2857372760772705,3800,True,False,True,9.127832099999068
debug_algorithm_dueling_dqn_statev1_sparse_seed44_20261010_222751_694664_afea71b2,dueling_dqn,44,v1,sparse,303,4814,-10.0,0,15,0.6179028270908045,0.1263588596135378,3815,True,False,True,9.164861699995527
debug_algorithm_dueling_dqn_statev1_sparse_seed44_20261010_222751_694664_afea71b2,dueling_dqn,44,v1,sparse,304,4815,-10.0,0,1,0.6178410368080954,0.033806540071964264,3816,True,False,True,9.16723649999767
debug_algorithm_dueling_dqn_statev1_sparse_seed44_20261010_222751_694664_afea71b2,dueling_dqn,44,v1,sparse,305,4834,-10.0,0,19,0.6166681947478846,0.12875720329190554,3835,True,False,True,9.211493700000574
debug_algorithm_dueling_dqn_statev1_sparse_seed44_20261010_222751_694664_afea71b2,dueling_dqn,44,v1,sparse,306,4836,-10.0,0,2,0.616544867275617,0.15083490312099457,3837,True,False,True,9.21537520000129
debug_algorithm_dueling_dqn_statev1_sparse_seed44_20261010_222751_694664_afea71b2,dueling_dqn,44,v1,sparse,307,4865,-10.0,0,29,0.6147593880812877,0.12490546613417823,3866,True,False,True,9.284067299995513
debug_algorithm_dueling_dqn_statev1_sparse_seed44_20261010_222751_694664_afea71b2,dueling_dqn,44,v1,sparse,308,4899,0.0,1,34,0.6126726512861078,0.16346986394594698,3900,True,False,True,9.3661523999981
debug_algorithm_dueling_dqn_statev1_sparse_seed44_20261010_222751_694664_afea71b2,dueling_dqn,44,v1,sparse,309,4903,-10.0,0,4,0.6124276189835018,0.1172714401036501,3904,True,False,True,9.373745099997905
debug_algorithm_dueling_dqn_statev1_sparse_seed44_20261010_222751_694664_afea71b2,dueling_dqn,44,v1,sparse,310,4907,-10.0,0,4,0.6121826846791161,0.11516119400039315,3908,True,False,True,9.385254399996484
debug_algorithm_dueling_dqn_statev1_sparse_seed44_20261010_222751_694664_afea71b2,dueling_dqn,44,v1,sparse,311,4916,-10.0,0,9,0.6116319405972557,0.15030273401902783,3917,True,False,True,9.406730999995489
debug_algorithm_dueling_dqn_statev1_sparse_seed44_20261010_222751_694664_afea71b2,dueling_dqn,44,v1,sparse,312,4919,-10.0,0,3,0.6114484693634231,0.10213576784978311,3920,True,False,True,9.4134195000006
debug_algorithm_dueling_dqn_statev1_sparse_seed44_20261010_222751_694664_afea71b2,dueling_dqn,44,v1,sparse,313,4921,-10.0,0,2,0.6113261857840352,0.0836373083293438,3922,True,False,True,9.41718939999555
debug_algorithm_dueling_dqn_statev1_sparse_seed44_20261010_222751_694664_afea71b2,dueling_dqn,44,v1,sparse,314,4941,0.0,1,20,0.6101046942356045,0.15502420864067973,3942,True,False,True,9.46521170000051
debug_algorithm_dueling_dqn_statev1_sparse_seed44_20261010_222751_694664_afea71b2,dueling_dqn,44,v1,sparse,315,4990,10.0,2,49,0.6071223448374007,0.1599071387543666,3991,True,False,True,9.571293599998171
debug_algorithm_dueling_dqn_statev1_sparse_seed44_20261010_222751_694664_afea71b2,dueling_dqn,44,v1,sparse,316,5014,-10.0,0,24,0.6056669256392918,0.17216501322885355,4015,True,False,True,9.621647199994186
debug_algorithm_dueling_dqn_statev1_sparse_seed44_20261010_222751_694664_afea71b2,dueling_dqn,44,v1,sparse,317,5035,-10.0,0,21,0.6043962961908182,0.13498900094557376,4036,True,False,True,9.6717348999955
debug_algorithm_dueling_dqn_statev1_sparse_seed44_20261010_222751_694664_afea71b2,dueling_dqn,44,v1,sparse,318,5037,-10.0,0,2,0.604275422975543,0.16665119864046574,4038,True,False,True,9.677234099995985
debug_algorithm_dueling_dqn_statev1_sparse_seed44_20261010_222751_694664_afea71b2,dueling_dqn,44,v1,sparse,319,5052,-10.0,0,15,0.6033696440554112,0.19569438472390174,4053,True,False,True,9.713036900000589
debug_algorithm_dueling_dqn_statev1_sparse_seed44_20261010_222751_694664_afea71b2,dueling_dqn,44,v1,sparse,320,5056,-10.0,0,4,0.6031283323975543,0.32492490112781525,4057,True,False,True,9.721367300000566
debug_algorithm_dueling_dqn_statev1_sparse_seed44_20261010_222751_694664_afea71b2,dueling_dqn,44,v1,sparse,321,5066,-10.0,0,10,0.6025254754005435,0.17211614958941937,4067,True,False,True,9.748352800001157
debug_algorithm_dueling_dqn_statev1_sparse_seed44_20261010_222751_694664_afea71b2,dueling_dqn,44,v1,sparse,322,5084,-10.0,0,18,0.6014418509173235,0.16309742288043103,4085,True,False,True,9.78905659999873
debug_algorithm_dueling_dqn_statev1_sparse_seed44_20261010_222751_694664_afea71b2,dueling_dqn,44,v1,sparse,323,5129,20.0,3,45,0.598741308337014,0.1767440788861778,4130,True,False,True,9.889172999995935
debug_algorithm_dueling_dqn_statev1_sparse_seed44_20261010_222751_694664_afea71b2,dueling_dqn,44,v1,sparse,324,5194,10.0,2,65,0.5948619175395045,0.1677219390296019,4195,True,False,True,10.040465799997037
debug_algorithm_dueling_dqn_statev1_sparse_seed44_20261010_222751_694664_afea71b2,dueling_dqn,44,v1,sparse,325,5210,-10.0,0,16,0.593910851972728,0.14401151856873184,4211,True,False,True,10.079633299996203
debug_algorithm_dueling_dqn_statev1_sparse_seed44_20261010_222751_694664_afea71b2,dueling_dqn,44,v1,sparse,326,5214,-10.0,0,4,0.5936733232642145,0.11043648328632116,4215,True,False,True,10.095644000000902
debug_algorithm_dueling_dqn_statev1_sparse_seed44_20261010_222751_694664_afea71b2,dueling_dqn,44,v1,sparse,327,5233,-10.0,0,19,0.592546358556356,0.15792074456418814,4234,True,False,True,10.145933499996318
debug_algorithm_dueling_dqn_statev1_sparse_seed44_20261010_222751_694664_afea71b2,dueling_dqn,44,v1,sparse,328,5261,0.0,1,28,0.5908894666376643,0.13907166510554297,4262,True,False,True,10.21290769999905
debug_algorithm_dueling_dqn_statev1_sparse_seed44_20261010_222751_694664_afea71b2,dueling_dqn,44,v1,sparse,329,5294,0.0,1,33,0.5889426480726674,0.1810136316626361,4295,True,False,True,10.285410399999819
debug_algorithm_dueling_dqn_statev1_sparse_seed44_20261010_222751_694664_afea71b2,dueling_dqn,44,v1,sparse,330,5302,-10.0,0,8,0.5884716588251742,0.14699912397190928,4303,True,False,True,10.304285199999867
debug_algorithm_dueling_dqn_statev1_sparse_seed44_20261010_222751_694664_afea71b2,dueling_dqn,44,v1,sparse,331,5338,10.0,2,36,0.586356864026631,0.178739115388857,4339,True,False,True,10.382593599999382
debug_algorithm_dueling_dqn_statev1_sparse_seed44_20261010_222751_694664_afea71b2,dueling_dqn,44,v1,sparse,332,5342,-10.0,0,4,0.5861223564600869,0.12257921835407615,4343,True,False,True,10.391851899999892
debug_algorithm_dueling_dqn_statev1_sparse_seed44_20261010_222751_694664_afea71b2,dueling_dqn,44,v1,sparse,333,5370,10.0,2,28,0.5844834274855691,0.18554222796644484,4371,True,False,True,10.467238099998212
debug_algorithm_dueling_dqn_statev1_sparse_seed44_20261010_222751_694664_afea71b2,dueling_dqn,44,v1,sparse,334,5409,0.0,1,39,0.5822082678037833,0.1900213283415024,4410,True,False,True,10.552773399998841
debug_algorithm_dueling_dqn_statev1_sparse_seed44_20261010_222751_694664_afea71b2,dueling_dqn,44,v1,sparse,335,5415,-10.0,0,6,0.5818590301626979,0.17104268384476504,4416,True,False,True,10.570144099998288
debug_algorithm_dueling_dqn_statev1_sparse_seed44_20261010_222751_694664_afea71b2,dueling_dqn,44,v1,sparse,336,5461,10.0,2,46,0.5791884920417791,0.15082211444235366,4462,True,False,True,10.684651499999745
debug_algorithm_dueling_dqn_statev1_sparse_seed44_20261010_222751_694664_afea71b2,dueling_dqn,44,v1,sparse,337,5463,-10.0,0,2,0.5790726601352557,0.151393823325634,4464,True,False,True,10.689226399998006
debug_algorithm_dueling_dqn_statev1_sparse_seed44_20261010_222751_694664_afea71b2,dueling_dqn,44,v1,sparse,338,5477,-10.0,0,14,0.5782624851564626,0.17852315599364893,4478,True,False,True,10.719044899997243
debug_algorithm_dueling_dqn_statev1_sparse_seed44_20261010_222751_694664_afea71b2,dueling_dqn,44,v1,sparse,339,5517,0.0,1,40,0.5759539399552686,0.1467371161095798,4518,True,False,True,10.806763900000078
debug_algorithm_dueling_dqn_statev1_sparse_seed44_20261010_222751_694664_afea71b2,dueling_dqn,44,v1,sparse,340,5530,0.0,1,13,0.5752056489127182,0.12219549128069328,4531,True,False,True,10.838146299996879
debug_algorithm_dueling_dqn_statev1_sparse_seed44_20261010_222751_694664_afea71b2,dueling_dqn,44,v1,sparse,341,5555,10.0,2,25,0.5737693590851376,0.16816857464611532,4556,True,False,True,10.896840900000825
debug_algorithm_dueling_dqn_statev1_sparse_seed44_20261010_222751_694664_afea71b2,dueling_dqn,44,v1,sparse,342,5562,-10.0,0,7,0.5733678410052635,0.17595034917550428,4563,True,False,True,10.91452019999997
debug_algorithm_dueling_dqn_statev1_sparse_seed44_20261010_222751_694664_afea71b2,dueling_dqn,44,v1,sparse,343,5603,0.0,1,41,0.5710217283671395,0.1884753311098349,4604,True,False,True,11.00595799999428
debug_algorithm_dueling_dqn_statev1_sparse_seed44_20261010_222751_694664_afea71b2,dueling_dqn,44,v1,sparse,344,5628,-10.0,0,25,0.5695958857987791,0.17188275776803494,4629,True,False,True,11.062789699994028
debug_algorithm_dueling_dqn_statev1_sparse_seed44_20261010_222751_694664_afea71b2,dueling_dqn,44,v1,sparse,345,5638,-10.0,0,10,0.5690265461627894,0.16473704427480698,4639,True,False,True,11.083463499999198
debug_algorithm_dueling_dqn_statev1_sparse_seed44_20261010_222751_694664_afea71b2,dueling_dqn,44,v1,sparse,346,5699,20.0,3,61,0.5655658769673878,0.16184790688948553,4700,True,False,True,11.232602699994459
debug_algorithm_dueling_dqn_statev1_sparse_seed44_20261010_222751_694664_afea71b2,dueling_dqn,44,v1,sparse,347,5706,-10.0,0,7,0.565170099602552,0.10903626786811012,4707,True,False,True,11.249240099998133
debug_algorithm_dueling_dqn_statev1_sparse_seed44_20261010_222751_694664_afea71b2,dueling_dqn,44,v1,sparse,348,5711,0.0,1,5,0.5648875710641094,0.20879889503121377,4712,True,False,True,11.260886699994444
debug_algorithm_dueling_dqn_statev1_sparse_seed44_20261010_222751_694664_afea71b2,dueling_dqn,44,v1,sparse,349,5715,-10.0,0,4,0.5646616499266786,0.1844646343961358,4716,True,False,True,11.269869899995683
debug_algorithm_dueling_dqn_statev1_sparse_seed44_20261010_222751_694664_afea71b2,dueling_dqn,44,v1,sparse,350,5771,10.0,2,56,0.5615082248447955,0.2125665149984083,4772,True,False,True,11.396774099994218
debug_algorithm_dueling_dqn_statev1_sparse_seed44_20261010_222751_694664_afea71b2,dueling_dqn,44,v1,sparse,351,5852,30.0,4,81,0.5569781532754333,0.1849360359073789,4853,True,False,True,11.5848371999964
debug_algorithm_dueling_dqn_statev1_sparse_seed44_20261010_222751_694664_afea71b2,dueling_dqn,44,v1,sparse,352,5883,10.0,2,31,0.5552541084468271,0.19852296142808853,4884,True,False,True,11.663359599995601
debug_algorithm_dueling_dqn_statev1_sparse_seed44_20261010_222751_694664_afea71b2,dueling_dqn,44,v1,sparse,353,5893,0.0,1,10,0.5546991041361105,0.19283582158386708,4894,True,False,True,11.686490399995819
debug_algorithm_dueling_dqn_statev1_sparse_seed44_20261010_222751_694664_afea71b2,dueling_dqn,44,v1,sparse,354,5900,-10.0,0,7,0.5543109312306146,0.1676516830921173,4901,True,False,True,11.702011599998514
debug_algorithm_dueling_dqn_statev1_sparse_seed44_20261010_222751_694664_afea71b2,dueling_dqn,44,v1,sparse,355,5917,0.0,1,17,0.5533693561335897,0.18526140710010247,4918,True,False,True,11.7381189000007
debug_algorithm_dueling_dqn_statev1_sparse_seed44_20261010_222751_694664_afea71b2,dueling_dqn,44,v1,sparse,356,5960,0.0,1,43,0.550994858005194,0.22817486758495487,4961,True,False,True,11.828861499998311
debug_algorithm_dueling_dqn_statev1_sparse_seed44_20261010_222751_694664_afea71b2,dueling_dqn,44,v1,sparse,357,5980,0.0,1,20,0.5498939145515465,0.18627504175528883,4981,True,False,True,11.87328219999472
debug_algorithm_dueling_dqn_statev1_sparse_seed44_20261010_222751_694664_afea71b2,dueling_dqn,44,v1,sparse,358,6015,10.0,2,35,0.5479725541232295,0.17690301287387097,5016,True,False,True,11.946312299995043
debug_algorithm_dueling_dqn_statev1_sparse_seed44_20261010_222751_694664_afea71b2,dueling_dqn,44,v1,sparse,359,6027,-10.0,0,12,0.5473153485996405,0.1171875015522043,5028,True,False,True,11.973202099994523
debug_algorithm_dueling_dqn_statev1_sparse_seed44_20261010_222751_694664_afea71b2,dueling_dqn,44,v1,sparse,360,6047,0.0,1,20,0.5462217571779295,0.1891493871808052,5048,True,False,True,12.016693999998097
debug_algorithm_dueling_dqn_statev1_sparse_seed44_20261010_222751_694664_afea71b2,dueling_dqn,44,v1,sparse,361,6105,30.0,4,58,0.5430626832008747,0.19798924908812704,5106,True,False,True,12.142391900000803
debug_algorithm_dueling_dqn_statev1_sparse_seed44_20261010_222751_694664_afea71b2,dueling_dqn,44,v1,sparse,362,6106,-10.0,0,1,0.5430083769325547,0.05789190158247948,5107,True,False,True,12.144687299994985
debug_algorithm_dueling_dqn_statev1_sparse_seed44_20261010_222751_694664_afea71b2,dueling_dqn,44,v1,sparse,363,6151,10.0,2,45,0.5405702073220855,0.20552102915114825,5152,True,False,True,12.251655799998844
debug_algorithm_dueling_dqn_statev1_sparse_seed44_20261010_222751_694664_afea71b2,dueling_dqn,44,v1,sparse,364,6159,-10.0,0,8,0.5401379024856178,0.16173971304669976,5160,True,False,True,12.273166099999798
debug_algorithm_dueling_dqn_statev1_sparse_seed44_20261010_222751_694664_afea71b2,dueling_dqn,44,v1,sparse,365,6211,0.0,1,52,0.5373363356988412,0.20116596817612076,5212,True,False,True,12.39592659999471
debug_algorithm_dueling_dqn_statev1_sparse_seed44_20261010_222751_694664_afea71b2,dueling_dqn,44,v1,sparse,366,6283,20.0,3,72,0.5334812164070168,0.1855429095060875,5284,True,False,True,12.566103599994676
debug_algorithm_dueling_dqn_statev1_sparse_seed44_20261010_222751_694664_afea71b2,dueling_dqn,44,v1,sparse,367,6311,10.0,2,28,0.5319894838134828,0.18033883135233605,5312,True,False,True,12.631563499999174
debug_algorithm_dueling_dqn_statev1_sparse_seed44_20261010_222751_694664_afea71b2,dueling_dqn,44,v1,sparse,368,6327,-10.0,0,16,0.5311389387289445,0.19380447769071907,5328,True,False,True,12.666012800000317
debug_algorithm_dueling_dqn_statev1_sparse_seed44_20261010_222751_694664_afea71b2,dueling_dqn,44,v1,sparse,369,6344,0.0,1,17,0.5302367245210139,0.1791842931552845,5345,True,False,True,12.707684099994367
debug_algorithm_dueling_dqn_statev1_sparse_seed44_20261010_222751_694664_afea71b2,dueling_dqn,44,v1,sparse,370,6381,10.0,2,37,0.5282783759004321,0.21607455419930252,5382,True,False,True,12.796804499994323
debug_algorithm_dueling_dqn_statev1_sparse_seed44_20261010_222751_694664_afea71b2,dueling_dqn,44,v1,sparse,371,6386,-10.0,0,5,0.5280142895350369,0.10280796363949776,5387,True,False,True,12.810153200000059
debug_algorithm_dueling_dqn_statev1_sparse_seed44_20261010_222751_694664_afea71b2,dueling_dqn,44,v1,sparse,372,6393,-10.0,0,7,0.5276447903968846,0.24431748688220978,5394,True,False,True,12.82324890000018
debug_algorithm_dueling_dqn_statev1_sparse_seed44_20261010_222751_694664_afea71b2,dueling_dqn,44,v1,sparse,373,6417,0.0,1,24,0.5263798981321611,0.2120981439948082,5418,True,False,True,12.880185999994865
debug_algorithm_dueling_dqn_statev1_sparse_seed44_20261010_222751_694664_afea71b2,dueling_dqn,44,v1,sparse,374,6420,-10.0,0,3,0.5262219999535921,0.15915988882382712,5421,True,False,True,12.88585709999461
debug_algorithm_dueling_dqn_statev1_sparse_seed44_20261010_222751_694664_afea71b2,dueling_dqn,44,v1,sparse,375,6431,-10.0,0,11,0.5256434450889338,0.19159277630123225,5432,True,False,True,12.909145799996622
debug_algorithm_dueling_dqn_statev1_sparse_seed44_20261010_222751_694664_afea71b2,dueling_dqn,44,v1,sparse,376,6446,0.0,1,15,0.5248555316078217,0.2529486452539762,5447,True,False,True,12.941546299996844
debug_algorithm_dueling_dqn_statev1_sparse_seed44_20261010_222751_694664_afea71b2,dueling_dqn,44,v1,sparse,377,6462,-10.0,0,16,0.5240163922900636,0.19417899730615318,5463,True,False,True,12.974053599995386
debug_algorithm_dueling_dqn_statev1_sparse_seed44_20261010_222751_694664_afea71b2,dueling_dqn,44,v1,sparse,378,6464,-10.0,0,2,0.5239115942517695,0.10383645631372929,5465,True,False,True,12.97941549999814
debug_algorithm_dueling_dqn_statev1_sparse_seed44_20261010_222751_694664_afea71b2,dueling_dqn,44,v1,sparse,379,6486,0.0,1,22,0.5227601981737576,0.19447019035843285,5487,True,False,True,13.032155399996554
debug_algorithm_dueling_dqn_statev1_sparse_seed44_20261010_222751_694664_afea71b2,dueling_dqn,44,v1,sparse,380,6523,10.0,2,37,0.5208294629650384,0.2435607415800159,5524,True,False,True,13.112693799994304
debug_algorithm_dueling_dqn_statev1_sparse_seed44_20261010_222751_694664_afea71b2,dueling_dqn,44,v1,sparse,381,6531,0.0,1,8,0.5204129451977533,0.23937510792165995,5532,True,False,True,13.127851999997802
debug_algorithm_dueling_dqn_statev1_sparse_seed44_20261010_222751_694664_afea71b2,dueling_dqn,44,v1,sparse,382,6536,-10.0,0,5,0.5201527907612452,0.11944246515631676,5537,True,False,True,13.137445199994545
debug_algorithm_dueling_dqn_statev1_sparse_seed44_20261010_222751_694664_afea71b2,dueling_dqn,44,v1,sparse,383,6590,50.0,6,54,0.517351396192134,0.195096707040513,5591,True,False,True,13.258469499996863
debug_algorithm_dueling_dqn_statev1_sparse_seed44_20261010_222751_694664_afea71b2,dueling_dqn,44,v1,sparse,384,6592,-10.0,0,2,0.5172479310864095,0.2874368578195572,5593,True,False,True,13.265992599997844
debug_algorithm_dueling_dqn_statev1_sparse_seed44_20261010_222751_694664_afea71b2,dueling_dqn,44,v1,sparse,385,6597,-10.0,0,5,0.5169893588404872,0.16752244532108307,5598,True,False,True,13.277279899994028
debug_algorithm_dueling_dqn_statev1_sparse_seed44_20261010_222751_694664_afea71b2,dueling_dqn,44,v1,sparse,386,6598,-10.0,0,1,0.5169376599046032,0.14678546786308289,5599,True,False,True,13.27942549999716
debug_algorithm_dueling_dqn_statev1_sparse_seed44_20261010_222751_694664_afea71b2,dueling_dqn,44,v1,sparse,387,6604,0.0,1,6,0.5166275748389714,0.18250210459033647,5605,True,False,True,13.292149799999606
debug_algorithm_dueling_dqn_statev1_sparse_seed44_20261010_222751_694664_afea71b2,dueling_dqn,44,v1,sparse,388,6672,30.0,4,68,0.5131262502569336,0.23330760363708525,5673,True,False,True,13.45264359999419
debug_algorithm_dueling_dqn_statev1_sparse_seed44_20261010_222751_694664_afea71b2,dueling_dqn,44,v1,sparse,389,6682,-10.0,0,10,0.512613354851925,0.24618849754333497,5683,True,False,True,13.47380929999781
debug_algorithm_dueling_dqn_statev1_sparse_seed44_20261010_222751_694664_afea71b2,dueling_dqn,44,v1,sparse,390,6690,-10.0,0,8,0.5122034076710801,0.17816629353910685,5691,True,False,True,13.489524799995706
debug_algorithm_dueling_dqn_statev1_sparse_seed44_20261010_222751_694664_afea71b2,dueling_dqn,44,v1,sparse,391,6696,-10.0,0,6,0.5118961624467452,0.3153142308195432,5697,True,False,True,13.50181750000047
debug_algorithm_dueling_dqn_statev1_sparse_seed44_20261010_222751_694664_afea71b2,dueling_dqn,44,v1,sparse,392,6710,0.0,1,14,0.5111799734585485,0.22944829519838095,5711,True,False,True,13.527068299998064
debug_algorithm_dueling_dqn_statev1_sparse_seed44_20261010_222751_694664_afea71b2,dueling_dqn,44,v1,sparse,393,6715,-10.0,0,5,0.510924434584705,0.12837403640151024,5716,True,False,True,13.541160099994158
debug_algorithm_dueling_dqn_statev1_sparse_seed44_20261010_222751_694664_afea71b2,dueling_dqn,44,v1,sparse,394,6719,-10.0,0,4,0.5107200954642936,0.26019690930843353,5720,True,False,True,13.549612099996011
debug_algorithm_dueling_dqn_statev1_sparse_seed44_20261010_222751_694664_afea71b2,dueling_dqn,44,v1,sparse,395,6725,-10.0,0,6,0.5104137400048158,0.23847148939967155,5726,True,False,True,13.5612054000012
debug_algorithm_dueling_dqn_statev1_sparse_seed44_20261010_222751_694664_afea71b2,dueling_dqn,44,v1,sparse,396,6735,0.0,1,10,0.5099035558897553,0.17207120191305875,5736,True,False,True,13.580975699995179
debug_algorithm_dueling_dqn_statev1_sparse_seed44_20261010_222751_694664_afea71b2,dueling_dqn,44,v1,sparse,397,6753,0.0,1,18,0.508986509225669,0.26471215817663407,5754,True,False,True,13.625699099997291
debug_algorithm_dueling_dqn_statev1_sparse_seed44_20261010_222751_694664_afea71b2,dueling_dqn,44,v1,sparse,398,6774,0.0,1,21,0.507918705751317,0.2472677096901905,5775,True,False,True,13.675582199997734
debug_algorithm_dueling_dqn_statev1_sparse_seed44_20261010_222751_694664_afea71b2,dueling_dqn,44,v1,sparse,399,6785,-10.0,0,11,0.5073602744464892,0.20999920469793407,5786,True,False,True,13.704332699999213
debug_algorithm_dueling_dqn_statev1_sparse_seed44_20261010_222751_694664_afea71b2,dueling_dqn,44,v1,sparse,400,6792,-10.0,0,7,0.5070052287822785,0.24053151373352324,5793,True,False,True,13.720578899999964
debug_algorithm_dueling_dqn_statev1_sparse_seed44_20261010_222751_694664_afea71b2,dueling_dqn,44,v1,sparse,401,6803,0.0,1,11,0.5064478017998547,0.1964097639376467,5804,True,False,True,13.755626899997878
debug_algorithm_dueling_dqn_statev1_sparse_seed44_20261010_222751_694664_afea71b2,dueling_dqn,44,v1,sparse,402,6827,0.0,1,24,0.5052337238469558,0.1929134715658923,5828,True,False,True,13.815662299995893
debug_algorithm_dueling_dqn_statev1_sparse_seed44_20261010_222751_694664_afea71b2,dueling_dqn,44,v1,sparse,403,6905,50.0,6,78,0.5013080346054776,0.19058427983560625,5906,True,False,True,14.023980699996173
debug_algorithm_dueling_dqn_statev1_sparse_seed44_20261010_222751_694664_afea71b2,dueling_dqn,44,v1,sparse,404,6914,-10.0,0,9,0.5008570378031215,0.22670111391279432,5915,True,False,True,14.051073800001177
debug_algorithm_dueling_dqn_statev1_sparse_seed44_20261010_222751_694664_afea71b2,dueling_dqn,44,v1,sparse,405,6930,10.0,2,16,0.5000562672906931,0.1921155860181898,5931,True,False,True,14.089861000000383
debug_algorithm_dueling_dqn_statev1_sparse_seed44_20261010_222751_694664_afea71b2,dueling_dqn,44,v1,sparse,406,6952,0.0,1,22,0.4989572978629102,0.20674635842442513,5953,True,False,True,14.141059199995652
debug_algorithm_dueling_dqn_statev1_sparse_seed44_20261010_222751_694664_afea71b2,dueling_dqn,44,v1,sparse,407,6969,10.0,2,17,0.49810974869929603,0.22058416486662977,5970,True,False,True,14.177369699995324
debug_algorithm_dueling_dqn_statev1_sparse_seed44_20261010_222751_694664_afea71b2,dueling_dqn,44,v1,sparse,408,6988,-10.0,0,19,0.4971641914619625,0.27206358646875933,5989,True,False,True,14.2171956999955
debug_algorithm_dueling_dqn_statev1_sparse_seed44_20261010_222751_694664_afea71b2,dueling_dqn,44,v1,sparse,409,6994,0.0,1,6,0.49686596751177153,0.191071975355347,5995,True,False,True,14.228178299999854
debug_algorithm_dueling_dqn_statev1_sparse_seed44_20261010_222751_694664_afea71b2,dueling_dqn,44,v1,sparse,410,6995,-10.0,0,1,0.49681628091502034,0.12663692235946655,5996,True,False,True,14.230161200001021
debug_algorithm_dueling_dqn_statev1_sparse_seed44_20261010_222751_694664_afea71b2,dueling_dqn,44,v1,sparse,411,7004,-10.0,0,9,0.4963693250743316,0.22922486066818237,6005,True,False,True,14.25028459999885
debug_algorithm_dueling_dqn_statev1_sparse_seed44_20261010_222751_694664_afea71b2,dueling_dqn,44,v1,sparse,412,7021,0.0,1,17,0.4955261719465744,0.2922600967919125,6022,True,False,True,14.287701900000684
debug_algorithm_dueling_dqn_statev1_sparse_seed44_20261010_222751_694664_afea71b2,dueling_dqn,44,v1,sparse,413,7028,0.0,1,7,0.49517940766936624,0.2172755024262837,6029,True,False,True,14.302498099998047
debug_algorithm_dueling_dqn_statev1_sparse_seed44_20261010_222751_694664_afea71b2,dueling_dqn,44,v1,sparse,414,7045,10.0,2,17,0.4943382757837186,0.2515229468836504,6046,True,False,True,14.336987099995895
debug_algorithm_dueling_dqn_statev1_sparse_seed44_20261010_222751_694664_afea71b2,dueling_dqn,44,v1,sparse,415,7094,30.0,4,49,0.491921822553278,0.24722567010594873,6095,True,False,True,14.465765799999645
debug_algorithm_dueling_dqn_statev1_sparse_seed44_20261010_222751_694664_afea71b2,dueling_dqn,44,v1,sparse,416,7095,-10.0,0,1,0.4918726303710227,0.3150172829627991,6096,True,False,True,14.469994799997949
debug_algorithm_dueling_dqn_statev1_sparse_seed44_20261010_222751_694664_afea71b2,dueling_dqn,44,v1,sparse,417,7111,-10.0,0,16,0.4910862241342265,0.3419098735321313,6112,True,False,True,14.51220949999697
debug_algorithm_dueling_dqn_statev1_sparse_seed44_20261010_222751_694664_afea71b2,dueling_dqn,44,v1,sparse,418,7117,-10.0,0,6,0.4907916460528586,0.3940385530392329,6118,True,False,True,14.526299099998141
debug_algorithm_dueling_dqn_statev1_sparse_seed44_20261010_222751_694664_afea71b2,dueling_dqn,44,v1,sparse,419,7128,-10.0,0,11,0.4902520450966415,0.25284847075288946,6129,True,False,True,14.551767599994491
debug_algorithm_dueling_dqn_statev1_sparse_seed44_20261010_222751_694664_afea71b2,dueling_dqn,44,v1,sparse,420,7132,-10.0,0,4,0.4900559736917646,0.22282585687935352,6133,True,False,True,14.560309599997709
debug_algorithm_dueling_dqn_statev1_sparse_seed44_20261010_222751_694664_afea71b2,dueling_dqn,44,v1,sparse,421,7164,-10.0,0,32,0.4884902228246642,0.23578208568505943,6165,True,False,True,14.638026799999352
debug_algorithm_dueling_dqn_statev1_sparse_seed44_20261010_222751_694664_afea71b2,dueling_dqn,44,v1,sparse,422,7195,-10.0,0,31,0.48697817241921676,0.27786745431442417,6196,True,False,True,14.715338499998325
debug_algorithm_dueling_dqn_statev1_sparse_seed44_20261010_222751_694664_afea71b2,dueling_dqn,44,v1,sparse,423,7226,10.0,2,31,0.48547080234578366,0.25432909111822805,6227,True,False,True,14.792753099995025
debug_algorithm_dueling_dqn_statev1_sparse_seed44_20261010_222751_694664_afea71b2,dueling_dqn,44,v1,sparse,424,7234,-10.0,0,8,0.4850825616085488,0.2226961050182581,6235,True,False,True,14.81188889999612
debug_algorithm_dueling_dqn_statev1_sparse_seed44_20261010_222751_694664_afea71b2,dueling_dqn,44,v1,sparse,425,7286,10.0,2,52,0.48256655377574686,0.2753535110789996,6287,True,False,True,14.932631799994851
debug_algorithm_dueling_dqn_statev1_sparse_seed44_20261010_222751_694664_afea71b2,dueling_dqn,44,v1,sparse,426,7336,30.0,4,50,0.48015962299995113,0.25579350262880324,6337,True,False,True,15.050775600000634
debug_algorithm_dueling_dqn_statev1_sparse_seed44_20261010_222751_694664_afea71b2,dueling_dqn,44,v1,sparse,427,7397,40.0,5,61,0.4772394189648366,0.2867539115860814,6398,True,False,True,15.187156299994967
debug_algorithm_dueling_dqn_statev1_sparse_seed44_20261010_222751_694664_afea71b2,dueling_dqn,44,v1,sparse,428,7456,30.0,4,59,0.474431856466523,0.2752520351718038,6457,True,False,True,15.320142999997188
debug_algorithm_dueling_dqn_statev1_sparse_seed44_20261010_222751_694664_afea71b2,dueling_dqn,44,v1,sparse,429,7473,-10.0,0,17,0.473625967215354,0.25571631990811405,6474,True,False,True,15.355881899995438
debug_algorithm_dueling_dqn_statev1_sparse_seed44_20261010_222751_694664_afea71b2,dueling_dqn,44,v1,sparse,430,7531,40.0,5,58,0.4708867510486134,0.24463828026863008,6532,True,False,True,15.478037900000345
debug_algorithm_dueling_dqn_statev1_sparse_seed44_20261010_222751_694664_afea71b2,dueling_dqn,44,v1,sparse,431,7548,0.0,1,17,0.47008688365772144,0.30354514893363505,6549,True,False,True,15.511516499995196
debug_algorithm_dueling_dqn_statev1_sparse_seed44_20261010_222751_694664_afea71b2,dueling_dqn,44,v1,sparse,432,7605,10.0,2,57,0.467414877271343,0.27024309173749206,6606,True,False,True,15.634205800000927
debug_algorithm_dueling_dqn_statev1_sparse_seed44_20261010_222751_694664_afea71b2,dueling_dqn,44,v1,sparse,433,7644,10.0,2,39,0.4655954185263629,0.3218690672746071,6645,True,False,True,15.712242599998717
debug_algorithm_dueling_dqn_statev1_sparse_seed44_20261010_222751_694664_afea71b2,dueling_dqn,44,v1,sparse,434,7670,10.0,2,26,0.46438638241345237,0.29775700488915813,6671,True,False,True,15.765505600000324
debug_algorithm_dueling_dqn_statev1_sparse_seed44_20261010_222751_694664_afea71b2,dueling_dqn,44,v1,sparse,435,7709,30.0,4,39,0.4625787123849236,0.2994518026900597,6710,True,False,True,15.850160399997549
debug_algorithm_dueling_dqn_statev1_sparse_seed44_20261010_222751_694664_afea71b2,dueling_dqn,44,v1,sparse,436,7724,0.0,1,15,0.4618853298135841,0.28319075678785643,6725,True,False,True,15.881956999997783
debug_algorithm_dueling_dqn_statev1_sparse_seed44_20261010_222751_694664_afea71b2,dueling_dqn,44,v1,sparse,437,7751,0.0,1,27,0.46063985929039086,0.28887007054355407,6752,True,False,True,15.940295599997626
debug_algorithm_dueling_dqn_statev1_sparse_seed44_20261010_222751_694664_afea71b2,dueling_dqn,44,v1,sparse,438,7794,30.0,4,43,0.4586632617942955,0.3284646369690119,6795,True,False,True,16.037159899999097
debug_algorithm_dueling_dqn_statev1_sparse_seed44_20261010_222751_694664_afea71b2,dueling_dqn,44,v1,sparse,439,7821,10.0,2,27,0.45742647955471444,0.3401307320153272,6822,True,False,True,16.093363699998008
debug_algorithm_dueling_dqn_statev1_sparse_seed44_20261010_222751_694664_afea71b2,dueling_dqn,44,v1,sparse,440,7863,0.0,1,42,0.45550922153643386,0.32741030270145055,6864,True,False,True,16.180202099996677
debug_algorithm_dueling_dqn_statev1_sparse_seed44_20261010_222751_694664_afea71b2,dueling_dqn,44,v1,sparse,441,7869,-10.0,0,6,0.45523598432078577,0.3606679017345111,6870,True,False,True,16.193529899996065
debug_algorithm_dueling_dqn_statev1_sparse_seed44_20261010_222751_694664_afea71b2,dueling_dqn,44,v1,sparse,442,7871,-10.0,0,2,0.45514494167628144,0.3208320289850235,6872,True,False,True,16.19805909999559
debug_algorithm_dueling_dqn_statev1_sparse_seed44_20261010_222751_694664_afea71b2,dueling_dqn,44,v1,sparse,443,7887,0.0,1,16,0.45441725568873115,0.25760216685011983,6888,True,False,True,16.233480099996086
debug_algorithm_dueling_dqn_statev1_sparse_seed44_20261010_222751_694664_afea71b2,dueling_dqn,44,v1,sparse,444,7938,20.0,3,51,0.4521055120528347,0.3240497324834852,6939,True,False,True,16.345622799999546
debug_algorithm_dueling_dqn_statev1_sparse_seed44_20261010_222751_694664_afea71b2,dueling_dqn,44,v1,sparse,445,7964,10.0,2,26,0.450931505889613,0.33577666317041105,6965,True,False,True,16.40617889999703
debug_algorithm_dueling_dqn_statev1_sparse_seed44_20261010_222751_694664_afea71b2,dueling_dqn,44,v1,sparse,446,8001,0.0,1,37,0.4492660590208893,0.29127293442552155,7002,True,False,True,16.4917942999964
debug_algorithm_dueling_dqn_statev1_sparse_seed44_20261010_222751_694664_afea71b2,dueling_dqn,44,v1,sparse,447,8059,30.0,4,58,0.4466677284030108,0.3053258165460208,7060,True,False,True,16.608673999995517
debug_algorithm_dueling_dqn_statev1_sparse_seed44_20261010_222751_694664_afea71b2,dueling_dqn,44,v1,sparse,448,8066,-10.0,0,7,0.4463551547777198,0.4212105785097395,7067,True,False,True,16.622798699994746
debug_algorithm_dueling_dqn_statev1_sparse_seed44_20261010_222751_694664_afea71b2,dueling_dqn,44,v1,sparse,449,8102,0.0,1,36,0.444751085073647,0.2858083259521259,7103,True,False,True,16.697085699997842
debug_algorithm_dueling_dqn_statev1_sparse_seed44_20261010_222751_694664_afea71b2,dueling_dqn,44,v1,sparse,450,8128,20.0,3,26,0.443596176537794,0.2967214570022546,7129,True,False,True,16.753026799997315
debug_algorithm_dueling_dqn_statev1_sparse_seed44_20261010_222751_694664_afea71b2,dueling_dqn,44,v1,sparse,451,8168,20.0,3,40,0.441825247503141,0.3295815823599696,7169,True,False,True,16.84352279999439
debug_algorithm_dueling_dqn_statev1_sparse_seed44_20261010_222751_694664_afea71b2,dueling_dqn,44,v1,sparse,452,8204,40.0,5,36,0.44023745695915767,0.2909261941288908,7205,True,False,True,16.923395099998743
debug_algorithm_dueling_dqn_statev1_sparse_seed44_20261010_222751_694664_afea71b2,dueling_dqn,44,v1,sparse,453,8246,20.0,3,42,0.43839224503543156,0.2714286698471932,7247,True,False,True,17.02380550000089
debug_algorithm_dueling_dqn_statev1_sparse_seed44_20261010_222751_694664_afea71b2,dueling_dqn,44,v1,sparse,454,8284,30.0,4,38,0.43672943270673664,0.2760992605043085,7285,True,False,True,17.117068699997617
debug_algorithm_dueling_dqn_statev1_sparse_seed44_20261010_222751_694664_afea71b2,dueling_dqn,44,v1,sparse,455,8294,-10.0,0,10,0.43629289974987634,0.30478301271796227,7295,True,False,True,17.144885599998815
debug_algorithm_dueling_dqn_statev1_sparse_seed44_20261010_222751_694664_afea71b2,dueling_dqn,44,v1,sparse,456,8321,0.0,1,27,0.4351164390332386,0.3131621273027526,7322,True,False,True,17.20674650000001
debug_algorithm_dueling_dqn_statev1_sparse_seed44_20261010_222751_694664_afea71b2,dueling_dqn,44,v1,sparse,457,8358,20.0,3,37,0.43350940270631694,0.34540358910689484,7359,True,False,True,17.290388000001258
debug_algorithm_dueling_dqn_statev1_sparse_seed44_20261010_222751_694664_afea71b2,dueling_dqn,44,v1,sparse,458,8379,-10.0,0,21,0.4325999427540714,0.2728630989080384,7380,True,False,True,17.343248199998925
debug_algorithm_dueling_dqn_statev1_sparse_seed44_20261010_222751_694664_afea71b2,dueling_dqn,44,v1,sparse,459,8438,50.0,6,59,0.43005499083311877,0.31416616576202844,7439,True,False,True,17.479578799997398
debug_algorithm_dueling_dqn_statev1_sparse_seed44_20261010_222751_694664_afea71b2,dueling_dqn,44,v1,sparse,460,8468,10.0,2,30,0.42876669485498436,0.3336040755112966,7469,True,False,True,17.552546999999322
debug_algorithm_dueling_dqn_statev1_sparse_seed44_20261010_222751_694664_afea71b2,dueling_dqn,44,v1,sparse,461,8516,40.0,5,48,0.42671344380038567,0.31434868555516005,7517,True,False,True,17.66288440000062
debug_algorithm_dueling_dqn_statev1_sparse_seed44_20261010_222751_694664_afea71b2,dueling_dqn,44,v1,sparse,462,8581,20.0,3,65,0.4239486634453264,0.3234989494085312,7582,True,False,True,17.831501499997103
debug_algorithm_dueling_dqn_statev1_sparse_seed44_20261010_222751_694664_afea71b2,dueling_dqn,44,v1,sparse,463,8609,10.0,2,28,0.4227632083256393,0.34615189528891016,7610,True,False,True,17.901348499995947
debug_algorithm_dueling_dqn_statev1_sparse_seed44_20261010_222751_694664_afea71b2,dueling_dqn,44,v1,sparse,464,8619,-10.0,0,10,0.4223406353100348,0.31776796393096446,7620,True,False,True,17.93010929999582
debug_algorithm_dueling_dqn_statev1_sparse_seed44_20261010_222751_694664_afea71b2,dueling_dqn,44,v1,sparse,465,8625,-10.0,0,6,0.42208729427149794,0.29467906057834625,7626,True,False,True,17.944401399996423
debug_algorithm_dueling_dqn_statev1_sparse_seed44_20261010_222751_694664_afea71b2,dueling_dqn,44,v1,sparse,466,8631,0.0,1,6,0.42183410519958814,0.28470301255583763,7632,True,False,True,17.958977499998582
debug_algorithm_dueling_dqn_statev1_sparse_seed44_20261010_222751_694664_afea71b2,dueling_dqn,44,v1,sparse,467,8652,10.0,2,21,0.4209491388695031,0.29557575693442706,7653,True,False,True,18.018065999996907
debug_algorithm_dueling_dqn_statev1_sparse_seed44_20261010_222751_694664_afea71b2,dueling_dqn,44,v1,sparse,468,8715,20.0,3,63,0.41830536374004157,0.30656827696495587,7716,True,False,True,18.159796599997208
debug_algorithm_dueling_dqn_statev1_sparse_seed44_20261010_222751_694664_afea71b2,dueling_dqn,44,v1,sparse,469,8763,50.0,6,48,0.4163022092517151,0.3303946612868458,7764,True,False,True,18.269632600000477
debug_algorithm_dueling_dqn_statev1_sparse_seed44_20261010_222751_694664_afea71b2,dueling_dqn,44,v1,sparse,470,8810,30.0,4,47,0.4143500823521929,0.3073446573095119,7811,True,False,True,18.37184349999734
debug_algorithm_dueling_dqn_statev1_sparse_seed44_20261010_222751_694664_afea71b2,dueling_dqn,44,v1,sparse,471,8835,0.0,1,25,0.41331544924407826,0.28055972635746,7836,True,False,True,18.424954299996898
debug_algorithm_dueling_dqn_statev1_sparse_seed44_20261010_222751_694664_afea71b2,dueling_dqn,44,v1,sparse,472,8850,-10.0,0,15,0.41269590986343174,0.2715510716040929,7851,True,False,True,18.456370899999456
debug_algorithm_dueling_dqn_statev1_sparse_seed44_20261010_222751_694664_afea71b2,dueling_dqn,44,v1,sparse,473,8876,10.0,2,26,0.4116242406871014,0.30407668105684793,7877,True,False,True,18.513566099994932
debug_algorithm_dueling_dqn_statev1_sparse_seed44_20261010_222751_694664_afea71b2,dueling_dqn,44,v1,sparse,474,8919,40.0,5,43,0.4098579683442614,0.3293432529235995,7920,True,False,True,18.601363699999638
debug_algorithm_dueling_dqn_statev1_sparse_seed44_20261010_222751_694664_afea71b2,dueling_dqn,44,v1,sparse,475,8935,20.0,3,16,0.4092026871950269,0.3894408899359405,7936,True,False,True,18.636588499997742
debug_algorithm_dueling_dqn_statev1_sparse_seed44_20261010_222751_694664_afea71b2,dueling_dqn,44,v1,sparse,476,8968,10.0,2,33,0.4078544766865355,0.3415711476947322,7969,True,False,True,18.70943619999889
debug_algorithm_dueling_dqn_statev1_sparse_seed44_20261010_222751_694664_afea71b2,dueling_dqn,44,v1,sparse,477,8990,0.0,1,22,0.40695813835386874,0.3392270061780106,7991,True,False,True,18.758712700000615
debug_algorithm_dueling_dqn_statev1_sparse_seed44_20261010_222751_694664_afea71b2,dueling_dqn,44,v1,sparse,478,9021,20.0,3,31,0.4056984586523181,0.35814804031002906,8022,True,False,True,18.837502700000186
debug_algorithm_dueling_dqn_statev1_sparse_seed44_20261010_222751_694664_afea71b2,dueling_dqn,44,v1,sparse,479,9044,30.0,4,23,0.4047663778963853,0.37592843952386273,8045,True,False,True,18.89458580000064
debug_algorithm_dueling_dqn_statev1_sparse_seed44_20261010_222751_694664_afea71b2,dueling_dqn,44,v1,sparse,480,9088,30.0,4,44,0.4029892295683407,0.3569524291564118,8089,True,False,True,18.998929299996234
debug_algorithm_dueling_dqn_statev1_sparse_seed44_20261010_222751_694664_afea71b2,dueling_dqn,44,v1,sparse,481,9132,20.0,3,44,0.4012198839046288,0.39122845469550654,8133,True,False,True,19.109798499994213
debug_algorithm_dueling_dqn_statev1_sparse_seed44_20261010_222751_694664_afea71b2,dueling_dqn,44,v1,sparse,482,9166,0.0,1,34,0.39985798474386175,0.32608910715755296,8167,True,False,True,19.194544499994663
debug_algorithm_dueling_dqn_statev1_sparse_seed44_20261010_222751_694664_afea71b2,dueling_dqn,44,v1,sparse,483,9171,-10.0,0,5,0.3996580957332899,0.32476553320884705,8172,True,False,True,19.209363699999813
debug_algorithm_dueling_dqn_statev1_sparse_seed44_20261010_222751_694664_afea71b2,dueling_dqn,44,v1,sparse,484,9210,10.0,2,39,0.3981023869772294,0.3778776853130414,8211,True,False,True,19.302606500001275
debug_algorithm_dueling_dqn_statev1_sparse_seed44_20261010_222751_694664_afea71b2,dueling_dqn,44,v1,sparse,485,9223,20.0,3,13,0.397585164280192,0.1905775683430525,8224,True,False,True,19.33533819999866
debug_algorithm_dueling_dqn_statev1_sparse_seed44_20261010_222751_694664_afea71b2,dueling_dqn,44,v1,sparse,486,9229,0.0,1,6,0.39734667281144753,0.3700582335392634,8230,True,False,True,19.34942079999746
debug_algorithm_dueling_dqn_statev1_sparse_seed44_20261010_222751_694664_afea71b2,dueling_dqn,44,v1,sparse,487,9288,20.0,3,59,0.39500911314415343,0.3444279012412338,8289,True,False,True,19.486646199999086
debug_algorithm_dueling_dqn_statev1_sparse_seed44_20261010_222751_694664_afea71b2,dueling_dqn,44,v1,sparse,488,9337,10.0,2,49,0.39307820652763165,0.35661578999490157,8338,True,False,True,19.587874500000908
debug_algorithm_dueling_dqn_statev1_sparse_seed44_20261010_222751_694664_afea71b2,dueling_dqn,44,v1,sparse,489,9347,-10.0,0,10,0.39268530515913586,0.4022246301174164,8348,True,False,True,19.611494400000083
debug_algorithm_dueling_dqn_statev1_sparse_seed44_20261010_222751_694664_afea71b2,dueling_dqn,44,v1,sparse,490,9361,10.0,2,14,0.3921359029326428,0.3300003707408905,8362,True,False,True,19.641605699995125
debug_algorithm_dueling_dqn_statev1_sparse_seed44_20261010_222751_694664_afea71b2,dueling_dqn,44,v1,sparse,491,9373,0.0,1,12,0.39166559857256916,0.38252331875264645,8374,True,False,True,19.666695899999468
debug_algorithm_dueling_dqn_statev1_sparse_seed44_20261010_222751_694664_afea71b2,dueling_dqn,44,v1,sparse,492,9386,0.0,1,13,0.39115673868160344,0.33337258948729587,8387,True,False,True,19.698184499997296
debug_algorithm_dueling_dqn_statev1_sparse_seed44_20261010_222751_694664_afea71b2,dueling_dqn,44,v1,sparse,493,9403,-10.0,0,17,0.39049230393311585,0.34877082924632463,8404,True,False,True,19.738396399996418
debug_algorithm_dueling_dqn_statev1_sparse_seed44_20261010_222751_694664_afea71b2,dueling_dqn,44,v1,sparse,494,9431,0.0,1,28,0.3894004002645584,0.32225265287395033,8432,True,False,True,19.799357099996996
debug_algorithm_dueling_dqn_statev1_sparse_seed44_20261010_222751_694664_afea71b2,dueling_dqn,44,v1,sparse,495,9461,20.0,3,30,0.388233891375607,0.35978310455878576,8462,True,False,True,19.866784099998767
debug_algorithm_dueling_dqn_statev1_sparse_seed44_20261010_222751_694664_afea71b2,dueling_dqn,44,v1,sparse,496,9478,10.0,2,17,0.38757442149445404,0.29607660411035314,8479,True,False,True,19.902885999996215
debug_algorithm_dueling_dqn_statev1_sparse_seed44_20261010_222751_694664_afea71b2,dueling_dqn,44,v1,sparse,497,9486,0.0,1,8,0.3872644704563951,0.3335852362215519,8487,True,False,True,19.92045099999814
debug_algorithm_dueling_dqn_statev1_sparse_seed44_20261010_222751_694664_afea71b2,dueling_dqn,44,v1,sparse,498,9567,60.0,7,81,0.38414014263746826,0.32840430635361023,8568,True,False,True,20.107529900000372
debug_algorithm_dueling_dqn_statev1_sparse_seed44_20261010_222751_694664_afea71b2,dueling_dqn,44,v1,sparse,499,9576,0.0,1,9,0.38379455476728297,0.40864838576979107,8577,True,False,True,20.132098899994162
debug_algorithm_dueling_dqn_statev1_sparse_seed44_20261010_222751_694664_afea71b2,dueling_dqn,44,v1,sparse,500,9608,20.0,3,32,0.3825683139107777,0.31078601675108075,8609,True,False,True,20.2057707999993
debug_algorithm_dueling_dqn_statev1_sparse_seed44_20261010_222751_694664_afea71b2,dueling_dqn,44,v1,sparse,501,9639,0.0,1,31,0.3813841293618728,0.3402115885288485,8640,True,False,True,20.290006399998674
debug_algorithm_dueling_dqn_statev1_sparse_seed44_20261010_222751_694664_afea71b2,dueling_dqn,44,v1,sparse,502,9694,40.0,5,55,0.3792921702120852,0.33278271555900574,8695,True,False,True,20.413613999997324
debug_algorithm_dueling_dqn_statev1_sparse_seed44_20261010_222751_694664_afea71b2,dueling_dqn,44,v1,sparse,503,9702,-10.0,0,8,0.3789888426564855,0.4164929538965225,8703,True,False,True,20.433975799998734
debug_algorithm_dueling_dqn_statev1_sparse_seed44_20261010_222751_694664_afea71b2,dueling_dqn,44,v1,sparse,504,9769,50.0,6,67,0.37645797872754994,0.3541274882519423,8770,True,False,True,20.58527899999899
debug_algorithm_dueling_dqn_statev1_sparse_seed44_20261010_222751_694664_afea71b2,dueling_dqn,44,v1,sparse,505,9810,30.0,4,41,0.3749175839609602,0.3425048477947712,8811,True,False,True,20.680169499995827
debug_algorithm_dueling_dqn_statev1_sparse_seed44_20261010_222751_694664_afea71b2,dueling_dqn,44,v1,sparse,506,9814,0.0,1,4,0.3747676394209312,0.4534354917705059,8815,True,False,True,20.688964799999667
debug_algorithm_dueling_dqn_statev1_sparse_seed44_20261010_222751_694664_afea71b2,dueling_dqn,44,v1,sparse,507,9884,20.0,3,70,0.3721532961030131,0.3621272471334253,8885,True,False,True,20.85222419999627
debug_algorithm_dueling_dqn_statev1_sparse_seed44_20261010_222751_694664_afea71b2,dueling_dqn,44,v1,sparse,508,9896,-10.0,0,12,0.3717069576870097,0.36138606319824856,8897,True,False,True,20.879537699998764
debug_algorithm_dueling_dqn_statev1_sparse_seed44_20261010_222751_694664_afea71b2,dueling_dqn,44,v1,sparse,509,9919,10.0,2,23,0.37085297144496854,0.2952230835090513,8920,True,False,True,20.935768700001063
debug_algorithm_dueling_dqn_statev1_sparse_seed44_20261010_222751_694664_afea71b2,dueling_dqn,44,v1,sparse,510,9949,10.0,2,30,0.3697420242364121,0.4112997512022654,8950,True,False,True,21.00509079999756
debug_algorithm_dueling_dqn_statev1_sparse_seed44_20261010_222751_694664_afea71b2,dueling_dqn,44,v1,sparse,511,9982,10.0,2,33,0.3685238257785198,0.3891908113252033,8983,True,False,True,21.082168099994306
debug_algorithm_dueling_dqn_statev1_sparse_seed44_20261010_222751_694664_afea71b2,dueling_dqn,44,v1,sparse,512,10007,10.0,2,25,0.36760362093841203,0.35449457257986067,9008,True,False,True,21.146892099997785
debug_algorithm_dueling_dqn_statev1_sparse_seed44_20261010_222751_694664_afea71b2,dueling_dqn,44,v1,sparse,513,10014,0.0,1,7,0.36734637558765076,0.40080121585300993,9015,True,False,True,21.1607628999991
debug_algorithm_dueling_dqn_statev1_sparse_seed44_20261010_222751_694664_afea71b2,dueling_dqn,44,v1,sparse,514,10019,-10.0,0,5,0.36716273913082126,0.4582200199365616,9020,True,False,True,21.170370100000582
debug_algorithm_dueling_dqn_statev1_sparse_seed44_20261010_222751_694664_afea71b2,dueling_dqn,44,v1,sparse,515,10025,-10.0,0,6,0.366942496554411,0.3541284054517746,9026,True,False,True,21.185535799995705
debug_algorithm_dueling_dqn_statev1_sparse_seed44_20261010_222751_694664_afea71b2,dueling_dqn,44,v1,sparse,516,10086,60.0,7,61,0.36471084918598323,0.3342982527540355,9087,True,False,True,21.340384600000107
debug_algorithm_dueling_dqn_statev1_sparse_seed44_20261010_222751_694664_afea71b2,dueling_dqn,44,v1,sparse,517,10138,30.0,4,52,0.362819180785831,0.3775004747395332,9139,True,False,True,21.456147199998668
debug_algorithm_dueling_dqn_statev1_sparse_seed44_20261010_222751_694664_afea71b2,dueling_dqn,44,v1,sparse,518,10191,30.0,4,53,0.3609012302871891,0.42424780439655735,9192,True,False,True,21.573681800000486
debug_algorithm_dueling_dqn_statev1_sparse_seed44_20261010_222751_694664_afea71b2,dueling_dqn,44,v1,sparse,519,10200,0.0,1,9,0.36057654907406234,0.31870145930184257,9201,True,False,True,21.592017199996917
debug_algorithm_dueling_dqn_statev1_sparse_seed44_20261010_222751_694664_afea71b2,dueling_dqn,44,v1,sparse,520,10209,-10.0,0,9,0.3602521599571695,0.4221593489249547,9210,True,False,True,21.60926869999821
debug_algorithm_dueling_dqn_statev1_sparse_seed44_20261010_222751_694664_afea71b2,dueling_dqn,44,v1,sparse,521,10227,20.0,3,18,0.35960425696119597,0.3683805676798026,9228,True,False,True,21.649551800001063
debug_algorithm_dueling_dqn_statev1_sparse_seed44_20261010_222751_694664_afea71b2,dueling_dqn,44,v1,sparse,522,10241,0.0,1,14,0.3591011381104641,0.5108700543642044,9242,True,False,True,21.682370299997274
debug_algorithm_dueling_dqn_statev1_sparse_seed44_20261010_222751_694664_afea71b2,dueling_dqn,44,v1,sparse,523,10306,30.0,4,65,0.3567744343551643,0.37934987522088565,9307,True,False,True,21.85342970000056
debug_algorithm_dueling_dqn_statev1_sparse_seed44_20261010_222751_694664_afea71b2,dueling_dqn,44,v1,sparse,524,10338,10.0,2,32,0.35563452399810336,0.3831392980646342,9339,True,False,True,21.930376299998898
debug_algorithm_dueling_dqn_statev1_sparse_seed44_20261010_222751_694664_afea71b2,dueling_dqn,44,v1,sparse,525,10446,110.0,12,108,0.3518141472869912,0.3894841941073537,9447,True,False,True,22.188953899996704
debug_algorithm_dueling_dqn_statev1_sparse_seed44_20261010_222751_694664_afea71b2,dueling_dqn,44,v1,sparse,526,10474,10.0,2,28,0.3508303963802412,0.43267693131097723,9475,True,False,True,22.257677800000238
debug_algorithm_dueling_dqn_statev1_sparse_seed44_20261010_222751_694664_afea71b2,dueling_dqn,44,v1,sparse,527,10533,30.0,4,59,0.34876648836048446,0.37104725850335624,9534,True,False,True,22.402907399999094
debug_algorithm_dueling_dqn_statev1_sparse_seed44_20261010_222751_694664_afea71b2,dueling_dqn,44,v1,sparse,528,10559,20.0,3,26,0.34786082807556273,0.3825446100762257,9560,True,False,True,22.46071529999608
debug_algorithm_dueling_dqn_statev1_sparse_seed44_20261010_222751_694664_afea71b2,dueling_dqn,44,v1,sparse,529,10586,10.0,2,27,0.3469228238143828,0.3601210070429025,9587,True,False,True,22.51987829999416
debug_algorithm_dueling_dqn_statev1_sparse_seed44_20261010_222751_694664_afea71b2,dueling_dqn,44,v1,sparse,530,10654,30.0,4,68,0.3445716341562042,0.4120406895218527,9655,True,False,True,22.68094459999702
debug_algorithm_dueling_dqn_statev1_sparse_seed44_20261010_222751_694664_afea71b2,dueling_dqn,44,v1,sparse,531,10689,20.0,3,35,0.3433676813844625,0.43105400971003943,9690,True,False,True,22.77287869999418
debug_algorithm_dueling_dqn_statev1_sparse_seed44_20261010_222751_694664_afea71b2,dueling_dqn,44,v1,sparse,532,10737,30.0,4,48,0.3417233837690512,0.4201151082913081,9738,True,False,True,22.889375999999174
debug_algorithm_dueling_dqn_statev1_sparse_seed44_20261010_222751_694664_afea71b2,dueling_dqn,44,v1,sparse,533,10799,20.0,3,62,0.33961114787393304,0.41975145282283904,9800,True,False,True,23.03063419999671
debug_algorithm_dueling_dqn_statev1_sparse_seed44_20261010_222751_694664_afea71b2,dueling_dqn,44,v1,sparse,534,10804,-10.0,0,5,0.3394413762577149,0.3870126664638519,9805,True,False,True,23.043248699999822
debug_algorithm_dueling_dqn_statev1_sparse_seed44_20261010_222751_694664_afea71b2,dueling_dqn,44,v1,sparse,535,10888,30.0,4,84,0.33660186934558534,0.38843795222540695,9889,True,False,True,23.2332064000002
debug_algorithm_dueling_dqn_statev1_sparse_seed44_20261010_222751_694664_afea71b2,dueling_dqn,44,v1,sparse,536,10912,0.0,1,24,0.3357949531993906,0.3988553701589505,9913,True,False,True,23.293543399995542
debug_algorithm_dueling_dqn_statev1_sparse_seed44_20261010_222751_694664_afea71b2,dueling_dqn,44,v1,sparse,537,10928,-10.0,0,16,0.3352580840402314,0.38463093899190426,9929,True,False,True,23.33594230000017
debug_algorithm_dueling_dqn_statev1_sparse_seed44_20261010_222751_694664_afea71b2,dueling_dqn,44,v1,sparse,538,10932,-10.0,0,4,0.3351240009207594,0.4803948178887367,9933,True,False,True,23.345481199998176
debug_algorithm_dueling_dqn_statev1_sparse_seed44_20261010_222751_694664_afea71b2,dueling_dqn,44,v1,sparse,539,10969,0.0,1,37,0.3338862714414972,0.35035763912507006,9970,True,False,True,23.432818000001134
debug_algorithm_dueling_dqn_statev1_sparse_seed44_20261010_222751_694664_afea71b2,dueling_dqn,44,v1,sparse,540,10990,10.0,2,21,0.3331858109887712,0.32124386231104535,9991,True,False,True,23.479708499995468
debug_algorithm_dueling_dqn_statev1_sparse_seed44_20261010_222751_694664_afea71b2,dueling_dqn,44,v1,sparse,541,11019,10.0,2,29,0.3322209236546266,0.36822438651117784,10020,True,False,True,23.551505600000382
debug_algorithm_dueling_dqn_statev1_sparse_seed44_20261010_222751_694664_afea71b2,dueling_dqn,44,v1,sparse,542,11030,-10.0,0,11,0.3318556633053091,0.4479076090184125,10031,True,False,True,23.58044140000129
debug_algorithm_dueling_dqn_statev1_sparse_seed44_20261010_222751_694664_afea71b2,dueling_dqn,44,v1,sparse,543,11031,-10.0,0,1,0.33182247773897855,0.4560028314590454,10032,True,False,True,23.582464599996456
debug_algorithm_dueling_dqn_statev1_sparse_seed44_20261010_222751_694664_afea71b2,dueling_dqn,44,v1,sparse,544,11093,50.0,6,62,0.32977144060901403,0.4175888191788427,10094,True,False,True,23.74057719999837
debug_algorithm_dueling_dqn_statev1_sparse_seed44_20261010_222751_694664_afea71b2,dueling_dqn,44,v1,sparse,545,11110,0.0,1,17,0.32921127742497197,0.34096066916690154,10111,True,False,True,23.784157099995355
debug_algorithm_dueling_dqn_statev1_sparse_seed44_20261010_222751_694664_afea71b2,dueling_dqn,44,v1,sparse,546,11161,20.0,3,51,0.32753649050628636,0.43029287632773905,10162,True,False,True,23.90113459999702
debug_algorithm_dueling_dqn_statev1_sparse_seed44_20261010_222751_694664_afea71b2,dueling_dqn,44,v1,sparse,547,11169,-10.0,0,8,0.327274553005759,0.3744168821722269,10170,True,False,True,23.921535599998606
debug_algorithm_dueling_dqn_statev1_sparse_seed44_20261010_222751_694664_afea71b2,dueling_dqn,44,v1,sparse,548,11188,10.0,2,19,0.3266532906775315,0.420144174444048,10189,True,False,True,23.968913299999258
debug_algorithm_dueling_dqn_statev1_sparse_seed44_20261010_222751_694664_afea71b2,dueling_dqn,44,v1,sparse,549,11221,20.0,3,33,0.3255770577667861,0.4703770119583968,10222,True,False,True,24.051599200000055
debug_algorithm_dueling_dqn_statev1_sparse_seed44_20261010_222751_694664_afea71b2,dueling_dqn,44,v1,sparse,550,11244,10.0,2,23,0.3248290536675699,0.39361861931241077,10245,True,False,True,24.11425700000109
debug_algorithm_dueling_dqn_statev1_sparse_seed44_20261010_222751_694664_afea71b2,dueling_dqn,44,v1,sparse,551,11246,-10.0,0,2,0.324764091105127,0.3257688134908676,10247,True,False,True,24.120766499996535
debug_algorithm_dueling_dqn_statev1_sparse_seed44_20261010_222751_694664_afea71b2,dueling_dqn,44,v1,sparse,552,11264,20.0,3,18,0.3241800123652891,0.46563493212064105,10265,True,False,True,24.160516600000847
debug_algorithm_dueling_dqn_statev1_sparse_seed44_20261010_222751_694664_afea71b2,dueling_dqn,44,v1,sparse,553,11290,10.0,2,26,0.3233381970757961,0.44802596878546935,10291,True,False,True,24.2190788999942
debug_algorithm_dueling_dqn_statev1_sparse_seed44_20261010_222751_694664_afea71b2,dueling_dqn,44,v1,sparse,554,11292,-10.0,0,2,0.3232735326697629,0.48163673281669617,10293,True,False,True,24.22374259999924
debug_algorithm_dueling_dqn_statev1_sparse_seed44_20261010_222751_694664_afea71b2,dueling_dqn,44,v1,sparse,555,11345,50.0,6,53,0.32156463009234476,0.42899254301808915,10346,True,False,True,24.349501299999247
debug_algorithm_dueling_dqn_statev1_sparse_seed44_20261010_222751_694664_afea71b2,dueling_dqn,44,v1,sparse,556,11349,-10.0,0,4,0.32143602353289935,0.4516022205352783,10350,True,False,True,24.357377299995278
debug_algorithm_dueling_dqn_statev1_sparse_seed44_20261010_222751_694664_afea71b2,dueling_dqn,44,v1,sparse,557,11383,20.0,3,34,0.32034494238699607,0.40921195574543057,10384,True,False,True,24.43528559999686
debug_algorithm_dueling_dqn_statev1_sparse_seed44_20261010_222751_694664_afea71b2,dueling_dqn,44,v1,sparse,558,11386,-10.0,0,3,0.3202488485143079,0.49066317081451416,10387,True,False,True,24.44220469999709
debug_algorithm_dueling_dqn_statev1_sparse_seed44_20261010_222751_694664_afea71b2,dueling_dqn,44,v1,sparse,559,11388,-10.0,0,2,0.32018480194709353,0.4227972775697708,10389,True,False,True,24.447116499999538
debug_algorithm_dueling_dqn_statev1_sparse_seed44_20261010_222751_694664_afea71b2,dueling_dqn,44,v1,sparse,560,11454,50.0,6,66,0.3180784355896357,0.4586494833682523,10455,True,False,True,24.59516959999746
debug_algorithm_dueling_dqn_statev1_sparse_seed44_20261010_222751_694664_afea71b2,dueling_dqn,44,v1,sparse,561,11467,0.0,1,13,0.3176651816336014,0.44298286048265606,10468,True,False,True,24.62714469999628
debug_algorithm_dueling_dqn_statev1_sparse_seed44_20261010_222751_694664_afea71b2,dueling_dqn,44,v1,sparse,562,11512,20.0,3,45,0.3162388286986088,0.4165079040659799,10513,True,False,True,24.72872159999679
debug_algorithm_dueling_dqn_statev1_sparse_seed44_20261010_222751_694664_afea71b2,dueling_dqn,44,v1,sparse,563,11518,-10.0,0,6,0.3160491328308897,0.39500150332848233,10519,True,False,True,24.740025200000673
debug_algorithm_dueling_dqn_statev1_sparse_seed44_20261010_222751_694664_afea71b2,dueling_dqn,44,v1,sparse,564,11577,40.0,5,59,0.31418984028777747,0.40942975777690693,10578,True,False,True,24.864622699999018
debug_algorithm_dueling_dqn_statev1_sparse_seed44_20261010_222751_694664_afea71b2,dueling_dqn,44,v1,sparse,565,11596,0.0,1,19,0.31359341655152945,0.4996532860555147,10597,True,False,True,24.90736559999641
debug_algorithm_dueling_dqn_statev1_sparse_seed44_20261010_222751_694664_afea71b2,dueling_dqn,44,v1,sparse,566,11623,10.0,2,27,0.31274781412302183,0.3864272998438941,10624,True,False,True,24.96734589999687
debug_algorithm_dueling_dqn_statev1_sparse_seed44_20261010_222751_694664_afea71b2,dueling_dqn,44,v1,sparse,567,11647,0.0,1,24,0.31199808192042416,0.5105546452105045,10648,True,False,True,25.02236830000038
debug_algorithm_dueling_dqn_statev1_sparse_seed44_20261010_222751_694664_afea71b2,dueling_dqn,44,v1,sparse,568,11663,-10.0,0,16,0.3114992592123876,0.3353778896853328,10664,True,False,True,25.058158599997114
debug_algorithm_dueling_dqn_statev1_sparse_seed44_20261010_222751_694664_afea71b2,dueling_dqn,44,v1,sparse,569,11679,10.0,2,16,0.3110012340223759,0.4507317738607526,10680,True,False,True,25.100810799995088
debug_algorithm_dueling_dqn_statev1_sparse_seed44_20261010_222751_694664_afea71b2,dueling_dqn,44,v1,sparse,570,11683,-10.0,0,4,0.31087685218759703,0.4253038093447685,10684,True,False,True,25.10939420000068
debug_algorithm_dueling_dqn_statev1_sparse_seed44_20261010_222751_694664_afea71b2,dueling_dqn,44,v1,sparse,571,11717,10.0,2,34,0.3098216130504539,0.4053194996188669,10718,True,False,True,25.185526799999934
debug_algorithm_dueling_dqn_statev1_sparse_seed44_20261010_222751_694664_afea71b2,dueling_dqn,44,v1,sparse,572,11726,-10.0,0,9,0.3095428851084682,0.3756886339849896,10727,True,False,True,25.202188799994474
debug_algorithm_dueling_dqn_statev1_sparse_seed44_20261010_222751_694664_afea71b2,dueling_dqn,44,v1,sparse,573,11755,0.0,1,29,0.3086464663554325,0.4154527051181629,10756,True,False,True,25.2753184999965
debug_algorithm_dueling_dqn_statev1_sparse_seed44_20261010_222751_694664_afea71b2,dueling_dqn,44,v1,sparse,574,11768,0.0,1,13,0.30824546660516344,0.4370968582538458,10769,True,False,True,25.30707569999504
debug_algorithm_dueling_dqn_statev1_sparse_seed44_20261010_222751_694664_afea71b2,dueling_dqn,44,v1,sparse,575,11823,40.0,5,55,0.3065546859076965,0.47528011758219113,10824,True,False,True,25.438575399995898
debug_algorithm_dueling_dqn_statev1_sparse_seed44_20261010_222751_694664_afea71b2,dueling_dqn,44,v1,sparse,576,11855,20.0,3,32,0.30557522990462455,0.4723875354975462,10856,True,False,True,25.514783300001
debug_algorithm_dueling_dqn_statev1_sparse_seed44_20261010_222751_694664_afea71b2,dueling_dqn,44,v1,sparse,577,11914,30.0,4,59,0.3037775545203181,0.37662746466822544,10915,True,False,True,25.647263899998507
debug_algorithm_dueling_dqn_statev1_sparse_seed44_20261010_222751_694664_afea71b2,dueling_dqn,44,v1,sparse,578,11991,70.0,8,77,0.3014473337014787,0.4485951873002114,10992,True,False,True,25.809097999997903
debug_algorithm_dueling_dqn_statev1_sparse_seed44_20261010_222751_694664_afea71b2,dueling_dqn,44,v1,sparse,579,12079,40.0,5,88,0.29880610355939174,0.4777627324008129,11080,True,False,True,26.02050369999779
debug_algorithm_dueling_dqn_statev1_sparse_seed44_20261010_222751_694664_afea71b2,dueling_dqn,44,v1,sparse,580,12143,60.0,7,64,0.29689975599716484,0.4312003043014556,11144,True,False,True,26.185039699994377
debug_algorithm_dueling_dqn_statev1_sparse_seed44_20261010_222751_694664_afea71b2,dueling_dqn,44,v1,sparse,581,12198,40.0,5,55,0.2952712085215075,0.4464246604930271,11199,True,False,True,26.314751300000353
debug_algorithm_dueling_dqn_statev1_sparse_seed44_20261010_222751_694664_afea71b2,dueling_dqn,44,v1,sparse,582,12230,20.0,3,32,0.29432780373594913,0.4421105377841741,11231,True,False,True,26.4005651999978
debug_algorithm_dueling_dqn_statev1_sparse_seed44_20261010_222751_694664_afea71b2,dueling_dqn,44,v1,sparse,583,12275,20.0,3,45,0.2930062382922646,0.42922911677095626,11276,True,False,True,26.507999800000107
debug_algorithm_dueling_dqn_statev1_sparse_seed44_20261010_222751_694664_afea71b2,dueling_dqn,44,v1,sparse,584,12281,0.0,1,6,0.2928304784943653,0.47623322904109955,11282,True,False,True,26.52216899999621
debug_algorithm_dueling_dqn_statev1_sparse_seed44_20261010_222751_694664_afea71b2,dueling_dqn,44,v1,sparse,585,12313,10.0,2,32,0.29189487195096997,0.4501463226042688,11314,True,False,True,26.61628429999837
debug_algorithm_dueling_dqn_statev1_sparse_seed44_20261010_222751_694664_afea71b2,dueling_dqn,44,v1,sparse,586,12326,-10.0,0,13,0.29151563621197285,0.4142931063587849,11327,True,False,True,26.655627899999672
debug_algorithm_dueling_dqn_statev1_sparse_seed44_20261010_222751_694664_afea71b2,dueling_dqn,44,v1,sparse,587,12386,50.0,6,60,0.28977169225999644,0.4077779167642196,11387,True,False,True,26.804975099999865
debug_algorithm_dueling_dqn_statev1_sparse_seed44_20261010_222751_694664_afea71b2,dueling_dqn,44,v1,sparse,588,12387,-10.0,0,1,0.28974271509077043,0.7428539395332336,11388,True,False,True,26.80712539999513
debug_algorithm_dueling_dqn_statev1_sparse_seed44_20261010_222751_694664_afea71b2,dueling_dqn,44,v1,sparse,589,12397,0.0,1,10,0.28945310272513847,0.5512285470962525,11398,True,False,True,26.83195529999648
debug_algorithm_dueling_dqn_statev1_sparse_seed44_20261010_222751_694664_afea71b2,dueling_dqn,44,v1,sparse,590,12434,40.0,5,37,0.28838405175557963,0.4418044672221751,11435,True,False,True,26.91256009999779
debug_algorithm_dueling_dqn_statev1_sparse_seed44_20261010_222751_694664_afea71b2,dueling_dqn,44,v1,sparse,591,12460,20.0,3,26,0.2876351897198157,0.47161366847845226,11461,True,False,True,26.976720799997565
debug_algorithm_dueling_dqn_statev1_sparse_seed44_20261010_222751_694664_afea71b2,dueling_dqn,44,v1,sparse,592,12490,20.0,3,30,0.28677353419672075,0.49968283623456955,11491,True,False,True,27.04979629999434
debug_algorithm_dueling_dqn_statev1_sparse_seed44_20261010_222751_694664_afea71b2,dueling_dqn,44,v1,sparse,593,12540,30.0,4,50,0.28534317388736813,0.46538405418395995,11541,True,False,True,27.17403689999628
debug_algorithm_dueling_dqn_statev1_sparse_seed44_20261010_222751_694664_afea71b2,dueling_dqn,44,v1,sparse,594,12559,10.0,2,19,0.28480150951742256,0.4868693571341665,11560,True,False,True,27.2199729999993
debug_algorithm_dueling_dqn_statev1_sparse_seed44_20261010_222751_694664_afea71b2,dueling_dqn,44,v1,sparse,595,12573,-10.0,0,14,0.2844030464698326,0.4823681541851589,11574,True,False,True,27.261776399995142
debug_algorithm_dueling_dqn_statev1_sparse_seed44_20261010_222751_694664_afea71b2,dueling_dqn,44,v1,sparse,596,12603,20.0,3,30,0.283551073329778,0.44130402207374575,11604,True,False,True,27.332786799997848
debug_algorithm_dueling_dqn_statev1_sparse_seed44_20261010_222751_694664_afea71b2,dueling_dqn,44,v1,sparse,597,12644,20.0,3,41,0.28239083602814224,0.4372835907994247,11645,True,False,True,27.43585979999625
debug_algorithm_dueling_dqn_statev1_sparse_seed44_20261010_222751_694664_afea71b2,dueling_dqn,44,v1,sparse,598,12754,110.0,12,110,0.27930140537954673,0.45132614408027044,11755,True,False,True,27.698190399998566
debug_algorithm_dueling_dqn_statev1_sparse_seed44_20261010_222751_694664_afea71b2,dueling_dqn,44,v1,sparse,599,12773,0.0,1,19,0.27877121004419403,0.49556679082544225,11774,True,False,True,27.740889199994854
debug_algorithm_dueling_dqn_statev1_sparse_seed44_20261010_222751_694664_afea71b2,dueling_dqn,44,v1,sparse,600,12774,-10.0,0,1,0.2787433329231896,0.6250627040863037,11775,True,False,True,27.743392999997013
debug_algorithm_dueling_dqn_statev1_sparse_seed44_20261010_222751_694664_afea71b2,dueling_dqn,44,v1,sparse,601,12805,20.0,3,31,0.27788052349555126,0.5097201447333058,11806,True,False,True,27.823833499998727
debug_algorithm_dueling_dqn_statev1_sparse_seed44_20261010_222751_694664_afea71b2,dueling_dqn,44,v1,sparse,602,12810,0.0,1,5,0.2777416110190772,0.5120091587305069,11811,True,False,True,27.835839899998973
debug_algorithm_dueling_dqn_statev1_sparse_seed44_20261010_222751_694664_afea71b2,dueling_dqn,44,v1,sparse,603,12818,0.0,1,8,0.2775194954823614,0.399934446439147,11819,True,False,True,27.851400699997612
debug_algorithm_dueling_dqn_statev1_sparse_seed44_20261010_222751_694664_afea71b2,dueling_dqn,44,v1,sparse,604,12843,-10.0,0,25,0.2768265286641978,0.45527378499507903,11844,True,False,True,27.904634399994393
debug_algorithm_dueling_dqn_statev1_sparse_seed44_20261010_222751_694664_afea71b2,dueling_dqn,44,v1,sparse,605,12888,30.0,4,45,0.2755835459437955,0.4564372804429796,11889,True,False,True,28.014122199994745
debug_algorithm_dueling_dqn_statev1_sparse_seed44_20261010_222751_694664_afea71b2,dueling_dqn,44,v1,sparse,606,12929,30.0,4,41,0.2744559102555709,0.4423364767941033,11930,True,False,True,28.13661709999724
debug_algorithm_dueling_dqn_statev1_sparse_seed44_20261010_222751_694664_afea71b2,dueling_dqn,44,v1,sparse,607,12952,10.0,2,23,0.2738253555496178,0.4910313707330953,11953,True,False,True,28.189346499995736
debug_algorithm_dueling_dqn_statev1_sparse_seed44_20261010_222751_694664_afea71b2,dueling_dqn,44,v1,sparse,608,12963,-10.0,0,11,0.27352429821728663,0.4257095997983759,11964,True,False,True,28.22253880000062
debug_algorithm_dueling_dqn_statev1_sparse_seed44_20261010_222751_694664_afea71b2,dueling_dqn,44,v1,sparse,609,12970,-10.0,0,7,0.2733328886390648,0.568876883813313,11971,True,False,True,28.238912699998764
debug_algorithm_dueling_dqn_statev1_sparse_seed44_20261010_222751_694664_afea71b2,dueling_dqn,44,v1,sparse,610,12972,-10.0,0,2,0.2732782247946659,0.8016011714935303,11973,True,False,True,28.243852899999183
debug_algorithm_dueling_dqn_statev1_sparse_seed44_20261010_222751_694664_afea71b2,dueling_dqn,44,v1,sparse,611,13002,30.0,4,30,0.2724595777717989,0.48432387709617614,12003,True,False,True,28.309916999998677
debug_algorithm_dueling_dqn_statev1_sparse_seed44_20261010_222751_694664_afea71b2,dueling_dqn,44,v1,sparse,612,13049,20.0,3,47,0.27118195863123074,0.5135953017371766,12050,True,False,True,28.421978300000774
debug_algorithm_dueling_dqn_statev1_sparse_seed44_20261010_222751_694664_afea71b2,dueling_dqn,44,v1,sparse,613,13071,0.0,1,22,0.27058598433514464,0.5276944102211432,12072,True,False,True,28.48054409999895
debug_algorithm_dueling_dqn_statev1_sparse_seed44_20261010_222751_694664_afea71b2,dueling_dqn,44,v1,sparse,614,13103,10.0,2,32,0.26972144995062053,0.5152243124321103,12104,True,False,True,28.552181899998686
debug_algorithm_dueling_dqn_statev1_sparse_seed44_20261010_222751_694664_afea71b2,dueling_dqn,44,v1,sparse,615,13123,20.0,3,20,0.26918251921412234,0.5011820502579212,12124,True,False,True,28.600590699999884
debug_algorithm_dueling_dqn_statev1_sparse_seed44_20261010_222751_694664_afea71b2,dueling_dqn,44,v1,sparse,616,13187,50.0,6,64,0.2674651666126016,0.4814712294610217,12188,True,False,True,28.745030599995516
debug_algorithm_dueling_dqn_statev1_sparse_seed44_20261010_222751_694664_afea71b2,dueling_dqn,44,v1,sparse,617,13243,40.0,5,56,0.265971473238816,0.4884004050067493,12244,True,False,True,28.880957299996226
debug_algorithm_dueling_dqn_statev1_sparse_seed44_20261010_222751_694664_afea71b2,dueling_dqn,44,v1,sparse,618,13273,10.0,2,30,0.2651747147158925,0.5092970952391624,12274,True,False,True,28.954028199994355
debug_algorithm_dueling_dqn_statev1_sparse_seed44_20261010_222751_694664_afea71b2,dueling_dqn,44,v1,sparse,619,13307,30.0,4,34,0.2642746067304318,0.4728294615359867,12308,True,False,True,29.03416479999578
debug_algorithm_dueling_dqn_statev1_sparse_seed44_20261010_222751_694664_afea71b2,dueling_dqn,44,v1,sparse,620,13327,20.0,3,20,0.2637465593375788,0.5150484807789326,12328,True,False,True,29.07795089999854
debug_algorithm_dueling_dqn_statev1_sparse_seed44_20261010_222751_694664_afea71b2,dueling_dqn,44,v1,sparse,621,13328,-10.0,0,1,0.26372018468164504,0.318911612033844,12329,True,False,True,29.08005779999803
debug_algorithm_dueling_dqn_statev1_sparse_seed44_20261010_222751_694664_afea71b2,dueling_dqn,44,v1,sparse,622,13395,60.0,7,67,0.2619590776842344,0.48636355306675183,12396,True,False,True,29.24636279999686
debug_algorithm_dueling_dqn_statev1_sparse_seed44_20261010_222751_694664_afea71b2,dueling_dqn,44,v1,sparse,623,13430,0.0,1,35,0.2610437778557004,0.503362691615309,12431,True,False,True,29.336559899995336
debug_algorithm_dueling_dqn_statev1_sparse_seed44_20261010_222751_694664_afea71b2,dueling_dqn,44,v1,sparse,624,13450,20.0,3,20,0.2605221859857034,0.5043174557387828,12451,True,False,True,29.38307799999893
debug_algorithm_dueling_dqn_statev1_sparse_seed44_20261010_222751_694664_afea71b2,dueling_dqn,44,v1,sparse,625,13493,40.0,5,43,0.2594042898894128,0.5246974084266397,12494,True,False,True,29.491585899995698
debug_algorithm_dueling_dqn_statev1_sparse_seed44_20261010_222751_694664_afea71b2,dueling_dqn,44,v1,sparse,626,13499,-10.0,0,6,0.2592486862209349,0.5534661089380583,12500,True,False,True,29.506377599995176
debug_algorithm_dueling_dqn_statev1_sparse_seed44_20261010_222751_694664_afea71b2,dueling_dqn,44,v1,sparse,627,13523,20.0,3,24,0.2586272043759347,0.5442243944853544,12524,True,False,True,29.557806299999356
debug_algorithm_dueling_dqn_statev1_sparse_seed44_20261010_222751_694664_afea71b2,dueling_dqn,44,v1,sparse,628,13547,0.0,1,24,0.25800721237332996,0.5747328661382198,12548,True,False,True,29.61386879999918
debug_algorithm_dueling_dqn_statev1_sparse_seed44_20261010_222751_694664_afea71b2,dueling_dqn,44,v1,sparse,629,13584,40.0,5,37,0.25705430201256996,0.4942710411709708,12585,True,False,True,29.71055129999877
debug_algorithm_dueling_dqn_statev1_sparse_seed44_20261010_222751_694664_afea71b2,dueling_dqn,44,v1,sparse,630,13631,40.0,5,47,0.2558489213865613,0.5396156640762978,12632,True,False,True,29.829307100000733
debug_algorithm_dueling_dqn_statev1_sparse_seed44_20261010_222751_694664_afea71b2,dueling_dqn,44,v1,sparse,631,13665,20.0,3,34,0.2549804688364819,0.45986269151463227,12666,True,False,True,29.905185399999027
debug_algorithm_dueling_dqn_statev1_sparse_seed44_20261010_222751_694664_afea71b2,dueling_dqn,44,v1,sparse,632,13666,-10.0,0,1,0.2549549707895983,0.7512335181236267,12667,True,False,True,29.907116599999426
debug_algorithm_dueling_dqn_statev1_sparse_seed44_20261010_222751_694664_afea71b2,dueling_dqn,44,v1,sparse,633,13726,30.0,4,60,0.2534297449557033,0.4877654202282429,12727,True,False,True,30.049068499996793
debug_algorithm_dueling_dqn_statev1_sparse_seed44_20261010_222751_694664_afea71b2,dueling_dqn,44,v1,sparse,634,13739,0.0,1,13,0.25310048388999923,0.46739776776387143,12740,True,False,True,30.082336899999063
debug_algorithm_dueling_dqn_statev1_sparse_seed44_20261010_222751_694664_afea71b2,dueling_dqn,44,v1,sparse,635,13781,30.0,4,42,0.25203963815006464,0.5113789375339236,12782,True,False,True,30.198693399994227
debug_algorithm_dueling_dqn_statev1_sparse_seed44_20261010_222751_694664_afea71b2,dueling_dqn,44,v1,sparse,636,13838,50.0,6,57,0.2506070274004999,0.5105345594255548,12839,True,False,True,30.354996299996856
debug_algorithm_dueling_dqn_statev1_sparse_seed44_20261010_222751_694664_afea71b2,dueling_dqn,44,v1,sparse,637,13858,10.0,2,20,0.25010628921348027,0.52915483340621,12859,True,False,True,30.402904700000363
debug_algorithm_dueling_dqn_statev1_sparse_seed44_20261010_222751_694664_afea71b2,dueling_dqn,44,v1,sparse,638,13927,50.0,6,69,0.24838641022897703,0.5233149502588355,12928,True,False,True,30.570241499997792
debug_algorithm_dueling_dqn_statev1_sparse_seed44_20261010_222751_694664_afea71b2,dueling_dqn,44,v1,sparse,639,13951,10.0,2,24,0.2477909678884495,0.4770649280399084,12952,True,False,True,30.62830810000014
debug_algorithm_dueling_dqn_statev1_sparse_seed44_20261010_222751_694664_afea71b2,dueling_dqn,44,v1,sparse,640,13970,20.0,3,19,0.2473205885320032,0.5266944562133989,12971,True,False,True,30.672871799994027
debug_algorithm_dueling_dqn_statev1_sparse_seed44_20261010_222751_694664_afea71b2,dueling_dqn,44,v1,sparse,641,13988,-10.0,0,18,0.24687578967140814,0.4495636969804764,12989,True,False,True,30.715961299996707
debug_algorithm_dueling_dqn_statev1_sparse_seed44_20261010_222751_694664_afea71b2,dueling_dqn,44,v1,sparse,642,14085,60.0,7,97,0.2444925527343761,0.5139923599577442,13086,True,False,True,30.92683499999839
debug_algorithm_dueling_dqn_statev1_sparse_seed44_20261010_222751_694664_afea71b2,dueling_dqn,44,v1,sparse,643,14110,0.0,1,25,0.24388205426817475,0.43967932641506197,13111,True,False,True,30.98461269999825
debug_algorithm_dueling_dqn_statev1_sparse_seed44_20261010_222751_694664_afea71b2,dueling_dqn,44,v1,sparse,644,14151,20.0,3,41,0.24288413508120563,0.5670253728947988,13152,True,False,True,31.084158799996658
debug_algorithm_dueling_dqn_statev1_sparse_seed44_20261010_222751_694664_afea71b2,dueling_dqn,44,v1,sparse,645,14194,10.0,2,43,0.2418419235496584,0.49620165970436364,13195,True,False,True,31.187144499999704
debug_algorithm_dueling_dqn_statev1_sparse_seed44_20261010_222751_694664_afea71b2,dueling_dqn,44,v1,sparse,646,14221,10.0,2,27,0.24118979851426262,0.4936843227457117,13222,True,False,True,31.25177409999742
debug_algorithm_dueling_dqn_statev1_sparse_seed44_20261010_222751_694664_afea71b2,dueling_dqn,44,v1,sparse,647,14222,-10.0,0,1,0.2411656795344112,0.4548473358154297,13223,True,False,True,31.253883899997163
debug_algorithm_dueling_dqn_statev1_sparse_seed44_20261010_222751_694664_afea71b2,dueling_dqn,44,v1,sparse,648,14270,30.0,4,48,0.2400108004549982,0.5178406682486335,13271,True,False,True,31.375642699997115
debug_algorithm_dueling_dqn_statev1_sparse_seed44_20261010_222751_694664_afea71b2,dueling_dqn,44,v1,sparse,649,14281,10.0,2,11,0.23974692054084412,0.4769574918530204,13282,True,False,True,31.404716899996856
debug_algorithm_dueling_dqn_statev1_sparse_seed44_20261010_222751_694664_afea71b2,dueling_dqn,44,v1,sparse,650,14289,0.0,1,8,0.23955519012012505,0.49131213687360287,13290,True,False,True,31.42617489999975
debug_algorithm_dueling_dqn_statev1_sparse_seed44_20261010_222751_694664_afea71b2,dueling_dqn,44,v1,sparse,651,14319,20.0,3,30,0.23883756564290387,0.49547841648260754,13320,True,False,True,31.502722699995502
debug_algorithm_dueling_dqn_statev1_sparse_seed44_20261010_222751_694664_afea71b2,dueling_dqn,44,v1,sparse,652,14339,10.0,2,20,0.2383603440308337,0.5014531642198563,13340,True,False,True,31.550291799998377
debug_algorithm_dueling_dqn_statev1_sparse_seed44_20261010_222751_694664_afea71b2,dueling_dqn,44,v1,sparse,653,14344,-10.0,0,5,0.23824118769246921,0.4345374137163162,13345,True,False,True,31.561087800000678
debug_algorithm_dueling_dqn_statev1_sparse_seed44_20261010_222751_694664_afea71b2,dueling_dqn,44,v1,sparse,654,14347,0.0,1,3,0.23816972248315887,0.4384334584077199,13348,True,False,True,31.568010399998457
debug_algorithm_dueling_dqn_statev1_sparse_seed44_20261010_222751_694664_afea71b2,dueling_dqn,44,v1,sparse,655,14401,60.0,7,54,0.2368870082904414,0.49134612345585116,13402,True,False,True,31.691788299998734
debug_algorithm_dueling_dqn_statev1_sparse_seed44_20261010_222751_694664_afea71b2,dueling_dqn,44,v1,sparse,656,14424,10.0,2,23,0.2363427670761872,0.42788467588632,13425,True,False,True,31.7496869999959
debug_algorithm_dueling_dqn_statev1_sparse_seed44_20261010_222751_694664_afea71b2,dueling_dqn,44,v1,sparse,657,14453,20.0,3,29,0.2356583317402652,0.5408079218247841,13454,True,False,True,31.811925499998324
debug_algorithm_dueling_dqn_statev1_sparse_seed44_20261010_222751_694664_afea71b2,dueling_dqn,44,v1,sparse,658,14468,10.0,2,15,0.23530509157671078,0.5177283853292465,13469,True,False,True,31.84332259999792
debug_algorithm_dueling_dqn_statev1_sparse_seed44_20261010_222751_694664_afea71b2,dueling_dqn,44,v1,sparse,659,14485,-10.0,0,17,0.23490539277600347,0.438776016673621,13486,True,False,True,31.879499199996644
debug_algorithm_dueling_dqn_statev1_sparse_seed44_20261010_222751_694664_afea71b2,dueling_dqn,44,v1,sparse,660,14557,50.0,6,72,0.23322006414423235,0.510313170341154,13558,True,False,True,32.038349800001015
debug_algorithm_dueling_dqn_statev1_sparse_seed44_20261010_222751_694664_afea71b2,dueling_dqn,44,v1,sparse,661,14570,0.0,1,13,0.23291705990581058,0.5158885585574003,13571,True,False,True,32.07061550000071
debug_algorithm_dueling_dqn_statev1_sparse_seed44_20261010_222751_694664_afea71b2,dueling_dqn,44,v1,sparse,662,14593,10.0,2,23,0.2323819395358989,0.39900630518146185,13594,True,False,True,32.127036099998804
debug_algorithm_dueling_dqn_statev1_sparse_seed44_20261010_222751_694664_afea71b2,dueling_dqn,44,v1,sparse,663,14628,20.0,3,35,0.23156998390033987,0.5104074035372053,13629,True,False,True,32.22543819999555
debug_algorithm_dueling_dqn_statev1_sparse_seed44_20261010_222751_694664_afea71b2,dueling_dqn,44,v1,sparse,664,14641,0.0,1,13,0.23126912347964446,0.4493794704859073,13642,True,False,True,32.26422189999721
debug_algorithm_dueling_dqn_statev1_sparse_seed44_20261010_222751_694664_afea71b2,dueling_dqn,44,v1,sparse,665,14681,30.0,4,40,0.2303458486020622,0.4676781166344881,13682,True,False,True,32.35707289999846
debug_algorithm_dueling_dqn_statev1_sparse_seed44_20261010_222751_694664_afea71b2,dueling_dqn,44,v1,sparse,666,14721,10.0,2,40,0.22942625963155977,0.46214228346943853,13722,True,False,True,32.451768099999754
debug_algorithm_dueling_dqn_statev1_sparse_seed44_20261010_222751_694664_afea71b2,dueling_dqn,44,v1,sparse,667,14763,30.0,4,42,0.22846464206995534,0.48424584986198516,13764,True,False,True,32.55092519999744
debug_algorithm_dueling_dqn_statev1_sparse_seed44_20261010_222751_694664_afea71b2,dueling_dqn,44,v1,sparse,668,14778,-10.0,0,15,0.2281221848908044,0.5716887255509694,13779,True,False,True,32.5855431999953
debug_algorithm_dueling_dqn_statev1_sparse_seed44_20261010_222751_694664_afea71b2,dueling_dqn,44,v1,sparse,669,14823,20.0,3,45,0.22709789023476862,0.5609205577108595,13824,True,False,True,32.68803800000023
debug_algorithm_dueling_dqn_statev1_sparse_seed44_20261010_222751_694664_afea71b2,dueling_dqn,44,v1,sparse,670,14924,90.0,10,101,0.2248156322335339,0.5035632279249701,13925,True,False,True,32.919956799996726
debug_algorithm_dueling_dqn_statev1_sparse_seed44_20261010_222751_694664_afea71b2,dueling_dqn,44,v1,sparse,671,14939,10.0,2,15,0.22447864473933704,0.45254786411921183,13940,True,False,True,32.95512400000007
debug_algorithm_dueling_dqn_statev1_sparse_seed44_20261010_222751_694664_afea71b2,dueling_dqn,44,v1,sparse,672,14981,10.0,2,42,0.223537764618059,0.48274139563242596,13982,True,False,True,33.048345600000175
debug_algorithm_dueling_dqn_statev1_sparse_seed44_20261010_222751_694664_afea71b2,dueling_dqn,44,v1,sparse,673,15004,-10.0,0,23,0.2230241929142945,0.5095019152630931,14005,True,False,True,33.09496229999786
debug_algorithm_dueling_dqn_statev1_sparse_seed44_20261010_222751_694664_afea71b2,dueling_dqn,44,v1,sparse,674,15051,50.0,6,47,0.22197838648676024,0.554755318355053,14052,True,False,True,33.200406299998576
debug_algorithm_dueling_dqn_statev1_sparse_seed44_20261010_222751_694664_afea71b2,dueling_dqn,44,v1,sparse,675,15067,10.0,2,16,0.22162348731817774,0.5128262238577008,14068,True,False,True,33.23803449999832
debug_algorithm_dueling_dqn_statev1_sparse_seed44_20261010_222751_694664_afea71b2,dueling_dqn,44,v1,sparse,676,15077,-10.0,0,10,0.22140196353483874,0.5637656733393669,14078,True,False,True,33.26053229999525
debug_algorithm_dueling_dqn_statev1_sparse_seed44_20261010_222751_694664_afea71b2,dueling_dqn,44,v1,sparse,677,15089,10.0,2,12,0.22113642725519542,0.5288053303956985,14090,True,False,True,33.288195000001
debug_algorithm_dueling_dqn_statev1_sparse_seed44_20261010_222751_694664_afea71b2,dueling_dqn,44,v1,sparse,678,15098,10.0,2,9,0.22093748406120686,0.4372151411241955,14099,True,False,True,33.30893970000034
debug_algorithm_dueling_dqn_statev1_sparse_seed44_20261010_222751_694664_afea71b2,dueling_dqn,44,v1,sparse,679,15112,10.0,2,14,0.22062837255623258,0.5842513112085206,14113,True,False,True,33.33942109999771
debug_algorithm_dueling_dqn_statev1_sparse_seed44_20261010_222751_694664_afea71b2,dueling_dqn,44,v1,sparse,680,15119,-10.0,0,7,0.22047397901968024,0.4976151628153665,14120,True,False,True,33.353665399998135
debug_algorithm_dueling_dqn_statev1_sparse_seed44_20261010_222751_694664_afea71b2,dueling_dqn,44,v1,sparse,681,15252,100.0,11,133,0.21756094406954535,0.5208584184485271,14253,True,False,True,33.659615999997186
debug_algorithm_dueling_dqn_statev1_sparse_seed44_20261010_222751_694664_afea71b2,dueling_dqn,44,v1,sparse,682,15254,-10.0,0,2,0.21751743405634089,0.45637452602386475,14255,True,False,True,33.66349149999587
debug_algorithm_dueling_dqn_statev1_sparse_seed44_20261010_222751_694664_afea71b2,dueling_dqn,44,v1,sparse,683,15255,-10.0,0,1,0.21749568231293526,0.6810081005096436,14256,True,False,True,33.66690099999687
debug_algorithm_dueling_dqn_statev1_sparse_seed44_20261010_222751_694664_afea71b2,dueling_dqn,44,v1,sparse,684,15256,-10.0,0,1,0.21747393274470397,1.2524096965789795,14257,True,False,True,33.67011769999954
debug_algorithm_dueling_dqn_statev1_sparse_seed44_20261010_222751_694664_afea71b2,dueling_dqn,44,v1,sparse,685,15284,0.0,1,28,0.21686582707248508,0.48901139412607464,14285,True,False,True,33.733154900000955
debug_algorithm_dueling_dqn_statev1_sparse_seed44_20261010_222751_694664_afea71b2,dueling_dqn,44,v1,sparse,686,15350,50.0,6,66,0.2154391544776279,0.5214800157330253,14351,True,False,True,33.875750100000005
debug_algorithm_dueling_dqn_statev1_sparse_seed44_20261010_222751_694664_afea71b2,dueling_dqn,44,v1,sparse,687,15385,20.0,3,35,0.21468639789100352,0.49359851607254573,14386,True,False,True,33.943849399998726
debug_algorithm_dueling_dqn_statev1_sparse_seed44_20261010_222751_694664_afea71b2,dueling_dqn,44,v1,sparse,688,15397,-10.0,0,12,0.21442891585933657,0.5450717732310295,14398,True,False,True,33.9729892999967
debug_algorithm_dueling_dqn_statev1_sparse_seed44_20261010_222751_694664_afea71b2,dueling_dqn,44,v1,sparse,689,15491,80.0,9,94,0.21242262806053433,0.5453737398728411,14492,True,False,True,34.218656699995336
debug_algorithm_dueling_dqn_statev1_sparse_seed44_20261010_222751_694664_afea71b2,dueling_dqn,44,v1,sparse,690,15494,-10.0,0,3,0.2123589076445826,0.3403846820195516,14495,True,False,True,34.224835000000894
debug_algorithm_dueling_dqn_statev1_sparse_seed44_20261010_222751_694664_afea71b2,dueling_dqn,44,v1,sparse,691,15495,-10.0,0,1,0.21233767175381815,0.8142545819282532,14496,True,False,True,34.22826069999428
debug_algorithm_dueling_dqn_statev1_sparse_seed44_20261010_222751_694664_afea71b2,dueling_dqn,44,v1,sparse,692,15535,20.0,3,40,0.21148997520468568,0.543573223799467,14536,True,False,True,34.328599399996165
debug_algorithm_dueling_dqn_statev1_sparse_seed44_20261010_222751_694664_afea71b2,dueling_dqn,44,v1,sparse,693,15543,-10.0,0,8,0.21132084242987306,0.3771988684311509,14544,True,False,True,34.348159999994095
debug_algorithm_dueling_dqn_statev1_sparse_seed44_20261010_222751_694664_afea71b2,dueling_dqn,44,v1,sparse,694,15562,10.0,2,19,0.2109196939832089,0.576324294272222,14563,True,False,True,34.39735690000089
debug_algorithm_dueling_dqn_statev1_sparse_seed44_20261010_222751_694664_afea71b2,dueling_dqn,44,v1,sparse,695,15582,20.0,3,20,0.21049825510231485,0.46470314264297485,14583,True,False,True,34.45297589999973
debug_algorithm_dueling_dqn_statev1_sparse_seed44_20261010_222751_694664_afea71b2,dueling_dqn,44,v1,sparse,696,15667,100.0,11,85,0.20871651397329213,0.4730130048359142,14668,True,False,True,34.66062709999824
debug_algorithm_dueling_dqn_statev1_sparse_seed44_20261010_222751_694664_afea71b2,dueling_dqn,44,v1,sparse,697,15668,-10.0,0,1,0.2086956423218948,0.5741937756538391,14669,True,False,True,34.66358719999698
debug_algorithm_dueling_dqn_statev1_sparse_seed44_20261010_222751_694664_afea71b2,dueling_dqn,44,v1,sparse,698,15669,-10.0,0,1,0.2086747727576626,0.5161851644515991,14670,True,False,True,34.66598669999803
debug_algorithm_dueling_dqn_statev1_sparse_seed44_20261010_222751_694664_afea71b2,dueling_dqn,44,v1,sparse,699,15685,10.0,2,16,0.20834114341415783,0.5176160801202059,14686,True,False,True,34.70717119999608
debug_algorithm_dueling_dqn_statev1_sparse_seed44_20261010_222751_694664_afea71b2,dueling_dqn,44,v1,sparse,700,15781,120.0,13,96,0.20635053909482215,0.5391082689942172,14782,True,False,True,34.92636399999901
debug_algorithm_dueling_dqn_statev1_sparse_seed44_20261010_222751_694664_afea71b2,dueling_dqn,44,v1,sparse,701,15812,30.0,4,31,0.2057118110267383,0.5497358393284583,14813,True,False,True,35.02991929999553
debug_algorithm_dueling_dqn_statev1_sparse_seed44_20261010_222751_694664_afea71b2,dueling_dqn,44,v1,sparse,702,15896,110.0,12,84,0.20399098336643076,0.5502093732357025,14897,True,False,True,35.21558989999903
debug_algorithm_dueling_dqn_statev1_sparse_seed44_20261010_222751_694664_afea71b2,dueling_dqn,44,v1,sparse,703,15915,-10.0,0,19,0.20360374912502793,0.4797298931761792,14916,True,False,True,35.252628499998536
debug_algorithm_dueling_dqn_statev1_sparse_seed44_20261010_222751_694664_afea71b2,dueling_dqn,44,v1,sparse,704,15939,30.0,4,24,0.20311566166159775,0.5555530792723099,14940,True,False,True,35.30610199999501
debug_algorithm_dueling_dqn_statev1_sparse_seed44_20261010_222751_694664_afea71b2,dueling_dqn,44,v1,sparse,705,15944,0.0,1,5,0.20301412414030207,0.5862768530845642,14945,True,False,True,35.31927789999463
debug_algorithm_dueling_dqn_statev1_sparse_seed44_20261010_222751_694664_afea71b2,dueling_dqn,44,v1,sparse,706,15948,-10.0,0,4,0.20293293067068136,1.0286086350679398,14949,True,False,True,35.32963779999409
debug_algorithm_dueling_dqn_statev1_sparse_seed44_20261010_222751_694664_afea71b2,dueling_dqn,44,v1,sparse,707,15990,40.0,5,42,0.20208235728699725,0.5225915614338148,14991,True,False,True,35.41878919999726
debug_algorithm_dueling_dqn_statev1_sparse_seed44_20261010_222751_694664_afea71b2,dueling_dqn,44,v1,sparse,708,15994,-10.0,0,4,0.2020015364682156,0.4213031381368637,14995,True,False,True,35.426919499994256
debug_algorithm_dueling_dqn_statev1_sparse_seed44_20261010_222751_694664_afea71b2,dueling_dqn,44,v1,sparse,709,16035,30.0,4,41,0.20117498443000284,0.5559358945706996,15036,True,False,True,35.52767119999771
debug_algorithm_dueling_dqn_statev1_sparse_seed44_20261010_222751_694664_afea71b2,dueling_dqn,44,v1,sparse,710,16073,20.0,3,38,0.20041193205368132,0.5278891801441971,15074,True,False,True,35.6204718999943
debug_algorithm_dueling_dqn_statev1_sparse_seed44_20261010_222751_694664_afea71b2,dueling_dqn,44,v1,sparse,711,16163,80.0,9,90,0.19861622766980452,0.5798267324765524,15164,True,False,True,35.84495049999532
debug_algorithm_dueling_dqn_statev1_sparse_seed44_20261010_222751_694664_afea71b2,dueling_dqn,44,v1,sparse,712,16227,50.0,6,64,0.19734907965332577,0.549865611246787,15228,True,False,True,35.99467000000004
debug_algorithm_dueling_dqn_statev1_sparse_seed44_20261010_222751_694664_afea71b2,dueling_dqn,44,v1,sparse,713,16246,0.0,1,19,0.19697445367775593,0.5324797544040178,15247,True,False,True,36.04615799999738
debug_algorithm_dueling_dqn_statev1_sparse_seed44_20261010_222751_694664_afea71b2,dueling_dqn,44,v1,sparse,714,16271,20.0,3,25,0.19648260801413048,0.617271243929863,15272,True,False,True,36.10639359999914
debug_algorithm_dueling_dqn_statev1_sparse_seed44_20261010_222751_694664_afea71b2,dueling_dqn,44,v1,sparse,715,16389,90.0,10,118,0.1941776241400777,0.561131532793328,15390,True,False,True,36.3918107999998
debug_algorithm_dueling_dqn_statev1_sparse_seed44_20261010_222751_694664_afea71b2,dueling_dqn,44,v1,sparse,716,16428,20.0,3,39,0.19342176848913306,0.5333254826374543,15429,True,False,True,36.48470139999699
debug_algorithm_dueling_dqn_statev1_sparse_seed44_20261010_222751_694664_afea71b2,dueling_dqn,44,v1,sparse,717,16439,10.0,2,11,0.19320911089385948,0.6138448363000696,15440,True,False,True,36.51207269999577
debug_algorithm_dueling_dqn_statev1_sparse_seed44_20261010_222751_694664_afea71b2,dueling_dqn,44,v1,sparse,718,16441,-10.0,0,2,0.19317047100377183,0.5850480496883392,15442,True,False,True,36.516319499998644
debug_algorithm_dueling_dqn_statev1_sparse_seed44_20261010_222751_694664_afea71b2,dueling_dqn,44,v1,sparse,719,16499,20.0,3,58,0.19205326942755443,0.6156155872961571,15500,True,False,True,36.67426789999445
debug_algorithm_dueling_dqn_statev1_sparse_seed44_20261010_222751_694664_afea71b2,dueling_dqn,44,v1,sparse,720,16538,20.0,3,39,0.19130568303791726,0.49290350729074234,15539,True,False,True,36.77552889999788
debug_algorithm_dueling_dqn_statev1_sparse_seed44_20261010_222751_694664_afea71b2,dueling_dqn,44,v1,sparse,721,16592,20.0,3,54,0.19027536519473473,0.5394015629534368,15593,True,False,True,36.91260549999424
debug_algorithm_dueling_dqn_statev1_sparse_seed44_20261010_222751_694664_afea71b2,dueling_dqn,44,v1,sparse,722,16699,80.0,9,107,0.18825017163429733,0.5028712731376986,15700,True,False,True,37.182182799995644
debug_algorithm_dueling_dqn_statev1_sparse_seed44_20261010_222751_694664_afea71b2,dueling_dqn,44,v1,sparse,723,16700,-10.0,0,1,0.1882313466171339,0.464767724275589,15701,True,False,True,37.18629019999935
debug_algorithm_dueling_dqn_statev1_sparse_seed44_20261010_222751_694664_afea71b2,dueling_dqn,44,v1,sparse,724,16825,130.0,14,125,0.18589298308525387,0.5569620368480682,15826,True,False,True,37.52872329999809
debug_algorithm_dueling_dqn_statev1_sparse_seed44_20261010_222751_694664_afea71b2,dueling_dqn,44,v1,sparse,725,16828,-10.0,0,3,0.1858372207669319,0.5582419633865356,15829,True,False,True,37.537819500001206
debug_algorithm_dueling_dqn_statev1_sparse_seed44_20261010_222751_694664_afea71b2,dueling_dqn,44,v1,sparse,726,16844,0.0,1,16,0.18554010411433475,0.4628839073702693,15845,True,False,True,37.57856940000056
debug_algorithm_dueling_dqn_statev1_sparse_seed44_20261010_222751_694664_afea71b2,dueling_dqn,44,v1,sparse,727,16892,50.0,6,48,0.18465160130146588,0.493874982620279,15893,True,False,True,37.70928609999828
debug_algorithm_dueling_dqn_statev1_sparse_seed44_20261010_222751_694664_afea71b2,dueling_dqn,44,v1,sparse,728,16904,0.0,1,12,0.1844301412093468,0.47770607719818753,15905,True,False,True,37.74105659999623
debug_algorithm_dueling_dqn_statev1_sparse_seed44_20261010_222751_694664_afea71b2,dueling_dqn,44,v1,sparse,729,16905,-10.0,0,1,0.18441169819522588,0.3706868886947632,15906,True,False,True,37.74396400000114
debug_algorithm_dueling_dqn_statev1_sparse_seed44_20261010_222751_694664_afea71b2,dueling_dqn,44,v1,sparse,730,16960,40.0,5,55,0.1834001675371127,0.5577416428110816,15961,True,False,True,37.88348810000025
debug_algorithm_dueling_dqn_statev1_sparse_seed44_20261010_222751_694664_afea71b2,dueling_dqn,44,v1,sparse,731,17064,110.0,12,104,0.18150259539395738,0.5732072190596507,16065,True,False,True,38.138846199995896
debug_algorithm_dueling_dqn_statev1_sparse_seed44_20261010_222751_694664_afea71b2,dueling_dqn,44,v1,sparse,732,17068,-10.0,0,4,0.18143000524522954,0.5483477413654327,16069,True,False,True,38.15061050000077
debug_algorithm_dueling_dqn_statev1_sparse_seed44_20261010_222751_694664_afea71b2,dueling_dqn,44,v1,sparse,733,17124,40.0,5,56,0.18041678621535423,0.5524352474936417,16125,True,False,True,38.329969999998866
debug_algorithm_dueling_dqn_statev1_sparse_seed44_20261010_222751_694664_afea71b2,dueling_dqn,44,v1,sparse,734,17153,20.0,3,29,0.17989430936866715,0.5324711799621582,16154,True,False,True,38.411492799998086
debug_algorithm_dueling_dqn_statev1_sparse_seed44_20261010_222751_694664_afea71b2,dueling_dqn,44,v1,sparse,735,17268,60.0,7,115,0.17783727259019377,0.5216076869031657,16269,True,False,True,38.72800319999806
debug_algorithm_dueling_dqn_statev1_sparse_seed44_20261010_222751_694664_afea71b2,dueling_dqn,44,v1,sparse,736,17309,30.0,4,41,0.1771095961442635,0.5522713068781829,16310,True,False,True,38.8332190000001
debug_algorithm_dueling_dqn_statev1_sparse_seed44_20261010_222751_694664_afea71b2,dueling_dqn,44,v1,sparse,737,17336,40.0,5,27,0.17663202137162154,0.5262542267640432,16337,True,False,True,38.89002519999485
debug_algorithm_dueling_dqn_statev1_sparse_seed44_20261010_222751_694664_afea71b2,dueling_dqn,44,v1,sparse,738,17356,0.0,1,20,0.17627909272844397,0.5076605908572673,16357,True,False,True,38.93797469999845
debug_algorithm_dueling_dqn_statev1_sparse_seed44_20261010_222751_694664_afea71b2,dueling_dqn,44,v1,sparse,739,17412,50.0,6,56,0.1752946396272042,0.5633000635675022,16413,True,False,True,39.07052719999774
debug_algorithm_dueling_dqn_statev1_sparse_seed44_20261010_222751_694664_afea71b2,dueling_dqn,44,v1,sparse,740,17474,70.0,8,62,0.17421112106327502,0.5666181935418036,16475,True,False,True,39.206584299994574
debug_algorithm_dueling_dqn_statev1_sparse_seed44_20261010_222751_694664_afea71b2,dueling_dqn,44,v1,sparse,741,17491,0.0,1,17,0.17391519896617003,0.5552340377779568,16492,True,False,True,39.24910689999524
debug_algorithm_dueling_dqn_statev1_sparse_seed44_20261010_222751_694664_afea71b2,dueling_dqn,44,v1,sparse,742,17583,110.0,12,92,0.1723224374341487,0.5719816739792409,16584,True,False,True,39.45931610000116
debug_algorithm_dueling_dqn_statev1_sparse_seed44_20261010_222751_694664_afea71b2,dueling_dqn,44,v1,sparse,743,17601,10.0,2,18,0.17201252055953417,0.6106586928168932,16602,True,False,True,39.50208169999678
debug_algorithm_dueling_dqn_statev1_sparse_seed44_20261010_222751_694664_afea71b2,dueling_dqn,44,v1,sparse,744,17621,0.0,1,20,0.17166882214619328,0.5774076633155346,16622,True,False,True,39.55102509999415
debug_algorithm_dueling_dqn_statev1_sparse_seed44_20261010_222751_694664_afea71b2,dueling_dqn,44,v1,sparse,745,17642,10.0,2,21,0.17130867789599596,0.5537889684949603,16643,True,False,True,39.602570999995805
debug_algorithm_dueling_dqn_statev1_sparse_seed44_20261010_222751_694664_afea71b2,dueling_dqn,44,v1,sparse,746,17855,170.0,18,213,0.16769821051656358,0.5748166629406208,16856,True,False,True,40.06496989999869
debug_algorithm_dueling_dqn_statev1_sparse_seed44_20261010_222751_694664_afea71b2,dueling_dqn,44,v1,sparse,747,17914,60.0,7,59,0.16671165494682075,0.5716643836033546,16915,True,False,True,40.198018799994315
debug_algorithm_dueling_dqn_statev1_sparse_seed44_20261010_222751_694664_afea71b2,dueling_dqn,44,v1,sparse,748,17932,0.0,1,18,0.1664118289007629,0.5897922068834305,16933,True,False,True,40.24365039999975
debug_algorithm_dueling_dqn_statev1_sparse_seed44_20261010_222751_694664_afea71b2,dueling_dqn,44,v1,sparse,749,18025,100.0,11,93,0.16487129644393048,0.5767385003066832,17026,True,False,True,40.485743999997794
debug_algorithm_dueling_dqn_statev1_sparse_seed44_20261010_222751_694664_afea71b2,dueling_dqn,44,v1,sparse,750,18142,100.0,11,117,0.16295344767569797,0.5389412852943453,17143,True,False,True,40.7564601999984
debug_algorithm_dueling_dqn_statev1_sparse_seed44_20261010_222751_694664_afea71b2,dueling_dqn,44,v1,sparse,751,18147,-10.0,0,5,0.16287198724557542,0.8425780653953552,17148,True,False,True,40.76774319999822
debug_algorithm_dueling_dqn_statev1_sparse_seed44_20261010_222751_694664_afea71b2,dueling_dqn,44,v1,sparse,752,18184,40.0,5,37,0.16227044435576155,0.556353113135776,17185,True,False,True,40.85152189999644
debug_algorithm_dueling_dqn_statev1_sparse_seed44_20261010_222751_694664_afea71b2,dueling_dqn,44,v1,sparse,753,18278,110.0,12,94,0.16075217331795635,0.6016283577426951,17279,True,False,True,41.06415169999673
debug_algorithm_dueling_dqn_statev1_sparse_seed44_20261010_222751_694664_afea71b2,dueling_dqn,44,v1,sparse,754,18289,-10.0,0,11,0.16057543431448312,0.6053552248261191,17290,True,False,True,41.087707499995304
debug_algorithm_dueling_dqn_statev1_sparse_seed44_20261010_222751_694664_afea71b2,dueling_dqn,44,v1,sparse,755,18317,30.0,4,28,0.1601264295478278,0.5308999467108931,17318,True,False,True,41.15145279999706
debug_algorithm_dueling_dqn_statev1_sparse_seed44_20261010_222751_694664_afea71b2,dueling_dqn,44,v1,sparse,756,18381,80.0,9,64,0.15910484188619584,0.5741034052334726,17382,True,False,True,41.294790699997975
debug_algorithm_dueling_dqn_statev1_sparse_seed44_20261010_222751_694664_afea71b2,dueling_dqn,44,v1,sparse,757,18424,20.0,3,43,0.1584221258212567,0.5327165958493255,17425,True,False,True,41.39641709999705
debug_algorithm_dueling_dqn_statev1_sparse_seed44_20261010_222751_694664_afea71b2,dueling_dqn,44,v1,sparse,758,18448,20.0,3,24,0.15804234964387487,0.5646325871348381,17449,True,False,True,41.44949869999982
debug_algorithm_dueling_dqn_statev1_sparse_seed44_20261010_222751_694664_afea71b2,dueling_dqn,44,v1,sparse,759,18468,10.0,2,20,0.1577265650449598,0.5715429991483688,17469,True,False,True,41.49616779999633
debug_algorithm_dueling_dqn_statev1_sparse_seed44_20261010_222751_694664_afea71b2,dueling_dqn,44,v1,sparse,760,18497,40.0,5,29,0.15726979780022507,0.6013036575810663,17498,True,False,True,41.56705990000046
debug_algorithm_dueling_dqn_statev1_sparse_seed44_20261010_222751_694664_afea71b2,dueling_dqn,44,v1,sparse,761,18578,80.0,9,81,0.15600099458735833,0.5344107301882756,17579,True,False,True,41.75540189999447
debug_algorithm_dueling_dqn_statev1_sparse_seed44_20261010_222751_694664_afea71b2,dueling_dqn,44,v1,sparse,762,18649,80.0,9,71,0.15489725524940415,0.5958446786856987,17650,True,False,True,41.92298089999531
debug_algorithm_dueling_dqn_statev1_sparse_seed44_20261010_222751_694664_afea71b2,dueling_dqn,44,v1,sparse,763,18709,40.0,5,60,0.15397060810628654,0.574528856575489,17710,True,False,True,42.045356299997366
debug_algorithm_dueling_dqn_statev1_sparse_seed44_20261010_222751_694664_afea71b2,dueling_dqn,44,v1,sparse,764,18833,140.0,15,124,0.15207306675845988,0.601935486159017,17834,True,False,True,42.304898800000956
debug_algorithm_dueling_dqn_statev1_sparse_seed44_20261010_222751_694664_afea71b2,dueling_dqn,44,v1,sparse,765,18896,70.0,8,63,0.15111797039494965,0.5673144696250795,17897,True,False,True,42.45965949999663
debug_algorithm_dueling_dqn_statev1_sparse_seed44_20261010_222751_694664_afea71b2,dueling_dqn,44,v1,sparse,766,18927,20.0,3,31,0.1506502067064876,0.6055410836012133,17928,True,False,True,42.536829699994996
debug_algorithm_dueling_dqn_statev1_sparse_seed44_20261010_222751_694664_afea71b2,dueling_dqn,44,v1,sparse,767,19008,60.0,7,81,0.1494348082704125,0.62202870560649,18009,True,False,True,42.74027639999986
debug_algorithm_dueling_dqn_statev1_sparse_seed44_20261010_222751_694664_afea71b2,dueling_dqn,44,v1,sparse,768,19182,170.0,18,174,0.1468570056380137,0.5779650701188493,18183,True,False,True,43.152277799999865
debug_algorithm_dueling_dqn_statev1_sparse_seed44_20261010_222751_694664_afea71b2,dueling_dqn,44,v1,sparse,769,19229,50.0,6,47,0.1461683628570769,0.6157348515822533,18230,True,False,True,43.258021499997994
debug_algorithm_dueling_dqn_statev1_sparse_seed44_20261010_222751_694664_afea71b2,dueling_dqn,44,v1,sparse,770,19328,130.0,14,99,0.1447283638206315,0.5939825753671955,18329,True,False,True,43.488477999999304
debug_algorithm_dueling_dqn_statev1_sparse_seed44_20261010_222751_694664_afea71b2,dueling_dqn,44,v1,sparse,771,19434,100.0,11,106,0.14320226944833386,0.5791985060808793,18435,True,False,True,43.72906239999429
debug_algorithm_dueling_dqn_statev1_sparse_seed44_20261010_222751_694664_afea71b2,dueling_dqn,44,v1,sparse,772,19488,40.0,5,54,0.142431022870324,0.5718621277698764,18489,True,False,True,43.84954440000001
debug_algorithm_dueling_dqn_statev1_sparse_seed44_20261010_222751_694664_afea71b2,dueling_dqn,44,v1,sparse,773,19491,-10.0,0,3,0.14238829783625115,0.6837065815925598,18492,True,False,True,43.85636800000066
debug_algorithm_dueling_dqn_statev1_sparse_seed44_20261010_222751_694664_afea71b2,dueling_dqn,44,v1,sparse,774,19501,10.0,2,10,0.14224597359606533,0.5625075191259384,18502,True,False,True,43.87504439999611
debug_algorithm_dueling_dqn_statev1_sparse_seed44_20261010_222751_694664_afea71b2,dueling_dqn,44,v1,sparse,775,19520,20.0,3,19,0.14197594934906646,0.5238514440624338,18521,True,False,True,43.915891799995734
debug_algorithm_dueling_dqn_statev1_sparse_seed44_20261010_222751_694664_afea71b2,dueling_dqn,44,v1,sparse,776,19543,10.0,2,23,0.14164976361340176,0.5697189103002134,18544,True,False,True,43.9713283999954
debug_algorithm_dueling_dqn_statev1_sparse_seed44_20261010_222751_694664_afea71b2,dueling_dqn,44,v1,sparse,777,19544,-10.0,0,1,0.14163559863704042,0.6693636178970337,18545,True,False,True,43.97345700000005
debug_algorithm_dueling_dqn_statev1_sparse_seed44_20261010_222751_694664_afea71b2,dueling_dqn,44,v1,sparse,778,19638,60.0,7,94,0.14031039595958084,0.5955790419210779,18639,True,False,True,44.18606739999814
debug_algorithm_dueling_dqn_statev1_sparse_seed44_20261010_222751_694664_afea71b2,dueling_dqn,44,v1,sparse,779,19758,130.0,14,120,0.13863665008055814,0.5972277688483397,18759,True,False,True,44.47198789999675
debug_algorithm_dueling_dqn_statev1_sparse_seed44_20261010_222751_694664_afea71b2,dueling_dqn,44,v1,sparse,780,19849,90.0,10,91,0.13738071693036114,0.591177394265657,18850,True,False,True,44.69655480000074
debug_algorithm_dueling_dqn_statev1_sparse_seed44_20261010_222751_694664_afea71b2,dueling_dqn,44,v1,sparse,781,19891,30.0,4,42,0.13680489919163238,0.5743685157171318,18892,True,False,True,44.8003177999999
debug_algorithm_dueling_dqn_statev1_sparse_seed44_20261010_222751_694664_afea71b2,dueling_dqn,44,v1,sparse,782,19915,10.0,2,24,0.13647694473834654,0.6077301247666279,18916,True,False,True,44.86259810000047
debug_algorithm_dueling_dqn_statev1_sparse_seed44_20261010_222751_694664_afea71b2,dueling_dqn,44,v1,sparse,783,19948,10.0,2,33,0.1360272906749182,0.5354434459498434,18949,True,False,True,44.94566149999446
debug_algorithm_dueling_dqn_statev1_sparse_seed44_20261010_222751_694664_afea71b2,dueling_dqn,44,v1,sparse,784,20000,60.0,6,52,0.13532174948275888,0.674332472280814,19001,False,False,False,45.059535499996855
