run_id,algorithm,seed,state_mode,reward_mode,episode,global_step,episode_return,score,episode_length,epsilon,loss,update_count,terminated,truncated,episode_complete,wall_clock_time
baseline100k_dqn_statev1_sparse_seed44_20261010_115525_500394_e6195a47,dqn,44,v1,sparse,1,16,0.0,1,16,0.9984011994401822,,0,True,False,True,0.0017761249910108745
baseline100k_dqn_statev1_sparse_seed44_20261010_115525_500394_e6195a47,dqn,44,v1,sparse,2,25,-10.0,0,9,0.9975029977012647,,0,True,False,True,0.0018569159437902272
baseline100k_dqn_statev1_sparse_seed44_20261010_115525_500394_e6195a47,dqn,44,v1,sparse,3,33,-10.0,0,8,0.9967052745480899,,0,True,False,True,0.0019148329738527536
baseline100k_dqn_statev1_sparse_seed44_20261010_115525_500394_e6195a47,dqn,44,v1,sparse,4,35,-10.0,0,2,0.9965059434602331,,0,True,False,True,0.001942290982697159
baseline100k_dqn_statev1_sparse_seed44_20261010_115525_500394_e6195a47,dqn,44,v1,sparse,5,48,-10.0,0,13,0.9952112627234414,,0,True,False,True,0.0020464579574763775
baseline100k_dqn_statev1_sparse_seed44_20261010_115525_500394_e6195a47,dqn,44,v1,sparse,6,71,-10.0,0,23,0.9929247929420344,,0,True,False,True,0.0021714999456889927
baseline100k_dqn_statev1_sparse_seed44_20261010_115525_500394_e6195a47,dqn,44,v1,sparse,7,87,-10.0,0,16,0.9913373042272218,,0,True,False,True,0.0022594579495489597
baseline100k_dqn_statev1_sparse_seed44_20261010_115525_500394_e6195a47,dqn,44,v1,sparse,8,103,-10.0,0,16,0.9897523535902548,,0,True,False,True,0.0023940829560160637
baseline100k_dqn_statev1_sparse_seed44_20261010_115525_500394_e6195a47,dqn,44,v1,sparse,9,112,0.0,1,9,0.9888619326997442,,0,True,False,True,0.002456457994412631
baseline100k_dqn_statev1_sparse_seed44_20261010_115525_500394_e6195a47,dqn,44,v1,sparse,10,130,-10.0,0,18,0.987083493373033,,0,True,False,True,0.002548749966081232
baseline100k_dqn_statev1_sparse_seed44_20261010_115525_500394_e6195a47,dqn,44,v1,sparse,11,165,-10.0,0,35,0.9836345678377172,,0,True,False,True,0.0027367909788154066
baseline100k_dqn_statev1_sparse_seed44_20261010_115525_500394_e6195a47,dqn,44,v1,sparse,12,172,-10.0,0,7,0.9829462301690663,,0,True,False,True,0.002781124960165471
baseline100k_dqn_statev1_sparse_seed44_20261010_115525_500394_e6195a47,dqn,44,v1,sparse,13,194,-10.0,0,22,0.9807860175554679,,0,True,False,True,0.002915999968536198
baseline100k_dqn_statev1_sparse_seed44_20261010_115525_500394_e6195a47,dqn,44,v1,sparse,14,196,-10.0,0,2,0.9805898701598169,,0,True,False,True,0.0029431249713525176
baseline100k_dqn_statev1_sparse_seed44_20261010_115525_500394_e6195a47,dqn,44,v1,sparse,15,227,-10.0,0,31,0.9775545969005506,,0,True,False,True,0.003089332953095436
baseline100k_dqn_statev1_sparse_seed44_20261010_115525_500394_e6195a47,dqn,44,v1,sparse,16,228,-10.0,0,1,0.9774568414408605,,0,True,False,True,0.0031119579798541963
baseline100k_dqn_statev1_sparse_seed44_20261010_115525_500394_e6195a47,dqn,44,v1,sparse,17,246,0.0,1,18,0.9756989138379287,,0,True,False,True,0.0032068329746834934
baseline100k_dqn_statev1_sparse_seed44_20261010_115525_500394_e6195a47,dqn,44,v1,sparse,18,271,-10.0,0,25,0.9732625914072018,,0,True,False,True,0.003326832957100123
baseline100k_dqn_statev1_sparse_seed44_20261010_115525_500394_e6195a47,dqn,44,v1,sparse,19,292,-10.0,0,21,0.9712207825228317,,0,True,False,True,0.003431374963838607
baseline100k_dqn_statev1_sparse_seed44_20261010_115525_500394_e6195a47,dqn,44,v1,sparse,20,320,-10.0,0,28,0.9685050323665944,,0,True,False,True,0.0035882910015061498
baseline100k_dqn_statev1_sparse_seed44_20261010_115525_500394_e6195a47,dqn,44,v1,sparse,21,327,-10.0,0,7,0.9678272821961004,,0,True,False,True,0.003655624983366579
baseline100k_dqn_statev1_sparse_seed44_20261010_115525_500394_e6195a47,dqn,44,v1,sparse,22,341,-10.0,0,14,0.9664732043716606,,0,True,False,True,0.0037524999934248626
baseline100k_dqn_statev1_sparse_seed44_20261010_115525_500394_e6195a47,dqn,44,v1,sparse,23,353,-10.0,0,12,0.9653140741861533,,0,True,False,True,0.0038223329465836287
baseline100k_dqn_statev1_sparse_seed44_20261010_115525_500394_e6195a47,dqn,44,v1,sparse,24,355,-10.0,0,2,0.9651210210244568,,0,True,False,True,0.003845707979053259
baseline100k_dqn_statev1_sparse_seed44_20261010_115525_500394_e6195a47,dqn,44,v1,sparse,25,365,-10.0,0,10,0.9641563341920976,,0,True,False,True,0.003906415950041264
baseline100k_dqn_statev1_sparse_seed44_20261010_115525_500394_e6195a47,dqn,44,v1,sparse,26,374,-10.0,0,9,0.9632889405066278,,0,True,False,True,0.003958874964155257
baseline100k_dqn_statev1_sparse_seed44_20261010_115525_500394_e6195a47,dqn,44,v1,sparse,27,396,-10.0,0,22,0.9611719285522058,,0,True,False,True,0.0040669579757377505
baseline100k_dqn_statev1_sparse_seed44_20261010_115525_500394_e6195a47,dqn,44,v1,sparse,28,439,-10.0,0,43,0.9570475567919766,,0,True,False,True,0.004304915957618505
baseline100k_dqn_statev1_sparse_seed44_20261010_115525_500394_e6195a47,dqn,44,v1,sparse,29,481,-10.0,0,42,0.9530361862567129,,0,True,False,True,0.004518624977208674
baseline100k_dqn_statev1_sparse_seed44_20261010_115525_500394_e6195a47,dqn,44,v1,sparse,30,482,-10.0,0,1,0.9529408826380873,,0,True,False,True,0.004537582979537547
baseline100k_dqn_statev1_sparse_seed44_20261010_115525_500394_e6195a47,dqn,44,v1,sparse,31,484,-10.0,0,2,0.9527503039909685,,0,True,False,True,0.004560457949992269
baseline100k_dqn_statev1_sparse_seed44_20261010_115525_500394_e6195a47,dqn,44,v1,sparse,32,500,-10.0,0,16,0.9512270462715811,,0,True,False,True,0.004664582957047969
baseline100k_dqn_statev1_sparse_seed44_20261010_115525_500394_e6195a47,dqn,44,v1,sparse,33,507,-10.0,0,7,0.9505613870635811,,0,True,False,True,0.004708790977019817
baseline100k_dqn_statev1_sparse_seed44_20261010_115525_500394_e6195a47,dqn,44,v1,sparse,34,521,-10.0,0,14,0.9492314657866452,,0,True,False,True,0.004804082971531898
baseline100k_dqn_statev1_sparse_seed44_20261010_115525_500394_e6195a47,dqn,44,v1,sparse,35,572,-10.0,0,51,0.9444024682682759,,0,True,False,True,0.005118124943692237
baseline100k_dqn_statev1_sparse_seed44_20261010_115525_500394_e6195a47,dqn,44,v1,sparse,36,582,-10.0,0,10,0.94345849066781,,0,True,False,True,0.005246040993370116
baseline100k_dqn_statev1_sparse_seed44_20261010_115525_500394_e6195a47,dqn,44,v1,sparse,37,585,-10.0,0,3,0.9431754814234209,,0,True,False,True,0.005280165991280228
baseline100k_dqn_statev1_sparse_seed44_20261010_115525_500394_e6195a47,dqn,44,v1,sparse,38,610,-10.0,0,25,0.9408203700781957,,0,True,False,True,0.005453290999867022
baseline100k_dqn_statev1_sparse_seed44_20261010_115525_500394_e6195a47,dqn,44,v1,sparse,39,632,0.0,1,22,0.9387527371109037,,0,True,False,True,0.005576082970947027
baseline100k_dqn_statev1_sparse_seed44_20261010_115525_500394_e6195a47,dqn,44,v1,sparse,40,639,-10.0,0,7,0.9380958073001479,,0,True,False,True,0.005622915981803089
baseline100k_dqn_statev1_sparse_seed44_20261010_115525_500394_e6195a47,dqn,44,v1,sparse,41,653,0.0,1,14,0.9367833264957395,,0,True,False,True,0.005715874955058098
baseline100k_dqn_statev1_sparse_seed44_20261010_115525_500394_e6195a47,dqn,44,v1,sparse,42,657,-10.0,0,4,0.9364086693683936,,0,True,False,True,0.005755957972723991
baseline100k_dqn_statev1_sparse_seed44_20261010_115525_500394_e6195a47,dqn,44,v1,sparse,43,673,-10.0,0,16,0.934911538663589,,0,True,False,True,0.0058437499683350325
baseline100k_dqn_statev1_sparse_seed44_20261010_115525_500394_e6195a47,dqn,44,v1,sparse,44,675,-10.0,0,2,0.9347245657049716,,0,True,False,True,0.005867249972652644
baseline100k_dqn_statev1_sparse_seed44_20261010_115525_500394_e6195a47,dqn,44,v1,sparse,45,676,-10.0,0,1,0.9346310932484012,,0,True,False,True,0.0058857909752987325
baseline100k_dqn_statev1_sparse_seed44_20261010_115525_500394_e6195a47,dqn,44,v1,sparse,46,688,-10.0,0,12,0.9335101525874523,,0,True,False,True,0.005980582966003567
baseline100k_dqn_statev1_sparse_seed44_20261010_115525_500394_e6195a47,dqn,44,v1,sparse,47,701,-10.0,0,13,0.9322973172600907,,0,True,False,True,0.00609541597077623
baseline100k_dqn_statev1_sparse_seed44_20261010_115525_500394_e6195a47,dqn,44,v1,sparse,48,710,0.0,1,9,0.9314585852232897,,0,True,False,True,0.006180625001434237
baseline100k_dqn_statev1_sparse_seed44_20261010_115525_500394_e6195a47,dqn,44,v1,sparse,49,723,-10.0,0,13,0.9302484153338654,,0,True,False,True,0.006250249978620559
baseline100k_dqn_statev1_sparse_seed44_20261010_115525_500394_e6195a47,dqn,44,v1,sparse,50,791,0.0,1,68,0.9239438706238289,,0,True,False,True,0.006681832950562239
baseline100k_dqn_statev1_sparse_seed44_20261010_115525_500394_e6195a47,dqn,44,v1,sparse,51,814,-10.0,0,23,0.9218211356639004,,0,True,False,True,0.006794040964450687
baseline100k_dqn_statev1_sparse_seed44_20261010_115525_500394_e6195a47,dqn,44,v1,sparse,52,817,-10.0,0,3,0.9215446169769135,,0,True,False,True,0.0068442909978330135
baseline100k_dqn_statev1_sparse_seed44_20261010_115525_500394_e6195a47,dqn,44,v1,sparse,53,818,-10.0,0,1,0.9214524625152158,,0,True,False,True,0.006863374961540103
baseline100k_dqn_statev1_sparse_seed44_20261010_115525_500394_e6195a47,dqn,44,v1,sparse,54,831,-10.0,0,13,0.9202552927833972,,0,True,False,True,0.006996790994890034
baseline100k_dqn_statev1_sparse_seed44_20261010_115525_500394_e6195a47,dqn,44,v1,sparse,55,841,-10.0,0,10,0.9193354514950844,,0,True,False,True,0.007053915993310511
baseline100k_dqn_statev1_sparse_seed44_20261010_115525_500394_e6195a47,dqn,44,v1,sparse,56,849,-10.0,0,8,0.9186002404963385,,0,True,False,True,0.007120624999515712
baseline100k_dqn_statev1_sparse_seed44_20261010_115525_500394_e6195a47,dqn,44,v1,sparse,57,862,-10.0,0,13,0.9174067764292271,,0,True,False,True,0.007214749988634139
baseline100k_dqn_statev1_sparse_seed44_20261010_115525_500394_e6195a47,dqn,44,v1,sparse,58,921,0.0,1,59,0.9120097434959706,,0,True,False,True,0.0076018329709768295
baseline100k_dqn_statev1_sparse_seed44_20261010_115525_500394_e6195a47,dqn,44,v1,sparse,59,930,-10.0,0,9,0.9111892629737348,,0,True,False,True,0.007679832982830703
baseline100k_dqn_statev1_sparse_seed44_20261010_115525_500394_e6195a47,dqn,44,v1,sparse,60,945,-10.0,0,15,0.9098234354135336,,0,True,False,True,0.007820332946721464
baseline100k_dqn_statev1_sparse_seed44_20261010_115525_500394_e6195a47,dqn,44,v1,sparse,61,954,-10.0,0,9,0.9090049217816846,,0,True,False,True,0.00791416596621275
baseline100k_dqn_statev1_sparse_seed44_20261010_115525_500394_e6195a47,dqn,44,v1,sparse,62,955,-10.0,0,1,0.9089140212895064,,0,True,False,True,0.00793458300177008
baseline100k_dqn_statev1_sparse_seed44_20261010_115525_500394_e6195a47,dqn,44,v1,sparse,63,969,-10.0,0,14,0.9076423684407068,,0,True,False,True,0.00802595796994865
baseline100k_dqn_statev1_sparse_seed44_20261010_115525_500394_e6195a47,dqn,44,v1,sparse,64,980,-10.0,0,11,0.9066444608889938,,0,True,False,True,0.008131624956149608
baseline100k_dqn_statev1_sparse_seed44_20261010_115525_500394_e6195a47,dqn,44,v1,sparse,65,998,-10.0,0,18,0.9050138872858745,,0,True,False,True,0.008281415968667716
baseline100k_dqn_statev1_sparse_seed44_20261010_115525_500394_e6195a47,dqn,44,v1,sparse,66,1003,-10.0,0,5,0.9045614708345707,0.6334918513894081,4,True,False,True,0.009987415978685021
baseline100k_dqn_statev1_sparse_seed44_20261010_115525_500394_e6195a47,dqn,44,v1,sparse,67,1006,-10.0,0,3,0.9042901295292599,0.6922140121459961,7,True,False,True,0.011104374949354678
baseline100k_dqn_statev1_sparse_seed44_20261010_115525_500394_e6195a47,dqn,44,v1,sparse,68,1011,-10.0,0,5,0.9038380748844658,0.7387721061706543,12,True,False,True,0.012931874953210354
baseline100k_dqn_statev1_sparse_seed44_20261010_115525_500394_e6195a47,dqn,44,v1,sparse,69,1050,-10.0,0,39,0.9003197955798045,0.669002544039335,51,True,False,True,0.02772033296059817
baseline100k_dqn_statev1_sparse_seed44_20261010_115525_500394_e6195a47,dqn,44,v1,sparse,70,1060,-10.0,0,10,0.8994198808201134,0.630350935459137,61,True,False,True,0.031528790947049856
baseline100k_dqn_statev1_sparse_seed44_20261010_115525_500394_e6195a47,dqn,44,v1,sparse,71,1077,0.0,1,17,0.8978920896223659,0.6749664036666646,78,True,False,True,0.03784887498477474
baseline100k_dqn_statev1_sparse_seed44_20261010_115525_500394_e6195a47,dqn,44,v1,sparse,72,1090,-10.0,0,13,0.8967255300049539,0.4344112047782311,91,True,False,True,0.04266449995338917
baseline100k_dqn_statev1_sparse_seed44_20261010_115525_500394_e6195a47,dqn,44,v1,sparse,73,1113,-10.0,0,23,0.8946653284142266,0.339070207722809,114,True,False,True,0.05119874997762963
baseline100k_dqn_statev1_sparse_seed44_20261010_115525_500394_e6195a47,dqn,44,v1,sparse,74,1114,-10.0,0,1,0.8945758618813853,0.14594510197639465,115,True,False,True,0.05160670797340572
baseline100k_dqn_statev1_sparse_seed44_20261010_115525_500394_e6195a47,dqn,44,v1,sparse,75,1115,-10.0,0,1,0.8944864042951971,0.1436489075422287,116,True,False,True,0.051993540953844786
baseline100k_dqn_statev1_sparse_seed44_20261010_115525_500394_e6195a47,dqn,44,v1,sparse,76,1123,-10.0,0,8,0.8937710655778691,0.3211842682212591,124,True,False,True,0.0549724159645848
baseline100k_dqn_statev1_sparse_seed44_20261010_115525_500394_e6195a47,dqn,44,v1,sparse,77,1133,-10.0,0,10,0.8928776966020373,0.15688935089856387,134,True,False,True,0.058716332947369665
baseline100k_dqn_statev1_sparse_seed44_20261010_115525_500394_e6195a47,dqn,44,v1,sparse,78,1135,-10.0,0,2,0.8926991299914938,0.168729480355978,136,True,False,True,0.059476499969605356
baseline100k_dqn_statev1_sparse_seed44_20261010_115525_500394_e6195a47,dqn,44,v1,sparse,79,1141,-10.0,0,6,0.8921636444005158,0.18785319477319717,142,True,False,True,0.06171424995409325
baseline100k_dqn_statev1_sparse_seed44_20261010_115525_500394_e6195a47,dqn,44,v1,sparse,80,1148,-10.0,0,7,0.8915393171725781,0.15627501159906387,149,True,False,True,0.06436633295379579
baseline100k_dqn_statev1_sparse_seed44_20261010_115525_500394_e6195a47,dqn,44,v1,sparse,81,1155,-10.0,0,7,0.8909154268426132,0.15396538030888354,156,True,False,True,0.06708379095653072
baseline100k_dqn_statev1_sparse_seed44_20261010_115525_500394_e6195a47,dqn,44,v1,sparse,82,1162,-10.0,0,7,0.8902919731048842,0.09546045400202274,163,True,False,True,0.06968945794505998
baseline100k_dqn_statev1_sparse_seed44_20261010_115525_500394_e6195a47,dqn,44,v1,sparse,83,1182,-10.0,0,20,0.8885130796989219,0.078996921912767,183,True,False,True,0.07725366594968364
baseline100k_dqn_statev1_sparse_seed44_20261010_115525_500394_e6195a47,dqn,44,v1,sparse,84,1183,-10.0,0,1,0.888424228390952,0.010194005444645882,184,True,False,True,0.07764166599372402
baseline100k_dqn_statev1_sparse_seed44_20261010_115525_500394_e6195a47,dqn,44,v1,sparse,85,1189,-10.0,0,6,0.8878913070997846,0.055281950160861015,190,True,False,True,0.07980429095914587
baseline100k_dqn_statev1_sparse_seed44_20261010_115525_500394_e6195a47,dqn,44,v1,sparse,86,1190,-10.0,0,1,0.8878025179690746,0.006206559017300606,191,True,False,True,0.08018150000134483
baseline100k_dqn_statev1_sparse_seed44_20261010_115525_500394_e6195a47,dqn,44,v1,sparse,87,1192,-10.0,0,2,0.887624966343506,0.09254210069775581,193,True,False,True,0.08093191595980898
baseline100k_dqn_statev1_sparse_seed44_20261010_115525_500394_e6195a47,dqn,44,v1,sparse,88,1218,-10.0,0,26,0.8853200239056551,0.11273602561022227,219,True,False,True,0.09031491598580033
baseline100k_dqn_statev1_sparse_seed44_20261010_115525_500394_e6195a47,dqn,44,v1,sparse,89,1224,-10.0,0,6,0.8847889646716103,0.01021969853900373,225,True,False,True,0.09252987499348819
baseline100k_dqn_statev1_sparse_seed44_20261010_115525_500394_e6195a47,dqn,44,v1,sparse,90,1225,-10.0,0,1,0.8847004857751432,0.008310355246067047,226,True,False,True,0.09291616594418883
baseline100k_dqn_statev1_sparse_seed44_20261010_115525_500394_e6195a47,dqn,44,v1,sparse,91,1230,-10.0,0,5,0.8842582239934575,0.09364812839776278,231,True,False,True,0.09477983298711479
baseline100k_dqn_statev1_sparse_seed44_20261010_115525_500394_e6195a47,dqn,44,v1,sparse,92,1252,-10.0,0,22,0.8823148971760584,0.07924996085718951,253,True,False,True,0.10272808297304437
baseline100k_dqn_statev1_sparse_seed44_20261010_115525_500394_e6195a47,dqn,44,v1,sparse,93,1264,-10.0,0,12,0.8812567014332137,0.03255708653402204,265,True,False,True,0.10700866597471759
baseline100k_dqn_statev1_sparse_seed44_20261010_115525_500394_e6195a47,dqn,44,v1,sparse,94,1278,-10.0,0,14,0.8800237436741165,0.05016901467128524,279,True,False,True,0.111896957969293
baseline100k_dqn_statev1_sparse_seed44_20261010_115525_500394_e6195a47,dqn,44,v1,sparse,95,1289,-10.0,0,11,0.8790562014239592,0.04623471657660874,290,True,False,True,0.11587304098065943
baseline100k_dqn_statev1_sparse_seed44_20261010_115525_500394_e6195a47,dqn,44,v1,sparse,96,1307,-10.0,0,18,0.8774752445003438,0.07065365323796868,308,True,False,True,0.12234570796135813
baseline100k_dqn_statev1_sparse_seed44_20261010_115525_500394_e6195a47,dqn,44,v1,sparse,97,1325,-10.0,0,18,0.8758971308816158,0.06897005561687466,326,True,False,True,0.1288405829691328
baseline100k_dqn_statev1_sparse_seed44_20261010_115525_500394_e6195a47,dqn,44,v1,sparse,98,1340,0.0,1,15,0.8745842044788674,0.1082571929320693,341,True,False,True,0.13425837497925386
baseline100k_dqn_statev1_sparse_seed44_20261010_115525_500394_e6195a47,dqn,44,v1,sparse,99,1400,-10.0,0,60,0.8693521495067424,0.04604552886836852,401,True,False,True,0.1568840830004774
baseline100k_dqn_statev1_sparse_seed44_20261010_115525_500394_e6195a47,dqn,44,v1,sparse,100,1402,-10.0,0,2,0.8691782877703627,0.0013793434482067823,403,True,False,True,0.15768629097146913
baseline100k_dqn_statev1_sparse_seed44_20261010_115525_500394_e6195a47,dqn,44,v1,sparse,101,1458,-10.0,0,56,0.8643242506427495,0.06190931809708543,459,True,False,True,0.1803365409723483
baseline100k_dqn_statev1_sparse_seed44_20261010_115525_500394_e6195a47,dqn,44,v1,sparse,102,1466,-10.0,0,8,0.8636330332046294,0.05670527480833698,467,True,False,True,0.18326266598887742
baseline100k_dqn_statev1_sparse_seed44_20261010_115525_500394_e6195a47,dqn,44,v1,sparse,103,1479,-10.0,0,13,0.8625109836482919,0.05751906479081999,480,True,False,True,0.18806299997959286
baseline100k_dqn_statev1_sparse_seed44_20261010_115525_500394_e6195a47,dqn,44,v1,sparse,104,1505,0.0,1,26,0.860271256010264,0.051990083490426726,506,True,False,True,0.19726899999659508
baseline100k_dqn_statev1_sparse_seed44_20261010_115525_500394_e6195a47,dqn,44,v1,sparse,105,1544,-10.0,0,39,0.8569225648668832,0.06706782435186398,545,True,False,True,0.21130549994995818
baseline100k_dqn_statev1_sparse_seed44_20261010_115525_500394_e6195a47,dqn,44,v1,sparse,106,1556,-10.0,0,12,0.8558948231694552,0.13232074798240015,557,True,False,True,0.21558187494520098
baseline100k_dqn_statev1_sparse_seed44_20261010_115525_500394_e6195a47,dqn,44,v1,sparse,107,1579,0.0,1,23,0.853928428975036,0.05114504821983207,580,True,False,True,0.22395120799774304
baseline100k_dqn_statev1_sparse_seed44_20261010_115525_500394_e6195a47,dqn,44,v1,sparse,108,1604,-10.0,0,25,0.8517961677249299,0.06476347892545163,605,True,False,True,0.23321708297589794
baseline100k_dqn_statev1_sparse_seed44_20261010_115525_500394_e6195a47,dqn,44,v1,sparse,109,1621,-10.0,0,17,0.8503492721035674,0.05142122070195482,622,True,False,True,0.2393064999487251
baseline100k_dqn_statev1_sparse_seed44_20261010_115525_500394_e6195a47,dqn,44,v1,sparse,110,1642,-10.0,0,21,0.8485653232351658,0.07687197750922115,643,True,False,True,0.24678870796924457
baseline100k_dqn_statev1_sparse_seed44_20261010_115525_500394_e6195a47,dqn,44,v1,sparse,111,1668,-10.0,0,26,0.8463618090270535,0.08169651846849145,669,True,False,True,0.2560012909816578
baseline100k_dqn_statev1_sparse_seed44_20261010_115525_500394_e6195a47,dqn,44,v1,sparse,112,1686,-10.0,0,18,0.8448396520140002,0.0900384843763378,687,True,False,True,0.2626196249620989
baseline100k_dqn_statev1_sparse_seed44_20261010_115525_500394_e6195a47,dqn,44,v1,sparse,113,1692,-10.0,0,6,0.8443328749318442,0.05023348971735686,693,True,False,True,0.2648380829486996
baseline100k_dqn_statev1_sparse_seed44_20261010_115525_500394_e6195a47,dqn,44,v1,sparse,114,1693,-10.0,0,1,0.844248441644351,0.14007379114627838,694,True,False,True,0.2652562079601921
baseline100k_dqn_statev1_sparse_seed44_20261010_115525_500394_e6195a47,dqn,44,v1,sparse,115,1742,-10.0,0,49,0.8401215371054063,0.08611411390094352,743,True,False,True,0.28255095798522234
baseline100k_dqn_statev1_sparse_seed44_20261010_115525_500394_e6195a47,dqn,44,v1,sparse,116,1774,0.0,1,32,0.8374373110255098,0.0792715337665868,775,True,False,True,0.29383554100058973
baseline100k_dqn_statev1_sparse_seed44_20261010_115525_500394_e6195a47,dqn,44,v1,sparse,117,1778,-10.0,0,4,0.8371023863439886,0.07153985527111217,779,True,False,True,0.29528383299475536
baseline100k_dqn_statev1_sparse_seed44_20261010_115525_500394_e6195a47,dqn,44,v1,sparse,118,1787,-10.0,0,9,0.8363492954828321,0.06552191660739481,788,True,False,True,0.2985209579928778
baseline100k_dqn_statev1_sparse_seed44_20261010_115525_500394_e6195a47,dqn,44,v1,sparse,119,1793,-10.0,0,6,0.835847611341211,0.02972531958948821,794,True,False,True,0.3006642499822192
baseline100k_dqn_statev1_sparse_seed44_20261010_115525_500394_e6195a47,dqn,44,v1,sparse,120,1838,-10.0,0,45,0.8320945601332942,0.08298834951904913,839,True,False,True,0.31649529095739126
baseline100k_dqn_statev1_sparse_seed44_20261010_115525_500394_e6195a47,dqn,44,v1,sparse,121,1842,-10.0,0,4,0.8317617722315862,0.06783582121715881,843,True,False,True,0.3179182499879971
baseline100k_dqn_statev1_sparse_seed44_20261010_115525_500394_e6195a47,dqn,44,v1,sparse,122,1859,-10.0,0,17,0.8303489078494027,0.051877134116640425,860,True,False,True,0.3239838749868795
baseline100k_dqn_statev1_sparse_seed44_20261010_115525_500394_e6195a47,dqn,44,v1,sparse,123,1863,-10.0,0,4,0.8300168181038762,0.10905030189314857,864,True,False,True,0.3254296659724787
baseline100k_dqn_statev1_sparse_seed44_20261010_115525_500394_e6195a47,dqn,44,v1,sparse,124,1889,0.0,1,26,0.8278614697746616,0.08859840917956227,890,True,False,True,0.33463054097956046
baseline100k_dqn_statev1_sparse_seed44_20261010_115525_500394_e6195a47,dqn,44,v1,sparse,125,1900,-10.0,0,11,0.8269512773451482,0.07635571556800808,901,True,False,True,0.33880962495459244
baseline100k_dqn_statev1_sparse_seed44_20261010_115525_500394_e6195a47,dqn,44,v1,sparse,126,1925,-10.0,0,25,0.8248863781046752,0.05538995832204819,926,True,False,True,0.3479203749448061
baseline100k_dqn_statev1_sparse_seed44_20261010_115525_500394_e6195a47,dqn,44,v1,sparse,127,1926,-10.0,0,1,0.8248038894668648,0.0010684092994779348,927,True,False,True,0.3483115409617312
baseline100k_dqn_statev1_sparse_seed44_20261010_115525_500394_e6195a47,dqn,44,v1,sparse,128,1942,-10.0,0,16,0.8234851925466452,0.08665172554901801,943,True,False,True,0.35428854095516726
baseline100k_dqn_statev1_sparse_seed44_20261010_115525_500394_e6195a47,dqn,44,v1,sparse,129,1948,-10.0,0,6,0.8229912249374277,0.06420260101246338,949,True,False,True,0.3565413749893196
baseline100k_dqn_statev1_sparse_seed44_20261010_115525_500394_e6195a47,dqn,44,v1,sparse,130,1972,-10.0,0,24,0.8210183157884989,0.07164897496598617,973,True,False,True,0.36504620796767995
baseline100k_dqn_statev1_sparse_seed44_20261010_115525_500394_e6195a47,dqn,44,v1,sparse,131,1981,-10.0,0,9,0.8202796948019279,0.06512684625987378,982,True,False,True,0.36823541595367715
baseline100k_dqn_statev1_sparse_seed44_20261010_115525_500394_e6195a47,dqn,44,v1,sparse,132,1983,-10.0,0,2,0.8201156470657645,0.0039096795953810215,984,True,False,True,0.3689552499563433
baseline100k_dqn_statev1_sparse_seed44_20261010_115525_500394_e6195a47,dqn,44,v1,sparse,133,2002,0.0,1,19,0.8185588289397216,0.08654644305964834,1003,True,False,True,0.37586424994515255
baseline100k_dqn_statev1_sparse_seed44_20261010_115525_500394_e6195a47,dqn,44,v1,sparse,134,2037,-10.0,0,35,0.8156987381102812,0.09762165817831243,1038,True,False,True,0.3888677909853868
baseline100k_dqn_statev1_sparse_seed44_20261010_115525_500394_e6195a47,dqn,44,v1,sparse,135,2040,-10.0,0,3,0.8154540529589945,0.09534652267272274,1041,True,False,True,0.3899659999879077
baseline100k_dqn_statev1_sparse_seed44_20261010_115525_500394_e6195a47,dqn,44,v1,sparse,136,2068,-10.0,0,28,0.8131738613572713,0.11384487310091831,1069,True,False,True,0.3998906249762513
baseline100k_dqn_statev1_sparse_seed44_20261010_115525_500394_e6195a47,dqn,44,v1,sparse,137,2074,-10.0,0,6,0.8126860790002739,0.010071016537646452,1075,True,False,True,0.40204874996561557
baseline100k_dqn_statev1_sparse_seed44_20261010_115525_500394_e6195a47,dqn,44,v1,sparse,138,2087,-10.0,0,13,0.8116302207603451,0.04062694560091656,1088,True,False,True,0.40655608294764534
baseline100k_dqn_statev1_sparse_seed44_20261010_115525_500394_e6195a47,dqn,44,v1,sparse,139,2113,0.0,1,26,0.80952261787556,0.08519863226236059,1114,True,False,True,0.4156270409584977
baseline100k_dqn_statev1_sparse_seed44_20261010_115525_500394_e6195a47,dqn,44,v1,sparse,140,2115,-10.0,0,2,0.8093607214472112,0.010197490453720093,1116,True,False,True,0.4163516249973327
baseline100k_dqn_statev1_sparse_seed44_20261010_115525_500394_e6195a47,dqn,44,v1,sparse,141,2170,-10.0,0,55,0.8049212352799624,0.05971302070485597,1171,True,False,True,0.4358242079615593
baseline100k_dqn_statev1_sparse_seed44_20261010_115525_500394_e6195a47,dqn,44,v1,sparse,142,2215,0.0,1,45,0.8013070470315828,0.061860489151957965,1216,True,False,True,0.4522719159722328
baseline100k_dqn_statev1_sparse_seed44_20261010_115525_500394_e6195a47,dqn,44,v1,sparse,143,2226,-10.0,0,11,0.8004260498665349,0.04212904277003624,1227,True,False,True,0.45632545795524493
baseline100k_dqn_statev1_sparse_seed44_20261010_115525_500394_e6195a47,dqn,44,v1,sparse,144,2232,-10.0,0,6,0.7999459142845152,0.04957719147205353,1233,True,False,True,0.4585674999980256
baseline100k_dqn_statev1_sparse_seed44_20261010_115525_500394_e6195a47,dqn,44,v1,sparse,145,2253,0.0,1,21,0.7982677066874884,0.091801551481088,1254,True,False,True,0.46602854097727686
baseline100k_dqn_statev1_sparse_seed44_20261010_115525_500394_e6195a47,dqn,44,v1,sparse,146,2258,-10.0,0,5,0.797868652652933,0.06254590619355441,1259,True,False,True,0.46780591597780585
baseline100k_dqn_statev1_sparse_seed44_20261010_115525_500394_e6195a47,dqn,44,v1,sparse,147,2268,-10.0,0,10,0.7970711429454465,0.08831289985682815,1269,True,False,True,0.47132487496128306
baseline100k_dqn_statev1_sparse_seed44_20261010_115525_500394_e6195a47,dqn,44,v1,sparse,148,2318,0.0,1,50,0.7930955357479659,0.06836299636866898,1319,True,False,True,0.48941275000106543
baseline100k_dqn_statev1_sparse_seed44_20261010_115525_500394_e6195a47,dqn,44,v1,sparse,149,2365,-10.0,0,47,0.7893765472467822,0.06594000640820633,1366,True,False,True,0.5062203329871409
baseline100k_dqn_statev1_sparse_seed44_20261010_115525_500394_e6195a47,dqn,44,v1,sparse,150,2415,0.0,1,50,0.7854393189196349,0.0961046422412619,1416,True,False,True,0.523800165974535
baseline100k_dqn_statev1_sparse_seed44_20261010_115525_500394_e6195a47,dqn,44,v1,sparse,151,2500,-10.0,0,85,0.7787910474734399,0.07456823822165674,1501,True,False,True,0.553885540983174
baseline100k_dqn_statev1_sparse_seed44_20261010_115525_500394_e6195a47,dqn,44,v1,sparse,152,2523,-10.0,0,23,0.7770017970270515,0.05563436578149381,1524,True,False,True,0.5620269159553573
baseline100k_dqn_statev1_sparse_seed44_20261010_115525_500394_e6195a47,dqn,44,v1,sparse,153,2529,-10.0,0,6,0.7765357124835661,0.09393344299557309,1530,True,False,True,0.5641957499901764
baseline100k_dqn_statev1_sparse_seed44_20261010_115525_500394_e6195a47,dqn,44,v1,sparse,154,2543,-10.0,0,14,0.7754492688510063,0.09301173583870488,1544,True,False,True,0.5691372499568388
baseline100k_dqn_statev1_sparse_seed44_20261010_115525_500394_e6195a47,dqn,44,v1,sparse,155,2550,-10.0,0,7,0.7749066171800192,0.15407632710412145,1551,True,False,True,0.5716859579551965
baseline100k_dqn_statev1_sparse_seed44_20261010_115525_500394_e6195a47,dqn,44,v1,sparse,156,2574,0.0,1,24,0.7730489784734628,0.09469973093170363,1575,True,False,True,0.5801237499690615
baseline100k_dqn_statev1_sparse_seed44_20261010_115525_500394_e6195a47,dqn,44,v1,sparse,157,2664,0.0,1,90,0.7661224076581856,0.08285044607085486,1665,True,False,True,0.6128283749567345
baseline100k_dqn_statev1_sparse_seed44_20261010_115525_500394_e6195a47,dqn,44,v1,sparse,158,2695,0.0,1,31,0.76375098722233,0.07527352017050068,1696,True,False,True,0.6238491249969229
baseline100k_dqn_statev1_sparse_seed44_20261010_115525_500394_e6195a47,dqn,44,v1,sparse,159,2721,-10.0,0,26,0.7617677148616496,0.0742300040840816,1722,True,False,True,0.6330596249899827
baseline100k_dqn_statev1_sparse_seed44_20261010_115525_500394_e6195a47,dqn,44,v1,sparse,160,2735,0.0,1,14,0.7607019329922566,0.14760078709306462,1736,True,False,True,0.6381427909946069
baseline100k_dqn_statev1_sparse_seed44_20261010_115525_500394_e6195a47,dqn,44,v1,sparse,161,2779,10.0,2,44,0.7573620306629588,0.1060035830702294,1780,True,False,True,0.6540598329738714
baseline100k_dqn_statev1_sparse_seed44_20261010_115525_500394_e6195a47,dqn,44,v1,sparse,162,2783,-10.0,0,4,0.7570591312893862,0.009494921076111495,1784,True,False,True,0.6555710829561576
baseline100k_dqn_statev1_sparse_seed44_20261010_115525_500394_e6195a47,dqn,44,v1,sparse,163,2808,-10.0,0,25,0.7551687528982781,0.07967935107648373,1809,True,False,True,0.6646267079631798
baseline100k_dqn_statev1_sparse_seed44_20261010_115525_500394_e6195a47,dqn,44,v1,sparse,164,2835,0.0,1,27,0.7531324457002317,0.10807048467298348,1836,True,False,True,0.674142749980092
baseline100k_dqn_statev1_sparse_seed44_20261010_115525_500394_e6195a47,dqn,44,v1,sparse,165,2860,-10.0,0,25,0.751251872252066,0.08729511324316264,1861,True,False,True,0.6830472499714233
baseline100k_dqn_statev1_sparse_seed44_20261010_115525_500394_e6195a47,dqn,44,v1,sparse,166,2911,10.0,2,51,0.7474300505388882,0.06395204394471411,1912,True,False,True,0.7013643749523908
baseline100k_dqn_statev1_sparse_seed44_20261010_115525_500394_e6195a47,dqn,44,v1,sparse,167,2972,10.0,2,61,0.7428843783394793,0.12625967604337168,1973,True,False,True,0.7231237499509007
baseline100k_dqn_statev1_sparse_seed44_20261010_115525_500394_e6195a47,dqn,44,v1,sparse,168,3020,0.0,1,48,0.7393269002247516,0.11193600612265679,2021,True,False,True,0.7405349579639733
baseline100k_dqn_statev1_sparse_seed44_20261010_115525_500394_e6195a47,dqn,44,v1,sparse,169,3033,0.0,1,13,0.738366351718047,0.11297576061378305,2034,True,False,True,0.7452850829577073
baseline100k_dqn_statev1_sparse_seed44_20261010_115525_500394_e6195a47,dqn,44,v1,sparse,170,3048,-10.0,0,15,0.7372595771392834,0.18532483267287414,2049,True,False,True,0.7508502909913659
baseline100k_dqn_statev1_sparse_seed44_20261010_115525_500394_e6195a47,dqn,44,v1,sparse,171,3049,-10.0,0,1,0.7371858511815694,0.009674163535237312,2050,True,False,True,0.7512332909973338
baseline100k_dqn_statev1_sparse_seed44_20261010_115525_500394_e6195a47,dqn,44,v1,sparse,172,3062,-10.0,0,13,0.7362280843692149,0.06495668624456112,2063,True,False,True,0.7561447499901988
baseline100k_dqn_statev1_sparse_seed44_20261010_115525_500394_e6195a47,dqn,44,v1,sparse,173,3078,0.0,1,16,0.735051002495772,0.06748996232636273,2079,True,False,True,0.7621464159456082
baseline100k_dqn_statev1_sparse_seed44_20261010_115525_500394_e6195a47,dqn,44,v1,sparse,174,3113,0.0,1,35,0.7324826927334398,0.12252973509686334,2114,True,False,True,0.7745912909740582
baseline100k_dqn_statev1_sparse_seed44_20261010_115525_500394_e6195a47,dqn,44,v1,sparse,175,3120,-10.0,0,7,0.7319701086442577,0.16623790934681892,2121,True,False,True,0.777116457989905
baseline100k_dqn_statev1_sparse_seed44_20261010_115525_500394_e6195a47,dqn,44,v1,sparse,176,3147,-10.0,0,27,0.7299963564262711,0.11597623041382542,2148,True,False,True,0.786717957991641
baseline100k_dqn_statev1_sparse_seed44_20261010_115525_500394_e6195a47,dqn,44,v1,sparse,177,3155,-10.0,0,8,0.7294125636992354,0.15546596329659224,2156,True,False,True,0.7896791249513626
baseline100k_dqn_statev1_sparse_seed44_20261010_115525_500394_e6195a47,dqn,44,v1,sparse,178,3190,10.0,2,35,0.7268639549608542,0.1425180757551321,2191,True,False,True,0.8024591659777798
baseline100k_dqn_statev1_sparse_seed44_20261010_115525_500394_e6195a47,dqn,44,v1,sparse,179,3192,-10.0,0,2,0.7267185894385016,0.02686585020273924,2193,True,False,True,0.8031984159606509
baseline100k_dqn_statev1_sparse_seed44_20261010_115525_500394_e6195a47,dqn,44,v1,sparse,180,3202,0.0,1,10,0.7259921977852374,0.11226585218682886,2203,True,False,True,0.8068427079706453
baseline100k_dqn_statev1_sparse_seed44_20261010_115525_500394_e6195a47,dqn,44,v1,sparse,181,3218,0.0,1,16,0.7248314810529952,0.10262162564322352,2219,True,False,True,0.8125641659717076
baseline100k_dqn_statev1_sparse_seed44_20261010_115525_500394_e6195a47,dqn,44,v1,sparse,182,3219,-10.0,0,1,0.72475899790489,0.13037019968032837,2220,True,False,True,0.8129408329841681
baseline100k_dqn_statev1_sparse_seed44_20261010_115525_500394_e6195a47,dqn,44,v1,sparse,183,3253,0.0,1,34,0.7222988788763931,0.1164780344321009,2254,True,False,True,0.8251639579539187
baseline100k_dqn_statev1_sparse_seed44_20261010_115525_500394_e6195a47,dqn,44,v1,sparse,184,3286,-10.0,0,33,0.7199191023762731,0.08302368387354142,2287,True,False,True,0.8373412079527043
baseline100k_dqn_statev1_sparse_seed44_20261010_115525_500394_e6195a47,dqn,44,v1,sparse,185,3377,10.0,2,91,0.7133972319645958,0.13983521711818137,2378,True,False,True,0.8696560409734957
baseline100k_dqn_statev1_sparse_seed44_20261010_115525_500394_e6195a47,dqn,44,v1,sparse,186,3378,-10.0,0,1,0.7133258922413993,0.13529418408870697,2379,True,False,True,0.8700312909786589
baseline100k_dqn_statev1_sparse_seed44_20261010_115525_500394_e6195a47,dqn,44,v1,sparse,187,3379,-10.0,0,1,0.7132545596521752,0.12408462166786194,2380,True,False,True,0.8704061659518629
baseline100k_dqn_statev1_sparse_seed44_20261010_115525_500394_e6195a47,dqn,44,v1,sparse,188,3402,-10.0,0,23,0.7116158774364688,0.1181027702987194,2403,True,False,True,0.8787290829932317
baseline100k_dqn_statev1_sparse_seed44_20261010_115525_500394_e6195a47,dqn,44,v1,sparse,189,3406,-10.0,0,4,0.7113312737796005,0.08813106548041105,2407,True,False,True,0.8802516249706969
baseline100k_dqn_statev1_sparse_seed44_20261010_115525_500394_e6195a47,dqn,44,v1,sparse,190,3452,0.0,1,46,0.7080665014124875,0.11945840918823429,2453,True,False,True,0.8972342909546569
baseline100k_dqn_statev1_sparse_seed44_20261010_115525_500394_e6195a47,dqn,44,v1,sparse,191,3454,-10.0,0,2,0.70792489519287,0.15794727951288223,2455,True,False,True,0.898001832945738
baseline100k_dqn_statev1_sparse_seed44_20261010_115525_500394_e6195a47,dqn,44,v1,sparse,192,3455,-10.0,0,1,0.7078541027033508,0.019270481541752815,2456,True,False,True,0.8983699159580283
baseline100k_dqn_statev1_sparse_seed44_20261010_115525_500394_e6195a47,dqn,44,v1,sparse,193,3457,-10.0,0,2,0.7077125389613512,0.16517241299152374,2458,True,False,True,0.8990881249774247
baseline100k_dqn_statev1_sparse_seed44_20261010_115525_500394_e6195a47,dqn,44,v1,sparse,194,3461,-10.0,0,4,0.7074294964056882,0.10694093117490411,2462,True,False,True,0.9004835829837248
baseline100k_dqn_statev1_sparse_seed44_20261010_115525_500394_e6195a47,dqn,44,v1,sparse,195,3463,-10.0,0,2,0.707288017580702,0.14994844049215317,2464,True,False,True,0.9011985409888439
baseline100k_dqn_statev1_sparse_seed44_20261010_115525_500394_e6195a47,dqn,44,v1,sparse,196,3489,10.0,2,26,0.7054513655831575,0.11077881919649932,2490,True,False,True,0.9104029159643687
baseline100k_dqn_statev1_sparse_seed44_20261010_115525_500394_e6195a47,dqn,44,v1,sparse,197,3496,-10.0,0,7,0.7049576977473478,0.09390995425305196,2497,True,False,True,0.9129004999995232
baseline100k_dqn_statev1_sparse_seed44_20261010_115525_500394_e6195a47,dqn,44,v1,sparse,198,3497,-10.0,0,1,0.7048872019775732,0.030635515227913857,2498,True,False,True,0.9132702499628067
baseline100k_dqn_statev1_sparse_seed44_20261010_115525_500394_e6195a47,dqn,44,v1,sparse,199,3555,-10.0,0,58,0.7008104862714266,0.10241813318611219,2556,True,False,True,0.9338490829686634
baseline100k_dqn_statev1_sparse_seed44_20261010_115525_500394_e6195a47,dqn,44,v1,sparse,200,3560,-10.0,0,5,0.7004601511023318,0.15918400324881077,2561,True,False,True,0.9356284999521449
baseline100k_dqn_statev1_sparse_seed44_20261010_115525_500394_e6195a47,dqn,44,v1,sparse,201,3583,-10.0,0,23,0.698850863679084,0.14483771849747584,2584,True,False,True,0.9453475409536622
baseline100k_dqn_statev1_sparse_seed44_20261010_115525_500394_e6195a47,dqn,44,v1,sparse,202,3631,-10.0,0,48,0.6955042504974291,0.09186535619664937,2632,True,False,True,0.9627692909562029
baseline100k_dqn_statev1_sparse_seed44_20261010_115525_500394_e6195a47,dqn,44,v1,sparse,203,3633,-10.0,0,2,0.6953651566023722,0.08391173370182514,2634,True,False,True,0.9635348329902627
baseline100k_dqn_statev1_sparse_seed44_20261010_115525_500394_e6195a47,dqn,44,v1,sparse,204,3634,-10.0,0,1,0.695295620086712,0.16637666523456573,2635,True,False,True,0.9639311249484308
baseline100k_dqn_statev1_sparse_seed44_20261010_115525_500394_e6195a47,dqn,44,v1,sparse,205,3652,-10.0,0,18,0.6940451512057061,0.1399730877019465,2653,True,False,True,0.9706541249761358
baseline100k_dqn_statev1_sparse_seed44_20261010_115525_500394_e6195a47,dqn,44,v1,sparse,206,3664,-10.0,0,12,0.6932127549414036,0.14166243203605214,2665,True,False,True,0.9750469159916975
baseline100k_dqn_statev1_sparse_seed44_20261010_115525_500394_e6195a47,dqn,44,v1,sparse,207,3680,-10.0,0,16,0.6921044460007305,0.11903460731264204,2681,True,False,True,0.9807575829909183
baseline100k_dqn_statev1_sparse_seed44_20261010_115525_500394_e6195a47,dqn,44,v1,sparse,208,3693,-10.0,0,13,0.6912052498645053,0.11921451427042484,2694,True,False,True,0.9853811249486171
baseline100k_dqn_statev1_sparse_seed44_20261010_115525_500394_e6195a47,dqn,44,v1,sparse,209,3703,-10.0,0,10,0.6905143555740731,0.1496318906545639,2704,True,False,True,0.9889220829936676
baseline100k_dqn_statev1_sparse_seed44_20261010_115525_500394_e6195a47,dqn,44,v1,sparse,210,3724,-10.0,0,21,0.6890657245895434,0.1458841155593594,2725,True,False,True,0.996416957990732
baseline100k_dqn_statev1_sparse_seed44_20261010_115525_500394_e6195a47,dqn,44,v1,sparse,211,3780,10.0,2,56,0.685217549068382,0.12480153600751821,2781,True,False,True,1.0165792079642415
baseline100k_dqn_statev1_sparse_seed44_20261010_115525_500394_e6195a47,dqn,44,v1,sparse,212,3809,0.0,1,29,0.6832331976571747,0.1142021313566586,2810,True,False,True,1.0275790829909965
baseline100k_dqn_statev1_sparse_seed44_20261010_115525_500394_e6195a47,dqn,44,v1,sparse,213,3812,-10.0,0,3,0.6830282481941903,0.3726232883830865,2813,True,False,True,1.0287262499914505
baseline100k_dqn_statev1_sparse_seed44_20261010_115525_500394_e6195a47,dqn,44,v1,sparse,214,3837,0.0,1,25,0.6813227250883483,0.11030293848365545,2838,True,False,True,1.038132665969897
baseline100k_dqn_statev1_sparse_seed44_20261010_115525_500394_e6195a47,dqn,44,v1,sparse,215,3855,-10.0,0,18,0.680097386051208,0.10840131269974841,2856,True,False,True,1.0445953329908662
baseline100k_dqn_statev1_sparse_seed44_20261010_115525_500394_e6195a47,dqn,44,v1,sparse,216,3864,-10.0,0,9,0.6794855431817013,0.22331801284518507,2865,True,False,True,1.047800374974031
baseline100k_dqn_statev1_sparse_seed44_20261010_115525_500394_e6195a47,dqn,44,v1,sparse,217,3887,-10.0,0,23,0.6779244443280403,0.10972225439289342,2888,True,False,True,1.0561251659528352
baseline100k_dqn_statev1_sparse_seed44_20261010_115525_500394_e6195a47,dqn,44,v1,sparse,218,3896,-10.0,0,9,0.6773145563240078,0.13476706482470036,2897,True,False,True,1.0593499999959022
baseline100k_dqn_statev1_sparse_seed44_20261010_115525_500394_e6195a47,dqn,44,v1,sparse,219,3916,0.0,1,20,0.6759612133372063,0.12489545121788978,2917,True,False,True,1.0665636659832671
baseline100k_dqn_statev1_sparse_seed44_20261010_115525_500394_e6195a47,dqn,44,v1,sparse,220,3922,-10.0,0,6,0.6755557379898678,0.12824053348352513,2923,True,False,True,1.068696665985044
baseline100k_dqn_statev1_sparse_seed44_20261010_115525_500394_e6195a47,dqn,44,v1,sparse,221,3941,-10.0,0,19,0.6742733366336472,0.11961810035925162,2942,True,False,True,1.0757776249665767
baseline100k_dqn_statev1_sparse_seed44_20261010_115525_500394_e6195a47,dqn,44,v1,sparse,222,3944,-10.0,0,3,0.6740710748601829,0.027415663469582796,2945,True,False,True,1.076901915948838
baseline100k_dqn_statev1_sparse_seed44_20261010_115525_500394_e6195a47,dqn,44,v1,sparse,223,3977,-10.0,0,33,0.6718501957334451,0.14746115526015108,2978,True,False,True,1.0890902909450233
baseline100k_dqn_statev1_sparse_seed44_20261010_115525_500394_e6195a47,dqn,44,v1,sparse,224,3990,-10.0,0,13,0.6709773143300432,0.09510582133841056,2991,True,False,True,1.093883957946673
baseline100k_dqn_statev1_sparse_seed44_20261010_115525_500394_e6195a47,dqn,44,v1,sparse,225,4008,10.0,2,18,0.669770581212228,0.1681758293675052,3009,True,False,True,1.1007771249860525
baseline100k_dqn_statev1_sparse_seed44_20261010_115525_500394_e6195a47,dqn,44,v1,sparse,226,4032,10.0,2,24,0.668164979029219,0.15902348762998977,3033,True,False,True,1.1094521659542806
baseline100k_dqn_statev1_sparse_seed44_20261010_115525_500394_e6195a47,dqn,44,v1,sparse,227,4047,-10.0,0,15,0.6671634328299793,0.15150204648574192,3048,True,False,True,1.1148087499896064
baseline100k_dqn_statev1_sparse_seed44_20261010_115525_500394_e6195a47,dqn,44,v1,sparse,228,4064,0.0,1,17,0.6660301618829246,0.17717520103735082,3065,True,False,True,1.1213478329591453
baseline100k_dqn_statev1_sparse_seed44_20261010_115525_500394_e6195a47,dqn,44,v1,sparse,229,4068,-10.0,0,4,0.6657637897773171,0.1383553333580494,3069,True,False,True,1.1228815829963423
baseline100k_dqn_statev1_sparse_seed44_20261010_115525_500394_e6195a47,dqn,44,v1,sparse,230,4093,0.0,1,25,0.6641013760638284,0.1366888775676489,3094,True,False,True,1.132001833000686
baseline100k_dqn_statev1_sparse_seed44_20261010_115525_500394_e6195a47,dqn,44,v1,sparse,231,4104,-10.0,0,11,0.6633712296963603,0.13983639228073033,3105,True,False,True,1.135958999977447
baseline100k_dqn_statev1_sparse_seed44_20261010_115525_500394_e6195a47,dqn,44,v1,sparse,232,4126,-10.0,0,22,0.6619133443574623,0.1412940344519236,3127,True,False,True,1.1437451249803416
baseline100k_dqn_statev1_sparse_seed44_20261010_115525_500394_e6195a47,dqn,44,v1,sparse,233,4133,-10.0,0,7,0.6614501439950498,0.1216924541762897,3134,True,False,True,1.1462571249576285
baseline100k_dqn_statev1_sparse_seed44_20261010_115525_500394_e6195a47,dqn,44,v1,sparse,234,4135,-10.0,0,2,0.6613178605807521,0.0649150088429451,3136,True,False,True,1.146999999997206
baseline100k_dqn_statev1_sparse_seed44_20261010_115525_500394_e6195a47,dqn,44,v1,sparse,235,4150,-10.0,0,15,0.6603265778728252,0.11973724197596311,3151,True,False,True,1.1524984159623273
baseline100k_dqn_statev1_sparse_seed44_20261010_115525_500394_e6195a47,dqn,44,v1,sparse,236,4175,0.0,1,25,0.6586777408899608,0.1293552850186825,3176,True,False,True,1.1615444999770261
baseline100k_dqn_statev1_sparse_seed44_20261010_115525_500394_e6195a47,dqn,44,v1,sparse,237,4212,10.0,2,37,0.6562450149288439,0.16195056204860275,3213,True,False,True,1.1748254159465432
baseline100k_dqn_statev1_sparse_seed44_20261010_115525_500394_e6195a47,dqn,44,v1,sparse,238,4230,0.0,1,18,0.6550647774215498,0.14254006184637547,3231,True,False,True,1.1812124999705702
baseline100k_dqn_statev1_sparse_seed44_20261010_115525_500394_e6195a47,dqn,44,v1,sparse,239,4231,-10.0,0,1,0.6549992709438076,0.155918151140213,3232,True,False,True,1.1815812079585157
baseline100k_dqn_statev1_sparse_seed44_20261010_115525_500394_e6195a47,dqn,44,v1,sparse,240,4293,20.0,3,62,0.6509506367645937,0.16333083712285565,3294,True,False,True,1.2047939579933882
baseline100k_dqn_statev1_sparse_seed44_20261010_115525_500394_e6195a47,dqn,44,v1,sparse,241,4326,-10.0,0,33,0.6488059331337088,0.14697758469617728,3327,True,False,True,1.216693124966696
baseline100k_dqn_statev1_sparse_seed44_20261010_115525_500394_e6195a47,dqn,44,v1,sparse,242,4330,-10.0,0,4,0.6485464496862162,0.19535229168832302,3331,True,False,True,1.2181698329513893
baseline100k_dqn_statev1_sparse_seed44_20261010_115525_500394_e6195a47,dqn,44,v1,sparse,243,4339,-10.0,0,9,0.6479629913037508,0.20246359343743986,3340,True,False,True,1.2213592499610968
baseline100k_dqn_statev1_sparse_seed44_20261010_115525_500394_e6195a47,dqn,44,v1,sparse,244,4341,-10.0,0,2,0.64783340518512,0.11361763440072536,3342,True,False,True,1.2221584999933839
baseline100k_dqn_statev1_sparse_seed44_20261010_115525_500394_e6195a47,dqn,44,v1,sparse,245,4405,20.0,3,64,0.6437003047631654,0.17561522583127953,3406,True,False,True,1.2453337909537368
baseline100k_dqn_statev1_sparse_seed44_20261010_115525_500394_e6195a47,dqn,44,v1,sparse,246,4422,-10.0,0,17,0.6426068892399196,0.19982624382657163,3423,True,False,True,1.251563957950566
baseline100k_dqn_statev1_sparse_seed44_20261010_115525_500394_e6195a47,dqn,44,v1,sparse,247,4426,0.0,1,4,0.6423498850380668,0.12350128777325153,3427,True,False,True,1.2530787499854341
baseline100k_dqn_statev1_sparse_seed44_20261010_115525_500394_e6195a47,dqn,44,v1,sparse,248,4468,-10.0,0,42,0.639657538786425,0.18108486162409895,3469,True,False,True,1.26818595797522
baseline100k_dqn_statev1_sparse_seed44_20261010_115525_500394_e6195a47,dqn,44,v1,sparse,249,4489,0.0,1,21,0.6383156003854431,0.1622346623667649,3490,True,False,True,1.2757230409770273
baseline100k_dqn_statev1_sparse_seed44_20261010_115525_500394_e6195a47,dqn,44,v1,sparse,250,4507,-10.0,0,18,0.637167608406948,0.13980816470252144,3508,True,False,True,1.282316124998033
baseline100k_dqn_statev1_sparse_seed44_20261010_115525_500394_e6195a47,dqn,44,v1,sparse,251,4523,-10.0,0,16,0.6361489044779289,0.12549722811672837,3524,True,False,True,1.2881782909971662
baseline100k_dqn_statev1_sparse_seed44_20261010_115525_500394_e6195a47,dqn,44,v1,sparse,252,4533,-10.0,0,10,0.6355130417641337,0.20232541859149933,3534,True,False,True,1.2918912079767324
baseline100k_dqn_statev1_sparse_seed44_20261010_115525_500394_e6195a47,dqn,44,v1,sparse,253,4542,0.0,1,9,0.6349413087578658,0.16769928547243276,3543,True,False,True,1.2951772909727879
baseline100k_dqn_statev1_sparse_seed44_20261010_115525_500394_e6195a47,dqn,44,v1,sparse,254,4543,-10.0,0,1,0.63487781462699,0.3008687496185303,3544,True,False,True,1.2955514999921434
baseline100k_dqn_statev1_sparse_seed44_20261010_115525_500394_e6195a47,dqn,44,v1,sparse,255,4549,-10.0,0,6,0.6344969831571895,0.1798674426972866,3550,True,False,True,1.2977825409616344
baseline100k_dqn_statev1_sparse_seed44_20261010_115525_500394_e6195a47,dqn,44,v1,sparse,256,4551,-10.0,0,2,0.6343700901055279,0.1589025165885687,3552,True,False,True,1.298540540970862
baseline100k_dqn_statev1_sparse_seed44_20261010_115525_500394_e6195a47,dqn,44,v1,sparse,257,4575,0.0,1,24,0.632849351467432,0.12162650787892441,3576,True,False,True,1.3074154579662718
baseline100k_dqn_statev1_sparse_seed44_20261010_115525_500394_e6195a47,dqn,44,v1,sparse,258,4639,20.0,3,64,0.6288118475340921,0.17695462238043547,3640,True,False,True,1.3305477499961853
baseline100k_dqn_statev1_sparse_seed44_20261010_115525_500394_e6195a47,dqn,44,v1,sparse,259,4661,-10.0,0,22,0.6274299130569747,0.19177994182841343,3662,True,False,True,1.3385668749688193
baseline100k_dqn_statev1_sparse_seed44_20261010_115525_500394_e6195a47,dqn,44,v1,sparse,260,4667,0.0,1,6,0.6270535492110799,0.2284043418864409,3668,True,False,True,1.3407627499545924
baseline100k_dqn_statev1_sparse_seed44_20261010_115525_500394_e6195a47,dqn,44,v1,sparse,261,4709,30.0,4,42,0.6244253160438908,0.1777527957179007,3710,True,False,True,1.356029624992516
baseline100k_dqn_statev1_sparse_seed44_20261010_115525_500394_e6195a47,dqn,44,v1,sparse,262,4738,-10.0,0,29,0.6226170155139792,0.20731104165315628,3739,True,False,True,1.3664669999852777
baseline100k_dqn_statev1_sparse_seed44_20261010_115525_500394_e6195a47,dqn,44,v1,sparse,263,4750,0.0,1,12,0.6218702858856479,0.17565683306505284,3751,True,False,True,1.3709156659897417
baseline100k_dqn_statev1_sparse_seed44_20261010_115525_500394_e6195a47,dqn,44,v1,sparse,264,4752,-10.0,0,2,0.6217459180471736,0.15947027504444122,3753,True,False,True,1.3716737079666927
baseline100k_dqn_statev1_sparse_seed44_20261010_115525_500394_e6195a47,dqn,44,v1,sparse,265,4783,0.0,1,31,0.6198213940269536,0.178681374437386,3784,True,False,True,1.3830249159946106
baseline100k_dqn_statev1_sparse_seed44_20261010_115525_500394_e6195a47,dqn,44,v1,sparse,266,4815,0.0,1,32,0.6178410368080954,0.21943187061697245,3816,True,False,True,1.3946793749928474
baseline100k_dqn_statev1_sparse_seed44_20261010_115525_500394_e6195a47,dqn,44,v1,sparse,267,4862,0.0,1,47,0.6149438527894239,0.20355066823515486,3863,True,False,True,1.4116446659900248
baseline100k_dqn_statev1_sparse_seed44_20261010_115525_500394_e6195a47,dqn,44,v1,sparse,268,4863,-10.0,0,1,0.614882358404145,0.046323686838150024,3864,True,False,True,1.4120161659666337
baseline100k_dqn_statev1_sparse_seed44_20261010_115525_500394_e6195a47,dqn,44,v1,sparse,269,4867,-10.0,0,4,0.6146364423512654,0.1291050985455513,3868,True,False,True,1.413436124974396
baseline100k_dqn_statev1_sparse_seed44_20261010_115525_500394_e6195a47,dqn,44,v1,sparse,270,4905,0.0,1,38,0.6123051395839814,0.2199160206180654,3906,True,False,True,1.4270585409831256
baseline100k_dqn_statev1_sparse_seed44_20261010_115525_500394_e6195a47,dqn,44,v1,sparse,271,4940,0.0,1,35,0.6101657108066852,0.19975644956742014,3941,True,False,True,1.439901582954917
baseline100k_dqn_statev1_sparse_seed44_20261010_115525_500394_e6195a47,dqn,44,v1,sparse,272,4990,40.0,5,50,0.6071223448374007,0.17103788144886495,3991,True,False,True,1.4582821249496192
baseline100k_dqn_statev1_sparse_seed44_20261010_115525_500394_e6195a47,dqn,44,v1,sparse,273,4992,-10.0,0,2,0.6070009264396566,0.24462620168924332,3993,True,False,True,1.4590165409608744
baseline100k_dqn_statev1_sparse_seed44_20261010_115525_500394_e6195a47,dqn,44,v1,sparse,274,5013,-10.0,0,21,0.6057274983891308,0.24343521680150712,4014,True,False,True,1.46663241594797
baseline100k_dqn_statev1_sparse_seed44_20261010_115525_500394_e6195a47,dqn,44,v1,sparse,275,5058,-10.0,0,45,0.6030077127623581,0.17026742858191332,4059,True,False,True,1.4826106659602374
baseline100k_dqn_statev1_sparse_seed44_20261010_115525_500394_e6195a47,dqn,44,v1,sparse,276,5061,-10.0,0,3,0.6028268285381577,0.16785091906785965,4062,True,False,True,1.4836867909762077
baseline100k_dqn_statev1_sparse_seed44_20261010_115525_500394_e6195a47,dqn,44,v1,sparse,277,5065,-10.0,0,4,0.6025857339739409,0.2788682393729687,4066,True,False,True,1.4851867499528453
baseline100k_dqn_statev1_sparse_seed44_20261010_115525_500394_e6195a47,dqn,44,v1,sparse,278,5078,-10.0,0,13,0.6018028423643508,0.24779197459037489,4079,True,False,True,1.4898457079543732
baseline100k_dqn_statev1_sparse_seed44_20261010_115525_500394_e6195a47,dqn,44,v1,sparse,279,5080,-10.0,0,2,0.6016824878139064,0.1784860845655203,4081,True,False,True,1.4905743330018595
baseline100k_dqn_statev1_sparse_seed44_20261010_115525_500394_e6195a47,dqn,44,v1,sparse,280,5086,-10.0,0,6,0.6013215685615586,0.21569898103674254,4087,True,False,True,1.4927508749533445
baseline100k_dqn_statev1_sparse_seed44_20261010_115525_500394_e6195a47,dqn,44,v1,sparse,281,5127,30.0,4,41,0.5988610745633159,0.19669973550409806,4128,True,False,True,1.5077425409690477
baseline100k_dqn_statev1_sparse_seed44_20261010_115525_500394_e6195a47,dqn,44,v1,sparse,282,5137,0.0,1,10,0.5982624829043853,0.2855054646730423,4138,True,False,True,1.5113733749603853
baseline100k_dqn_statev1_sparse_seed44_20261010_115525_500394_e6195a47,dqn,44,v1,sparse,283,5187,30.0,4,50,0.5952784874930999,0.17868853121995926,4188,True,False,True,1.5298364579793997
baseline100k_dqn_statev1_sparse_seed44_20261010_115525_500394_e6195a47,dqn,44,v1,sparse,284,5204,0.0,1,17,0.594267323238457,0.24687620077063055,4205,True,False,True,1.5361395409563556
baseline100k_dqn_statev1_sparse_seed44_20261010_115525_500394_e6195a47,dqn,44,v1,sparse,285,5206,-10.0,0,2,0.5941484757164825,0.2986067086458206,4207,True,False,True,1.5368724999716505
baseline100k_dqn_statev1_sparse_seed44_20261010_115525_500394_e6195a47,dqn,44,v1,sparse,286,5207,-10.0,0,1,0.5940890608689109,0.3698696196079254,4208,True,False,True,1.5372572079650126
baseline100k_dqn_statev1_sparse_seed44_20261010_115525_500394_e6195a47,dqn,44,v1,sparse,287,5236,10.0,2,29,0.5923686124245872,0.26842164967594473,4237,True,False,True,1.547807874972932
baseline100k_dqn_statev1_sparse_seed44_20261010_115525_500394_e6195a47,dqn,44,v1,sparse,288,5245,-10.0,0,9,0.591835693876354,0.2919925699631373,4246,True,False,True,1.5510332909761928
baseline100k_dqn_statev1_sparse_seed44_20261010_115525_500394_e6195a47,dqn,44,v1,sparse,289,5290,10.0,2,45,0.5891782840379423,0.2263216403209501,4291,True,False,True,1.5676616659620777
baseline100k_dqn_statev1_sparse_seed44_20261010_115525_500394_e6195a47,dqn,44,v1,sparse,290,5310,-10.0,0,20,0.5880010462372282,0.2507037641480565,4311,True,False,True,1.5748993329470977
baseline100k_dqn_statev1_sparse_seed44_20261010_115525_500394_e6195a47,dqn,44,v1,sparse,291,5311,-10.0,0,1,0.5879422461326045,0.34684354066848755,4312,True,False,True,1.575270332978107
baseline100k_dqn_statev1_sparse_seed44_20261010_115525_500394_e6195a47,dqn,44,v1,sparse,292,5323,0.0,1,12,0.5872371033498097,0.16406055012096962,4324,True,False,True,1.5796258749905974
baseline100k_dqn_statev1_sparse_seed44_20261010_115525_500394_e6195a47,dqn,44,v1,sparse,293,5354,10.0,2,31,0.5854193963441723,0.17857710097826296,4355,True,False,True,1.5907273749471642
baseline100k_dqn_statev1_sparse_seed44_20261010_115525_500394_e6195a47,dqn,44,v1,sparse,294,5359,-10.0,0,5,0.585126745182086,0.2679791063070297,4360,True,False,True,1.592525582993403
baseline100k_dqn_statev1_sparse_seed44_20261010_115525_500394_e6195a47,dqn,44,v1,sparse,295,5377,-10.0,0,18,0.5840744118073942,0.1824741278671556,4378,True,False,True,1.5991406249813735
baseline100k_dqn_statev1_sparse_seed44_20261010_115525_500394_e6195a47,dqn,44,v1,sparse,296,5397,10.0,2,20,0.5829073720596,0.232915523648262,4398,True,False,True,1.606388165964745
baseline100k_dqn_statev1_sparse_seed44_20261010_115525_500394_e6195a47,dqn,44,v1,sparse,297,5409,0.0,1,12,0.5822082678037833,0.2212241175584495,4410,True,False,True,1.6106481659808196
baseline100k_dqn_statev1_sparse_seed44_20261010_115525_500394_e6195a47,dqn,44,v1,sparse,298,5475,10.0,2,66,0.5783781550036818,0.22371762615600319,4476,True,False,True,1.6345967079978436
baseline100k_dqn_statev1_sparse_seed44_20261010_115525_500394_e6195a47,dqn,44,v1,sparse,299,5486,10.0,2,11,0.5777422570457497,0.1776928732340986,4487,True,False,True,1.6385798749979585
baseline100k_dqn_statev1_sparse_seed44_20261010_115525_500394_e6195a47,dqn,44,v1,sparse,300,5487,-10.0,0,1,0.5776844828200451,0.39302098751068115,4488,True,False,True,1.6389537079958245
baseline100k_dqn_statev1_sparse_seed44_20261010_115525_500394_e6195a47,dqn,44,v1,sparse,301,5509,10.0,2,22,0.5764149105197846,0.24502612040801483,4510,True,False,True,1.648502665979322
baseline100k_dqn_statev1_sparse_seed44_20261010_115525_500394_e6195a47,dqn,44,v1,sparse,302,5546,10.0,2,37,0.5742860097992261,0.2207151334732771,4547,True,False,True,1.6622779579483904
baseline100k_dqn_statev1_sparse_seed44_20261010_115525_500394_e6195a47,dqn,44,v1,sparse,303,5565,0.0,1,19,0.5731958478534238,0.26142912318831996,4566,True,False,True,1.6692099999636412
baseline100k_dqn_statev1_sparse_seed44_20261010_115525_500394_e6195a47,dqn,44,v1,sparse,304,5566,-10.0,0,1,0.5731385282686384,0.3908096253871918,4567,True,False,True,1.6695860409527086
baseline100k_dqn_statev1_sparse_seed44_20261010_115525_500394_e6195a47,dqn,44,v1,sparse,305,5592,0.0,1,26,0.5716502293060536,0.20880713199193662,4593,True,False,True,1.6790692909853533
baseline100k_dqn_statev1_sparse_seed44_20261010_115525_500394_e6195a47,dqn,44,v1,sparse,306,5603,-10.0,0,11,0.5710217283671395,0.26094635101881897,4604,True,False,True,1.6829862909507938
baseline100k_dqn_statev1_sparse_seed44_20261010_115525_500394_e6195a47,dqn,44,v1,sparse,307,5630,0.0,1,27,0.5694819723175781,0.2344525448150105,4631,True,False,True,1.6927139159524813
baseline100k_dqn_statev1_sparse_seed44_20261010_115525_500394_e6195a47,dqn,44,v1,sparse,308,5631,-10.0,0,1,0.5694250241203463,0.21969707310199738,4632,True,False,True,1.693088457977865
baseline100k_dqn_statev1_sparse_seed44_20261010_115525_500394_e6195a47,dqn,44,v1,sparse,309,5676,0.0,1,45,0.5668682407478801,0.24593660458922387,4677,True,False,True,1.709158415964339
baseline100k_dqn_statev1_sparse_seed44_20261010_115525_500394_e6195a47,dqn,44,v1,sparse,310,5720,0.0,1,44,0.5643793755622339,0.2056292708624493,4721,True,False,True,1.7252219579531811
baseline100k_dqn_statev1_sparse_seed44_20261010_115525_500394_e6195a47,dqn,44,v1,sparse,311,5743,0.0,1,23,0.5630827298792447,0.25282753291337384,4744,True,False,True,1.733874624944292
baseline100k_dqn_statev1_sparse_seed44_20261010_115525_500394_e6195a47,dqn,44,v1,sparse,312,5754,-10.0,0,11,0.562463648478989,0.3113131360574202,4755,True,False,True,1.7380916249821894
baseline100k_dqn_statev1_sparse_seed44_20261010_115525_500394_e6195a47,dqn,44,v1,sparse,313,5764,-10.0,0,10,0.5619014378716681,0.17397712953388692,4765,True,False,True,1.7417932499665767
baseline100k_dqn_statev1_sparse_seed44_20261010_115525_500394_e6195a47,dqn,44,v1,sparse,314,5864,0.0,1,100,0.5563101469745763,0.21955615665763617,4865,True,False,True,1.7781404579873197
baseline100k_dqn_statev1_sparse_seed44_20261010_115525_500394_e6195a47,dqn,44,v1,sparse,315,5910,20.0,3,46,0.5537568696727976,0.2416473206780527,4911,True,False,True,1.7950045829638839
baseline100k_dqn_statev1_sparse_seed44_20261010_115525_500394_e6195a47,dqn,44,v1,sparse,316,5920,-10.0,0,10,0.5532033619272769,0.21732663959264756,4921,True,False,True,1.7985970409936272
baseline100k_dqn_statev1_sparse_seed44_20261010_115525_500394_e6195a47,dqn,44,v1,sparse,317,5926,-10.0,0,6,0.5528715228795615,0.1805268463989099,4927,True,False,True,1.8007160409470089
baseline100k_dqn_statev1_sparse_seed44_20261010_115525_500394_e6195a47,dqn,44,v1,sparse,318,5952,10.0,2,26,0.5514358523158847,0.23910658140308583,4953,True,False,True,1.8101057909661904
baseline100k_dqn_statev1_sparse_seed44_20261010_115525_500394_e6195a47,dqn,44,v1,sparse,319,6015,10.0,2,63,0.5479725541232295,0.26629902942786143,5016,True,False,True,1.8334503749501891
baseline100k_dqn_statev1_sparse_seed44_20261010_115525_500394_e6195a47,dqn,44,v1,sparse,320,6029,-10.0,0,14,0.5472058910030742,0.33153421032641617,5030,True,False,True,1.8385752909816802
baseline100k_dqn_statev1_sparse_seed44_20261010_115525_500394_e6195a47,dqn,44,v1,sparse,321,6061,0.0,1,32,0.5454575435809094,0.2599326682975516,5062,True,False,True,1.8501401659450494
baseline100k_dqn_statev1_sparse_seed44_20261010_115525_500394_e6195a47,dqn,44,v1,sparse,322,6075,-10.0,0,14,0.5446943991877687,0.2282664878293872,5076,True,False,True,1.8552689159987494
baseline100k_dqn_statev1_sparse_seed44_20261010_115525_500394_e6195a47,dqn,44,v1,sparse,323,6106,10.0,2,31,0.5430083769325547,0.20227019116282463,5107,True,False,True,1.8665459159528837
baseline100k_dqn_statev1_sparse_seed44_20261010_115525_500394_e6195a47,dqn,44,v1,sparse,324,6107,-10.0,0,1,0.5429540760948615,0.5408787727355957,5108,True,False,True,1.8669185829930939
baseline100k_dqn_statev1_sparse_seed44_20261010_115525_500394_e6195a47,dqn,44,v1,sparse,325,6150,10.0,2,43,0.5406242697490604,0.24970902259959732,5151,True,False,True,1.8827025829814374
baseline100k_dqn_statev1_sparse_seed44_20261010_115525_500394_e6195a47,dqn,44,v1,sparse,326,6166,0.0,1,16,0.5397599193639345,0.22638338594697416,5167,True,False,True,1.8884432079503313
baseline100k_dqn_statev1_sparse_seed44_20261010_115525_500394_e6195a47,dqn,44,v1,sparse,327,6187,0.0,1,21,0.5386275563115434,0.24076347709411666,5188,True,False,True,1.8960081249824725
baseline100k_dqn_statev1_sparse_seed44_20261010_115525_500394_e6195a47,dqn,44,v1,sparse,328,6214,0.0,1,27,0.5371751509176843,0.19661862941251862,5215,True,False,True,1.9057627909933217
baseline100k_dqn_statev1_sparse_seed44_20261010_115525_500394_e6195a47,dqn,44,v1,sparse,329,6277,10.0,2,63,0.5338014171977982,0.2317643194858517,5278,True,False,True,1.928685915947426
baseline100k_dqn_statev1_sparse_seed44_20261010_115525_500394_e6195a47,dqn,44,v1,sparse,330,6282,-10.0,0,5,0.5335345698640033,0.21306414306163787,5283,True,False,True,1.9305449579842389
baseline100k_dqn_statev1_sparse_seed44_20261010_115525_500394_e6195a47,dqn,44,v1,sparse,331,6301,-10.0,0,19,0.532521766008588,0.22303367700231702,5302,True,False,True,1.9375222909729928
baseline100k_dqn_statev1_sparse_seed44_20261010_115525_500394_e6195a47,dqn,44,v1,sparse,332,6311,-10.0,0,10,0.5319894838134828,0.2945283442735672,5312,True,False,True,1.9412327909958549
baseline100k_dqn_statev1_sparse_seed44_20261010_115525_500394_e6195a47,dqn,44,v1,sparse,333,6325,-10.0,0,14,0.5312451824529831,0.3013225272297859,5326,True,False,True,1.9463176659774035
baseline100k_dqn_statev1_sparse_seed44_20261010_115525_500394_e6195a47,dqn,44,v1,sparse,334,6352,10.0,2,27,0.5298126835779905,0.2573208857189726,5353,True,False,True,1.9560872909496538
baseline100k_dqn_statev1_sparse_seed44_20261010_115525_500394_e6195a47,dqn,44,v1,sparse,335,6353,-10.0,0,1,0.5297597023096327,0.5861513018608093,5354,True,False,True,1.956460999965202
baseline100k_dqn_statev1_sparse_seed44_20261010_115525_500394_e6195a47,dqn,44,v1,sparse,336,6357,-10.0,0,4,0.529547830212172,0.16921777743846178,5358,True,False,True,1.957888415956404
baseline100k_dqn_statev1_sparse_seed44_20261010_115525_500394_e6195a47,dqn,44,v1,sparse,337,6393,0.0,1,36,0.5276447903968846,0.2687863643384642,5394,True,False,True,1.9709900829475373
baseline100k_dqn_statev1_sparse_seed44_20261010_115525_500394_e6195a47,dqn,44,v1,sparse,338,6398,-10.0,0,5,0.5273810207608892,0.35147570073604584,5399,True,False,True,1.9728570409934036
baseline100k_dqn_statev1_sparse_seed44_20261010_115525_500394_e6195a47,dqn,44,v1,sparse,339,6439,20.0,3,41,0.525223077483595,0.22311855116631926,5440,True,False,True,1.9880243329680525
baseline100k_dqn_statev1_sparse_seed44_20261010_115525_500394_e6195a47,dqn,44,v1,sparse,340,6454,-10.0,0,15,0.5244357941126961,0.30669874548912046,5455,True,False,True,1.9935643329517916
baseline100k_dqn_statev1_sparse_seed44_20261010_115525_500394_e6195a47,dqn,44,v1,sparse,341,6490,10.0,2,36,0.5225511254580091,0.2718076752498746,5491,True,False,True,2.0069374999729916
baseline100k_dqn_statev1_sparse_seed44_20261010_115525_500394_e6195a47,dqn,44,v1,sparse,342,6522,20.0,3,32,0.5208815511201504,0.25585399160627276,5523,True,False,True,2.018534999981057
baseline100k_dqn_statev1_sparse_seed44_20261010_115525_500394_e6195a47,dqn,44,v1,sparse,343,6535,-10.0,0,13,0.5202048112423694,0.38665850116656375,5536,True,False,True,2.0232314999448135
baseline100k_dqn_statev1_sparse_seed44_20261010_115525_500394_e6195a47,dqn,44,v1,sparse,344,6572,20.0,3,37,0.5182835139662576,0.2632646246536358,5573,True,False,True,2.0368824579636566
baseline100k_dqn_statev1_sparse_seed44_20261010_115525_500394_e6195a47,dqn,44,v1,sparse,345,6668,50.0,6,96,0.5133315520799256,0.2659414325413915,5669,True,False,True,2.0722268329700455
baseline100k_dqn_statev1_sparse_seed44_20261010_115525_500394_e6195a47,dqn,44,v1,sparse,346,6712,10.0,2,44,0.5110777425756565,0.2727405251088468,5713,True,False,True,2.0880379999871366
baseline100k_dqn_statev1_sparse_seed44_20261010_115525_500394_e6195a47,dqn,44,v1,sparse,347,6714,-10.0,0,2,0.5109755321379188,0.2065760176628828,5715,True,False,True,2.088837290997617
baseline100k_dqn_statev1_sparse_seed44_20261010_115525_500394_e6195a47,dqn,44,v1,sparse,348,6718,-10.0,0,4,0.5107711725815518,0.4259346276521683,5719,True,False,True,2.090266832965426
baseline100k_dqn_statev1_sparse_seed44_20261010_115525_500394_e6195a47,dqn,44,v1,sparse,349,6741,0.0,1,23,0.5095976902315575,0.297220422035974,5742,True,False,True,2.098736249958165
baseline100k_dqn_statev1_sparse_seed44_20261010_115525_500394_e6195a47,dqn,44,v1,sparse,350,6765,10.0,2,24,0.5083760612337425,0.24541489438464245,5766,True,False,True,2.1075360409449786
baseline100k_dqn_statev1_sparse_seed44_20261010_115525_500394_e6195a47,dqn,44,v1,sparse,351,6775,-10.0,0,10,0.5078679138807419,0.24511855244636535,5776,True,False,True,2.1111592909437604
baseline100k_dqn_statev1_sparse_seed44_20261010_115525_500394_e6195a47,dqn,44,v1,sparse,352,6776,-10.0,0,1,0.5078171270893539,0.30774104595184326,5777,True,False,True,2.111530333000701
baseline100k_dqn_statev1_sparse_seed44_20261010_115525_500394_e6195a47,dqn,44,v1,sparse,353,6785,-10.0,0,9,0.5073602744464892,0.2393473962114917,5786,True,False,True,2.1147668749908917
baseline100k_dqn_statev1_sparse_seed44_20261010_115525_500394_e6195a47,dqn,44,v1,sparse,354,6790,0.0,1,5,0.5071066450402201,0.4819297671318054,5791,True,False,True,2.116587625001557
baseline100k_dqn_statev1_sparse_seed44_20261010_115525_500394_e6195a47,dqn,44,v1,sparse,355,6803,0.0,1,13,0.5064478017998547,0.23863441955584747,5804,True,False,True,2.1213839999982156
baseline100k_dqn_statev1_sparse_seed44_20261010_115525_500394_e6195a47,dqn,44,v1,sparse,356,6812,-10.0,0,9,0.5059921810569084,0.21683871207965744,5813,True,False,True,2.1247464579646476
baseline100k_dqn_statev1_sparse_seed44_20261010_115525_500394_e6195a47,dqn,44,v1,sparse,357,6819,-10.0,0,7,0.5056380927708186,0.2756224519440106,5820,True,False,True,2.1273127499734983
baseline100k_dqn_statev1_sparse_seed44_20261010_115525_500394_e6195a47,dqn,44,v1,sparse,358,6825,-10.0,0,6,0.5053347857507581,0.1601345520466566,5826,True,False,True,2.1295139999710955
baseline100k_dqn_statev1_sparse_seed44_20261010_115525_500394_e6195a47,dqn,44,v1,sparse,359,6845,0.0,1,20,0.5043250757395127,0.31258396357297896,5846,True,False,True,2.1368246659985743
baseline100k_dqn_statev1_sparse_seed44_20261010_115525_500394_e6195a47,dqn,44,v1,sparse,360,6851,-10.0,0,6,0.5040225563327447,0.24386764193574587,5852,True,False,True,2.1390762079972774
baseline100k_dqn_statev1_sparse_seed44_20261010_115525_500394_e6195a47,dqn,44,v1,sparse,361,6852,-10.0,0,1,0.5039721540771115,0.21914637088775635,5853,True,False,True,2.1394519159803167
baseline100k_dqn_statev1_sparse_seed44_20261010_115525_500394_e6195a47,dqn,44,v1,sparse,362,6859,-10.0,0,7,0.5036194793857728,0.32839703240564894,5860,True,False,True,2.141997749975417
baseline100k_dqn_statev1_sparse_seed44_20261010_115525_500394_e6195a47,dqn,44,v1,sparse,363,6907,10.0,2,48,0.5012077780116369,0.25570704039031017,5908,True,False,True,2.159517332969699
baseline100k_dqn_statev1_sparse_seed44_20261010_115525_500394_e6195a47,dqn,44,v1,sparse,364,6914,-10.0,0,7,0.5008570378031215,0.3232501766511372,5915,True,False,True,2.1621321249986067
baseline100k_dqn_statev1_sparse_seed44_20261010_115525_500394_e6195a47,dqn,44,v1,sparse,365,6931,-10.0,0,17,0.500006261663964,0.2751005068421364,5932,True,False,True,2.1683047079714015
baseline100k_dqn_statev1_sparse_seed44_20261010_115525_500394_e6195a47,dqn,44,v1,sparse,366,6954,0.0,1,23,0.49885751139291057,0.2955948626217635,5955,True,False,True,2.1766932909958996
baseline100k_dqn_statev1_sparse_seed44_20261010_115525_500394_e6195a47,dqn,44,v1,sparse,367,7006,20.0,3,52,0.49627005617301,0.28040770835314804,6007,True,False,True,2.1957929579657502
baseline100k_dqn_statev1_sparse_seed44_20261010_115525_500394_e6195a47,dqn,44,v1,sparse,368,7035,10.0,2,29,0.4948328860543438,0.3638261792988613,6036,True,False,True,2.206546832981985
baseline100k_dqn_statev1_sparse_seed44_20261010_115525_500394_e6195a47,dqn,44,v1,sparse,369,7047,10.0,2,12,0.4942394130719446,0.2651660131911437,6048,True,False,True,2.2110311659635045
baseline100k_dqn_statev1_sparse_seed44_20261010_115525_500394_e6195a47,dqn,44,v1,sparse,370,7082,20.0,3,35,0.4925125126184901,0.3240237783108439,6083,True,False,True,2.2237545829848386
baseline100k_dqn_statev1_sparse_seed44_20261010_115525_500394_e6195a47,dqn,44,v1,sparse,371,7087,-10.0,0,5,0.4922663056085073,0.22355872318148612,6088,True,False,True,2.2255727909505367
baseline100k_dqn_statev1_sparse_seed44_20261010_115525_500394_e6195a47,dqn,44,v1,sparse,372,7099,-10.0,0,12,0.4916759108292647,0.2946349506576856,6100,True,False,True,2.230013999971561
baseline100k_dqn_statev1_sparse_seed44_20261010_115525_500394_e6195a47,dqn,44,v1,sparse,373,7111,-10.0,0,12,0.4910862241342265,0.157059029986461,6112,True,False,True,2.234460332954768
baseline100k_dqn_statev1_sparse_seed44_20261010_115525_500394_e6195a47,dqn,44,v1,sparse,374,7139,-10.0,0,28,0.4897130374047847,0.3610502513391631,6140,True,False,True,2.2445061249891296
baseline100k_dqn_statev1_sparse_seed44_20261010_115525_500394_e6195a47,dqn,44,v1,sparse,375,7142,-10.0,0,3,0.4895661381844647,0.3940805991490682,6143,True,False,True,2.24563058296917
baseline100k_dqn_statev1_sparse_seed44_20261010_115525_500394_e6195a47,dqn,44,v1,sparse,376,7184,20.0,3,42,0.4875141699537961,0.3144951934615771,6185,True,False,True,2.2610546659561805
baseline100k_dqn_statev1_sparse_seed44_20261010_115525_500394_e6195a47,dqn,44,v1,sparse,377,7199,0.0,1,15,0.4867834103669916,0.32871915549039843,6200,True,False,True,2.2665171659900807
baseline100k_dqn_statev1_sparse_seed44_20261010_115525_500394_e6195a47,dqn,44,v1,sparse,378,7200,-10.0,0,1,0.4867347320259549,0.3041260838508606,6201,True,False,True,2.266892207961064
baseline100k_dqn_statev1_sparse_seed44_20261010_115525_500394_e6195a47,dqn,44,v1,sparse,379,7212,10.0,2,12,0.4861509714853894,0.2993315616622567,6213,True,False,True,2.2712797499843873
baseline100k_dqn_statev1_sparse_seed44_20261010_115525_500394_e6195a47,dqn,44,v1,sparse,380,7264,10.0,2,52,0.48362942206475973,0.3427186542405532,6265,True,False,True,2.290021999971941
baseline100k_dqn_statev1_sparse_seed44_20261010_115525_500394_e6195a47,dqn,44,v1,sparse,381,7301,10.0,2,37,0.4818432104204629,0.2928322034107672,6302,True,False,True,2.3034018329926766
baseline100k_dqn_statev1_sparse_seed44_20261010_115525_500394_e6195a47,dqn,44,v1,sparse,382,7319,-10.0,0,18,0.48097662946878156,0.3232458175884353,6320,True,False,True,2.3099396659526974
baseline100k_dqn_statev1_sparse_seed44_20261010_115525_500394_e6195a47,dqn,44,v1,sparse,383,7325,-10.0,0,6,0.4806881156279759,0.3443739712238312,6326,True,False,True,2.3120886249816976
baseline100k_dqn_statev1_sparse_seed44_20261010_115525_500394_e6195a47,dqn,44,v1,sparse,384,7375,40.0,5,50,0.4782905540688257,0.33306181743741037,6376,True,False,True,2.3307111659669317
baseline100k_dqn_statev1_sparse_seed44_20261010_115525_500394_e6195a47,dqn,44,v1,sparse,385,7377,-10.0,0,2,0.4781949007409175,0.23579826205968857,6378,True,False,True,2.3314895409857854
baseline100k_dqn_statev1_sparse_seed44_20261010_115525_500394_e6195a47,dqn,44,v1,sparse,386,7400,0.0,1,23,0.4770962614558525,0.31611377130384033,6401,True,False,True,2.3399809999973513
baseline100k_dqn_statev1_sparse_seed44_20261010_115525_500394_e6195a47,dqn,44,v1,sparse,387,7432,10.0,2,32,0.4755719174519679,0.3348199622705579,6433,True,False,True,2.351634665974416
baseline100k_dqn_statev1_sparse_seed44_20261010_115525_500394_e6195a47,dqn,44,v1,sparse,388,7438,-10.0,0,6,0.4752866456277736,0.2932473060985406,6439,True,False,True,2.353831332991831
baseline100k_dqn_statev1_sparse_seed44_20261010_115525_500394_e6195a47,dqn,44,v1,sparse,389,7479,-10.0,0,41,0.4733418626694481,0.3230855899249635,6480,True,False,True,2.368875999993179
baseline100k_dqn_statev1_sparse_seed44_20261010_115525_500394_e6195a47,dqn,44,v1,sparse,390,7496,0.0,1,17,0.4725378249260836,0.2540552142788382,6497,True,False,True,2.3752221249742433
baseline100k_dqn_statev1_sparse_seed44_20261010_115525_500394_e6195a47,dqn,44,v1,sparse,391,7535,10.0,2,39,0.47069842459951555,0.3602925267739174,6536,True,False,True,2.3893525829771534
baseline100k_dqn_statev1_sparse_seed44_20261010_115525_500394_e6195a47,dqn,44,v1,sparse,392,7572,0.0,1,37,0.4689599716257855,0.35335639119148254,6573,True,False,True,2.4028878749813884
baseline100k_dqn_statev1_sparse_seed44_20261010_115525_500394_e6195a47,dqn,44,v1,sparse,393,7575,-10.0,0,3,0.468819297702628,0.41442932685216266,6576,True,False,True,2.4040114999515936
baseline100k_dqn_statev1_sparse_seed44_20261010_115525_500394_e6195a47,dqn,44,v1,sparse,394,7622,20.0,3,47,0.466620907346484,0.3899015857184187,6623,True,False,True,2.421223415993154
baseline100k_dqn_statev1_sparse_seed44_20261010_115525_500394_e6195a47,dqn,44,v1,sparse,395,7650,-10.0,0,28,0.4653161311052487,0.2949513095830168,6651,True,False,True,2.431375249987468
baseline100k_dqn_statev1_sparse_seed44_20261010_115525_500394_e6195a47,dqn,44,v1,sparse,396,7674,0.0,1,24,0.4642006557218124,0.3813839969225228,6675,True,False,True,2.4400329579948448
baseline100k_dqn_statev1_sparse_seed44_20261010_115525_500394_e6195a47,dqn,44,v1,sparse,397,7710,30.0,4,36,0.46253245451368513,0.35795861710276866,6711,True,False,True,2.453295874991454
baseline100k_dqn_statev1_sparse_seed44_20261010_115525_500394_e6195a47,dqn,44,v1,sparse,398,7711,-10.0,0,1,0.46248620126823375,0.11868271231651306,6712,True,False,True,2.4536860829684883
baseline100k_dqn_statev1_sparse_seed44_20261010_115525_500394_e6195a47,dqn,44,v1,sparse,399,7734,0.0,1,23,0.46142365227675247,0.3287589566215225,6735,True,False,True,2.4621751660015434
baseline100k_dqn_statev1_sparse_seed44_20261010_115525_500394_e6195a47,dqn,44,v1,sparse,400,7763,20.0,3,29,0.4600873953802315,0.3758051634348672,6764,True,False,True,2.4727644159574993
baseline100k_dqn_statev1_sparse_seed44_20261010_115525_500394_e6195a47,dqn,44,v1,sparse,401,7772,-10.0,0,9,0.4596734823172101,0.303109058075481,6773,True,False,True,2.47766374994535
baseline100k_dqn_statev1_sparse_seed44_20261010_115525_500394_e6195a47,dqn,44,v1,sparse,402,7773,-10.0,0,1,0.4596275149689784,0.3654918372631073,6774,True,False,True,2.4780532909790054
baseline100k_dqn_statev1_sparse_seed44_20261010_115525_500394_e6195a47,dqn,44,v1,sparse,403,7812,10.0,2,39,0.45783836930372745,0.3776875516543022,6813,True,False,True,2.4924417499569245
baseline100k_dqn_statev1_sparse_seed44_20261010_115525_500394_e6195a47,dqn,44,v1,sparse,404,7839,10.0,2,27,0.45660381138090955,0.3555150556343573,6840,True,False,True,2.5022333749802783
baseline100k_dqn_statev1_sparse_seed44_20261010_115525_500394_e6195a47,dqn,44,v1,sparse,405,7840,-10.0,0,1,0.4565581509997715,0.2568294405937195,6841,True,False,True,2.502611290954519
baseline100k_dqn_statev1_sparse_seed44_20261010_115525_500394_e6195a47,dqn,44,v1,sparse,406,7844,-10.0,0,4,0.4563755551310345,0.32081348448991776,6845,True,False,True,2.50410004099831
baseline100k_dqn_statev1_sparse_seed44_20261010_115525_500394_e6195a47,dqn,44,v1,sparse,407,7893,0.0,1,49,0.45414467348881865,0.36228639814926655,6894,True,False,True,2.522174040961545
baseline100k_dqn_statev1_sparse_seed44_20261010_115525_500394_e6195a47,dqn,44,v1,sparse,408,7935,10.0,2,42,0.45224117083730303,0.3278310909157708,6936,True,False,True,2.5376429579919204
baseline100k_dqn_statev1_sparse_seed44_20261010_115525_500394_e6195a47,dqn,44,v1,sparse,409,7955,10.0,2,20,0.45133754723851727,0.33964463844895365,6956,True,False,True,2.545040415949188
baseline100k_dqn_statev1_sparse_seed44_20261010_115525_500394_e6195a47,dqn,44,v1,sparse,410,7987,0.0,1,32,0.44989550348457635,0.3617481072433293,6988,True,False,True,2.5568059999495745
baseline100k_dqn_statev1_sparse_seed44_20261010_115525_500394_e6195a47,dqn,44,v1,sparse,411,7994,-10.0,0,7,0.44958067109444816,0.3596440202423504,6995,True,False,True,2.5593700409517623
baseline100k_dqn_statev1_sparse_seed44_20261010_115525_500394_e6195a47,dqn,44,v1,sparse,412,8073,10.0,2,79,0.44604279988833706,0.3701518019071863,7074,True,False,True,2.588286624988541
baseline100k_dqn_statev1_sparse_seed44_20261010_115525_500394_e6195a47,dqn,44,v1,sparse,413,8116,10.0,2,43,0.44412883811618664,0.34699601749348086,7117,True,False,True,2.603945582988672
baseline100k_dqn_statev1_sparse_seed44_20261010_115525_500394_e6195a47,dqn,44,v1,sparse,414,8142,10.0,2,26,0.4429755454017372,0.3893331352334756,7143,True,False,True,2.613359249953646
baseline100k_dqn_statev1_sparse_seed44_20261010_115525_500394_e6195a47,dqn,44,v1,sparse,415,8158,-10.0,0,16,0.4422673158517634,0.3422820169944316,7159,True,False,True,2.6191992499516346
baseline100k_dqn_statev1_sparse_seed44_20261010_115525_500394_e6195a47,dqn,44,v1,sparse,416,8159,-10.0,0,1,0.4422230891201782,0.17617207765579224,7160,True,False,True,2.6195807499461807
baseline100k_dqn_statev1_sparse_seed44_20261010_115525_500394_e6195a47,dqn,44,v1,sparse,417,8182,-10.0,0,23,0.44120709405683173,0.3360452496487161,7183,True,False,True,2.627992624999024
baseline100k_dqn_statev1_sparse_seed44_20261010_115525_500394_e6195a47,dqn,44,v1,sparse,418,8202,20.0,3,20,0.4403255176594344,0.38856707364320753,7203,True,False,True,2.635455790965352
baseline100k_dqn_statev1_sparse_seed44_20261010_115525_500394_e6195a47,dqn,44,v1,sparse,419,8228,0.0,1,26,0.43918210122726403,0.40751710534095764,7229,True,False,True,2.645050833001733
baseline100k_dqn_statev1_sparse_seed44_20261010_115525_500394_e6195a47,dqn,44,v1,sparse,420,8297,60.0,7,69,0.43616202496830214,0.3433395442755326,7298,True,False,True,2.670491040975321
baseline100k_dqn_statev1_sparse_seed44_20261010_115525_500394_e6195a47,dqn,44,v1,sparse,421,8299,-10.0,0,2,0.43607479692492873,0.30901817977428436,7300,True,False,True,2.671214207948651
baseline100k_dqn_statev1_sparse_seed44_20261010_115525_500394_e6195a47,dqn,44,v1,sparse,422,8321,0.0,1,22,0.4351164390332386,0.32889410616321996,7322,True,False,True,2.6793789159855805
baseline100k_dqn_statev1_sparse_seed44_20261010_115525_500394_e6195a47,dqn,44,v1,sparse,423,8364,20.0,3,43,0.4332493620824341,0.33658799477094825,7365,True,False,True,2.6952974999439903
baseline100k_dqn_statev1_sparse_seed44_20261010_115525_500394_e6195a47,dqn,44,v1,sparse,424,8370,-10.0,0,6,0.43298947744392463,0.2834903846184413,7371,True,False,True,2.6975170410005376
baseline100k_dqn_statev1_sparse_seed44_20261010_115525_500394_e6195a47,dqn,44,v1,sparse,425,8394,10.0,2,24,0.43195149687310636,0.4084522444754839,7395,True,False,True,2.706410540966317
baseline100k_dqn_statev1_sparse_seed44_20261010_115525_500394_e6195a47,dqn,44,v1,sparse,426,8438,30.0,4,44,0.43005499083311877,0.4030179296704856,7439,True,False,True,2.7225683750002645
baseline100k_dqn_statev1_sparse_seed44_20261010_115525_500394_e6195a47,dqn,44,v1,sparse,427,8496,40.0,5,58,0.427567767443735,0.3858308679070966,7497,True,False,True,2.7445262909750454
baseline100k_dqn_statev1_sparse_seed44_20261010_115525_500394_e6195a47,dqn,44,v1,sparse,428,8544,10.0,2,48,0.4255202577375224,0.3605707789150377,7545,True,False,True,2.7628639999893494
baseline100k_dqn_statev1_sparse_seed44_20261010_115525_500394_e6195a47,dqn,44,v1,sparse,429,8585,0.0,1,41,0.42377910941517233,0.4030782618537182,7586,True,False,True,2.778508832969237
baseline100k_dqn_statev1_sparse_seed44_20261010_115525_500394_e6195a47,dqn,44,v1,sparse,430,8621,20.0,3,36,0.42225617140637917,0.3782770223915577,7622,True,False,True,2.7918033749447204
baseline100k_dqn_statev1_sparse_seed44_20261010_115525_500394_e6195a47,dqn,44,v1,sparse,431,8625,-10.0,0,4,0.42208729427149794,0.4586583822965622,7626,True,False,True,2.793253874988295
baseline100k_dqn_statev1_sparse_seed44_20261010_115525_500394_e6195a47,dqn,44,v1,sparse,432,8642,0.0,1,17,0.4213703196230378,0.3384178894407609,7643,True,False,True,2.799486915988382
baseline100k_dqn_statev1_sparse_seed44_20261010_115525_500394_e6195a47,dqn,44,v1,sparse,433,8689,0.0,1,47,0.41939442730895476,0.3945332061737142,7690,True,False,True,2.8169254999957047
baseline100k_dqn_statev1_sparse_seed44_20261010_115525_500394_e6195a47,dqn,44,v1,sparse,434,8691,-10.0,0,2,0.41931055261743727,0.3481425642967224,7692,True,False,True,2.81765041599283
baseline100k_dqn_statev1_sparse_seed44_20261010_115525_500394_e6195a47,dqn,44,v1,sparse,435,8698,-10.0,0,7,0.41901712327114676,0.2434159048965999,7699,True,False,True,2.820235707971733
baseline100k_dqn_statev1_sparse_seed44_20261010_115525_500394_e6195a47,dqn,44,v1,sparse,436,8702,-10.0,0,4,0.4188495415611897,0.3994778096675873,7703,True,False,True,2.8218273329548538
baseline100k_dqn_statev1_sparse_seed44_20261010_115525_500394_e6195a47,dqn,44,v1,sparse,437,8712,10.0,2,10,0.4184308804516691,0.3443173512816429,7713,True,False,True,2.8257891249959357
baseline100k_dqn_statev1_sparse_seed44_20261010_115525_500394_e6195a47,dqn,44,v1,sparse,438,8741,10.0,2,29,0.4172191281997808,0.331984610136213,7742,True,False,True,2.836849082959816
baseline100k_dqn_statev1_sparse_seed44_20261010_115525_500394_e6195a47,dqn,44,v1,sparse,439,8770,0.0,1,29,0.4160108851141338,0.33453449709662075,7771,True,False,True,2.847529415972531
baseline100k_dqn_statev1_sparse_seed44_20261010_115525_500394_e6195a47,dqn,44,v1,sparse,440,8800,0.0,1,30,0.41476466041827703,0.3438567971189817,7801,True,False,True,2.8586424999521114
baseline100k_dqn_statev1_sparse_seed44_20261010_115525_500394_e6195a47,dqn,44,v1,sparse,441,8805,-10.0,0,5,0.4145573195603865,0.25456564128398895,7806,True,False,True,2.860536540974863
baseline100k_dqn_statev1_sparse_seed44_20261010_115525_500394_e6195a47,dqn,44,v1,sparse,442,8832,0.0,1,27,0.41343946868191217,0.3756473334851088,7833,True,False,True,2.8705668749753386
baseline100k_dqn_statev1_sparse_seed44_20261010_115525_500394_e6195a47,dqn,44,v1,sparse,443,8873,20.0,3,41,0.4117477526608789,0.36662957762799614,7874,True,False,True,2.8856138749979436
baseline100k_dqn_statev1_sparse_seed44_20261010_115525_500394_e6195a47,dqn,44,v1,sparse,444,8890,0.0,1,17,0.41104834117840844,0.4181792692226522,7891,True,False,True,2.891821415978484
baseline100k_dqn_statev1_sparse_seed44_20261010_115525_500394_e6195a47,dqn,44,v1,sparse,445,8903,0.0,1,13,0.4105142988350522,0.31818050661912334,7904,True,False,True,2.8968318330007605
baseline100k_dqn_statev1_sparse_seed44_20261010_115525_500394_e6195a47,dqn,44,v1,sparse,446,8935,10.0,2,32,0.4092026871950269,0.3907800014130771,7936,True,False,True,2.9087015409604646
baseline100k_dqn_statev1_sparse_seed44_20261010_115525_500394_e6195a47,dqn,44,v1,sparse,447,8965,10.0,2,30,0.4079768575048892,0.3835187720755736,7966,True,False,True,2.9197417909745127
baseline100k_dqn_statev1_sparse_seed44_20261010_115525_500394_e6195a47,dqn,44,v1,sparse,448,8993,10.0,2,28,0.4068360631206998,0.36280919664672445,7994,True,False,True,2.929932957980782
baseline100k_dqn_statev1_sparse_seed44_20261010_115525_500394_e6195a47,dqn,44,v1,sparse,449,9061,50.0,6,68,0.4040788252610906,0.35937904533656206,8062,True,False,True,2.955451207992155
baseline100k_dqn_statev1_sparse_seed44_20261010_115525_500394_e6195a47,dqn,44,v1,sparse,450,9091,10.0,2,30,0.4028683448887442,0.47774292131265006,8092,True,False,True,2.9663342909771018
baseline100k_dqn_statev1_sparse_seed44_20261010_115525_500394_e6195a47,dqn,44,v1,sparse,451,9092,-10.0,0,1,0.4028280580542553,0.24793018400669098,8093,True,False,True,2.9667094579781406
baseline100k_dqn_statev1_sparse_seed44_20261010_115525_500394_e6195a47,dqn,44,v1,sparse,452,9152,10.0,2,60,0.4004182059974027,0.40856254075964293,8153,True,False,True,2.9887976249447092
baseline100k_dqn_statev1_sparse_seed44_20261010_115525_500394_e6195a47,dqn,44,v1,sparse,453,9175,0.0,1,23,0.3994982564728838,0.3426125529019729,8176,True,False,True,2.997083499969449
baseline100k_dqn_statev1_sparse_seed44_20261010_115525_500394_e6195a47,dqn,44,v1,sparse,454,9191,0.0,1,16,0.39885953843678873,0.3293524943292141,8192,True,False,True,3.0029444999527186
baseline100k_dqn_statev1_sparse_seed44_20261010_115525_500394_e6195a47,dqn,44,v1,sparse,455,9225,10.0,2,34,0.39750565122318765,0.41368619703194676,8226,True,False,True,3.0156183329527266
baseline100k_dqn_statev1_sparse_seed44_20261010_115525_500394_e6195a47,dqn,44,v1,sparse,456,9228,-10.0,0,3,0.3973864114525928,0.22198250889778137,8229,True,False,True,3.0167548329918645
baseline100k_dqn_statev1_sparse_seed44_20261010_115525_500394_e6195a47,dqn,44,v1,sparse,457,9260,10.0,2,32,0.396116744002937,0.3601562592666596,8261,True,False,True,3.02857658296125
baseline100k_dqn_statev1_sparse_seed44_20261010_115525_500394_e6195a47,dqn,44,v1,sparse,458,9277,10.0,2,17,0.39544388398763874,0.4019974487669328,8278,True,False,True,3.034980207972694
baseline100k_dqn_statev1_sparse_seed44_20261010_115525_500394_e6195a47,dqn,44,v1,sparse,459,9309,20.0,3,32,0.39418042300056255,0.3809607117436826,8310,True,False,True,3.0467765409848653
baseline100k_dqn_statev1_sparse_seed44_20261010_115525_500394_e6195a47,dqn,44,v1,sparse,460,9337,0.0,1,28,0.39307820652763165,0.3994893138962133,8338,True,False,True,3.0572594159748405
baseline100k_dqn_statev1_sparse_seed44_20261010_115525_500394_e6195a47,dqn,44,v1,sparse,461,9361,-10.0,0,24,0.3921359029326428,0.39207835122942924,8362,True,False,True,3.066316957992967
baseline100k_dqn_statev1_sparse_seed44_20261010_115525_500394_e6195a47,dqn,44,v1,sparse,462,9368,-10.0,0,7,0.3918614901354062,0.38904441467353273,8369,True,False,True,3.068931791000068
baseline100k_dqn_statev1_sparse_seed44_20261010_115525_500394_e6195a47,dqn,44,v1,sparse,463,9370,-10.0,0,2,0.39178312175599406,0.6148790419101715,8371,True,False,True,3.069682124943938
baseline100k_dqn_statev1_sparse_seed44_20261010_115525_500394_e6195a47,dqn,44,v1,sparse,464,9375,0.0,1,5,0.39158726936951066,0.3149200975894928,8376,True,False,True,3.071488374960609
baseline100k_dqn_statev1_sparse_seed44_20261010_115525_500394_e6195a47,dqn,44,v1,sparse,465,9392,0.0,1,17,0.3909221033040828,0.30520568963359385,8393,True,False,True,3.077691332960967
baseline100k_dqn_statev1_sparse_seed44_20261010_115525_500394_e6195a47,dqn,44,v1,sparse,466,9418,10.0,2,26,0.3899069753165145,0.43441053852438927,8419,True,False,True,3.0871826660004444
baseline100k_dqn_statev1_sparse_seed44_20261010_115525_500394_e6195a47,dqn,44,v1,sparse,467,9454,10.0,2,36,0.38850576383767926,0.3816921367413468,8455,True,False,True,3.1004464579746127
baseline100k_dqn_statev1_sparse_seed44_20261010_115525_500394_e6195a47,dqn,44,v1,sparse,468,9482,40.0,5,28,0.3874194149787713,0.38418452933962854,8483,True,False,True,3.1108215829590335
baseline100k_dqn_statev1_sparse_seed44_20261010_115525_500394_e6195a47,dqn,44,v1,sparse,469,9516,20.0,3,34,0.38610436007423954,0.39536069640341925,8517,True,False,True,3.123457999958191
baseline100k_dqn_statev1_sparse_seed44_20261010_115525_500394_e6195a47,dqn,44,v1,sparse,470,9541,10.0,2,25,0.3851402565995824,0.388260744959116,8542,True,False,True,3.1327885409700684
baseline100k_dqn_statev1_sparse_seed44_20261010_115525_500394_e6195a47,dqn,44,v1,sparse,471,9564,10.0,2,23,0.38425540773251005,0.44608375430107117,8565,True,False,True,3.1414016659837216
baseline100k_dqn_statev1_sparse_seed44_20261010_115525_500394_e6195a47,dqn,44,v1,sparse,472,9588,10.0,2,24,0.3833342545215526,0.37507662425438565,8589,True,False,True,3.1501531249959953
baseline100k_dqn_statev1_sparse_seed44_20261010_115525_500394_e6195a47,dqn,44,v1,sparse,473,9607,10.0,2,19,0.38260657456823455,0.4549123785997692,8608,True,False,True,3.1571723749511875
baseline100k_dqn_statev1_sparse_seed44_20261010_115525_500394_e6195a47,dqn,44,v1,sparse,474,9626,-10.0,0,19,0.38188027596320007,0.3861301835430296,8627,True,False,True,3.1639389999909326
baseline100k_dqn_statev1_sparse_seed44_20261010_115525_500394_e6195a47,dqn,44,v1,sparse,475,9646,0.0,1,20,0.3811172405486396,0.4188449621200562,8647,True,False,True,3.171342540998012
baseline100k_dqn_statev1_sparse_seed44_20261010_115525_500394_e6195a47,dqn,44,v1,sparse,476,9699,30.0,4,53,0.37910256205240345,0.419081339155728,8700,True,False,True,3.1911442909622565
baseline100k_dqn_statev1_sparse_seed44_20261010_115525_500394_e6195a47,dqn,44,v1,sparse,477,9716,-10.0,0,17,0.37845860301869927,0.4231545644647935,8717,True,False,True,3.1975896660005674
baseline100k_dqn_statev1_sparse_seed44_20261010_115525_500394_e6195a47,dqn,44,v1,sparse,478,9752,10.0,2,36,0.3770985336370644,0.4300578199326992,8753,True,False,True,3.211073165992275
baseline100k_dqn_statev1_sparse_seed44_20261010_115525_500394_e6195a47,dqn,44,v1,sparse,479,9753,-10.0,0,1,0.3770608237837007,0.692599892616272,8754,True,False,True,3.211451915965881
baseline100k_dqn_statev1_sparse_seed44_20261010_115525_500394_e6195a47,dqn,44,v1,sparse,480,9814,30.0,4,61,0.3747676394209312,0.40457463313321596,8815,True,False,True,3.2339384999941103
baseline100k_dqn_statev1_sparse_seed44_20261010_115525_500394_e6195a47,dqn,44,v1,sparse,481,9850,-10.0,0,36,0.3734208342815094,0.39721521114309627,8851,True,False,True,3.246901665988844
baseline100k_dqn_statev1_sparse_seed44_20261010_115525_500394_e6195a47,dqn,44,v1,sparse,482,9877,-10.0,0,27,0.37241390764447685,0.4219990466479902,8878,True,False,True,3.25659879099112
baseline100k_dqn_statev1_sparse_seed44_20261010_115525_500394_e6195a47,dqn,44,v1,sparse,483,9911,10.0,2,34,0.3711497873737088,0.4223383237772128,8912,True,False,True,3.2692447079462
baseline100k_dqn_statev1_sparse_seed44_20261010_115525_500394_e6195a47,dqn,44,v1,sparse,484,9919,-10.0,0,8,0.37085297144496854,0.37254309095442295,8920,True,False,True,3.2722464579856023
baseline100k_dqn_statev1_sparse_seed44_20261010_115525_500394_e6195a47,dqn,44,v1,sparse,485,9924,-10.0,0,5,0.37066758204083494,0.37845784425735474,8925,True,False,True,3.274093832995277
baseline100k_dqn_statev1_sparse_seed44_20261010_115525_500394_e6195a47,dqn,44,v1,sparse,486,9975,30.0,4,51,0.3687818956741996,0.3785242695434421,8976,True,False,True,3.2927147079608403
baseline100k_dqn_statev1_sparse_seed44_20261010_115525_500394_e6195a47,dqn,44,v1,sparse,487,10028,30.0,4,53,0.3668324248133527,0.4157883810266009,9029,True,False,True,3.312495540943928
baseline100k_dqn_statev1_sparse_seed44_20261010_115525_500394_e6195a47,dqn,44,v1,sparse,488,10101,40.0,5,73,0.3641641656927023,0.39806117005135916,9102,True,False,True,3.3392928749672137
baseline100k_dqn_statev1_sparse_seed44_20261010_115525_500394_e6195a47,dqn,44,v1,sparse,489,10138,10.0,2,37,0.362819180785831,0.41194156214997574,9139,True,False,True,3.352671124972403
baseline100k_dqn_statev1_sparse_seed44_20261010_115525_500394_e6195a47,dqn,44,v1,sparse,490,10178,20.0,3,40,0.3613707304709577,0.42833492197096346,9179,True,False,True,3.367540332954377
baseline100k_dqn_statev1_sparse_seed44_20261010_115525_500394_e6195a47,dqn,44,v1,sparse,491,10209,30.0,4,31,0.3602521599571695,0.37346432141719327,9210,True,False,True,3.3790823329472914
baseline100k_dqn_statev1_sparse_seed44_20261010_115525_500394_e6195a47,dqn,44,v1,sparse,492,10239,20.0,3,30,0.359172969112557,0.48326729238033295,9240,True,False,True,3.390229790995363
baseline100k_dqn_statev1_sparse_seed44_20261010_115525_500394_e6195a47,dqn,44,v1,sparse,493,10309,30.0,4,70,0.35666741272773406,0.40581483856907913,9310,True,False,True,3.4159416249603964
baseline100k_dqn_statev1_sparse_seed44_20261010_115525_500394_e6195a47,dqn,44,v1,sparse,494,10356,10.0,2,47,0.3549949256856396,0.43974643295749705,9357,True,False,True,3.4335263329558074
baseline100k_dqn_statev1_sparse_seed44_20261010_115525_500394_e6195a47,dqn,44,v1,sparse,495,10394,10.0,2,38,0.35364843759024345,0.4450755840853641,9395,True,False,True,3.447311040945351
baseline100k_dqn_statev1_sparse_seed44_20261010_115525_500394_e6195a47,dqn,44,v1,sparse,496,10435,30.0,4,41,0.3522013751469981,0.4306013507813942,9436,True,False,True,3.462503040966112
baseline100k_dqn_statev1_sparse_seed44_20261010_115525_500394_e6195a47,dqn,44,v1,sparse,497,10474,20.0,3,39,0.3508303963802412,0.3846336087355247,9475,True,False,True,3.4768111250014044
baseline100k_dqn_statev1_sparse_seed44_20261010_115525_500394_e6195a47,dqn,44,v1,sparse,498,10519,30.0,4,45,0.34925512784439405,0.33734682119554943,9520,True,False,True,3.49344770796597
baseline100k_dqn_statev1_sparse_seed44_20261010_115525_500394_e6195a47,dqn,44,v1,sparse,499,10531,-10.0,0,12,0.34883625212254643,0.3445069783677657,9532,True,False,True,3.497938832966611
baseline100k_dqn_statev1_sparse_seed44_20261010_115525_500394_e6195a47,dqn,44,v1,sparse,500,10562,0.0,1,31,0.3477564802626171,0.40479370158526207,9563,True,False,True,3.5093115409836173
baseline100k_dqn_statev1_sparse_seed44_20261010_115525_500394_e6195a47,dqn,44,v1,sparse,501,10584,0.0,1,22,0.34699221878821823,0.4625017466870221,9585,True,False,True,3.518807415966876
baseline100k_dqn_statev1_sparse_seed44_20261010_115525_500394_e6195a47,dqn,44,v1,sparse,502,10595,-10.0,0,11,0.3466107181360293,0.43988141823898663,9596,True,False,True,3.5228551659965888
baseline100k_dqn_statev1_sparse_seed44_20261010_115525_500394_e6195a47,dqn,44,v1,sparse,503,10636,40.0,5,41,0.3451924527081976,0.39092396308736105,9637,True,False,True,3.538108207983896
baseline100k_dqn_statev1_sparse_seed44_20261010_115525_500394_e6195a47,dqn,44,v1,sparse,504,10673,20.0,3,37,0.34391753693504545,0.4200693288364926,9674,True,False,True,3.5515277079539374
baseline100k_dqn_statev1_sparse_seed44_20261010_115525_500394_e6195a47,dqn,44,v1,sparse,505,10680,-10.0,0,7,0.3436768668698378,0.40101131583963123,9681,True,False,True,3.55413729097927
baseline100k_dqn_statev1_sparse_seed44_20261010_115525_500394_e6195a47,dqn,44,v1,sparse,506,10797,90.0,10,117,0.3396790802932009,0.440333261130712,9798,True,False,True,3.597649540985003
baseline100k_dqn_statev1_sparse_seed44_20261010_115525_500394_e6195a47,dqn,44,v1,sparse,507,10804,-10.0,0,7,0.3394413762577149,0.3188569950205939,9805,True,False,True,3.6003254159586504
baseline100k_dqn_statev1_sparse_seed44_20261010_115525_500394_e6195a47,dqn,44,v1,sparse,508,10805,-10.0,0,1,0.33940743212008917,0.3422059714794159,9806,True,False,True,3.600707749952562
baseline100k_dqn_statev1_sparse_seed44_20261010_115525_500394_e6195a47,dqn,44,v1,sparse,509,10846,40.0,5,41,0.33801864117469166,0.4950809220715267,9847,True,False,True,3.6159304999746382
baseline100k_dqn_statev1_sparse_seed44_20261010_115525_500394_e6195a47,dqn,44,v1,sparse,510,10872,10.0,2,26,0.33714089038987816,0.5068852248100134,9873,True,False,True,3.625520540983416
baseline100k_dqn_statev1_sparse_seed44_20261010_115525_500394_e6195a47,dqn,44,v1,sparse,511,10892,0.0,1,20,0.33646724879261286,0.3672208722680807,9893,True,False,True,3.6328651249641553
baseline100k_dqn_statev1_sparse_seed44_20261010_115525_500394_e6195a47,dqn,44,v1,sparse,512,10955,20.0,3,63,0.3343540629891561,0.41079295485738726,9956,True,False,True,3.6557301249704324
baseline100k_dqn_statev1_sparse_seed44_20261010_115525_500394_e6195a47,dqn,44,v1,sparse,513,10993,10.0,2,38,0.3330858652407157,0.4669246140279268,9994,True,False,True,3.669929665978998
baseline100k_dqn_statev1_sparse_seed44_20261010_115525_500394_e6195a47,dqn,44,v1,sparse,514,11019,10.0,2,26,0.3322209236546266,0.4755467709440451,10020,True,False,True,3.6798179999459535
baseline100k_dqn_statev1_sparse_seed44_20261010_115525_500394_e6195a47,dqn,44,v1,sparse,515,11057,10.0,2,38,0.33096081685766743,0.4260317675377193,10058,True,False,True,3.69379220798146
baseline100k_dqn_statev1_sparse_seed44_20261010_115525_500394_e6195a47,dqn,44,v1,sparse,516,11109,30.0,4,52,0.32924420184515646,0.4357856927582851,10110,True,False,True,3.71278858295409
baseline100k_dqn_statev1_sparse_seed44_20261010_115525_500394_e6195a47,dqn,44,v1,sparse,517,11161,10.0,2,52,0.32753649050628636,0.4404379917451969,10162,True,False,True,3.7320081659709103
baseline100k_dqn_statev1_sparse_seed44_20261010_115525_500394_e6195a47,dqn,44,v1,sparse,518,11185,10.0,2,24,0.3267513062671992,0.44395915729304153,10186,True,False,True,3.7410034999484196
baseline100k_dqn_statev1_sparse_seed44_20261010_115525_500394_e6195a47,dqn,44,v1,sparse,519,11244,40.0,5,59,0.3248290536675699,0.44629828669762206,10245,True,False,True,3.7627754159620963
baseline100k_dqn_statev1_sparse_seed44_20261010_115525_500394_e6195a47,dqn,44,v1,sparse,520,11278,10.0,2,34,0.32372645523382,0.4893738719470361,10279,True,False,True,3.7756034579942934
baseline100k_dqn_statev1_sparse_seed44_20261010_115525_500394_e6195a47,dqn,44,v1,sparse,521,11290,0.0,1,12,0.3233381970757961,0.459972869604826,10291,True,False,True,3.779992957948707
baseline100k_dqn_statev1_sparse_seed44_20261010_115525_500394_e6195a47,dqn,44,v1,sparse,522,11349,60.0,7,59,0.32143602353289935,0.5007685656517239,10350,True,False,True,3.802059957990423
baseline100k_dqn_statev1_sparse_seed44_20261010_115525_500394_e6195a47,dqn,44,v1,sparse,523,11386,20.0,3,37,0.3202488485143079,0.4428667784542651,10387,True,False,True,3.815935582970269
baseline100k_dqn_statev1_sparse_seed44_20261010_115525_500394_e6195a47,dqn,44,v1,sparse,524,11455,50.0,6,69,0.3180466277460768,0.4534324364385743,10456,True,False,True,3.8420413329731673
baseline100k_dqn_statev1_sparse_seed44_20261010_115525_500394_e6195a47,dqn,44,v1,sparse,525,11477,10.0,2,22,0.3173476593631865,0.45515107905322855,10478,True,False,True,3.8502397499978542
baseline100k_dqn_statev1_sparse_seed44_20261010_115525_500394_e6195a47,dqn,44,v1,sparse,526,11491,0.0,1,14,0.3169036613109652,0.39721009348120007,10492,True,False,True,3.8554675829946063
baseline100k_dqn_statev1_sparse_seed44_20261010_115525_500394_e6195a47,dqn,44,v1,sparse,527,11553,30.0,4,62,0.3149448392914342,0.4622733036596929,10554,True,False,True,3.8787178329657763
baseline100k_dqn_statev1_sparse_seed44_20261010_115525_500394_e6195a47,dqn,44,v1,sparse,528,11559,0.0,1,6,0.31475591962328675,0.5072820335626602,10560,True,False,True,3.881080540944822
baseline100k_dqn_statev1_sparse_seed44_20261010_115525_500394_e6195a47,dqn,44,v1,sparse,529,11636,50.0,6,77,0.31234148581853344,0.437037827229345,10637,True,False,True,3.909679665986914
baseline100k_dqn_statev1_sparse_seed44_20261010_115525_500394_e6195a47,dqn,44,v1,sparse,530,11642,-10.0,0,6,0.3121541277720188,0.5282416542371114,10643,True,False,True,3.911917082965374
baseline100k_dqn_statev1_sparse_seed44_20261010_115525_500394_e6195a47,dqn,44,v1,sparse,531,11664,10.0,2,22,0.31146810928646634,0.5133993815292012,10665,True,False,True,3.9202110409969464
baseline100k_dqn_statev1_sparse_seed44_20261010_115525_500394_e6195a47,dqn,44,v1,sparse,532,11695,10.0,2,31,0.31050400507531684,0.4277208956979936,10696,True,False,True,3.940031165955588
baseline100k_dqn_statev1_sparse_seed44_20261010_115525_500394_e6195a47,dqn,44,v1,sparse,533,11699,-10.0,0,4,0.31037982210228504,0.32514823973178864,10700,True,False,True,3.941884832980577
baseline100k_dqn_statev1_sparse_seed44_20261010_115525_500394_e6195a47,dqn,44,v1,sparse,534,11736,30.0,4,37,0.3092334814805195,0.4517831298950556,10737,True,False,True,3.965083999966737
baseline100k_dqn_statev1_sparse_seed44_20261010_115525_500394_e6195a47,dqn,44,v1,sparse,535,11757,10.0,2,21,0.3085847401486261,0.43186551119600025,10758,True,False,True,3.973373916000128
baseline100k_dqn_statev1_sparse_seed44_20261010_115525_500394_e6195a47,dqn,44,v1,sparse,536,11855,40.0,5,98,0.30557522990462455,0.4840939228175854,10856,True,False,True,4.010471457964741
baseline100k_dqn_statev1_sparse_seed44_20261010_115525_500394_e6195a47,dqn,44,v1,sparse,537,11894,20.0,3,39,0.3043857480303097,0.4567601096171599,10895,True,False,True,4.024932207947131
baseline100k_dqn_statev1_sparse_seed44_20261010_115525_500394_e6195a47,dqn,44,v1,sparse,538,11921,20.0,3,27,0.3035649740148093,0.4769694827221058,10922,True,False,True,4.03522795799654
baseline100k_dqn_statev1_sparse_seed44_20261010_115525_500394_e6195a47,dqn,44,v1,sparse,539,11946,10.0,2,25,0.30280697157687886,0.4303300777077675,10947,True,False,True,4.044747499981895
baseline100k_dqn_statev1_sparse_seed44_20261010_115525_500394_e6195a47,dqn,44,v1,sparse,540,12009,70.0,8,63,0.30090518946934797,0.5108797072418152,11010,True,False,True,4.068298040947411
baseline100k_dqn_statev1_sparse_seed44_20261010_115525_500394_e6195a47,dqn,44,v1,sparse,541,12015,-10.0,0,6,0.30072469148542713,0.5409491409858068,11016,True,False,True,4.070460665971041
baseline100k_dqn_statev1_sparse_seed44_20261010_115525_500394_e6195a47,dqn,44,v1,sparse,542,12048,10.0,2,33,0.2997338861903723,0.543858888925928,11049,True,False,True,4.08300899999449
baseline100k_dqn_statev1_sparse_seed44_20261010_115525_500394_e6195a47,dqn,44,v1,sparse,543,12141,60.0,7,93,0.2969591448565447,0.49915608795740274,11142,True,False,True,4.117700207978487
baseline100k_dqn_statev1_sparse_seed44_20261010_115525_500394_e6195a47,dqn,44,v1,sparse,544,12209,30.0,4,68,0.29494657254258855,0.5070194563664058,11210,True,False,True,4.143223499995656
baseline100k_dqn_statev1_sparse_seed44_20261010_115525_500394_e6195a47,dqn,44,v1,sparse,545,12244,20.0,3,35,0.29391601254191435,0.5296279530440058,11245,True,False,True,4.156265999947209
baseline100k_dqn_statev1_sparse_seed44_20261010_115525_500394_e6195a47,dqn,44,v1,sparse,546,12246,-10.0,0,2,0.2938572322785661,0.4260948747396469,11247,True,False,True,4.157028790970799
baseline100k_dqn_statev1_sparse_seed44_20261010_115525_500394_e6195a47,dqn,44,v1,sparse,547,12269,30.0,4,23,0.29318210358296204,0.5048934512812159,11270,True,False,True,4.165644540975336
baseline100k_dqn_statev1_sparse_seed44_20261010_115525_500394_e6195a47,dqn,44,v1,sparse,548,12293,10.0,2,24,0.29247927512387967,0.5047288356969754,11294,True,False,True,4.174458790977951
baseline100k_dqn_statev1_sparse_seed44_20261010_115525_500394_e6195a47,dqn,44,v1,sparse,549,12302,0.0,1,9,0.29221614904424265,0.5037095579836104,11303,True,False,True,4.1777794159715995
baseline100k_dqn_statev1_sparse_seed44_20261010_115525_500394_e6195a47,dqn,44,v1,sparse,550,12355,30.0,4,53,0.2906714233559351,0.46418986567911114,11356,True,False,True,4.197672415990382
baseline100k_dqn_statev1_sparse_seed44_20261010_115525_500394_e6195a47,dqn,44,v1,sparse,551,12387,20.0,3,32,0.28974271509077043,0.525307385250926,11388,True,False,True,4.209576915949583
baseline100k_dqn_statev1_sparse_seed44_20261010_115525_500394_e6195a47,dqn,44,v1,sparse,552,12427,50.0,6,40,0.2885860013635733,0.5213499510660767,11428,True,False,True,4.224581707967445
baseline100k_dqn_statev1_sparse_seed44_20261010_115525_500394_e6195a47,dqn,44,v1,sparse,553,12490,50.0,6,63,0.28677353419672075,0.504643086876188,11491,True,False,True,4.248444040946197
baseline100k_dqn_statev1_sparse_seed44_20261010_115525_500394_e6195a47,dqn,44,v1,sparse,554,12518,0.0,1,28,0.285971651366046,0.48973119631409645,11519,True,False,True,4.259055415983312
baseline100k_dqn_statev1_sparse_seed44_20261010_115525_500394_e6195a47,dqn,44,v1,sparse,555,12532,0.0,1,14,0.2855715511842712,0.530412203499249,11533,True,False,True,4.26432733295951
baseline100k_dqn_statev1_sparse_seed44_20261010_115525_500394_e6195a47,dqn,44,v1,sparse,556,12643,70.0,8,111,0.28241907793593585,0.4855284025003244,11644,True,False,True,4.30514149996452
baseline100k_dqn_statev1_sparse_seed44_20261010_115525_500394_e6195a47,dqn,44,v1,sparse,557,12689,50.0,6,46,0.28112286893237026,0.4829713524035785,11690,True,False,True,4.322169833001681
baseline100k_dqn_statev1_sparse_seed44_20261010_115525_500394_e6195a47,dqn,44,v1,sparse,558,12735,40.0,5,46,0.2798326090941134,0.506530455597069,11736,True,False,True,4.339235457999166
baseline100k_dqn_statev1_sparse_seed44_20261010_115525_500394_e6195a47,dqn,44,v1,sparse,559,12753,20.0,3,18,0.2793293383133781,0.5031507809956869,11754,True,False,True,4.3460224159643985
baseline100k_dqn_statev1_sparse_seed44_20261010_115525_500394_e6195a47,dqn,44,v1,sparse,560,12810,50.0,6,57,0.2777416110190772,0.5081920170208865,11811,True,False,True,4.367160249967128
baseline100k_dqn_statev1_sparse_seed44_20261010_115525_500394_e6195a47,dqn,44,v1,sparse,561,12837,0.0,1,27,0.27699268273047317,0.5251511798964607,11838,True,False,True,4.377099999983329
baseline100k_dqn_statev1_sparse_seed44_20261010_115525_500394_e6195a47,dqn,44,v1,sparse,562,12893,40.0,5,56,0.2754457817264225,0.4834013885951468,11894,True,False,True,4.397690707992297
baseline100k_dqn_statev1_sparse_seed44_20261010_115525_500394_e6195a47,dqn,44,v1,sparse,563,12924,20.0,3,31,0.27459317938869315,0.4914428687864734,11925,True,False,True,4.409174374944996
baseline100k_dqn_statev1_sparse_seed44_20261010_115525_500394_e6195a47,dqn,44,v1,sparse,564,12970,30.0,4,46,0.2733328886390648,0.5058548984968144,11971,True,False,True,4.426188707991969
baseline100k_dqn_statev1_sparse_seed44_20261010_115525_500394_e6195a47,dqn,44,v1,sparse,565,13019,10.0,2,49,0.27199676684940505,0.5301707210589428,12020,True,False,True,4.444155582983512
baseline100k_dqn_statev1_sparse_seed44_20261010_115525_500394_e6195a47,dqn,44,v1,sparse,566,13049,20.0,3,30,0.27118195863123074,0.4972228229045868,12050,True,False,True,4.45528704096796
baseline100k_dqn_statev1_sparse_seed44_20261010_115525_500394_e6195a47,dqn,44,v1,sparse,567,13067,0.0,1,18,0.2706942457928898,0.4879061621096399,12068,True,False,True,4.461973915982526
baseline100k_dqn_statev1_sparse_seed44_20261010_115525_500394_e6195a47,dqn,44,v1,sparse,568,13074,0.0,1,7,0.27050481665715304,0.4336413081203188,12075,True,False,True,4.464811040961649
baseline100k_dqn_statev1_sparse_seed44_20261010_115525_500394_e6195a47,dqn,44,v1,sparse,569,13076,-10.0,0,2,0.27045071839886975,0.4323619306087494,12077,True,False,True,4.465550207998604
baseline100k_dqn_statev1_sparse_seed44_20261010_115525_500394_e6195a47,dqn,44,v1,sparse,570,13095,0.0,1,19,0.26993732424267847,0.4748700849319759,12096,True,False,True,4.472633500001393
baseline100k_dqn_statev1_sparse_seed44_20261010_115525_500394_e6195a47,dqn,44,v1,sparse,571,13127,30.0,4,32,0.2690748623563111,0.47391586611047387,12128,True,False,True,4.484476290992461
baseline100k_dqn_statev1_sparse_seed44_20261010_115525_500394_e6195a47,dqn,44,v1,sparse,572,13163,20.0,3,36,0.2681078861038509,0.5075437865323491,12164,True,False,True,4.497938957996666
baseline100k_dqn_statev1_sparse_seed44_20261010_115525_500394_e6195a47,dqn,44,v1,sparse,573,13166,-10.0,0,3,0.2680274617809882,0.42521865169207257,12167,True,False,True,4.499077165964991
baseline100k_dqn_statev1_sparse_seed44_20261010_115525_500394_e6195a47,dqn,44,v1,sparse,574,13184,10.0,2,18,0.26754542221317046,0.49782289895746445,12185,True,False,True,4.505827207991388
baseline100k_dqn_statev1_sparse_seed44_20261010_115525_500394_e6195a47,dqn,44,v1,sparse,575,13243,50.0,6,59,0.265971473238816,0.47372104366452006,12244,True,False,True,4.527940749947447
baseline100k_dqn_statev1_sparse_seed44_20261010_115525_500394_e6195a47,dqn,44,v1,sparse,576,13273,0.0,1,30,0.2651747147158925,0.4731475291152795,12274,True,False,True,4.5390449579572305
baseline100k_dqn_statev1_sparse_seed44_20261010_115525_500394_e6195a47,dqn,44,v1,sparse,577,13300,20.0,3,27,0.2644596729742376,0.4213298045926624,12301,True,False,True,4.549478707951494
baseline100k_dqn_statev1_sparse_seed44_20261010_115525_500394_e6195a47,dqn,44,v1,sparse,578,13315,0.0,1,15,0.26406326102713984,0.490522563457489,12316,True,False,True,4.55502195795998
baseline100k_dqn_statev1_sparse_seed44_20261010_115525_500394_e6195a47,dqn,44,v1,sparse,579,13328,0.0,1,13,0.26372018468164504,0.49773862728705776,12329,True,False,True,4.559935457946267
baseline100k_dqn_statev1_sparse_seed44_20261010_115525_500394_e6195a47,dqn,44,v1,sparse,580,13358,30.0,4,30,0.26293017024042203,0.47279537965854007,12359,True,False,True,4.571318915986922
baseline100k_dqn_statev1_sparse_seed44_20261010_115525_500394_e6195a47,dqn,44,v1,sparse,581,13380,30.0,4,22,0.2623523308298662,0.5055946118452332,12381,True,False,True,4.579615750000812
baseline100k_dqn_statev1_sparse_seed44_20261010_115525_500394_e6195a47,dqn,44,v1,sparse,582,13430,30.0,4,50,0.2610437778557004,0.5105594310164452,12431,True,False,True,4.598347249964718
baseline100k_dqn_statev1_sparse_seed44_20261010_115525_500394_e6195a47,dqn,44,v1,sparse,583,13479,40.0,5,49,0.2597677284150904,0.45101881878716604,12480,True,False,True,4.617220582964364
baseline100k_dqn_statev1_sparse_seed44_20261010_115525_500394_e6195a47,dqn,44,v1,sparse,584,13547,30.0,4,68,0.25800721237332996,0.5024715103209019,12548,True,False,True,4.643209749949165
baseline100k_dqn_statev1_sparse_seed44_20261010_115525_500394_e6195a47,dqn,44,v1,sparse,585,13554,-10.0,0,7,0.25782666149715394,0.41550817021301817,12555,True,False,True,4.645852540968917
baseline100k_dqn_statev1_sparse_seed44_20261010_115525_500394_e6195a47,dqn,44,v1,sparse,586,13584,20.0,3,30,0.25705430201256996,0.5421552191178004,12585,True,False,True,4.657197790977079
baseline100k_dqn_statev1_sparse_seed44_20261010_115525_500394_e6195a47,dqn,44,v1,sparse,587,13619,30.0,4,35,0.2561561397475478,0.5177954997335161,12620,True,False,True,4.67032204096904
baseline100k_dqn_statev1_sparse_seed44_20261010_115525_500394_e6195a47,dqn,44,v1,sparse,588,13666,60.0,7,47,0.2549549707895983,0.47900003131399765,12667,True,False,True,4.688100290950388
baseline100k_dqn_statev1_sparse_seed44_20261010_115525_500394_e6195a47,dqn,44,v1,sparse,589,13682,10.0,2,16,0.25454734863957157,0.45366390887647867,12683,True,False,True,4.6941117499955
baseline100k_dqn_statev1_sparse_seed44_20261010_115525_500394_e6195a47,dqn,44,v1,sparse,590,13683,-10.0,0,1,0.25452189390470764,0.3962242603302002,12684,True,False,True,4.694489540997893
baseline100k_dqn_statev1_sparse_seed44_20261010_115525_500394_e6195a47,dqn,44,v1,sparse,591,13729,30.0,4,46,0.2533537236348555,0.4614234508379646,12730,True,False,True,4.711383957997896
baseline100k_dqn_statev1_sparse_seed44_20261010_115525_500394_e6195a47,dqn,44,v1,sparse,592,13781,30.0,4,52,0.25203963815006464,0.49131225593961203,12782,True,False,True,4.731296540994663
baseline100k_dqn_statev1_sparse_seed44_20261010_115525_500394_e6195a47,dqn,44,v1,sparse,593,13806,20.0,3,25,0.2514102945942316,0.46290045261383056,12807,True,False,True,4.740882749960292
baseline100k_dqn_statev1_sparse_seed44_20261010_115525_500394_e6195a47,dqn,44,v1,sparse,594,13820,10.0,2,14,0.2510585488736796,0.4484170132449695,12821,True,False,True,4.74616783298552
baseline100k_dqn_statev1_sparse_seed44_20261010_115525_500394_e6195a47,dqn,44,v1,sparse,595,13838,10.0,2,18,0.2506070274004999,0.6174321704440646,12839,True,False,True,4.752819957968313
baseline100k_dqn_statev1_sparse_seed44_20261010_115525_500394_e6195a47,dqn,44,v1,sparse,596,13860,20.0,3,22,0.2500562704567005,0.5044504194097086,12861,True,False,True,4.761085249949247
baseline100k_dqn_statev1_sparse_seed44_20261010_115525_500394_e6195a47,dqn,44,v1,sparse,597,13905,40.0,5,45,0.2489334892521471,0.5393002871010039,12906,True,False,True,4.7781778749777
baseline100k_dqn_statev1_sparse_seed44_20261010_115525_500394_e6195a47,dqn,44,v1,sparse,598,13926,10.0,2,21,0.24841125135411243,0.4630038021575837,12927,True,False,True,4.78608854097547
baseline100k_dqn_statev1_sparse_seed44_20261010_115525_500394_e6195a47,dqn,44,v1,sparse,599,14026,70.0,8,100,0.24593939512663518,0.5045211967080832,13027,True,False,True,4.824767082987819
baseline100k_dqn_statev1_sparse_seed44_20261010_115525_500394_e6195a47,dqn,44,v1,sparse,600,14099,40.0,5,73,0.24415048555980018,0.5719833919038512,13100,True,False,True,4.852247082977556
baseline100k_dqn_statev1_sparse_seed44_20261010_115525_500394_e6195a47,dqn,44,v1,sparse,601,14100,-10.0,0,1,0.24412607051124421,0.1274009793996811,13101,True,False,True,4.854276832949836
baseline100k_dqn_statev1_sparse_seed44_20261010_115525_500394_e6195a47,dqn,44,v1,sparse,602,14152,40.0,5,52,0.2428598466676975,0.5461893683442702,13153,True,False,True,4.874146832968108
baseline100k_dqn_statev1_sparse_seed44_20261010_115525_500394_e6195a47,dqn,44,v1,sparse,603,14168,0.0,1,16,0.24247156220888794,0.5484601836651564,13169,True,False,True,4.88011024997104
baseline100k_dqn_statev1_sparse_seed44_20261010_115525_500394_e6195a47,dqn,44,v1,sparse,604,14182,10.0,2,14,0.2421323225826818,0.5842388165848595,13183,True,False,True,4.885311833000742
baseline100k_dqn_statev1_sparse_seed44_20261010_115525_500394_e6195a47,dqn,44,v1,sparse,605,14252,20.0,3,70,0.24044323058804196,0.5339481670941625,13253,True,False,True,4.911580832966138
baseline100k_dqn_statev1_sparse_seed44_20261010_115525_500394_e6195a47,dqn,44,v1,sparse,606,14289,20.0,3,37,0.23955519012012505,0.510627885122557,13290,True,False,True,4.9252591249533
baseline100k_dqn_statev1_sparse_seed44_20261010_115525_500394_e6195a47,dqn,44,v1,sparse,607,14325,10.0,2,36,0.2386942989243766,0.5999539751145575,13326,True,False,True,4.938888249977026
baseline100k_dqn_statev1_sparse_seed44_20261010_115525_500394_e6195a47,dqn,44,v1,sparse,608,14350,-10.0,0,25,0.23809827871126743,0.5105830144882202,13351,True,False,True,4.948387165961321
baseline100k_dqn_statev1_sparse_seed44_20261010_115525_500394_e6195a47,dqn,44,v1,sparse,609,14422,60.0,7,72,0.23639004272083095,0.5489353185726537,13423,True,False,True,4.975716749962885
baseline100k_dqn_statev1_sparse_seed44_20261010_115525_500394_e6195a47,dqn,44,v1,sparse,610,14423,-10.0,0,1,0.23636640371655887,0.8646188974380493,13424,True,False,True,4.976098790997639
baseline100k_dqn_statev1_sparse_seed44_20261010_115525_500394_e6195a47,dqn,44,v1,sparse,611,14468,40.0,5,45,0.23530509157671078,0.5242902722623614,13469,True,False,True,4.993075374979526
baseline100k_dqn_statev1_sparse_seed44_20261010_115525_500394_e6195a47,dqn,44,v1,sparse,612,14489,0.0,1,21,0.23481144471227705,0.5382267974671864,13490,True,False,True,5.001037165988237
baseline100k_dqn_statev1_sparse_seed44_20261010_115525_500394_e6195a47,dqn,44,v1,sparse,613,14535,30.0,4,46,0.23373373880444437,0.5349200228634088,13536,True,False,True,5.018400707980618
baseline100k_dqn_statev1_sparse_seed44_20261010_115525_500394_e6195a47,dqn,44,v1,sparse,614,14557,10.0,2,22,0.23322006414423235,0.4799977588382634,13558,True,False,True,5.026687457982916
baseline100k_dqn_statev1_sparse_seed44_20261010_115525_500394_e6195a47,dqn,44,v1,sparse,615,14587,10.0,2,30,0.23252141751284403,0.545202513039112,13588,True,False,True,5.037822165992111
baseline100k_dqn_statev1_sparse_seed44_20261010_115525_500394_e6195a47,dqn,44,v1,sparse,616,14644,30.0,4,57,0.23119974968044302,0.5661825119403371,13645,True,False,True,5.059100207989104
baseline100k_dqn_statev1_sparse_seed44_20261010_115525_500394_e6195a47,dqn,44,v1,sparse,617,14646,-10.0,0,2,0.23115351204250442,0.6734625697135925,13647,True,False,True,5.059877082996536
baseline100k_dqn_statev1_sparse_seed44_20261010_115525_500394_e6195a47,dqn,44,v1,sparse,618,14681,20.0,3,35,0.2303458486020622,0.5417735772473472,13682,True,False,True,5.073102415946778
baseline100k_dqn_statev1_sparse_seed44_20261010_115525_500394_e6195a47,dqn,44,v1,sparse,619,14758,80.0,9,77,0.22857890866868447,0.5501775089409444,13759,True,False,True,5.101868290978018
baseline100k_dqn_statev1_sparse_seed44_20261010_115525_500394_e6195a47,dqn,44,v1,sparse,620,14811,40.0,5,53,0.22737058492209936,0.5665762778723015,13812,True,False,True,5.121534082980361
baseline100k_dqn_statev1_sparse_seed44_20261010_115525_500394_e6195a47,dqn,44,v1,sparse,621,14816,0.0,1,5,0.22725692236442321,0.7911634504795074,13817,True,False,True,5.123429082974326
baseline100k_dqn_statev1_sparse_seed44_20261010_115525_500394_e6195a47,dqn,44,v1,sparse,622,14889,60.0,7,73,0.22560390503331249,0.5849724377263082,13890,True,False,True,5.150805874960497
baseline100k_dqn_statev1_sparse_seed44_20261010_115525_500394_e6195a47,dqn,44,v1,sparse,623,14890,-10.0,0,1,0.22558134464280916,1.013495683670044,13891,True,False,True,5.151201999979094
baseline100k_dqn_statev1_sparse_seed44_20261010_115525_500394_e6195a47,dqn,44,v1,sparse,624,14895,-10.0,0,5,0.22546857652636654,0.6876420974731445,13896,True,False,True,5.153134999971371
baseline100k_dqn_statev1_sparse_seed44_20261010_115525_500394_e6195a47,dqn,44,v1,sparse,625,14900,-10.0,0,5,0.22535586478270647,0.6414869368076325,13901,True,False,True,5.155046957952436
baseline100k_dqn_statev1_sparse_seed44_20261010_115525_500394_e6195a47,dqn,44,v1,sparse,626,14914,0.0,1,14,0.22504057156384066,0.5280242711305618,13915,True,False,True,5.160305832978338
baseline100k_dqn_statev1_sparse_seed44_20261010_115525_500394_e6195a47,dqn,44,v1,sparse,627,14953,20.0,3,39,0.224164578830581,0.5896822512149811,13954,True,False,True,5.174892249982804
baseline100k_dqn_statev1_sparse_seed44_20261010_115525_500394_e6195a47,dqn,44,v1,sparse,628,14966,10.0,2,13,0.2238733396623777,0.46778826530163103,13967,True,False,True,5.179677832988091
baseline100k_dqn_statev1_sparse_seed44_20261010_115525_500394_e6195a47,dqn,44,v1,sparse,629,15019,40.0,5,53,0.2226898906988801,0.5630990500157734,14020,True,False,True,5.1996688329963945
baseline100k_dqn_statev1_sparse_seed44_20261010_115525_500394_e6195a47,dqn,44,v1,sparse,630,15051,30.0,4,32,0.22197838648676024,0.5444615669548512,14052,True,False,True,5.211913499981165
baseline100k_dqn_statev1_sparse_seed44_20261010_115525_500394_e6195a47,dqn,44,v1,sparse,631,15063,0.0,1,12,0.221712158879887,0.5306681171059608,14064,True,False,True,5.216479665949009
baseline100k_dqn_statev1_sparse_seed44_20261010_115525_500394_e6195a47,dqn,44,v1,sparse,632,15110,50.0,6,47,0.2206725048504776,0.5478653419525066,14111,True,False,True,5.234455874946434
baseline100k_dqn_statev1_sparse_seed44_20261010_115525_500394_e6195a47,dqn,44,v1,sparse,633,15117,-10.0,0,7,0.22051808043058554,0.5311915278434753,14118,True,False,True,5.23705199995311
baseline100k_dqn_statev1_sparse_seed44_20261010_115525_500394_e6195a47,dqn,44,v1,sparse,634,15168,40.0,5,51,0.21939624523913173,0.5167318240684622,14169,True,False,True,5.256252665945794
baseline100k_dqn_statev1_sparse_seed44_20261010_115525_500394_e6195a47,dqn,44,v1,sparse,635,15183,10.0,2,15,0.21906738113753527,0.5409556289513906,14184,True,False,True,5.261912040994503
baseline100k_dqn_statev1_sparse_seed44_20261010_115525_500394_e6195a47,dqn,44,v1,sparse,636,15254,100.0,11,71,0.21751743405634089,0.521158872146002,14255,True,False,True,5.288728374987841
baseline100k_dqn_statev1_sparse_seed44_20261010_115525_500394_e6195a47,dqn,44,v1,sparse,637,15281,10.0,2,27,0.21693089983472544,0.5693933654714514,14282,True,False,True,5.298960915999487
baseline100k_dqn_statev1_sparse_seed44_20261010_115525_500394_e6195a47,dqn,44,v1,sparse,638,15318,20.0,3,37,0.21612969858100867,0.5835827931359008,14319,True,False,True,5.312766124960035
baseline100k_dqn_statev1_sparse_seed44_20261010_115525_500394_e6195a47,dqn,44,v1,sparse,639,15353,30.0,4,35,0.21537452919424382,0.5898848303726741,14354,True,False,True,5.325841999961995
baseline100k_dqn_statev1_sparse_seed44_20261010_115525_500394_e6195a47,dqn,44,v1,sparse,640,15431,100.0,11,78,0.21370105920948412,0.5400349719402118,14432,True,False,True,5.354945125000086
baseline100k_dqn_statev1_sparse_seed44_20261010_115525_500394_e6195a47,dqn,44,v1,sparse,641,15494,70.0,8,63,0.2123589076445826,0.5509994504234147,14495,True,False,True,5.378609165956732
baseline100k_dqn_statev1_sparse_seed44_20261010_115525_500394_e6195a47,dqn,44,v1,sparse,642,15495,-10.0,0,1,0.21233767175381815,0.4722147583961487,14496,True,False,True,5.378999540989753
baseline100k_dqn_statev1_sparse_seed44_20261010_115525_500394_e6195a47,dqn,44,v1,sparse,643,15547,50.0,6,52,0.2112363267713064,0.5498558151034209,14548,True,False,True,5.39863620797405
baseline100k_dqn_statev1_sparse_seed44_20261010_115525_500394_e6195a47,dqn,44,v1,sparse,644,15594,30.0,4,47,0.21024579607874122,0.5601577023242382,14595,True,False,True,5.416209374961909
baseline100k_dqn_statev1_sparse_seed44_20261010_115525_500394_e6195a47,dqn,44,v1,sparse,645,15607,10.0,2,13,0.2099726404754445,0.44268681223575884,14608,True,False,True,5.421018124965485
baseline100k_dqn_statev1_sparse_seed44_20261010_115525_500394_e6195a47,dqn,44,v1,sparse,646,15725,100.0,11,118,0.207509401844912,0.5306605355719388,14726,True,False,True,5.465305832971353
baseline100k_dqn_statev1_sparse_seed44_20261010_115525_500394_e6195a47,dqn,44,v1,sparse,647,15775,60.0,7,50,0.20647439276345045,0.5484171143174171,14776,True,False,True,5.483863249944989
baseline100k_dqn_statev1_sparse_seed44_20261010_115525_500394_e6195a47,dqn,44,v1,sparse,648,15819,30.0,4,44,0.20556785595130073,0.563778983259743,14820,True,False,True,5.500394499977119
baseline100k_dqn_statev1_sparse_seed44_20261010_115525_500394_e6195a47,dqn,44,v1,sparse,649,15878,60.0,7,59,0.20435851619374368,0.6076188021797245,14879,True,False,True,5.522139749955386
baseline100k_dqn_statev1_sparse_seed44_20261010_115525_500394_e6195a47,dqn,44,v1,sparse,650,15906,10.0,2,28,0.20378708415453223,0.5873210547225816,14907,True,False,True,5.53260162496008
baseline100k_dqn_statev1_sparse_seed44_20261010_115525_500394_e6195a47,dqn,44,v1,sparse,651,15990,80.0,9,84,0.20208235728699725,0.522313289166916,14991,True,False,True,5.564130207989365
baseline100k_dqn_statev1_sparse_seed44_20261010_115525_500394_e6195a47,dqn,44,v1,sparse,652,16080,70.0,8,90,0.2002716857807358,0.6262706478436788,15081,True,False,True,5.597380332998
baseline100k_dqn_statev1_sparse_seed44_20261010_115525_500394_e6195a47,dqn,44,v1,sparse,653,16083,0.0,1,3,0.20021161028295187,0.6467534899711609,15084,True,False,True,5.598524125001859
baseline100k_dqn_statev1_sparse_seed44_20261010_115525_500394_e6195a47,dqn,44,v1,sparse,654,16137,30.0,4,54,0.19913332765584385,0.6139860721649947,15138,True,False,True,5.618754415947478
baseline100k_dqn_statev1_sparse_seed44_20261010_115525_500394_e6195a47,dqn,44,v1,sparse,655,16158,0.0,1,21,0.19871556558302653,0.6399979811339152,15159,True,False,True,5.626580040960107
baseline100k_dqn_statev1_sparse_seed44_20261010_115525_500394_e6195a47,dqn,44,v1,sparse,656,16162,-10.0,0,4,0.19863609127893242,0.46666861325502396,15163,True,False,True,5.628103040973656
baseline100k_dqn_statev1_sparse_seed44_20261010_115525_500394_e6195a47,dqn,44,v1,sparse,657,16163,-10.0,0,1,0.19861622766980452,1.1318684816360474,15164,True,False,True,5.628472124983091
baseline100k_dqn_statev1_sparse_seed44_20261010_115525_500394_e6195a47,dqn,44,v1,sparse,658,16224,40.0,5,61,0.1974082962201403,0.5836105496912706,15225,True,False,True,5.651001707999967
baseline100k_dqn_statev1_sparse_seed44_20261010_115525_500394_e6195a47,dqn,44,v1,sparse,659,16297,60.0,7,73,0.1959723912912086,0.6136049801764423,15298,True,False,True,5.678448707971256
baseline100k_dqn_statev1_sparse_seed44_20261010_115525_500394_e6195a47,dqn,44,v1,sparse,660,16403,130.0,14,106,0.1939059520972583,0.6089429785058184,15404,True,False,True,5.718087499961257
baseline100k_dqn_statev1_sparse_seed44_20261010_115525_500394_e6195a47,dqn,44,v1,sparse,661,16436,20.0,3,33,0.19326708522160668,0.6467092809352007,15437,True,False,True,5.730445665947627
baseline100k_dqn_statev1_sparse_seed44_20261010_115525_500394_e6195a47,dqn,44,v1,sparse,662,16470,40.0,5,34,0.19261106020458688,0.6490897650227827,15471,True,False,True,5.743424207961652
baseline100k_dqn_statev1_sparse_seed44_20261010_115525_500394_e6195a47,dqn,44,v1,sparse,663,16499,20.0,3,29,0.19205326942755443,0.5607380538151182,15500,True,False,True,5.754586040973663
baseline100k_dqn_statev1_sparse_seed44_20261010_115525_500394_e6195a47,dqn,44,v1,sparse,664,16585,80.0,9,86,0.19040861124346037,0.6226895973086357,15586,True,False,True,5.786884707980789
baseline100k_dqn_statev1_sparse_seed44_20261010_115525_500394_e6195a47,dqn,44,v1,sparse,665,16604,0.0,1,19,0.19004716029639093,0.5815824034966921,15605,True,False,True,5.793932082946412
baseline100k_dqn_statev1_sparse_seed44_20261010_115525_500394_e6195a47,dqn,44,v1,sparse,666,16698,90.0,10,94,0.18826899853415074,0.6067552588721539,15699,True,False,True,5.829429332981817
baseline100k_dqn_statev1_sparse_seed44_20261010_115525_500394_e6195a47,dqn,44,v1,sparse,667,16827,120.0,13,129,0.18585580634756665,0.6280042277288067,15828,True,False,True,5.8776650409563445
baseline100k_dqn_statev1_sparse_seed44_20261010_115525_500394_e6195a47,dqn,44,v1,sparse,668,16869,40.0,5,42,0.1850768100478537,0.6575813300552822,15870,True,False,True,5.893825915991329
baseline100k_dqn_statev1_sparse_seed44_20261010_115525_500394_e6195a47,dqn,44,v1,sparse,669,17029,140.0,15,160,0.18213899935580313,0.6194889423437416,16030,True,False,True,5.954533540992998
baseline100k_dqn_statev1_sparse_seed44_20261010_115525_500394_e6195a47,dqn,44,v1,sparse,670,17035,-10.0,0,6,0.18202974327339705,0.5763206779956818,16036,True,False,True,5.956964832963422
baseline100k_dqn_statev1_sparse_seed44_20261010_115525_500394_e6195a47,dqn,44,v1,sparse,671,17084,60.0,7,49,0.1811399348512757,0.5813454812278553,16085,True,False,True,5.976234290981665
baseline100k_dqn_statev1_sparse_seed44_20261010_115525_500394_e6195a47,dqn,44,v1,sparse,672,17125,30.0,4,41,0.18039874453673269,0.6115836977231793,16126,True,False,True,5.991964916000143
baseline100k_dqn_statev1_sparse_seed44_20261010_115525_500394_e6195a47,dqn,44,v1,sparse,673,17192,50.0,6,67,0.17919405293638638,0.6344515919240553,16193,True,False,True,6.017411540960893
baseline100k_dqn_statev1_sparse_seed44_20261010_115525_500394_e6195a47,dqn,44,v1,sparse,674,17209,0.0,1,17,0.17888966662849723,0.6085266729488092,16210,True,False,True,6.02372833294794
baseline100k_dqn_statev1_sparse_seed44_20261010_115525_500394_e6195a47,dqn,44,v1,sparse,675,17341,90.0,10,132,0.17654372302237165,0.645787091191971,16342,True,False,True,6.073340915958397
baseline100k_dqn_statev1_sparse_seed44_20261010_115525_500394_e6195a47,dqn,44,v1,sparse,676,17410,70.0,8,69,0.17532970381467008,0.6608733042426731,16411,True,False,True,6.099147499946412
baseline100k_dqn_statev1_sparse_seed44_20261010_115525_500394_e6195a47,dqn,44,v1,sparse,677,17455,30.0,4,45,0.17454245342625357,0.6151563935809665,16456,True,False,True,6.116083207947668
baseline100k_dqn_statev1_sparse_seed44_20261010_115525_500394_e6195a47,dqn,44,v1,sparse,678,17538,60.0,7,83,0.1730996747373944,0.6053702524268484,16539,True,False,True,6.1473602909827605
baseline100k_dqn_statev1_sparse_seed44_20261010_115525_500394_e6195a47,dqn,44,v1,sparse,679,17606,80.0,9,68,0.17192653149878642,0.6075306600507568,16607,True,False,True,6.172726415970828
baseline100k_dqn_statev1_sparse_seed44_20261010_115525_500394_e6195a47,dqn,44,v1,sparse,680,17629,10.0,2,23,0.17153153514613428,0.6812749362510183,16630,True,False,True,6.1814756249659695
baseline100k_dqn_statev1_sparse_seed44_20261010_115525_500394_e6195a47,dqn,44,v1,sparse,681,17669,40.0,5,40,0.17084674525835888,0.564861973375082,16670,True,False,True,6.196658165950794
baseline100k_dqn_statev1_sparse_seed44_20261010_115525_500394_e6195a47,dqn,44,v1,sparse,682,17747,60.0,7,78,0.16951925820010086,0.6567031710575788,16748,True,False,True,6.225555874989368
baseline100k_dqn_statev1_sparse_seed44_20261010_115525_500394_e6195a47,dqn,44,v1,sparse,683,17806,50.0,6,59,0.16852198954803335,0.6639754746930074,16807,True,False,True,6.247894499974791
baseline100k_dqn_statev1_sparse_seed44_20261010_115525_500394_e6195a47,dqn,44,v1,sparse,684,17868,50.0,6,62,0.16748033359954653,0.6402649398772947,16869,True,False,True,6.271140207943972
baseline100k_dqn_statev1_sparse_seed44_20261010_115525_500394_e6195a47,dqn,44,v1,sparse,685,17899,10.0,2,31,0.16696192259664183,0.6291330519222444,16900,True,False,True,6.282732874969952
baseline100k_dqn_statev1_sparse_seed44_20261010_115525_500394_e6195a47,dqn,44,v1,sparse,686,17991,90.0,10,92,0.16543284101432434,0.6448489051798115,16992,True,False,True,6.317270415951498
baseline100k_dqn_statev1_sparse_seed44_20261010_115525_500394_e6195a47,dqn,44,v1,sparse,687,18028,40.0,5,37,0.16482184000097133,0.6401928469941423,17029,True,False,True,6.331280249985866
baseline100k_dqn_statev1_sparse_seed44_20261010_115525_500394_e6195a47,dqn,44,v1,sparse,688,18059,20.0,3,31,0.16431165797816846,0.5879156012688914,17060,True,False,True,6.342911165964324
baseline100k_dqn_statev1_sparse_seed44_20261010_115525_500394_e6195a47,dqn,44,v1,sparse,689,18063,-10.0,0,4,0.16424594317301947,0.5735919773578644,17064,True,False,True,6.344425874995068
baseline100k_dqn_statev1_sparse_seed44_20261010_115525_500394_e6195a47,dqn,44,v1,sparse,690,18147,30.0,4,84,0.16287198724557542,0.6723827368446759,17148,True,False,True,6.375444415956736
baseline100k_dqn_statev1_sparse_seed44_20261010_115525_500394_e6195a47,dqn,44,v1,sparse,691,18159,0.0,1,12,0.16267664832056855,0.7819124758243561,17160,True,False,True,6.379978957993444
baseline100k_dqn_statev1_sparse_seed44_20261010_115525_500394_e6195a47,dqn,44,v1,sparse,692,18173,-10.0,0,14,0.1624490489894717,0.6532321625522205,17174,True,False,True,6.385201624943875
baseline100k_dqn_statev1_sparse_seed44_20261010_115525_500394_e6195a47,dqn,44,v1,sparse,693,18184,10.0,2,11,0.16227044435576155,0.5005856738849119,17185,True,False,True,6.3894242499955
baseline100k_dqn_statev1_sparse_seed44_20261010_115525_500394_e6195a47,dqn,44,v1,sparse,694,18190,-10.0,0,6,0.1621731064264696,0.6068211495876312,17191,True,False,True,6.391620790993329
baseline100k_dqn_statev1_sparse_seed44_20261010_115525_500394_e6195a47,dqn,44,v1,sparse,695,18247,40.0,5,57,0.16125130326383155,0.6145458961265129,17248,True,False,True,6.413078207988292
baseline100k_dqn_statev1_sparse_seed44_20261010_115525_500394_e6195a47,dqn,44,v1,sparse,696,18270,10.0,2,23,0.1608808329466887,0.6220675966014033,17271,True,False,True,6.421703582978807
baseline100k_dqn_statev1_sparse_seed44_20261010_115525_500394_e6195a47,dqn,44,v1,sparse,697,18292,10.0,2,22,0.16052726650129123,0.6540179692886092,17293,True,False,True,6.429739332990721
baseline100k_dqn_statev1_sparse_seed44_20261010_115525_500394_e6195a47,dqn,44,v1,sparse,698,18317,40.0,5,25,0.1601264295478278,0.6155793678760528,17318,True,False,True,6.439152415958233
baseline100k_dqn_statev1_sparse_seed44_20261010_115525_500394_e6195a47,dqn,44,v1,sparse,699,18327,-10.0,0,10,0.15996637515596146,0.6544936329126358,17328,True,False,True,6.442834582994692
baseline100k_dqn_statev1_sparse_seed44_20261010_115525_500394_e6195a47,dqn,44,v1,sparse,700,18381,40.0,5,54,0.15910484188619584,0.6743494928986938,17382,True,False,True,6.463234499969985
baseline100k_dqn_statev1_sparse_seed44_20261010_115525_500394_e6195a47,dqn,44,v1,sparse,701,18480,80.0,9,99,0.15753739723174678,0.6553856414375883,17481,True,False,True,6.501889290986583
baseline100k_dqn_statev1_sparse_seed44_20261010_115525_500394_e6195a47,dqn,44,v1,sparse,702,18559,90.0,10,79,0.15629769308655944,0.64322390831724,17560,True,False,True,6.531751624948811
baseline100k_dqn_statev1_sparse_seed44_20261010_115525_500394_e6195a47,dqn,44,v1,sparse,703,18591,40.0,5,32,0.15579831493056542,0.6246575037948787,17592,True,False,True,6.543655499990564
baseline100k_dqn_statev1_sparse_seed44_20261010_115525_500394_e6195a47,dqn,44,v1,sparse,704,18645,80.0,9,54,0.1549592296443279,0.6838550357906906,17646,True,False,True,6.564007249951828
baseline100k_dqn_statev1_sparse_seed44_20261010_115525_500394_e6195a47,dqn,44,v1,sparse,705,18695,70.0,8,50,0.15418632871303406,0.5708150598406792,17696,True,False,True,6.583067374944221
baseline100k_dqn_statev1_sparse_seed44_20261010_115525_500394_e6195a47,dqn,44,v1,sparse,706,18809,140.0,15,114,0.15243849873353735,0.6601988674517263,17810,True,False,True,6.6256097499863245
baseline100k_dqn_statev1_sparse_seed44_20261010_115525_500394_e6195a47,dqn,44,v1,sparse,707,18892,80.0,9,83,0.15117843269792755,0.6050343606845442,17893,True,False,True,6.656920374953188
baseline100k_dqn_statev1_sparse_seed44_20261010_115525_500394_e6195a47,dqn,44,v1,sparse,708,18977,80.0,9,85,0.14989879818870963,0.6249107450246811,17978,True,False,True,6.688947332964744
baseline100k_dqn_statev1_sparse_seed44_20261010_115525_500394_e6195a47,dqn,44,v1,sparse,709,18988,0.0,1,11,0.1497339919303127,0.6630700772458856,17989,True,False,True,6.693082207988482
baseline100k_dqn_statev1_sparse_seed44_20261010_115525_500394_e6195a47,dqn,44,v1,sparse,710,19036,60.0,7,48,0.14901695518158797,0.7034843675792217,18037,True,False,True,6.710855540994089
baseline100k_dqn_statev1_sparse_seed44_20261010_115525_500394_e6195a47,dqn,44,v1,sparse,711,19155,90.0,10,119,0.1472540752097359,0.684731793002922,18156,True,False,True,6.762645415961742
baseline100k_dqn_statev1_sparse_seed44_20261010_115525_500394_e6195a47,dqn,44,v1,sparse,712,19229,70.0,8,74,0.1461683628570769,0.7532046896380347,18230,True,False,True,6.792540207970887
baseline100k_dqn_statev1_sparse_seed44_20261010_115525_500394_e6195a47,dqn,44,v1,sparse,713,19264,40.0,5,35,0.14565764233292905,0.711590627687318,18265,True,False,True,6.806329082988668
baseline100k_dqn_statev1_sparse_seed44_20261010_115525_500394_e6195a47,dqn,44,v1,sparse,714,19344,90.0,10,80,0.1444969720315335,0.695814798027277,18345,True,False,True,6.83753349998733
baseline100k_dqn_statev1_sparse_seed44_20261010_115525_500394_e6195a47,dqn,44,v1,sparse,715,19346,-10.0,0,2,0.14446807408209691,0.7278961837291718,18347,True,False,True,6.838393249956425
baseline100k_dqn_statev1_sparse_seed44_20261010_115525_500394_e6195a47,dqn,44,v1,sparse,716,19364,0.0,1,18,0.1442082524670608,0.708885113398234,18365,True,False,True,6.845858582993969
baseline100k_dqn_statev1_sparse_seed44_20261010_115525_500394_e6195a47,dqn,44,v1,sparse,717,19366,-10.0,0,2,0.1441794122586499,1.0230644941329956,18367,True,False,True,6.846631583000999
baseline100k_dqn_statev1_sparse_seed44_20261010_115525_500394_e6195a47,dqn,44,v1,sparse,718,19379,10.0,2,13,0.14399209144143027,0.6966096804692194,18380,True,False,True,6.851524374971632
baseline100k_dqn_statev1_sparse_seed44_20261010_115525_500394_e6195a47,dqn,44,v1,sparse,719,19413,30.0,4,34,0.14350332526518117,0.686051194282139,18414,True,False,True,6.8645187499932945
baseline100k_dqn_statev1_sparse_seed44_20261010_115525_500394_e6195a47,dqn,44,v1,sparse,720,19488,70.0,8,75,0.142431022870324,0.687950804233551,18489,True,False,True,6.895850290951785
baseline100k_dqn_statev1_sparse_seed44_20261010_115525_500394_e6195a47,dqn,44,v1,sparse,721,19520,20.0,3,32,0.14197594934906646,0.7210640585981309,18521,True,False,True,6.9085038749617524
baseline100k_dqn_statev1_sparse_seed44_20261010_115525_500394_e6195a47,dqn,44,v1,sparse,722,19551,10.0,2,31,0.14153648345651346,0.7199063310700078,18552,True,False,True,6.920431915961672
baseline100k_dqn_statev1_sparse_seed44_20261010_115525_500394_e6195a47,dqn,44,v1,sparse,723,19564,10.0,2,13,0.1413525963860078,0.7344652574795943,18565,True,False,True,6.9255484999739565
baseline100k_dqn_statev1_sparse_seed44_20261010_115525_500394_e6195a47,dqn,44,v1,sparse,724,19602,20.0,3,38,0.14081644903708587,0.6692186390098772,18603,True,False,True,6.940304040967021
baseline100k_dqn_statev1_sparse_seed44_20261010_115525_500394_e6195a47,dqn,44,v1,sparse,725,19721,140.0,15,119,0.1391505815697746,0.7052308449975583,18722,True,False,True,6.985901165986434
baseline100k_dqn_statev1_sparse_seed44_20261010_115525_500394_e6195a47,dqn,44,v1,sparse,726,19766,40.0,5,45,0.13852577957099302,0.7379859136210547,18767,True,False,True,7.003570124972612
baseline100k_dqn_statev1_sparse_seed44_20261010_115525_500394_e6195a47,dqn,44,v1,sparse,727,19776,0.0,1,10,0.13838731611140265,0.7855733186006546,18777,True,False,True,7.007781415944919
baseline100k_dqn_statev1_sparse_seed44_20261010_115525_500394_e6195a47,dqn,44,v1,sparse,728,19791,10.0,2,15,0.13817988038097015,0.7550218363602956,18792,True,False,True,7.013543832988944
baseline100k_dqn_statev1_sparse_seed44_20261010_115525_500394_e6195a47,dqn,44,v1,sparse,729,19849,50.0,6,58,0.13738071693036114,0.6897246018052101,18850,True,False,True,7.035845957987476
baseline100k_dqn_statev1_sparse_seed44_20261010_115525_500394_e6195a47,dqn,44,v1,sparse,730,19862,10.0,2,13,0.13720222911602983,0.6775112404273107,18863,True,False,True,7.041165707982145
baseline100k_dqn_statev1_sparse_seed44_20261010_115525_500394_e6195a47,dqn,44,v1,sparse,731,19891,20.0,3,29,0.13680489919163238,0.6546061676124046,18892,True,False,True,7.052529624954332
baseline100k_dqn_statev1_sparse_seed44_20261010_115525_500394_e6195a47,dqn,44,v1,sparse,732,19934,20.0,3,43,0.1362178717867259,0.6792683338010034,18935,True,False,True,7.068931749963667
baseline100k_dqn_statev1_sparse_seed44_20261010_115525_500394_e6195a47,dqn,44,v1,sparse,733,19970,40.0,5,36,0.1357283446490923,0.7074093470970789,18971,True,False,True,7.082839665992651
baseline100k_dqn_statev1_sparse_seed44_20261010_115525_500394_e6195a47,dqn,44,v1,sparse,734,19976,-10.0,0,6,0.13564692799884018,0.8352148632208506,18977,True,False,True,7.085095540969633
baseline100k_dqn_statev1_sparse_seed44_20261010_115525_500394_e6195a47,dqn,44,v1,sparse,735,19998,10.0,2,22,0.13534881789284928,0.721564993262291,18999,True,False,True,7.093277582956944
baseline100k_dqn_statev1_sparse_seed44_20261010_115525_500394_e6195a47,dqn,44,v1,sparse,736,20022,10.0,2,24,0.1350243540188416,0.6777575698991617,19023,True,False,True,7.102318540972192
baseline100k_dqn_statev1_sparse_seed44_20261010_115525_500394_e6195a47,dqn,44,v1,sparse,737,20078,70.0,8,56,0.13427029327346712,0.6380255105240005,19079,True,False,True,7.123899207974318
baseline100k_dqn_statev1_sparse_seed44_20261010_115525_500394_e6195a47,dqn,44,v1,sparse,738,20104,10.0,2,26,0.13392162654050713,0.6900946979339306,19105,True,False,True,7.134057082992513
baseline100k_dqn_statev1_sparse_seed44_20261010_115525_500394_e6195a47,dqn,44,v1,sparse,739,20130,0.0,1,26,0.13357386520879191,0.667515248633348,19131,True,False,True,7.144478165952023
baseline100k_dqn_statev1_sparse_seed44_20261010_115525_500394_e6195a47,dqn,44,v1,sparse,740,20183,50.0,6,53,0.13286776124585406,0.6350544573001142,19184,True,False,True,7.174596249999013
baseline100k_dqn_statev1_sparse_seed44_20261010_115525_500394_e6195a47,dqn,44,v1,sparse,741,20282,110.0,12,99,0.13155879503436427,0.6972168127093652,19283,True,False,True,7.226891540980432
baseline100k_dqn_statev1_sparse_seed44_20261010_115525_500394_e6195a47,dqn,44,v1,sparse,742,20315,30.0,4,33,0.13112534492394196,0.7075437406698862,19316,True,False,True,7.242071082990151
baseline100k_dqn_statev1_sparse_seed44_20261010_115525_500394_e6195a47,dqn,44,v1,sparse,743,20353,20.0,3,38,0.13062798931919972,0.7090588215934602,19354,True,False,True,7.26924070797395
baseline100k_dqn_statev1_sparse_seed44_20261010_115525_500394_e6195a47,dqn,44,v1,sparse,744,20391,30.0,4,38,0.13013252017353752,0.6569365157108558,19392,True,False,True,7.284127124992665
baseline100k_dqn_statev1_sparse_seed44_20261010_115525_500394_e6195a47,dqn,44,v1,sparse,745,20548,160.0,17,157,0.12810529361511347,0.7064475844240492,19549,True,False,True,7.345106249966193
baseline100k_dqn_statev1_sparse_seed44_20261010_115525_500394_e6195a47,dqn,44,v1,sparse,746,20596,50.0,6,48,0.12749183102025444,0.7014996564636627,19597,True,False,True,7.363893499947153
baseline100k_dqn_statev1_sparse_seed44_20261010_115525_500394_e6195a47,dqn,44,v1,sparse,747,20642,30.0,4,46,0.12690668620476522,0.7643329744105753,19643,True,False,True,7.382138832996134
baseline100k_dqn_statev1_sparse_seed44_20261010_115525_500394_e6195a47,dqn,44,v1,sparse,748,20698,70.0,8,56,0.12619795961178917,0.6763767605381352,19699,True,False,True,7.4046075829537585
baseline100k_dqn_statev1_sparse_seed44_20261010_115525_500394_e6195a47,dqn,44,v1,sparse,749,20778,70.0,8,80,0.1251923534419233,0.6887873638421297,19779,True,False,True,7.43671054096194
baseline100k_dqn_statev1_sparse_seed44_20261010_115525_500394_e6195a47,dqn,44,v1,sparse,750,20815,40.0,5,37,0.12472997454334385,0.7166584609328089,19816,True,False,True,7.4511053749592975
baseline100k_dqn_statev1_sparse_seed44_20261010_115525_500394_e6195a47,dqn,44,v1,sparse,751,20923,110.0,12,108,0.12339007231853753,0.6668748878356483,19924,True,False,True,7.492564707994461
baseline100k_dqn_statev1_sparse_seed44_20261010_115525_500394_e6195a47,dqn,44,v1,sparse,752,20975,60.0,7,52,0.12275007737125683,0.6652960834594873,19976,True,False,True,7.51435745798517
baseline100k_dqn_statev1_sparse_seed44_20261010_115525_500394_e6195a47,dqn,44,v1,sparse,753,21023,30.0,4,48,0.12216225950004864,0.6891372163469592,20024,True,False,True,7.533281249983702
baseline100k_dqn_statev1_sparse_seed44_20261010_115525_500394_e6195a47,dqn,44,v1,sparse,754,21036,0.0,1,13,0.12200354381433132,0.7605809890306913,20037,True,False,True,7.53845445800107
baseline100k_dqn_statev1_sparse_seed44_20261010_115525_500394_e6195a47,dqn,44,v1,sparse,755,21198,230.0,24,162,0.12004291236702247,0.67388919915682,20199,True,False,True,7.602548499999102
baseline100k_dqn_statev1_sparse_seed44_20261010_115525_500394_e6195a47,dqn,44,v1,sparse,756,21249,40.0,5,51,0.1194322215641868,0.667178529734705,20250,True,False,True,7.6224947909940965
baseline100k_dqn_statev1_sparse_seed44_20261010_115525_500394_e6195a47,dqn,44,v1,sparse,757,21274,20.0,3,25,0.11913399903239798,0.687271100282669,20275,True,False,True,7.632163749949541
baseline100k_dqn_statev1_sparse_seed44_20261010_115525_500394_e6195a47,dqn,44,v1,sparse,758,21279,-10.0,0,5,0.1190744439450904,0.8949010014533997,20280,True,False,True,7.634110957966186
baseline100k_dqn_statev1_sparse_seed44_20261010_115525_500394_e6195a47,dqn,44,v1,sparse,759,21362,70.0,8,83,0.11809016724484156,0.7068593487682113,20363,True,False,True,7.665643040963914
baseline100k_dqn_statev1_sparse_seed44_20261010_115525_500394_e6195a47,dqn,44,v1,sparse,760,21401,40.0,5,39,0.11763048956247056,0.6610337342971411,20402,True,False,True,7.681001249991823
baseline100k_dqn_statev1_sparse_seed44_20261010_115525_500394_e6195a47,dqn,44,v1,sparse,761,21408,0.0,1,7,0.11754817291806301,0.7636677920818329,20409,True,False,True,7.68383349996293
baseline100k_dqn_statev1_sparse_seed44_20261010_115525_500394_e6195a47,dqn,44,v1,sparse,762,21473,80.0,9,65,0.116786549669537,0.658078099672611,20474,True,False,True,7.70980224997038
baseline100k_dqn_statev1_sparse_seed44_20261010_115525_500394_e6195a47,dqn,44,v1,sparse,763,21557,100.0,11,84,0.11580960272604283,0.6454699451015109,20558,True,False,True,7.74275262496667
baseline100k_dqn_statev1_sparse_seed44_20261010_115525_500394_e6195a47,dqn,44,v1,sparse,764,21627,60.0,7,70,0.1150017259800533,0.718999765600477,20628,True,False,True,7.76979562494671
baseline100k_dqn_statev1_sparse_seed44_20261010_115525_500394_e6195a47,dqn,44,v1,sparse,765,21784,210.0,22,157,0.11321020951006974,0.7015357722712171,20785,True,False,True,7.830169458000455
baseline100k_dqn_statev1_sparse_seed44_20261010_115525_500394_e6195a47,dqn,44,v1,sparse,766,21812,10.0,2,28,0.11289364848738857,0.7329647647483009,20813,True,False,True,7.8407701249816455
baseline100k_dqn_statev1_sparse_seed44_20261010_115525_500394_e6195a47,dqn,44,v1,sparse,767,21867,30.0,4,55,0.11227440693346953,0.7064007710326802,20868,True,False,True,7.861525832966436
baseline100k_dqn_statev1_sparse_seed44_20261010_115525_500394_e6195a47,dqn,44,v1,sparse,768,21931,40.0,5,64,0.1115581095104634,0.6923376377671957,20932,True,False,True,7.886014832998626
baseline100k_dqn_statev1_sparse_seed44_20261010_115525_500394_e6195a47,dqn,44,v1,sparse,769,21953,20.0,3,22,0.11131293919705544,0.709556136618961,20954,True,False,True,7.894451957952697
baseline100k_dqn_statev1_sparse_seed44_20261010_115525_500394_e6195a47,dqn,44,v1,sparse,770,22014,50.0,6,61,0.11063596329439043,0.7243455550709709,21015,True,False,True,7.917616874969099
baseline100k_dqn_statev1_sparse_seed44_20261010_115525_500394_e6195a47,dqn,44,v1,sparse,771,22103,110.0,12,89,0.10965562318809784,0.673647441388516,21104,True,False,True,7.9516528329695575
baseline100k_dqn_statev1_sparse_seed44_20261010_115525_500394_e6195a47,dqn,44,v1,sparse,772,22217,140.0,15,114,0.10841258570722455,0.6809171940151014,21218,True,False,True,7.995154415955767
baseline100k_dqn_statev1_sparse_seed44_20261010_115525_500394_e6195a47,dqn,44,v1,sparse,773,22231,0.0,1,14,0.10826090670323614,0.7439061126538685,21232,True,False,True,8.000519040971994
baseline100k_dqn_statev1_sparse_seed44_20261010_115525_500394_e6195a47,dqn,44,v1,sparse,774,22343,130.0,14,112,0.10705508943838886,0.7385193231914725,21344,True,False,True,8.043300415971316
baseline100k_dqn_statev1_sparse_seed44_20261010_115525_500394_e6195a47,dqn,44,v1,sparse,775,22451,110.0,12,108,0.10590505831683591,0.7160730149458956,21452,True,False,True,8.085032332979608
baseline100k_dqn_statev1_sparse_seed44_20261010_115525_500394_e6195a47,dqn,44,v1,sparse,776,22513,50.0,6,62,0.1052504456204961,0.7260277372214102,21514,True,False,True,8.110981499950867
baseline100k_dqn_statev1_sparse_seed44_20261010_115525_500394_e6195a47,dqn,44,v1,sparse,777,22585,80.0,9,72,0.10449532634709549,0.7689394570059247,21586,True,False,True,8.13872533297399
baseline100k_dqn_statev1_sparse_seed44_20261010_115525_500394_e6195a47,dqn,44,v1,sparse,778,22646,70.0,8,61,0.10385981336551058,0.7712934539943445,21647,True,False,True,8.161934999981895
baseline100k_dqn_statev1_sparse_seed44_20261010_115525_500394_e6195a47,dqn,44,v1,sparse,779,22684,30.0,4,38,0.10346587533381435,0.6906051808281949,21685,True,False,True,8.176589499984402
baseline100k_dqn_statev1_sparse_seed44_20261010_115525_500394_e6195a47,dqn,44,v1,sparse,780,22753,60.0,7,69,0.10275438269138835,0.7488423223080842,21754,True,False,True,8.203151041001547
baseline100k_dqn_statev1_sparse_seed44_20261010_115525_500394_e6195a47,dqn,44,v1,sparse,781,22802,80.0,9,49,0.10225209271676951,0.744613528251648,21803,True,False,True,8.221846957982052
baseline100k_dqn_statev1_sparse_seed44_20261010_115525_500394_e6195a47,dqn,44,v1,sparse,782,23012,240.0,25,210,0.10012708321467374,0.7236254391216096,22013,True,False,True,8.301630832953379
baseline100k_dqn_statev1_sparse_seed44_20261010_115525_500394_e6195a47,dqn,44,v1,sparse,783,23126,130.0,14,114,0.09899205964116435,0.7358542747403446,22127,True,False,True,8.34495820797747
baseline100k_dqn_statev1_sparse_seed44_20261010_115525_500394_e6195a47,dqn,44,v1,sparse,784,23277,130.0,14,151,0.09750843491619232,0.7462408816972316,22278,True,False,True,8.403876749973278
baseline100k_dqn_statev1_sparse_seed44_20261010_115525_500394_e6195a47,dqn,44,v1,sparse,785,23433,160.0,17,156,0.09599903181636703,0.7093470064111245,22434,True,False,True,8.463720499945339
baseline100k_dqn_statev1_sparse_seed44_20261010_115525_500394_e6195a47,dqn,44,v1,sparse,786,23542,110.0,12,109,0.09495827277241543,0.7265104525679842,22543,True,False,True,8.505187207949348
baseline100k_dqn_statev1_sparse_seed44_20261010_115525_500394_e6195a47,dqn,44,v1,sparse,787,23608,60.0,7,66,0.09433358068861332,0.7447720278393138,22609,True,False,True,8.530357540992554
baseline100k_dqn_statev1_sparse_seed44_20261010_115525_500394_e6195a47,dqn,44,v1,sparse,788,23675,90.0,10,67,0.09370362690163989,0.7249462898097822,22676,True,False,True,8.555726416001562
baseline100k_dqn_statev1_sparse_seed44_20261010_115525_500394_e6195a47,dqn,44,v1,sparse,789,23874,260.0,27,199,0.09185726464523478,0.7321410229307922,22875,True,False,True,8.631825540971477
baseline100k_dqn_statev1_sparse_seed44_20261010_115525_500394_e6195a47,dqn,44,v1,sparse,790,23943,60.0,7,69,0.09122559968577255,0.7296600790991299,22944,True,False,True,8.657866915978957
baseline100k_dqn_statev1_sparse_seed44_20261010_115525_500394_e6195a47,dqn,44,v1,sparse,791,24091,200.0,21,148,0.08988533621125396,0.7501587517358161,23092,True,False,True,8.714354874973651
baseline100k_dqn_statev1_sparse_seed44_20261010_115525_500394_e6195a47,dqn,44,v1,sparse,792,24133,30.0,4,42,0.08950859068103316,0.8042153169711431,23134,True,False,True,8.730414207966533
baseline100k_dqn_statev1_sparse_seed44_20261010_115525_500394_e6195a47,dqn,44,v1,sparse,793,24134,-10.0,0,1,0.08949963982196506,0.6686486601829529,23135,True,False,True,8.730819874966983
baseline100k_dqn_statev1_sparse_seed44_20261010_115525_500394_e6195a47,dqn,44,v1,sparse,794,24160,20.0,3,26,0.08926723139969214,0.7689706465372672,23161,True,False,True,8.740938624949194
baseline100k_dqn_statev1_sparse_seed44_20261010_115525_500394_e6195a47,dqn,44,v1,sparse,795,24179,10.0,2,19,0.08909777622053305,0.7524237350413674,23180,True,False,True,8.74833791598212
baseline100k_dqn_statev1_sparse_seed44_20261010_115525_500394_e6195a47,dqn,44,v1,sparse,796,24305,170.0,18,126,0.08798213177766763,0.7229570682559695,23306,True,False,True,8.796652249991894
baseline100k_dqn_statev1_sparse_seed44_20261010_115525_500394_e6195a47,dqn,44,v1,sparse,797,24333,10.0,2,28,0.0877361140930989,0.779604152909347,23334,True,False,True,8.807190291001461
baseline100k_dqn_statev1_sparse_seed44_20261010_115525_500394_e6195a47,dqn,44,v1,sparse,798,24483,130.0,14,150,0.08642982870077069,0.7768825515111287,23484,True,False,True,8.864042165980209
baseline100k_dqn_statev1_sparse_seed44_20261010_115525_500394_e6195a47,dqn,44,v1,sparse,799,24560,80.0,9,77,0.08576684164589986,0.761648921610473,23561,True,False,True,8.892989332962316
baseline100k_dqn_statev1_sparse_seed44_20261010_115525_500394_e6195a47,dqn,44,v1,sparse,800,24704,140.0,15,144,0.08454058802918536,0.7702498056201471,23705,True,False,True,8.949285624956246
baseline100k_dqn_statev1_sparse_seed44_20261010_115525_500394_e6195a47,dqn,44,v1,sparse,801,24776,90.0,10,72,0.08393405161949022,0.8005299129419856,23777,True,False,True,8.97918749996461
baseline100k_dqn_statev1_sparse_seed44_20261010_115525_500394_e6195a47,dqn,44,v1,sparse,802,24839,70.0,8,63,0.0834069029982042,0.7873692682811192,23840,True,False,True,9.003290249966085
baseline100k_dqn_statev1_sparse_seed44_20261010_115525_500394_e6195a47,dqn,44,v1,sparse,803,24873,30.0,4,34,0.08312378694201585,0.8018696728874656,23874,True,False,True,9.016500124998856
baseline100k_dqn_statev1_sparse_seed44_20261010_115525_500394_e6195a47,dqn,44,v1,sparse,804,24883,0.0,1,10,0.08304070055080486,0.8594797104597092,23884,True,False,True,9.020350915961899
baseline100k_dqn_statev1_sparse_seed44_20261010_115525_500394_e6195a47,dqn,44,v1,sparse,805,24931,70.0,8,48,0.08264304045260569,0.7767464332282543,23932,True,False,True,9.038950665970333
baseline100k_dqn_statev1_sparse_seed44_20261010_115525_500394_e6195a47,dqn,44,v1,sparse,806,25009,100.0,11,78,0.08200090023219933,0.7922716809388919,24010,True,False,True,9.084693249955308
baseline100k_dqn_statev1_sparse_seed44_20261010_115525_500394_e6195a47,dqn,44,v1,sparse,807,25060,50.0,6,51,0.08158373944687158,0.8172992450349471,24061,True,False,True,9.104793749982491
baseline100k_dqn_statev1_sparse_seed44_20261010_115525_500394_e6195a47,dqn,44,v1,sparse,808,25135,80.0,9,75,0.08097411985074979,0.8135439658164978,24136,True,False,True,9.13320354098687
baseline100k_dqn_statev1_sparse_seed44_20261010_115525_500394_e6195a47,dqn,44,v1,sparse,809,25255,120.0,13,120,0.08000818929028923,0.8028004211684068,24256,True,False,True,9.179007749946322
baseline100k_dqn_statev1_sparse_seed44_20261010_115525_500394_e6195a47,dqn,44,v1,sparse,810,25258,-10.0,0,3,0.0799841892336678,0.6895138124624888,24259,True,False,True,9.180183749995194
baseline100k_dqn_statev1_sparse_seed44_20261010_115525_500394_e6195a47,dqn,44,v1,sparse,811,25371,100.0,11,113,0.07908541061903174,0.7930688106380732,24372,True,False,True,9.222899207961746
baseline100k_dqn_statev1_sparse_seed44_20261010_115525_500394_e6195a47,dqn,44,v1,sparse,812,25412,60.0,7,41,0.07876180809361064,0.8144989006403016,24413,True,False,True,9.238924249948468
baseline100k_dqn_statev1_sparse_seed44_20261010_115525_500394_e6195a47,dqn,44,v1,sparse,813,25505,150.0,16,93,0.07803268251084096,0.7755239650767337,24506,True,False,True,9.275127540982794
baseline100k_dqn_statev1_sparse_seed44_20261010_115525_500394_e6195a47,dqn,44,v1,sparse,814,25574,70.0,8,69,0.0774960835665407,0.7553057178207065,24575,True,False,True,9.30259987496538
baseline100k_dqn_statev1_sparse_seed44_20261010_115525_500394_e6195a47,dqn,44,v1,sparse,815,25641,40.0,5,67,0.07697856953853521,0.8022362193954524,24642,True,False,True,9.328643290966284
baseline100k_dqn_statev1_sparse_seed44_20261010_115525_500394_e6195a47,dqn,44,v1,sparse,816,25686,40.0,5,45,0.07663292697227038,0.7703442315260569,24687,True,False,True,9.346044832956977
baseline100k_dqn_statev1_sparse_seed44_20261010_115525_500394_e6195a47,dqn,44,v1,sparse,817,25694,0.0,1,8,0.07657164208362119,0.9445062018930912,24695,True,False,True,9.349082125001587
baseline100k_dqn_statev1_sparse_seed44_20261010_115525_500394_e6195a47,dqn,44,v1,sparse,818,25778,120.0,13,84,0.07593110229626042,0.7914046293922833,24779,True,False,True,9.381353040982503
baseline100k_dqn_statev1_sparse_seed44_20261010_115525_500394_e6195a47,dqn,44,v1,sparse,819,25863,100.0,11,85,0.07528839118272881,0.7528330892324447,24864,True,False,True,9.4136608329718
baseline100k_dqn_statev1_sparse_seed44_20261010_115525_500394_e6195a47,dqn,44,v1,sparse,820,25905,40.0,5,42,0.07497282730934085,0.7569534913415,24906,True,False,True,9.4295102909673
baseline100k_dqn_statev1_sparse_seed44_20261010_115525_500394_e6195a47,dqn,44,v1,sparse,821,26082,170.0,18,177,0.07365741820853747,0.7485387218368929,25083,True,False,True,9.496572249976452
baseline100k_dqn_statev1_sparse_seed44_20261010_115525_500394_e6195a47,dqn,44,v1,sparse,822,26295,240.0,25,213,0.07210502921714844,0.7904289807652084,25296,True,False,True,9.577598582953215
baseline100k_dqn_statev1_sparse_seed44_20261010_115525_500394_e6195a47,dqn,44,v1,sparse,823,26383,120.0,13,88,0.07147325724482445,0.7253494591198184,25384,True,False,True,9.611184457957279
baseline100k_dqn_statev1_sparse_seed44_20261010_115525_500394_e6195a47,dqn,44,v1,sparse,824,26417,20.0,3,34,0.07123064870780049,0.8122835575657732,25418,True,False,True,9.62395779095823
baseline100k_dqn_statev1_sparse_seed44_20261010_115525_500394_e6195a47,dqn,44,v1,sparse,825,26597,180.0,19,180,0.06995990450226472,0.7783434950229194,25598,True,False,True,9.691841207968537
baseline100k_dqn_statev1_sparse_seed44_20261010_115525_500394_e6195a47,dqn,44,v1,sparse,826,26725,130.0,14,128,0.06907008025748984,0.7778848181478679,25726,True,False,True,9.740592707996257
baseline100k_dqn_statev1_sparse_seed44_20261010_115525_500394_e6195a47,dqn,44,v1,sparse,827,26789,50.0,6,64,0.06862942132330742,0.7432347275316715,25790,True,False,True,9.76512074994389
baseline100k_dqn_statev1_sparse_seed44_20261010_115525_500394_e6195a47,dqn,44,v1,sparse,828,26947,160.0,17,158,0.06755354448156087,0.8042594433962544,25948,True,False,True,9.825262207945343
baseline100k_dqn_statev1_sparse_seed44_20261010_115525_500394_e6195a47,dqn,44,v1,sparse,829,27001,80.0,9,54,0.0671897203591181,0.8012080038035357,26002,True,False,True,9.845894665981177
baseline100k_dqn_statev1_sparse_seed44_20261010_115525_500394_e6195a47,dqn,44,v1,sparse,830,27115,140.0,15,114,0.06642806912494009,0.8595501179235023,26116,True,False,True,9.889018707966898
baseline100k_dqn_statev1_sparse_seed44_20261010_115525_500394_e6195a47,dqn,44,v1,sparse,831,27163,30.0,4,48,0.06610996255411168,0.8585787607977787,26164,True,False,True,9.90710616594879
baseline100k_dqn_statev1_sparse_seed44_20261010_115525_500394_e6195a47,dqn,44,v1,sparse,832,27193,30.0,4,30,0.06591191997656111,0.8233425299326579,26194,True,False,True,9.918492290948052
baseline100k_dqn_statev1_sparse_seed44_20261010_115525_500394_e6195a47,dqn,44,v1,sparse,833,27339,180.0,19,146,0.06495654935248685,0.8647613349842699,26340,True,False,True,9.973965040990151
baseline100k_dqn_statev1_sparse_seed44_20261010_115525_500394_e6195a47,dqn,44,v1,sparse,834,27433,110.0,12,94,0.06434878835208288,0.821055606641668,26434,True,False,True,10.010364582994953
baseline100k_dqn_statev1_sparse_seed44_20261010_115525_500394_e6195a47,dqn,44,v1,sparse,835,27525,170.0,18,92,0.06375946507655189,0.8318352819136952,26526,True,False,True,10.045231165946461
baseline100k_dqn_statev1_sparse_seed44_20261010_115525_500394_e6195a47,dqn,44,v1,sparse,836,27596,60.0,7,71,0.0633083536592302,0.8537088943199372,26597,True,False,True,10.073194540978875
baseline100k_dqn_statev1_sparse_seed44_20261010_115525_500394_e6195a47,dqn,44,v1,sparse,837,27671,50.0,6,75,0.06283529354638737,0.7953060992558797,26672,True,False,True,10.101971165975556
baseline100k_dqn_statev1_sparse_seed44_20261010_115525_500394_e6195a47,dqn,44,v1,sparse,838,27722,40.0,5,51,0.06251563339231735,0.8747429684096691,26723,True,False,True,10.121849082992412
baseline100k_dqn_statev1_sparse_seed44_20261010_115525_500394_e6195a47,dqn,44,v1,sparse,839,27797,80.0,9,75,0.06204849673692119,0.8628025205930074,26798,True,False,True,10.150599040964153
baseline100k_dqn_statev1_sparse_seed44_20261010_115525_500394_e6195a47,dqn,44,v1,sparse,840,27829,30.0,4,32,0.06185024900036933,0.862482963129878,26830,True,False,True,10.162877915950958
baseline100k_dqn_statev1_sparse_seed44_20261010_115525_500394_e6195a47,dqn,44,v1,sparse,841,27990,170.0,18,161,0.06086238424833323,0.827098891786907,26991,True,False,True,10.2242724999669
baseline100k_dqn_statev1_sparse_seed44_20261010_115525_500394_e6195a47,dqn,44,v1,sparse,842,28151,160.0,17,161,0.059890297553525436,0.8425562000422744,27152,True,False,True,10.285249582957476
baseline100k_dqn_statev1_sparse_seed44_20261010_115525_500394_e6195a47,dqn,44,v1,sparse,843,28209,80.0,9,58,0.059543921968896796,0.831363480152755,27210,True,False,True,10.307013040990569
baseline100k_dqn_statev1_sparse_seed44_20261010_115525_500394_e6195a47,dqn,44,v1,sparse,844,28275,60.0,7,66,0.05915220658058461,0.8133908349907759,27276,True,False,True,10.331961207964923
baseline100k_dqn_statev1_sparse_seed44_20261010_115525_500394_e6195a47,dqn,44,v1,sparse,845,28380,110.0,12,105,0.05853432706151429,0.8158700239090693,27381,True,False,True,10.371696040965617
baseline100k_dqn_statev1_sparse_seed44_20261010_115525_500394_e6195a47,dqn,44,v1,sparse,846,28428,40.0,5,48,0.05825402154755654,0.8623971529304981,27429,True,False,True,10.389801040990278
baseline100k_dqn_statev1_sparse_seed44_20261010_115525_500394_e6195a47,dqn,44,v1,sparse,847,28529,110.0,12,101,0.05766858807372035,0.8032449814352659,27530,True,False,True,10.42791408294579
baseline100k_dqn_statev1_sparse_seed44_20261010_115525_500394_e6195a47,dqn,44,v1,sparse,848,28672,210.0,22,143,0.056849754933131304,0.7702798562033193,27673,True,False,True,10.481617165962234
baseline100k_dqn_statev1_sparse_seed44_20261010_115525_500394_e6195a47,dqn,44,v1,sparse,849,28736,90.0,10,64,0.05648706022763833,0.8120307717472315,27737,True,False,True,10.505850999965332
baseline100k_dqn_statev1_sparse_seed44_20261010_115525_500394_e6195a47,dqn,44,v1,sparse,850,28832,100.0,11,96,0.05594735220725855,0.8207573558514317,27833,True,False,True,10.54227183299372
baseline100k_dqn_statev1_sparse_seed44_20261010_115525_500394_e6195a47,dqn,44,v1,sparse,851,29008,190.0,20,176,0.05497124494386407,0.8079638011245565,28009,True,False,True,10.608560290944297
baseline100k_dqn_statev1_sparse_seed44_20261010_115525_500394_e6195a47,dqn,44,v1,sparse,852,29097,100.0,11,89,0.05448414730846039,0.7826456219962473,28098,True,False,True,10.642249707947485
baseline100k_dqn_statev1_sparse_seed44_20261010_115525_500394_e6195a47,dqn,44,v1,sparse,853,29287,250.0,26,190,0.05345867011931165,0.8122561941805638,28288,True,False,True,10.713637582957745
baseline100k_dqn_statev1_sparse_seed44_20261010_115525_500394_e6195a47,dqn,44,v1,sparse,854,29298,-10.0,0,11,0.05339989497563006,0.7777645316990939,28299,True,False,True,10.717839290970005
baseline100k_dqn_statev1_sparse_seed44_20261010_115525_500394_e6195a47,dqn,44,v1,sparse,855,29370,90.0,10,72,0.05301677745383766,0.7762295454740524,28371,True,False,True,10.745664457965177
baseline100k_dqn_statev1_sparse_seed44_20261010_115525_500394_e6195a47,dqn,44,v1,sparse,856,29510,180.0,19,140,0.05227967745373316,0.7829352187258857,28511,True,False,True,10.799344082945026
baseline100k_dqn_statev1_sparse_seed44_20261010_115525_500394_e6195a47,dqn,44,v1,sparse,857,29582,90.0,10,72,0.05190459693203326,0.8191336952149868,28583,True,False,True,10.82653533294797
baseline100k_dqn_statev1_sparse_seed44_20261010_115525_500394_e6195a47,dqn,44,v1,sparse,858,29676,140.0,15,94,0.051418955529104145,0.8782611746103206,28677,True,False,True,10.86232445796486
baseline100k_dqn_statev1_sparse_seed44_20261010_115525_500394_e6195a47,dqn,44,v1,sparse,859,29794,150.0,16,118,0.05081574761918724,0.818049510151653,28795,True,False,True,10.906955457990989
baseline100k_dqn_statev1_sparse_seed44_20261010_115525_500394_e6195a47,dqn,44,v1,sparse,860,29925,140.0,15,131,0.05015436973974191,0.7527315982880484,28926,True,False,True,10.956613290996756
baseline100k_dqn_statev1_sparse_seed44_20261010_115525_500394_e6195a47,dqn,44,v1,sparse,861,29932,0.0,1,7,0.05011927221158651,0.77669700554439,28933,True,False,True,10.959266624995507
baseline100k_dqn_statev1_sparse_seed44_20261010_115525_500394_e6195a47,dqn,44,v1,sparse,862,30020,90.0,10,88,0.05,0.8062777945941145,29021,True,False,True,10.99246029095957
baseline100k_dqn_statev1_sparse_seed44_20261010_115525_500394_e6195a47,dqn,44,v1,sparse,863,30107,80.0,9,87,0.05,0.8171236340341896,29108,True,False,True,11.025302040972747
baseline100k_dqn_statev1_sparse_seed44_20261010_115525_500394_e6195a47,dqn,44,v1,sparse,864,30182,100.0,11,75,0.05,0.8397691583633423,29183,True,False,True,11.05367945798207
baseline100k_dqn_statev1_sparse_seed44_20261010_115525_500394_e6195a47,dqn,44,v1,sparse,865,30250,90.0,10,68,0.05,0.8612261979895479,29251,True,False,True,11.07952424994437
baseline100k_dqn_statev1_sparse_seed44_20261010_115525_500394_e6195a47,dqn,44,v1,sparse,866,30316,70.0,8,66,0.05,0.7968763569087693,29317,True,False,True,11.10446708300151
baseline100k_dqn_statev1_sparse_seed44_20261010_115525_500394_e6195a47,dqn,44,v1,sparse,867,30363,50.0,6,47,0.05,0.8232940841228404,29364,True,False,True,11.122377082996536
baseline100k_dqn_statev1_sparse_seed44_20261010_115525_500394_e6195a47,dqn,44,v1,sparse,868,30462,100.0,11,99,0.05,0.8169275251301852,29463,True,False,True,11.160024415992666
baseline100k_dqn_statev1_sparse_seed44_20261010_115525_500394_e6195a47,dqn,44,v1,sparse,869,30584,140.0,15,122,0.05,0.876635698509998,29585,True,False,True,11.206238915969152
baseline100k_dqn_statev1_sparse_seed44_20261010_115525_500394_e6195a47,dqn,44,v1,sparse,870,30704,110.0,12,120,0.05,0.8182083283861478,29705,True,False,True,11.251613540982362
baseline100k_dqn_statev1_sparse_seed44_20261010_115525_500394_e6195a47,dqn,44,v1,sparse,871,30793,80.0,9,89,0.05,0.8067640148186952,29794,True,False,True,11.284962874953635
baseline100k_dqn_statev1_sparse_seed44_20261010_115525_500394_e6195a47,dqn,44,v1,sparse,872,30832,40.0,5,39,0.05,0.8239999612172445,29833,True,False,True,11.30006133299321
baseline100k_dqn_statev1_sparse_seed44_20261010_115525_500394_e6195a47,dqn,44,v1,sparse,873,30844,-10.0,0,12,0.05,0.8046285808086395,29845,True,False,True,11.304663249989972
baseline100k_dqn_statev1_sparse_seed44_20261010_115525_500394_e6195a47,dqn,44,v1,sparse,874,30894,60.0,7,50,0.05,0.85645587682724,29895,True,False,True,11.323675166000612
baseline100k_dqn_statev1_sparse_seed44_20261010_115525_500394_e6195a47,dqn,44,v1,sparse,875,30953,70.0,8,59,0.05,0.7908313638072902,29954,True,False,True,11.345889332995284
baseline100k_dqn_statev1_sparse_seed44_20261010_115525_500394_e6195a47,dqn,44,v1,sparse,876,31009,70.0,8,56,0.05,0.8431780918368271,30010,True,False,True,11.367497290950269
baseline100k_dqn_statev1_sparse_seed44_20261010_115525_500394_e6195a47,dqn,44,v1,sparse,877,31169,160.0,17,160,0.05,0.83788794670254,30170,True,False,True,11.42948129097931
baseline100k_dqn_statev1_sparse_seed44_20261010_115525_500394_e6195a47,dqn,44,v1,sparse,878,31221,80.0,9,52,0.05,0.9212161354147471,30222,True,False,True,11.449439374962822
baseline100k_dqn_statev1_sparse_seed44_20261010_115525_500394_e6195a47,dqn,44,v1,sparse,879,31265,30.0,4,44,0.05,0.8886136277155443,30266,True,False,True,11.466567874944303
baseline100k_dqn_statev1_sparse_seed44_20261010_115525_500394_e6195a47,dqn,44,v1,sparse,880,31364,90.0,10,99,0.05,0.8398190574212507,30365,True,False,True,11.504385374952108
baseline100k_dqn_statev1_sparse_seed44_20261010_115525_500394_e6195a47,dqn,44,v1,sparse,881,31544,210.0,22,180,0.05,0.8280244898464945,30545,True,False,True,11.57260866597062
baseline100k_dqn_statev1_sparse_seed44_20261010_115525_500394_e6195a47,dqn,44,v1,sparse,882,31707,160.0,17,163,0.05,0.8400271454471752,30708,True,False,True,11.634330457949545
baseline100k_dqn_statev1_sparse_seed44_20261010_115525_500394_e6195a47,dqn,44,v1,sparse,883,31768,60.0,7,61,0.05,0.8718868269294989,30769,True,False,True,11.657772665959783
baseline100k_dqn_statev1_sparse_seed44_20261010_115525_500394_e6195a47,dqn,44,v1,sparse,884,31782,0.0,1,14,0.05,0.8421814207519803,30783,True,False,True,11.66311283299001
baseline100k_dqn_statev1_sparse_seed44_20261010_115525_500394_e6195a47,dqn,44,v1,sparse,885,31873,90.0,10,91,0.05,0.8949852336894025,30874,True,False,True,11.697408915963024
baseline100k_dqn_statev1_sparse_seed44_20261010_115525_500394_e6195a47,dqn,44,v1,sparse,886,32035,170.0,18,162,0.05,0.8326852476155316,31036,True,False,True,11.759323874954134
baseline100k_dqn_statev1_sparse_seed44_20261010_115525_500394_e6195a47,dqn,44,v1,sparse,887,32132,120.0,13,97,0.05,0.8161756880197328,31133,True,False,True,11.796600582951214
baseline100k_dqn_statev1_sparse_seed44_20261010_115525_500394_e6195a47,dqn,44,v1,sparse,888,32188,30.0,4,56,0.05,0.7625304620180812,31189,True,False,True,11.817926999996416
baseline100k_dqn_statev1_sparse_seed44_20261010_115525_500394_e6195a47,dqn,44,v1,sparse,889,32278,80.0,9,90,0.05,0.8029229498571819,31279,True,False,True,11.85246066597756
baseline100k_dqn_statev1_sparse_seed44_20261010_115525_500394_e6195a47,dqn,44,v1,sparse,890,32323,30.0,4,45,0.05,0.7278458502557542,31324,True,False,True,11.869680082949344
baseline100k_dqn_statev1_sparse_seed44_20261010_115525_500394_e6195a47,dqn,44,v1,sparse,891,32471,160.0,17,148,0.05,0.8106489785619684,31472,True,False,True,11.926426624995656
baseline100k_dqn_statev1_sparse_seed44_20261010_115525_500394_e6195a47,dqn,44,v1,sparse,892,32549,80.0,9,78,0.05,0.8157759950711176,31550,True,False,True,11.957145874970593
baseline100k_dqn_statev1_sparse_seed44_20261010_115525_500394_e6195a47,dqn,44,v1,sparse,893,32626,110.0,12,77,0.05,0.7759710314211907,31627,True,False,True,11.986712374957278
baseline100k_dqn_statev1_sparse_seed44_20261010_115525_500394_e6195a47,dqn,44,v1,sparse,894,32713,110.0,12,87,0.05,0.7543981270543461,31714,True,False,True,12.019790790975094
baseline100k_dqn_statev1_sparse_seed44_20261010_115525_500394_e6195a47,dqn,44,v1,sparse,895,32732,20.0,3,19,0.05,0.8870125977616561,31733,True,False,True,12.027328083000612
baseline100k_dqn_statev1_sparse_seed44_20261010_115525_500394_e6195a47,dqn,44,v1,sparse,896,32795,80.0,9,63,0.05,0.8261561653916798,31796,True,False,True,12.05170845799148
baseline100k_dqn_statev1_sparse_seed44_20261010_115525_500394_e6195a47,dqn,44,v1,sparse,897,32855,60.0,7,60,0.05,0.7774734909335772,31856,True,False,True,12.074641874991357
baseline100k_dqn_statev1_sparse_seed44_20261010_115525_500394_e6195a47,dqn,44,v1,sparse,898,33026,220.0,23,171,0.05,0.8441900827034176,32027,True,False,True,12.140095707960427
baseline100k_dqn_statev1_sparse_seed44_20261010_115525_500394_e6195a47,dqn,44,v1,sparse,899,33159,140.0,15,133,0.05,0.8501938889573392,32160,True,False,True,12.191303582978435
baseline100k_dqn_statev1_sparse_seed44_20261010_115525_500394_e6195a47,dqn,44,v1,sparse,900,33424,280.0,29,265,0.05,0.8826959847279314,32425,True,False,True,12.291583999991417
baseline100k_dqn_statev1_sparse_seed44_20261010_115525_500394_e6195a47,dqn,44,v1,sparse,901,33517,130.0,14,93,0.05,0.87910198203979,32518,True,False,True,12.328686790948268
baseline100k_dqn_statev1_sparse_seed44_20261010_115525_500394_e6195a47,dqn,44,v1,sparse,902,33589,60.0,7,72,0.05,0.8913377672433853,32590,True,False,True,12.355833457957488
baseline100k_dqn_statev1_sparse_seed44_20261010_115525_500394_e6195a47,dqn,44,v1,sparse,903,33655,70.0,8,66,0.05,0.8807913642941099,32656,True,False,True,12.381631832977291
baseline100k_dqn_statev1_sparse_seed44_20261010_115525_500394_e6195a47,dqn,44,v1,sparse,904,33816,160.0,17,161,0.05,0.9252113746189923,32817,True,False,True,12.443299082980957
baseline100k_dqn_statev1_sparse_seed44_20261010_115525_500394_e6195a47,dqn,44,v1,sparse,905,33832,0.0,1,16,0.05,0.8806657455861568,32833,True,False,True,12.44937237497652
baseline100k_dqn_statev1_sparse_seed44_20261010_115525_500394_e6195a47,dqn,44,v1,sparse,906,33973,170.0,18,141,0.05,0.8551594175345508,32974,True,False,True,12.503414374950808
baseline100k_dqn_statev1_sparse_seed44_20261010_115525_500394_e6195a47,dqn,44,v1,sparse,907,34022,80.0,9,49,0.05,0.8755576920752622,33023,True,False,True,12.522512040974107
baseline100k_dqn_statev1_sparse_seed44_20261010_115525_500394_e6195a47,dqn,44,v1,sparse,908,34033,-10.0,0,11,0.05,0.6597780056975104,33034,True,False,True,12.526704915973824
baseline100k_dqn_statev1_sparse_seed44_20261010_115525_500394_e6195a47,dqn,44,v1,sparse,909,34056,10.0,2,23,0.05,0.8239403133806975,33057,True,False,True,12.535511458001565
baseline100k_dqn_statev1_sparse_seed44_20261010_115525_500394_e6195a47,dqn,44,v1,sparse,910,34179,150.0,16,123,0.05,0.8358449901991744,33180,True,False,True,12.58215587498853
baseline100k_dqn_statev1_sparse_seed44_20261010_115525_500394_e6195a47,dqn,44,v1,sparse,911,34236,70.0,8,57,0.05,0.8714804827121266,33237,True,False,True,12.603832290973514
baseline100k_dqn_statev1_sparse_seed44_20261010_115525_500394_e6195a47,dqn,44,v1,sparse,912,34371,140.0,15,135,0.05,0.8648905968224561,33372,True,False,True,12.655604999978095
baseline100k_dqn_statev1_sparse_seed44_20261010_115525_500394_e6195a47,dqn,44,v1,sparse,913,34409,30.0,4,38,0.05,0.809158972219417,33410,True,False,True,12.669965165958274
baseline100k_dqn_statev1_sparse_seed44_20261010_115525_500394_e6195a47,dqn,44,v1,sparse,914,34494,100.0,11,85,0.05,0.8345369547605515,33495,True,False,True,12.702993165992666
baseline100k_dqn_statev1_sparse_seed44_20261010_115525_500394_e6195a47,dqn,44,v1,sparse,915,34550,70.0,8,56,0.05,0.8284879066050053,33551,True,False,True,12.724837915971875
baseline100k_dqn_statev1_sparse_seed44_20261010_115525_500394_e6195a47,dqn,44,v1,sparse,916,34696,170.0,18,146,0.05,0.8269535407219848,33697,True,False,True,12.781451540999115
baseline100k_dqn_statev1_sparse_seed44_20261010_115525_500394_e6195a47,dqn,44,v1,sparse,917,34751,70.0,8,55,0.05,0.8486438447778876,33752,True,False,True,12.802266457991209
baseline100k_dqn_statev1_sparse_seed44_20261010_115525_500394_e6195a47,dqn,44,v1,sparse,918,34889,150.0,16,138,0.05,0.8695699207592702,33890,True,False,True,12.855200707970653
baseline100k_dqn_statev1_sparse_seed44_20261010_115525_500394_e6195a47,dqn,44,v1,sparse,919,35000,100.0,11,111,0.05,0.8533354785528269,34001,True,False,True,12.897704207978677
baseline100k_dqn_statev1_sparse_seed44_20261010_115525_500394_e6195a47,dqn,44,v1,sparse,920,35001,-10.0,0,1,0.05,1.4820681810379028,34002,True,False,True,12.898106457956601
baseline100k_dqn_statev1_sparse_seed44_20261010_115525_500394_e6195a47,dqn,44,v1,sparse,921,35042,20.0,3,41,0.05,0.9083000101694246,34043,True,False,True,12.913566582952626
baseline100k_dqn_statev1_sparse_seed44_20261010_115525_500394_e6195a47,dqn,44,v1,sparse,922,35120,90.0,10,78,0.05,0.8407523941535217,34121,True,False,True,12.943296874989755
baseline100k_dqn_statev1_sparse_seed44_20261010_115525_500394_e6195a47,dqn,44,v1,sparse,923,35202,100.0,11,82,0.05,0.8342166804685825,34203,True,False,True,12.974305374955293
baseline100k_dqn_statev1_sparse_seed44_20261010_115525_500394_e6195a47,dqn,44,v1,sparse,924,35235,70.0,8,33,0.05,0.8635270487178456,34236,True,False,True,12.987007082963828
baseline100k_dqn_statev1_sparse_seed44_20261010_115525_500394_e6195a47,dqn,44,v1,sparse,925,35371,120.0,13,136,0.05,0.9096385106882628,34372,True,False,True,13.038694374961779
baseline100k_dqn_statev1_sparse_seed44_20261010_115525_500394_e6195a47,dqn,44,v1,sparse,926,35423,60.0,7,52,0.05,0.9241468424980457,34424,True,False,True,13.058326250000391
baseline100k_dqn_statev1_sparse_seed44_20261010_115525_500394_e6195a47,dqn,44,v1,sparse,927,35498,90.0,10,75,0.05,0.8857274806499481,34499,True,False,True,13.08687654096866
baseline100k_dqn_statev1_sparse_seed44_20261010_115525_500394_e6195a47,dqn,44,v1,sparse,928,35664,220.0,23,166,0.05,0.8957446998501398,34665,True,False,True,13.149879374948796
baseline100k_dqn_statev1_sparse_seed44_20261010_115525_500394_e6195a47,dqn,44,v1,sparse,929,35785,120.0,13,121,0.05,0.9561137303340533,34786,True,False,True,13.195876624959055
baseline100k_dqn_statev1_sparse_seed44_20261010_115525_500394_e6195a47,dqn,44,v1,sparse,930,35868,100.0,11,83,0.05,0.8467547311840287,34869,True,False,True,13.226894207997248
baseline100k_dqn_statev1_sparse_seed44_20261010_115525_500394_e6195a47,dqn,44,v1,sparse,931,35982,120.0,13,114,0.05,0.9142160962025324,34983,True,False,True,13.270282040990423
baseline100k_dqn_statev1_sparse_seed44_20261010_115525_500394_e6195a47,dqn,44,v1,sparse,932,36090,130.0,14,108,0.05,0.943814824576731,35091,True,False,True,13.311230124963913
baseline100k_dqn_statev1_sparse_seed44_20261010_115525_500394_e6195a47,dqn,44,v1,sparse,933,36107,10.0,2,17,0.05,0.9756365243126365,35108,True,False,True,13.317562374984846
baseline100k_dqn_statev1_sparse_seed44_20261010_115525_500394_e6195a47,dqn,44,v1,sparse,934,36238,160.0,17,131,0.05,0.9659982373696248,35239,True,False,True,13.367440290981904
baseline100k_dqn_statev1_sparse_seed44_20261010_115525_500394_e6195a47,dqn,44,v1,sparse,935,36243,-10.0,0,5,0.05,0.9182181477546691,35244,True,False,True,13.369414957996923
baseline100k_dqn_statev1_sparse_seed44_20261010_115525_500394_e6195a47,dqn,44,v1,sparse,936,36323,120.0,13,80,0.05,0.9436881348490715,35324,True,False,True,13.400910665979609
baseline100k_dqn_statev1_sparse_seed44_20261010_115525_500394_e6195a47,dqn,44,v1,sparse,937,36371,50.0,6,48,0.05,0.9646035706003507,35372,True,False,True,13.419971750001423
baseline100k_dqn_statev1_sparse_seed44_20261010_115525_500394_e6195a47,dqn,44,v1,sparse,938,36534,160.0,17,163,0.05,0.9368945093242669,35535,True,False,True,13.48260504094651
baseline100k_dqn_statev1_sparse_seed44_20261010_115525_500394_e6195a47,dqn,44,v1,sparse,939,36600,100.0,11,66,0.05,0.9234972320722811,35601,True,False,True,13.50798383296933
baseline100k_dqn_statev1_sparse_seed44_20261010_115525_500394_e6195a47,dqn,44,v1,sparse,940,36627,10.0,2,27,0.05,0.8834184032899363,35628,True,False,True,13.51827245799359
baseline100k_dqn_statev1_sparse_seed44_20261010_115525_500394_e6195a47,dqn,44,v1,sparse,941,36770,190.0,20,143,0.05,0.9768714110751252,35771,True,False,True,13.57257399999071
baseline100k_dqn_statev1_sparse_seed44_20261010_115525_500394_e6195a47,dqn,44,v1,sparse,942,36843,110.0,12,73,0.05,0.8871160810940886,35844,True,False,True,13.60048454097705
baseline100k_dqn_statev1_sparse_seed44_20261010_115525_500394_e6195a47,dqn,44,v1,sparse,943,36969,130.0,14,126,0.05,0.9110763765989788,35970,True,False,True,13.648488874954637
baseline100k_dqn_statev1_sparse_seed44_20261010_115525_500394_e6195a47,dqn,44,v1,sparse,944,37193,210.0,22,224,0.05,0.8473534938613219,36194,True,False,True,13.736778708000202
baseline100k_dqn_statev1_sparse_seed44_20261010_115525_500394_e6195a47,dqn,44,v1,sparse,945,37225,50.0,6,32,0.05,0.9057642966508865,36226,True,False,True,13.749301124946214
baseline100k_dqn_statev1_sparse_seed44_20261010_115525_500394_e6195a47,dqn,44,v1,sparse,946,37302,70.0,8,77,0.05,0.8971553878350691,36303,True,False,True,13.778923082980327
baseline100k_dqn_statev1_sparse_seed44_20261010_115525_500394_e6195a47,dqn,44,v1,sparse,947,37313,0.0,1,11,0.05,0.9257131489840421,36314,True,False,True,13.783159249986056
baseline100k_dqn_statev1_sparse_seed44_20261010_115525_500394_e6195a47,dqn,44,v1,sparse,948,37403,100.0,11,90,0.05,0.8364822215504116,36404,True,False,True,13.817563541000709
baseline100k_dqn_statev1_sparse_seed44_20261010_115525_500394_e6195a47,dqn,44,v1,sparse,949,37555,170.0,18,152,0.05,0.8953211798185581,36556,True,False,True,13.875759499962442
baseline100k_dqn_statev1_sparse_seed44_20261010_115525_500394_e6195a47,dqn,44,v1,sparse,950,37701,210.0,22,146,0.05,0.9578388649715136,36702,True,False,True,13.931639374990482
baseline100k_dqn_statev1_sparse_seed44_20261010_115525_500394_e6195a47,dqn,44,v1,sparse,951,37753,60.0,7,52,0.05,0.847046132844228,36754,True,False,True,13.951248999976087
baseline100k_dqn_statev1_sparse_seed44_20261010_115525_500394_e6195a47,dqn,44,v1,sparse,952,37829,100.0,11,76,0.05,0.9150327787195381,36830,True,False,True,13.982243415957782
baseline100k_dqn_statev1_sparse_seed44_20261010_115525_500394_e6195a47,dqn,44,v1,sparse,953,37883,60.0,7,54,0.05,0.9324531566213679,36884,True,False,True,14.003351082967129
baseline100k_dqn_statev1_sparse_seed44_20261010_115525_500394_e6195a47,dqn,44,v1,sparse,954,38053,180.0,19,170,0.05,0.9160383834558374,37054,True,False,True,14.06889458297519
baseline100k_dqn_statev1_sparse_seed44_20261010_115525_500394_e6195a47,dqn,44,v1,sparse,955,38139,110.0,12,86,0.05,0.887832029267799,37140,True,False,True,14.10174333298346
baseline100k_dqn_statev1_sparse_seed44_20261010_115525_500394_e6195a47,dqn,44,v1,sparse,956,38274,140.0,15,135,0.05,0.910332089221036,37275,True,False,True,14.153297499986365
baseline100k_dqn_statev1_sparse_seed44_20261010_115525_500394_e6195a47,dqn,44,v1,sparse,957,38354,110.0,12,80,0.05,0.9446168418973684,37355,True,False,True,14.183754500001669
baseline100k_dqn_statev1_sparse_seed44_20261010_115525_500394_e6195a47,dqn,44,v1,sparse,958,38470,130.0,14,116,0.05,0.9161393814559641,37471,True,False,True,14.227841207990423
baseline100k_dqn_statev1_sparse_seed44_20261010_115525_500394_e6195a47,dqn,44,v1,sparse,959,38536,70.0,8,66,0.05,0.9271322502331301,37537,True,False,True,14.253203790984116
baseline100k_dqn_statev1_sparse_seed44_20261010_115525_500394_e6195a47,dqn,44,v1,sparse,960,38557,0.0,1,21,0.05,0.8940335100605374,37558,True,False,True,14.261360624979716
baseline100k_dqn_statev1_sparse_seed44_20261010_115525_500394_e6195a47,dqn,44,v1,sparse,961,38638,90.0,10,81,0.05,0.9279306611897032,37639,True,False,True,14.292573040991556
baseline100k_dqn_statev1_sparse_seed44_20261010_115525_500394_e6195a47,dqn,44,v1,sparse,962,38664,20.0,3,26,0.05,0.9218062873070056,37665,True,False,True,14.302469957969151
baseline100k_dqn_statev1_sparse_seed44_20261010_115525_500394_e6195a47,dqn,44,v1,sparse,963,38719,60.0,7,55,0.05,0.9676386903632771,37720,True,False,True,14.323360290960409
baseline100k_dqn_statev1_sparse_seed44_20261010_115525_500394_e6195a47,dqn,44,v1,sparse,964,38818,80.0,9,99,0.05,0.8462043055380234,37819,True,False,True,14.361117207969073
baseline100k_dqn_statev1_sparse_seed44_20261010_115525_500394_e6195a47,dqn,44,v1,sparse,965,38885,40.0,5,67,0.05,0.9322871881634441,37886,True,False,True,14.386397499998566
baseline100k_dqn_statev1_sparse_seed44_20261010_115525_500394_e6195a47,dqn,44,v1,sparse,966,38938,30.0,4,53,0.05,0.955846018948645,37939,True,False,True,14.40646604099311
baseline100k_dqn_statev1_sparse_seed44_20261010_115525_500394_e6195a47,dqn,44,v1,sparse,967,38986,60.0,7,48,0.05,0.94496767471234,37987,True,False,True,14.424705415964127
baseline100k_dqn_statev1_sparse_seed44_20261010_115525_500394_e6195a47,dqn,44,v1,sparse,968,39104,110.0,12,118,0.05,0.8707432019508491,38105,True,False,True,14.469599332951475
baseline100k_dqn_statev1_sparse_seed44_20261010_115525_500394_e6195a47,dqn,44,v1,sparse,969,39223,130.0,14,119,0.05,0.8877604726482841,38224,True,False,True,14.5145972079481
baseline100k_dqn_statev1_sparse_seed44_20261010_115525_500394_e6195a47,dqn,44,v1,sparse,970,39339,160.0,17,116,0.05,0.8814453688161127,38340,True,False,True,14.55891616595909
baseline100k_dqn_statev1_sparse_seed44_20261010_115525_500394_e6195a47,dqn,44,v1,sparse,971,39457,120.0,13,118,0.05,0.877458454693778,38458,True,False,True,14.604021124949213
baseline100k_dqn_statev1_sparse_seed44_20261010_115525_500394_e6195a47,dqn,44,v1,sparse,972,39620,200.0,21,163,0.05,0.8822598459164789,38621,True,False,True,14.666036207985599
baseline100k_dqn_statev1_sparse_seed44_20261010_115525_500394_e6195a47,dqn,44,v1,sparse,973,39671,60.0,7,51,0.05,0.8833466984477698,38672,True,False,True,14.685531540948432
baseline100k_dqn_statev1_sparse_seed44_20261010_115525_500394_e6195a47,dqn,44,v1,sparse,974,39781,120.0,13,110,0.05,0.8496921780434522,38782,True,False,True,14.727685957972426
baseline100k_dqn_statev1_sparse_seed44_20261010_115525_500394_e6195a47,dqn,44,v1,sparse,975,39887,110.0,12,106,0.05,0.854817529331963,38888,True,False,True,14.7684759159456
baseline100k_dqn_statev1_sparse_seed44_20261010_115525_500394_e6195a47,dqn,44,v1,sparse,976,40060,160.0,17,173,0.05,0.8754909192723346,39061,True,False,True,14.834509832959156
baseline100k_dqn_statev1_sparse_seed44_20261010_115525_500394_e6195a47,dqn,44,v1,sparse,977,40181,140.0,15,121,0.05,0.9269936897537925,39182,True,False,True,14.880856332951225
baseline100k_dqn_statev1_sparse_seed44_20261010_115525_500394_e6195a47,dqn,44,v1,sparse,978,40288,150.0,16,107,0.05,0.9196442170677898,39289,True,False,True,14.921486499952152
baseline100k_dqn_statev1_sparse_seed44_20261010_115525_500394_e6195a47,dqn,44,v1,sparse,979,40298,10.0,2,10,0.05,0.7177309215068817,39299,True,False,True,14.92541024996899
baseline100k_dqn_statev1_sparse_seed44_20261010_115525_500394_e6195a47,dqn,44,v1,sparse,980,40492,230.0,24,194,0.05,0.9545565677672317,39493,True,False,True,14.999280415999237
baseline100k_dqn_statev1_sparse_seed44_20261010_115525_500394_e6195a47,dqn,44,v1,sparse,981,40506,20.0,3,14,0.05,0.9856514866862979,39507,True,False,True,15.004646082990803
baseline100k_dqn_statev1_sparse_seed44_20261010_115525_500394_e6195a47,dqn,44,v1,sparse,982,40664,150.0,16,158,0.05,0.9448075556679617,39665,True,False,True,15.064728082972579
baseline100k_dqn_statev1_sparse_seed44_20261010_115525_500394_e6195a47,dqn,44,v1,sparse,983,40754,120.0,13,90,0.05,0.9128329690959719,39755,True,False,True,15.098852540948428
baseline100k_dqn_statev1_sparse_seed44_20261010_115525_500394_e6195a47,dqn,44,v1,sparse,984,40839,100.0,11,85,0.05,0.9542620536159067,39840,True,False,True,15.131409290945157
baseline100k_dqn_statev1_sparse_seed44_20261010_115525_500394_e6195a47,dqn,44,v1,sparse,985,40858,20.0,3,19,0.05,1.0800013322579234,39859,True,False,True,15.138688040955458
baseline100k_dqn_statev1_sparse_seed44_20261010_115525_500394_e6195a47,dqn,44,v1,sparse,986,40966,150.0,16,108,0.05,0.9580767082947271,39967,True,False,True,15.179441832995508
baseline100k_dqn_statev1_sparse_seed44_20261010_115525_500394_e6195a47,dqn,44,v1,sparse,987,41016,50.0,6,50,0.05,0.8930847495794296,40017,True,False,True,15.198490290960763
baseline100k_dqn_statev1_sparse_seed44_20261010_115525_500394_e6195a47,dqn,44,v1,sparse,988,41138,140.0,15,122,0.05,0.8819668637435945,40139,True,False,True,15.244893040973693
baseline100k_dqn_statev1_sparse_seed44_20261010_115525_500394_e6195a47,dqn,44,v1,sparse,989,41175,50.0,6,37,0.05,0.9031790140512828,40176,True,False,True,15.259253790951334
baseline100k_dqn_statev1_sparse_seed44_20261010_115525_500394_e6195a47,dqn,44,v1,sparse,990,41208,20.0,3,33,0.05,0.9403029644128048,40209,True,False,True,15.271992750000209
baseline100k_dqn_statev1_sparse_seed44_20261010_115525_500394_e6195a47,dqn,44,v1,sparse,991,41345,170.0,18,137,0.05,0.9250828090810428,40346,True,False,True,15.324206790945027
baseline100k_dqn_statev1_sparse_seed44_20261010_115525_500394_e6195a47,dqn,44,v1,sparse,992,41471,130.0,14,126,0.05,0.9537351583204572,40472,True,False,True,15.373241082997993
baseline100k_dqn_statev1_sparse_seed44_20261010_115525_500394_e6195a47,dqn,44,v1,sparse,993,41593,140.0,15,122,0.05,0.9375734412279285,40594,True,False,True,15.42088645795593
baseline100k_dqn_statev1_sparse_seed44_20261010_115525_500394_e6195a47,dqn,44,v1,sparse,994,41723,130.0,14,130,0.05,0.9035446604857078,40724,True,False,True,15.470518707996234
baseline100k_dqn_statev1_sparse_seed44_20261010_115525_500394_e6195a47,dqn,44,v1,sparse,995,41820,110.0,12,97,0.05,0.9623004763396745,40821,True,False,True,15.508110707974993
baseline100k_dqn_statev1_sparse_seed44_20261010_115525_500394_e6195a47,dqn,44,v1,sparse,996,41850,20.0,3,30,0.05,0.9905490954717,40851,True,False,True,15.51962429098785
baseline100k_dqn_statev1_sparse_seed44_20261010_115525_500394_e6195a47,dqn,44,v1,sparse,997,42159,310.0,32,309,0.05,0.9225863140667141,41160,True,False,True,15.638357165968046
baseline100k_dqn_statev1_sparse_seed44_20261010_115525_500394_e6195a47,dqn,44,v1,sparse,998,42273,140.0,15,114,0.05,0.9212614710916552,41274,True,False,True,15.682180707983207
baseline100k_dqn_statev1_sparse_seed44_20261010_115525_500394_e6195a47,dqn,44,v1,sparse,999,42457,250.0,26,184,0.05,0.9127960182402445,41458,True,False,True,15.753351499966811
baseline100k_dqn_statev1_sparse_seed44_20261010_115525_500394_e6195a47,dqn,44,v1,sparse,1000,42545,90.0,10,88,0.05,0.934292537922209,41546,True,False,True,15.787159250001423
baseline100k_dqn_statev1_sparse_seed44_20261010_115525_500394_e6195a47,dqn,44,v1,sparse,1001,42592,30.0,4,47,0.05,0.8510182040168884,41593,True,False,True,15.807274082966615
baseline100k_dqn_statev1_sparse_seed44_20261010_115525_500394_e6195a47,dqn,44,v1,sparse,1002,42675,100.0,11,83,0.05,0.9191898868744632,41676,True,False,True,15.839485040982254
baseline100k_dqn_statev1_sparse_seed44_20261010_115525_500394_e6195a47,dqn,44,v1,sparse,1003,42819,160.0,17,144,0.05,0.917156864475045,41820,True,False,True,15.895071624952834
baseline100k_dqn_statev1_sparse_seed44_20261010_115525_500394_e6195a47,dqn,44,v1,sparse,1004,42820,-10.0,0,1,0.05,0.8582353591918945,41821,True,False,True,15.895482124993578
baseline100k_dqn_statev1_sparse_seed44_20261010_115525_500394_e6195a47,dqn,44,v1,sparse,1005,42931,100.0,11,111,0.05,0.8799444463875916,41932,True,False,True,15.938375749974512
baseline100k_dqn_statev1_sparse_seed44_20261010_115525_500394_e6195a47,dqn,44,v1,sparse,1006,43048,140.0,15,117,0.05,0.9071132780140282,42049,True,False,True,15.983491124992725
baseline100k_dqn_statev1_sparse_seed44_20261010_115525_500394_e6195a47,dqn,44,v1,sparse,1007,43132,120.0,13,84,0.05,0.9350267570643198,42133,True,False,True,16.016081957961433
baseline100k_dqn_statev1_sparse_seed44_20261010_115525_500394_e6195a47,dqn,44,v1,sparse,1008,43245,100.0,11,113,0.05,0.9009087038251151,42246,True,False,True,16.05933570797788
baseline100k_dqn_statev1_sparse_seed44_20261010_115525_500394_e6195a47,dqn,44,v1,sparse,1009,43332,90.0,10,87,0.05,0.9102331858941879,42333,True,False,True,16.09301862498978
baseline100k_dqn_statev1_sparse_seed44_20261010_115525_500394_e6195a47,dqn,44,v1,sparse,1010,43395,70.0,8,63,0.05,0.9590488899321783,42396,True,False,True,16.11784824996721
baseline100k_dqn_statev1_sparse_seed44_20261010_115525_500394_e6195a47,dqn,44,v1,sparse,1011,43553,190.0,20,158,0.05,0.960777623366706,42554,True,False,True,16.1825601659948
baseline100k_dqn_statev1_sparse_seed44_20261010_115525_500394_e6195a47,dqn,44,v1,sparse,1012,43654,160.0,17,101,0.05,0.944519444562421,42655,True,False,True,16.223655582987703
baseline100k_dqn_statev1_sparse_seed44_20261010_115525_500394_e6195a47,dqn,44,v1,sparse,1013,43708,60.0,7,54,0.05,0.9356992377175225,42709,True,False,True,16.24445466598263
baseline100k_dqn_statev1_sparse_seed44_20261010_115525_500394_e6195a47,dqn,44,v1,sparse,1014,43735,10.0,2,27,0.05,0.9223735707777517,42736,True,False,True,16.25500295800157
baseline100k_dqn_statev1_sparse_seed44_20261010_115525_500394_e6195a47,dqn,44,v1,sparse,1015,43802,110.0,12,67,0.05,0.932075408190044,42803,True,False,True,16.280643832986243
baseline100k_dqn_statev1_sparse_seed44_20261010_115525_500394_e6195a47,dqn,44,v1,sparse,1016,43997,210.0,22,195,0.05,0.9473675280809403,42998,True,False,True,16.355470582959242
baseline100k_dqn_statev1_sparse_seed44_20261010_115525_500394_e6195a47,dqn,44,v1,sparse,1017,44137,180.0,19,140,0.05,0.9064898490905762,43138,True,False,True,16.41035387496231
baseline100k_dqn_statev1_sparse_seed44_20261010_115525_500394_e6195a47,dqn,44,v1,sparse,1018,44236,130.0,14,99,0.05,0.8698040201808467,43237,True,False,True,16.44888749998063
baseline100k_dqn_statev1_sparse_seed44_20261010_115525_500394_e6195a47,dqn,44,v1,sparse,1019,44332,120.0,13,96,0.05,0.961110571709772,43333,True,False,True,16.486124249990098
baseline100k_dqn_statev1_sparse_seed44_20261010_115525_500394_e6195a47,dqn,44,v1,sparse,1020,44509,240.0,25,177,0.05,0.9497323999297147,43510,True,False,True,16.554390082950704
baseline100k_dqn_statev1_sparse_seed44_20261010_115525_500394_e6195a47,dqn,44,v1,sparse,1021,44603,110.0,12,94,0.05,0.901298795291718,43604,True,False,True,16.59058841597289
baseline100k_dqn_statev1_sparse_seed44_20261010_115525_500394_e6195a47,dqn,44,v1,sparse,1022,44631,30.0,4,28,0.05,1.0532326528004237,43632,True,False,True,16.601455249998253
baseline100k_dqn_statev1_sparse_seed44_20261010_115525_500394_e6195a47,dqn,44,v1,sparse,1023,44719,80.0,9,88,0.05,0.8803671192039143,43720,True,False,True,16.634990332997404
baseline100k_dqn_statev1_sparse_seed44_20261010_115525_500394_e6195a47,dqn,44,v1,sparse,1024,44796,90.0,10,77,0.05,0.9113608277463293,43797,True,False,True,16.664784165972378
baseline100k_dqn_statev1_sparse_seed44_20261010_115525_500394_e6195a47,dqn,44,v1,sparse,1025,45051,250.0,26,255,0.05,0.9453207928760379,44052,True,False,True,16.763398082985077
baseline100k_dqn_statev1_sparse_seed44_20261010_115525_500394_e6195a47,dqn,44,v1,sparse,1026,45136,90.0,10,85,0.05,0.9277935301556307,44137,True,False,True,16.79636733297957
baseline100k_dqn_statev1_sparse_seed44_20261010_115525_500394_e6195a47,dqn,44,v1,sparse,1027,45288,140.0,15,152,0.05,0.8997249178784458,44289,True,False,True,16.855756082979497
baseline100k_dqn_statev1_sparse_seed44_20261010_115525_500394_e6195a47,dqn,44,v1,sparse,1028,45375,90.0,10,87,0.05,0.9449668009390776,44376,True,False,True,16.890222540998366
baseline100k_dqn_statev1_sparse_seed44_20261010_115525_500394_e6195a47,dqn,44,v1,sparse,1029,45481,110.0,12,106,0.05,0.9120545361964207,44482,True,False,True,16.93214008299401
baseline100k_dqn_statev1_sparse_seed44_20261010_115525_500394_e6195a47,dqn,44,v1,sparse,1030,45665,170.0,18,184,0.05,0.9503149897184061,44666,True,False,True,17.003496874996927
baseline100k_dqn_statev1_sparse_seed44_20261010_115525_500394_e6195a47,dqn,44,v1,sparse,1031,45907,260.0,27,242,0.05,0.9679950178901026,44908,True,False,True,17.09644820797257
baseline100k_dqn_statev1_sparse_seed44_20261010_115525_500394_e6195a47,dqn,44,v1,sparse,1032,46064,190.0,20,157,0.05,0.9492293527931165,45065,True,False,True,17.15700583299622
baseline100k_dqn_statev1_sparse_seed44_20261010_115525_500394_e6195a47,dqn,44,v1,sparse,1033,46109,80.0,9,45,0.05,0.9656583223077986,45110,True,False,True,17.189427624980453
baseline100k_dqn_statev1_sparse_seed44_20261010_115525_500394_e6195a47,dqn,44,v1,sparse,1034,46162,60.0,7,53,0.05,0.9381725535077868,45163,True,False,True,17.210475457948633
baseline100k_dqn_statev1_sparse_seed44_20261010_115525_500394_e6195a47,dqn,44,v1,sparse,1035,46210,60.0,7,48,0.05,0.9726029466837645,45211,True,False,True,17.22939683299046
baseline100k_dqn_statev1_sparse_seed44_20261010_115525_500394_e6195a47,dqn,44,v1,sparse,1036,46320,130.0,14,110,0.05,0.9101140683347528,45321,True,False,True,17.271996374998707
baseline100k_dqn_statev1_sparse_seed44_20261010_115525_500394_e6195a47,dqn,44,v1,sparse,1037,46419,90.0,10,99,0.05,0.8722124873387693,45420,True,False,True,17.309950249968097
baseline100k_dqn_statev1_sparse_seed44_20261010_115525_500394_e6195a47,dqn,44,v1,sparse,1038,46526,140.0,15,107,0.05,0.9442840256145068,45527,True,False,True,17.350746290991083
baseline100k_dqn_statev1_sparse_seed44_20261010_115525_500394_e6195a47,dqn,44,v1,sparse,1039,46698,150.0,16,172,0.05,0.8955844680583754,45699,True,False,True,17.416229749971535
baseline100k_dqn_statev1_sparse_seed44_20261010_115525_500394_e6195a47,dqn,44,v1,sparse,1040,46727,10.0,2,29,0.05,0.9034224984974697,45728,True,False,True,17.427234915958252
baseline100k_dqn_statev1_sparse_seed44_20261010_115525_500394_e6195a47,dqn,44,v1,sparse,1041,46798,50.0,6,71,0.05,0.9056841118234984,45799,True,False,True,17.45446404098766
baseline100k_dqn_statev1_sparse_seed44_20261010_115525_500394_e6195a47,dqn,44,v1,sparse,1042,46941,170.0,18,143,0.05,0.8862130660693962,45942,True,False,True,17.50944679096574
baseline100k_dqn_statev1_sparse_seed44_20261010_115525_500394_e6195a47,dqn,44,v1,sparse,1043,47087,210.0,22,146,0.05,0.9393132010551348,46088,True,False,True,17.565023832954466
baseline100k_dqn_statev1_sparse_seed44_20261010_115525_500394_e6195a47,dqn,44,v1,sparse,1044,47111,10.0,2,24,0.05,1.007339706023534,46112,True,False,True,17.57421491597779
baseline100k_dqn_statev1_sparse_seed44_20261010_115525_500394_e6195a47,dqn,44,v1,sparse,1045,47138,20.0,3,27,0.05,0.9881590659971591,46139,True,False,True,17.584484499995597
baseline100k_dqn_statev1_sparse_seed44_20261010_115525_500394_e6195a47,dqn,44,v1,sparse,1046,47347,260.0,27,209,0.05,0.9272911872304798,46348,True,False,True,17.66395041596843
baseline100k_dqn_statev1_sparse_seed44_20261010_115525_500394_e6195a47,dqn,44,v1,sparse,1047,47457,110.0,12,110,0.05,0.9550234293395823,46458,True,False,True,17.70578591595404
baseline100k_dqn_statev1_sparse_seed44_20261010_115525_500394_e6195a47,dqn,44,v1,sparse,1048,47567,100.0,11,110,0.05,0.9878049528056925,46568,True,False,True,17.74791712500155
baseline100k_dqn_statev1_sparse_seed44_20261010_115525_500394_e6195a47,dqn,44,v1,sparse,1049,47700,130.0,14,133,0.05,0.9391638715016214,46701,True,False,True,17.8144350409857
baseline100k_dqn_statev1_sparse_seed44_20261010_115525_500394_e6195a47,dqn,44,v1,sparse,1050,47752,70.0,8,52,0.05,0.9191478783121476,46753,True,False,True,17.83468783297576
baseline100k_dqn_statev1_sparse_seed44_20261010_115525_500394_e6195a47,dqn,44,v1,sparse,1051,47808,60.0,7,56,0.05,0.9878723174333572,46809,True,False,True,17.8561287909979
baseline100k_dqn_statev1_sparse_seed44_20261010_115525_500394_e6195a47,dqn,44,v1,sparse,1052,47815,0.0,1,7,0.05,0.8190512018544334,46816,True,False,True,17.858841999957804
baseline100k_dqn_statev1_sparse_seed44_20261010_115525_500394_e6195a47,dqn,44,v1,sparse,1053,47894,100.0,11,79,0.05,0.9033455116839348,46895,True,False,True,17.890026332985144
baseline100k_dqn_statev1_sparse_seed44_20261010_115525_500394_e6195a47,dqn,44,v1,sparse,1054,48012,140.0,15,118,0.05,0.9981613676931899,47013,True,False,True,17.935467624978628
baseline100k_dqn_statev1_sparse_seed44_20261010_115525_500394_e6195a47,dqn,44,v1,sparse,1055,48175,170.0,18,163,0.05,0.9319273215130063,47176,True,False,True,17.997711499978323
baseline100k_dqn_statev1_sparse_seed44_20261010_115525_500394_e6195a47,dqn,44,v1,sparse,1056,48303,130.0,14,128,0.05,0.9591905297711492,47304,True,False,True,18.046155874966644
baseline100k_dqn_statev1_sparse_seed44_20261010_115525_500394_e6195a47,dqn,44,v1,sparse,1057,48390,110.0,12,87,0.05,0.9157407756509452,47391,True,False,True,18.079478790983558
baseline100k_dqn_statev1_sparse_seed44_20261010_115525_500394_e6195a47,dqn,44,v1,sparse,1058,48428,40.0,5,38,0.05,0.9515786735635055,47429,True,False,True,18.093931624956895
baseline100k_dqn_statev1_sparse_seed44_20261010_115525_500394_e6195a47,dqn,44,v1,sparse,1059,48550,140.0,15,122,0.05,0.9747910682783753,47551,True,False,True,18.140262040949892
baseline100k_dqn_statev1_sparse_seed44_20261010_115525_500394_e6195a47,dqn,44,v1,sparse,1060,48699,170.0,18,149,0.05,0.9139043094727817,47700,True,False,True,18.197260040964466
baseline100k_dqn_statev1_sparse_seed44_20261010_115525_500394_e6195a47,dqn,44,v1,sparse,1061,48739,40.0,5,40,0.05,0.9162612274289131,47740,True,False,True,18.21241433295654
baseline100k_dqn_statev1_sparse_seed44_20261010_115525_500394_e6195a47,dqn,44,v1,sparse,1062,48945,220.0,23,206,0.05,0.9571694125538891,47946,True,False,True,18.290627124952152
baseline100k_dqn_statev1_sparse_seed44_20261010_115525_500394_e6195a47,dqn,44,v1,sparse,1063,49076,160.0,17,131,0.05,0.9515546653561919,48077,True,False,True,18.340237082971726
baseline100k_dqn_statev1_sparse_seed44_20261010_115525_500394_e6195a47,dqn,44,v1,sparse,1064,49138,70.0,8,62,0.05,0.9958581126505329,48139,True,False,True,18.3642489159829
baseline100k_dqn_statev1_sparse_seed44_20261010_115525_500394_e6195a47,dqn,44,v1,sparse,1065,49220,100.0,11,82,0.05,1.0323062728090984,48221,True,False,True,18.39569399994798
baseline100k_dqn_statev1_sparse_seed44_20261010_115525_500394_e6195a47,dqn,44,v1,sparse,1066,49323,110.0,12,103,0.05,0.9276444697843015,48324,True,False,True,18.434664624975994
baseline100k_dqn_statev1_sparse_seed44_20261010_115525_500394_e6195a47,dqn,44,v1,sparse,1067,49451,130.0,14,128,0.05,1.052804141305387,48452,True,False,True,18.483691124944016
baseline100k_dqn_statev1_sparse_seed44_20261010_115525_500394_e6195a47,dqn,44,v1,sparse,1068,49463,0.0,1,12,0.05,1.1387715935707092,48464,True,False,True,18.488237957993988
baseline100k_dqn_statev1_sparse_seed44_20261010_115525_500394_e6195a47,dqn,44,v1,sparse,1069,49481,20.0,3,18,0.05,0.9336415727933248,48482,True,False,True,18.495146040979307
baseline100k_dqn_statev1_sparse_seed44_20261010_115525_500394_e6195a47,dqn,44,v1,sparse,1070,49592,110.0,12,111,0.05,0.951364112598402,48593,True,False,True,18.537179290957283
baseline100k_dqn_statev1_sparse_seed44_20261010_115525_500394_e6195a47,dqn,44,v1,sparse,1071,49690,90.0,10,98,0.05,0.9283899570606193,48691,True,False,True,18.575356957968324
baseline100k_dqn_statev1_sparse_seed44_20261010_115525_500394_e6195a47,dqn,44,v1,sparse,1072,49792,140.0,15,102,0.05,0.9632453944753198,48793,True,False,True,18.614186291000806
baseline100k_dqn_statev1_sparse_seed44_20261010_115525_500394_e6195a47,dqn,44,v1,sparse,1073,49952,150.0,16,160,0.05,0.9699860574677587,48953,True,False,True,18.676063082995825
baseline100k_dqn_statev1_sparse_seed44_20261010_115525_500394_e6195a47,dqn,44,v1,sparse,1074,49996,60.0,7,44,0.05,0.9936374960975214,48997,True,False,True,18.69303212495288
baseline100k_dqn_statev1_sparse_seed44_20261010_115525_500394_e6195a47,dqn,44,v1,sparse,1075,50055,70.0,8,59,0.05,0.9765128417540405,49056,True,False,True,18.71584904094925
baseline100k_dqn_statev1_sparse_seed44_20261010_115525_500394_e6195a47,dqn,44,v1,sparse,1076,50273,210.0,22,218,0.05,0.9668164887559523,49274,True,False,True,18.800381832988933
baseline100k_dqn_statev1_sparse_seed44_20261010_115525_500394_e6195a47,dqn,44,v1,sparse,1077,50440,150.0,16,167,0.05,0.9872430066862506,49441,True,False,True,18.86462795798434
baseline100k_dqn_statev1_sparse_seed44_20261010_115525_500394_e6195a47,dqn,44,v1,sparse,1078,50562,140.0,15,122,0.05,0.9506083714668868,49563,True,False,True,18.911703832971398
baseline100k_dqn_statev1_sparse_seed44_20261010_115525_500394_e6195a47,dqn,44,v1,sparse,1079,50655,120.0,13,93,0.05,0.9888639863460295,49656,True,False,True,18.947254582948517
baseline100k_dqn_statev1_sparse_seed44_20261010_115525_500394_e6195a47,dqn,44,v1,sparse,1080,50685,40.0,5,30,0.05,0.9120890289545059,49686,True,False,True,18.958778832980897
baseline100k_dqn_statev1_sparse_seed44_20261010_115525_500394_e6195a47,dqn,44,v1,sparse,1081,50883,230.0,24,198,0.05,0.9837713908366482,49884,True,False,True,19.037161415966693
baseline100k_dqn_statev1_sparse_seed44_20261010_115525_500394_e6195a47,dqn,44,v1,sparse,1082,50998,140.0,15,115,0.05,0.9660708681396816,49999,True,False,True,19.081625082995743
baseline100k_dqn_statev1_sparse_seed44_20261010_115525_500394_e6195a47,dqn,44,v1,sparse,1083,51040,30.0,4,42,0.05,1.0988239213114692,50041,True,False,True,19.097875624953303
baseline100k_dqn_statev1_sparse_seed44_20261010_115525_500394_e6195a47,dqn,44,v1,sparse,1084,51185,160.0,17,145,0.05,0.9564572291127567,50186,True,False,True,19.153718249988742
baseline100k_dqn_statev1_sparse_seed44_20261010_115525_500394_e6195a47,dqn,44,v1,sparse,1085,51202,0.0,1,17,0.05,0.9419444659176994,50203,True,False,True,19.1602713749744
baseline100k_dqn_statev1_sparse_seed44_20261010_115525_500394_e6195a47,dqn,44,v1,sparse,1086,51295,90.0,10,93,0.05,0.9532189801816018,50296,True,False,True,19.195643207989633
baseline100k_dqn_statev1_sparse_seed44_20261010_115525_500394_e6195a47,dqn,44,v1,sparse,1087,51362,90.0,10,67,0.05,0.9598989121949495,50363,True,False,True,19.22144816594664
baseline100k_dqn_statev1_sparse_seed44_20261010_115525_500394_e6195a47,dqn,44,v1,sparse,1088,51437,80.0,9,75,0.05,0.998522576491038,50438,True,False,True,19.250164832978044
baseline100k_dqn_statev1_sparse_seed44_20261010_115525_500394_e6195a47,dqn,44,v1,sparse,1089,51697,280.0,29,260,0.05,0.9984989523887634,50698,True,False,True,19.350836874975357
baseline100k_dqn_statev1_sparse_seed44_20261010_115525_500394_e6195a47,dqn,44,v1,sparse,1090,51830,170.0,18,133,0.05,0.9599853908657131,50831,True,False,True,19.403188374999445
baseline100k_dqn_statev1_sparse_seed44_20261010_115525_500394_e6195a47,dqn,44,v1,sparse,1091,51899,80.0,9,69,0.05,0.990359051503997,50900,True,False,True,19.430262540990952
baseline100k_dqn_statev1_sparse_seed44_20261010_115525_500394_e6195a47,dqn,44,v1,sparse,1092,52040,200.0,21,141,0.05,0.9618242374548676,51041,True,False,True,19.484792415983975
baseline100k_dqn_statev1_sparse_seed44_20261010_115525_500394_e6195a47,dqn,44,v1,sparse,1093,52156,120.0,13,116,0.05,0.953896681553331,51157,True,False,True,19.52955545799341
baseline100k_dqn_statev1_sparse_seed44_20261010_115525_500394_e6195a47,dqn,44,v1,sparse,1094,52224,80.0,9,68,0.05,0.9721980769844616,51225,True,False,True,19.555875207995996
baseline100k_dqn_statev1_sparse_seed44_20261010_115525_500394_e6195a47,dqn,44,v1,sparse,1095,52262,20.0,3,38,0.05,0.9415999807809529,51263,True,False,True,19.570468249963596
baseline100k_dqn_statev1_sparse_seed44_20261010_115525_500394_e6195a47,dqn,44,v1,sparse,1096,52462,220.0,23,200,0.05,1.0027617824077606,51463,True,False,True,19.648298165993765
baseline100k_dqn_statev1_sparse_seed44_20261010_115525_500394_e6195a47,dqn,44,v1,sparse,1097,52593,160.0,17,131,0.05,0.960353099662839,51594,True,False,True,19.69860979099758
baseline100k_dqn_statev1_sparse_seed44_20261010_115525_500394_e6195a47,dqn,44,v1,sparse,1098,52706,120.0,13,113,0.05,0.9582977252723897,51707,True,False,True,19.742891624977347
baseline100k_dqn_statev1_sparse_seed44_20261010_115525_500394_e6195a47,dqn,44,v1,sparse,1099,52765,70.0,8,59,0.05,1.0005983962851055,51766,True,False,True,19.765975499991328
baseline100k_dqn_statev1_sparse_seed44_20261010_115525_500394_e6195a47,dqn,44,v1,sparse,1100,52823,60.0,7,58,0.05,1.0023651549528385,51824,True,False,True,19.78827087499667
baseline100k_dqn_statev1_sparse_seed44_20261010_115525_500394_e6195a47,dqn,44,v1,sparse,1101,52953,130.0,14,130,0.05,1.0146741863053579,51954,True,False,True,19.840095665946137
baseline100k_dqn_statev1_sparse_seed44_20261010_115525_500394_e6195a47,dqn,44,v1,sparse,1102,53077,150.0,16,124,0.05,1.0218240219739176,52078,True,False,True,19.887989624985494
baseline100k_dqn_statev1_sparse_seed44_20261010_115525_500394_e6195a47,dqn,44,v1,sparse,1103,53163,130.0,14,86,0.05,1.0138997303885082,52164,True,False,True,19.92136437498266
baseline100k_dqn_statev1_sparse_seed44_20261010_115525_500394_e6195a47,dqn,44,v1,sparse,1104,53382,250.0,26,219,0.05,1.0396857702568785,52383,True,False,True,20.006053082994185
baseline100k_dqn_statev1_sparse_seed44_20261010_115525_500394_e6195a47,dqn,44,v1,sparse,1105,53514,100.0,11,132,0.05,0.9737503345717083,52515,True,False,True,20.05709116597427
baseline100k_dqn_statev1_sparse_seed44_20261010_115525_500394_e6195a47,dqn,44,v1,sparse,1106,53563,60.0,7,49,0.05,1.0189419644219535,52564,True,False,True,20.075828665983863
baseline100k_dqn_statev1_sparse_seed44_20261010_115525_500394_e6195a47,dqn,44,v1,sparse,1107,53641,70.0,8,78,0.05,0.989602343012125,52642,True,False,True,20.105816999974195
baseline100k_dqn_statev1_sparse_seed44_20261010_115525_500394_e6195a47,dqn,44,v1,sparse,1108,53642,-10.0,0,1,0.05,1.722808599472046,52643,True,False,True,20.1062194579863
baseline100k_dqn_statev1_sparse_seed44_20261010_115525_500394_e6195a47,dqn,44,v1,sparse,1109,53686,50.0,6,44,0.05,1.0270464433865114,52687,True,False,True,20.123335624986794
baseline100k_dqn_statev1_sparse_seed44_20261010_115525_500394_e6195a47,dqn,44,v1,sparse,1110,53805,180.0,19,119,0.05,0.9513101920861156,52806,True,False,True,20.16914699994959
baseline100k_dqn_statev1_sparse_seed44_20261010_115525_500394_e6195a47,dqn,44,v1,sparse,1111,53901,120.0,13,96,0.05,1.00366954660664,52902,True,False,True,20.206392415973824
baseline100k_dqn_statev1_sparse_seed44_20261010_115525_500394_e6195a47,dqn,44,v1,sparse,1112,53933,30.0,4,32,0.05,1.0251585319638252,52934,True,False,True,20.218592040997464
baseline100k_dqn_statev1_sparse_seed44_20261010_115525_500394_e6195a47,dqn,44,v1,sparse,1113,54016,90.0,10,83,0.05,0.9692437275346503,53017,True,False,True,20.250743374985177
baseline100k_dqn_statev1_sparse_seed44_20261010_115525_500394_e6195a47,dqn,44,v1,sparse,1114,54254,220.0,23,238,0.05,0.9829267428702667,53255,True,False,True,20.341678457974922
baseline100k_dqn_statev1_sparse_seed44_20261010_115525_500394_e6195a47,dqn,44,v1,sparse,1115,54473,250.0,26,219,0.05,0.9583290307761327,53474,True,False,True,20.427097374980804
baseline100k_dqn_statev1_sparse_seed44_20261010_115525_500394_e6195a47,dqn,44,v1,sparse,1116,54594,130.0,14,121,0.05,0.9161462766572464,53595,True,False,True,20.47354220796842
baseline100k_dqn_statev1_sparse_seed44_20261010_115525_500394_e6195a47,dqn,44,v1,sparse,1117,54689,120.0,13,95,0.05,0.9404324857812179,53690,True,False,True,20.509894915972836
baseline100k_dqn_statev1_sparse_seed44_20261010_115525_500394_e6195a47,dqn,44,v1,sparse,1118,54731,60.0,7,42,0.05,0.9221231320074627,53732,True,False,True,20.526078665978275
baseline100k_dqn_statev1_sparse_seed44_20261010_115525_500394_e6195a47,dqn,44,v1,sparse,1119,54792,80.0,9,61,0.05,0.9361143205009523,53793,True,False,True,20.549431457999162
baseline100k_dqn_statev1_sparse_seed44_20261010_115525_500394_e6195a47,dqn,44,v1,sparse,1120,54950,180.0,19,158,0.05,0.9369276594134825,53951,True,False,True,20.609824415994808
baseline100k_dqn_statev1_sparse_seed44_20261010_115525_500394_e6195a47,dqn,44,v1,sparse,1121,55030,70.0,8,80,0.05,0.9832791544497013,54031,True,False,True,20.640465249947738
baseline100k_dqn_statev1_sparse_seed44_20261010_115525_500394_e6195a47,dqn,44,v1,sparse,1122,55143,130.0,14,113,0.05,0.9733861843041615,54144,True,False,True,20.683683082985226
baseline100k_dqn_statev1_sparse_seed44_20261010_115525_500394_e6195a47,dqn,44,v1,sparse,1123,55257,110.0,12,114,0.05,1.0208314346116887,54258,True,False,True,20.72735904098954
baseline100k_dqn_statev1_sparse_seed44_20261010_115525_500394_e6195a47,dqn,44,v1,sparse,1124,55400,140.0,15,143,0.05,0.9640768926877242,54401,True,False,True,20.78241641598288
baseline100k_dqn_statev1_sparse_seed44_20261010_115525_500394_e6195a47,dqn,44,v1,sparse,1125,55556,160.0,17,156,0.05,0.9462768802276025,54557,True,False,True,20.842992749996483
baseline100k_dqn_statev1_sparse_seed44_20261010_115525_500394_e6195a47,dqn,44,v1,sparse,1126,55640,110.0,12,84,0.05,0.9487218580075673,54641,True,False,True,20.875791624945123
baseline100k_dqn_statev1_sparse_seed44_20261010_115525_500394_e6195a47,dqn,44,v1,sparse,1127,55704,60.0,7,64,0.05,1.0122213438153267,54705,True,False,True,20.90145279094577
baseline100k_dqn_statev1_sparse_seed44_20261010_115525_500394_e6195a47,dqn,44,v1,sparse,1128,55773,90.0,10,69,0.05,0.9584513358447863,54774,True,False,True,20.92885895795189
baseline100k_dqn_statev1_sparse_seed44_20261010_115525_500394_e6195a47,dqn,44,v1,sparse,1129,55914,140.0,15,141,0.05,1.02472685541667,54915,True,False,True,20.98318408295745
baseline100k_dqn_statev1_sparse_seed44_20261010_115525_500394_e6195a47,dqn,44,v1,sparse,1130,56009,110.0,12,95,0.05,1.0357783957531577,55010,True,False,True,21.019898499944247
baseline100k_dqn_statev1_sparse_seed44_20261010_115525_500394_e6195a47,dqn,44,v1,sparse,1131,56144,130.0,14,135,0.05,1.0293935464488135,55145,True,False,True,21.07183566596359
baseline100k_dqn_statev1_sparse_seed44_20261010_115525_500394_e6195a47,dqn,44,v1,sparse,1132,56270,140.0,15,126,0.05,1.0163526575243662,55271,True,False,True,21.11989262496354
baseline100k_dqn_statev1_sparse_seed44_20261010_115525_500394_e6195a47,dqn,44,v1,sparse,1133,56279,0.0,1,9,0.05,1.0076563192738428,55280,True,False,True,21.12342766596703
baseline100k_dqn_statev1_sparse_seed44_20261010_115525_500394_e6195a47,dqn,44,v1,sparse,1134,56404,130.0,14,125,0.05,1.008065663099289,55405,True,False,True,21.171417165955063
baseline100k_dqn_statev1_sparse_seed44_20261010_115525_500394_e6195a47,dqn,44,v1,sparse,1135,56415,10.0,2,11,0.05,0.9977271773598411,55416,True,False,True,21.175642790971324
baseline100k_dqn_statev1_sparse_seed44_20261010_115525_500394_e6195a47,dqn,44,v1,sparse,1136,56521,130.0,14,106,0.05,1.015466312754829,55522,True,False,True,21.216097624972463
baseline100k_dqn_statev1_sparse_seed44_20261010_115525_500394_e6195a47,dqn,44,v1,sparse,1137,56632,110.0,12,111,0.05,1.0501680618470854,55633,True,False,True,21.258678457990754
baseline100k_dqn_statev1_sparse_seed44_20261010_115525_500394_e6195a47,dqn,44,v1,sparse,1138,56756,110.0,12,124,0.05,0.958048042270445,55757,True,False,True,21.30867733299965
baseline100k_dqn_statev1_sparse_seed44_20261010_115525_500394_e6195a47,dqn,44,v1,sparse,1139,56862,110.0,12,106,0.05,0.9698472872095288,55863,True,False,True,21.3495600829483
baseline100k_dqn_statev1_sparse_seed44_20261010_115525_500394_e6195a47,dqn,44,v1,sparse,1140,56948,140.0,15,86,0.05,1.0475808721642161,55949,True,False,True,21.382681249990128
baseline100k_dqn_statev1_sparse_seed44_20261010_115525_500394_e6195a47,dqn,44,v1,sparse,1141,57013,100.0,11,65,0.05,1.0041047825263096,56014,True,False,True,21.407701124961022
baseline100k_dqn_statev1_sparse_seed44_20261010_115525_500394_e6195a47,dqn,44,v1,sparse,1142,57170,170.0,18,157,0.05,0.9736078590344471,56171,True,False,True,21.46791091596242
baseline100k_dqn_statev1_sparse_seed44_20261010_115525_500394_e6195a47,dqn,44,v1,sparse,1143,57330,140.0,15,160,0.05,0.962500106357038,56331,True,False,True,21.528903290978633
baseline100k_dqn_statev1_sparse_seed44_20261010_115525_500394_e6195a47,dqn,44,v1,sparse,1144,57448,140.0,15,118,0.05,0.9779284674737413,56449,True,False,True,21.574276249972172
baseline100k_dqn_statev1_sparse_seed44_20261010_115525_500394_e6195a47,dqn,44,v1,sparse,1145,57487,50.0,6,39,0.05,0.9739595689834692,56488,True,False,True,21.589279249950778
baseline100k_dqn_statev1_sparse_seed44_20261010_115525_500394_e6195a47,dqn,44,v1,sparse,1146,57598,110.0,12,111,0.05,0.9778623766190296,56599,True,False,True,21.63178566598799
baseline100k_dqn_statev1_sparse_seed44_20261010_115525_500394_e6195a47,dqn,44,v1,sparse,1147,57689,90.0,10,91,0.05,0.9341189504324735,56690,True,False,True,21.666524040978402
baseline100k_dqn_statev1_sparse_seed44_20261010_115525_500394_e6195a47,dqn,44,v1,sparse,1148,57754,70.0,8,65,0.05,0.9987889564954318,56755,True,False,True,21.691119832976256
baseline100k_dqn_statev1_sparse_seed44_20261010_115525_500394_e6195a47,dqn,44,v1,sparse,1149,57842,100.0,11,88,0.05,0.9584804837676612,56843,True,False,True,21.72505312494468
baseline100k_dqn_statev1_sparse_seed44_20261010_115525_500394_e6195a47,dqn,44,v1,sparse,1150,57855,20.0,3,13,0.05,0.9344353446593652,56856,True,False,True,21.730094582948368
baseline100k_dqn_statev1_sparse_seed44_20261010_115525_500394_e6195a47,dqn,44,v1,sparse,1151,57935,70.0,8,80,0.05,0.9784544512629509,56936,True,False,True,21.76082545798272
baseline100k_dqn_statev1_sparse_seed44_20261010_115525_500394_e6195a47,dqn,44,v1,sparse,1152,57948,10.0,2,13,0.05,1.005962834908412,56949,True,False,True,21.765933624992613
baseline100k_dqn_statev1_sparse_seed44_20261010_115525_500394_e6195a47,dqn,44,v1,sparse,1153,58057,130.0,14,109,0.05,0.9780069950523727,57058,True,False,True,21.8081086659804
baseline100k_dqn_statev1_sparse_seed44_20261010_115525_500394_e6195a47,dqn,44,v1,sparse,1154,58151,100.0,11,94,0.05,0.9672047508523819,57152,True,False,True,21.843961082980968
baseline100k_dqn_statev1_sparse_seed44_20261010_115525_500394_e6195a47,dqn,44,v1,sparse,1155,58314,200.0,21,163,0.05,0.9637676715119484,57315,True,False,True,21.906844832992647
baseline100k_dqn_statev1_sparse_seed44_20261010_115525_500394_e6195a47,dqn,44,v1,sparse,1156,58444,120.0,13,130,0.05,0.9797200698118943,57445,True,False,True,21.956815790967084
baseline100k_dqn_statev1_sparse_seed44_20261010_115525_500394_e6195a47,dqn,44,v1,sparse,1157,58641,240.0,25,197,0.05,1.0306348278740336,57642,True,False,True,22.032267290982418
baseline100k_dqn_statev1_sparse_seed44_20261010_115525_500394_e6195a47,dqn,44,v1,sparse,1158,58662,20.0,3,21,0.05,0.9766721044267926,57663,True,False,True,22.040255582949612
baseline100k_dqn_statev1_sparse_seed44_20261010_115525_500394_e6195a47,dqn,44,v1,sparse,1159,58807,170.0,18,145,0.05,0.93659998301802,57808,True,False,True,22.095647707988974
baseline100k_dqn_statev1_sparse_seed44_20261010_115525_500394_e6195a47,dqn,44,v1,sparse,1160,58845,50.0,6,38,0.05,0.9770899258161846,57846,True,False,True,22.11022733297432
baseline100k_dqn_statev1_sparse_seed44_20261010_115525_500394_e6195a47,dqn,44,v1,sparse,1161,58980,140.0,15,135,0.05,0.980326329337226,57981,True,False,True,22.161670749948826
baseline100k_dqn_statev1_sparse_seed44_20261010_115525_500394_e6195a47,dqn,44,v1,sparse,1162,59146,220.0,23,166,0.05,0.977713687233178,58147,True,False,True,22.225156165950466
baseline100k_dqn_statev1_sparse_seed44_20261010_115525_500394_e6195a47,dqn,44,v1,sparse,1163,59221,90.0,10,75,0.05,1.0284554926554361,58222,True,False,True,22.253809040994383
baseline100k_dqn_statev1_sparse_seed44_20261010_115525_500394_e6195a47,dqn,44,v1,sparse,1164,59292,70.0,8,71,0.05,0.9852608987982844,58293,True,False,True,22.281023749965243
baseline100k_dqn_statev1_sparse_seed44_20261010_115525_500394_e6195a47,dqn,44,v1,sparse,1165,59370,90.0,10,78,0.05,0.9698336984102542,58371,True,False,True,22.31060066598002
baseline100k_dqn_statev1_sparse_seed44_20261010_115525_500394_e6195a47,dqn,44,v1,sparse,1166,59461,90.0,10,91,0.05,0.9347207117211688,58462,True,False,True,22.34543049999047
baseline100k_dqn_statev1_sparse_seed44_20261010_115525_500394_e6195a47,dqn,44,v1,sparse,1167,59505,40.0,5,44,0.05,1.0118930800394579,58506,True,False,True,22.362479999952484
baseline100k_dqn_statev1_sparse_seed44_20261010_115525_500394_e6195a47,dqn,44,v1,sparse,1168,59763,300.0,31,258,0.05,0.977922266421392,58764,True,False,True,22.460421915980987
baseline100k_dqn_statev1_sparse_seed44_20261010_115525_500394_e6195a47,dqn,44,v1,sparse,1169,59861,110.0,12,98,0.05,1.001114355058086,58862,True,False,True,22.49795558297774
baseline100k_dqn_statev1_sparse_seed44_20261010_115525_500394_e6195a47,dqn,44,v1,sparse,1170,59886,20.0,3,25,0.05,0.9450755214691162,58887,True,False,True,22.507465082977433
baseline100k_dqn_statev1_sparse_seed44_20261010_115525_500394_e6195a47,dqn,44,v1,sparse,1171,59993,110.0,12,107,0.05,1.0108700681512601,58994,True,False,True,22.54849308298435
baseline100k_dqn_statev1_sparse_seed44_20261010_115525_500394_e6195a47,dqn,44,v1,sparse,1172,60085,110.0,12,92,0.05,1.024583870302076,59086,True,False,True,22.58356041595107
baseline100k_dqn_statev1_sparse_seed44_20261010_115525_500394_e6195a47,dqn,44,v1,sparse,1173,60192,130.0,14,107,0.05,1.05644542981531,59193,True,False,True,22.624514040944632
baseline100k_dqn_statev1_sparse_seed44_20261010_115525_500394_e6195a47,dqn,44,v1,sparse,1174,60270,100.0,11,78,0.05,0.9900937485389221,59271,True,False,True,22.65412041597301
baseline100k_dqn_statev1_sparse_seed44_20261010_115525_500394_e6195a47,dqn,44,v1,sparse,1175,60410,170.0,18,140,0.05,1.0186101845332554,59411,True,False,True,22.707391790987458
baseline100k_dqn_statev1_sparse_seed44_20261010_115525_500394_e6195a47,dqn,44,v1,sparse,1176,60531,120.0,13,121,0.05,1.0034757694922203,59532,True,False,True,22.754215875000227
baseline100k_dqn_statev1_sparse_seed44_20261010_115525_500394_e6195a47,dqn,44,v1,sparse,1177,60678,130.0,14,147,0.05,1.0136668868616325,59679,True,False,True,22.81098916596966
baseline100k_dqn_statev1_sparse_seed44_20261010_115525_500394_e6195a47,dqn,44,v1,sparse,1178,60773,80.0,9,95,0.05,1.020028005148235,59774,True,False,True,22.847477082978003
baseline100k_dqn_statev1_sparse_seed44_20261010_115525_500394_e6195a47,dqn,44,v1,sparse,1179,60783,0.0,1,10,0.05,1.0427951395511628,59784,True,False,True,22.851307457953226
baseline100k_dqn_statev1_sparse_seed44_20261010_115525_500394_e6195a47,dqn,44,v1,sparse,1180,60903,130.0,14,120,0.05,1.0597694175938766,59904,True,False,True,22.897417707950808
baseline100k_dqn_statev1_sparse_seed44_20261010_115525_500394_e6195a47,dqn,44,v1,sparse,1181,61039,120.0,13,136,0.05,0.9824540479218259,60040,True,False,True,22.949549124983605
baseline100k_dqn_statev1_sparse_seed44_20261010_115525_500394_e6195a47,dqn,44,v1,sparse,1182,61125,80.0,9,86,0.05,1.0381780164532883,60126,True,False,True,22.982795290998183
baseline100k_dqn_statev1_sparse_seed44_20261010_115525_500394_e6195a47,dqn,44,v1,sparse,1183,61180,60.0,7,55,0.05,1.0468008816242218,60181,True,False,True,23.00373783300165
baseline100k_dqn_statev1_sparse_seed44_20261010_115525_500394_e6195a47,dqn,44,v1,sparse,1184,61219,30.0,4,39,0.05,1.0453376578979003,60220,True,False,True,23.01855549996253
baseline100k_dqn_statev1_sparse_seed44_20261010_115525_500394_e6195a47,dqn,44,v1,sparse,1185,61312,130.0,14,93,0.05,0.9684871313392475,60313,True,False,True,23.054177915968467
baseline100k_dqn_statev1_sparse_seed44_20261010_115525_500394_e6195a47,dqn,44,v1,sparse,1186,61314,-10.0,0,2,0.05,1.0010434091091156,60315,True,False,True,23.054976374958642
baseline100k_dqn_statev1_sparse_seed44_20261010_115525_500394_e6195a47,dqn,44,v1,sparse,1187,61395,90.0,10,81,0.05,0.9671725156130614,60396,True,False,True,23.086002290947363
baseline100k_dqn_statev1_sparse_seed44_20261010_115525_500394_e6195a47,dqn,44,v1,sparse,1188,61561,200.0,21,166,0.05,0.9904171285859074,60562,True,False,True,23.149535249976907
baseline100k_dqn_statev1_sparse_seed44_20261010_115525_500394_e6195a47,dqn,44,v1,sparse,1189,61640,70.0,8,79,0.05,0.9970611171631873,60641,True,False,True,23.17973695800174
baseline100k_dqn_statev1_sparse_seed44_20261010_115525_500394_e6195a47,dqn,44,v1,sparse,1190,61678,30.0,4,38,0.05,1.0554749259823246,60679,True,False,True,23.194206915970426
baseline100k_dqn_statev1_sparse_seed44_20261010_115525_500394_e6195a47,dqn,44,v1,sparse,1191,61720,20.0,3,42,0.05,0.9810647340047927,60721,True,False,True,23.210141082992777
baseline100k_dqn_statev1_sparse_seed44_20261010_115525_500394_e6195a47,dqn,44,v1,sparse,1192,61953,230.0,24,233,0.05,1.0207225563955922,60954,True,False,True,23.299270374991465
baseline100k_dqn_statev1_sparse_seed44_20261010_115525_500394_e6195a47,dqn,44,v1,sparse,1193,62013,60.0,7,60,0.05,0.9733616684873899,61014,True,False,True,23.32216633297503
baseline100k_dqn_statev1_sparse_seed44_20261010_115525_500394_e6195a47,dqn,44,v1,sparse,1194,62058,40.0,5,45,0.05,1.0621469497680665,61059,True,False,True,23.339471332961693
baseline100k_dqn_statev1_sparse_seed44_20261010_115525_500394_e6195a47,dqn,44,v1,sparse,1195,62270,260.0,27,212,0.05,1.0152991308637385,61271,True,False,True,23.422628332977183
baseline100k_dqn_statev1_sparse_seed44_20261010_115525_500394_e6195a47,dqn,44,v1,sparse,1196,62304,30.0,4,34,0.05,1.0076730128596811,61305,True,False,True,23.435743082955014
baseline100k_dqn_statev1_sparse_seed44_20261010_115525_500394_e6195a47,dqn,44,v1,sparse,1197,62395,100.0,11,91,0.05,0.9718320566219288,61396,True,False,True,23.470983082952444
baseline100k_dqn_statev1_sparse_seed44_20261010_115525_500394_e6195a47,dqn,44,v1,sparse,1198,62512,120.0,13,117,0.05,1.022164494308651,61513,True,False,True,23.516320999944583
baseline100k_dqn_statev1_sparse_seed44_20261010_115525_500394_e6195a47,dqn,44,v1,sparse,1199,62710,170.0,18,198,0.05,1.0144716544885828,61711,True,False,True,23.592788540991023
baseline100k_dqn_statev1_sparse_seed44_20261010_115525_500394_e6195a47,dqn,44,v1,sparse,1200,62751,20.0,3,41,0.05,0.9488188573500005,61752,True,False,True,23.608651374990586
baseline100k_dqn_statev1_sparse_seed44_20261010_115525_500394_e6195a47,dqn,44,v1,sparse,1201,62853,80.0,9,102,0.05,0.9875794760152405,61854,True,False,True,23.649823207990266
baseline100k_dqn_statev1_sparse_seed44_20261010_115525_500394_e6195a47,dqn,44,v1,sparse,1202,62902,60.0,7,49,0.05,1.03460436633655,61903,True,False,True,23.669768832973205
baseline100k_dqn_statev1_sparse_seed44_20261010_115525_500394_e6195a47,dqn,44,v1,sparse,1203,62966,80.0,9,64,0.05,1.012991405557841,61967,True,False,True,23.694622082985006
baseline100k_dqn_statev1_sparse_seed44_20261010_115525_500394_e6195a47,dqn,44,v1,sparse,1204,63006,30.0,4,40,0.05,0.9862669348716736,62007,True,False,True,23.710308957961388
baseline100k_dqn_statev1_sparse_seed44_20261010_115525_500394_e6195a47,dqn,44,v1,sparse,1205,63176,170.0,18,170,0.05,1.0454823092502705,62177,True,False,True,23.77722420799546
baseline100k_dqn_statev1_sparse_seed44_20261010_115525_500394_e6195a47,dqn,44,v1,sparse,1206,63213,40.0,5,37,0.05,1.0377011927398476,62214,True,False,True,23.791473374993075
baseline100k_dqn_statev1_sparse_seed44_20261010_115525_500394_e6195a47,dqn,44,v1,sparse,1207,63284,70.0,8,71,0.05,1.0570073052191398,62285,True,False,True,23.818825082969852
baseline100k_dqn_statev1_sparse_seed44_20261010_115525_500394_e6195a47,dqn,44,v1,sparse,1208,63345,60.0,7,61,0.05,1.007420725021206,62346,True,False,True,23.84239299996989
baseline100k_dqn_statev1_sparse_seed44_20261010_115525_500394_e6195a47,dqn,44,v1,sparse,1209,63467,120.0,13,122,0.05,1.001246724338805,62468,True,False,True,23.889431915944442
baseline100k_dqn_statev1_sparse_seed44_20261010_115525_500394_e6195a47,dqn,44,v1,sparse,1210,63491,20.0,3,24,0.05,1.1085853452483814,62492,True,False,True,23.898658165999223
baseline100k_dqn_statev1_sparse_seed44_20261010_115525_500394_e6195a47,dqn,44,v1,sparse,1211,63608,140.0,15,117,0.05,1.0162880573517237,62609,True,False,True,23.944070375000592
baseline100k_dqn_statev1_sparse_seed44_20261010_115525_500394_e6195a47,dqn,44,v1,sparse,1212,63644,30.0,4,36,0.05,1.012644877864255,62645,True,False,True,23.958425707998686
baseline100k_dqn_statev1_sparse_seed44_20261010_115525_500394_e6195a47,dqn,44,v1,sparse,1213,63686,40.0,5,42,0.05,1.046089354725111,62687,True,False,True,23.97487358294893
baseline100k_dqn_statev1_sparse_seed44_20261010_115525_500394_e6195a47,dqn,44,v1,sparse,1214,63734,30.0,4,48,0.05,1.00709359968702,62735,True,False,True,23.994241207954474
baseline100k_dqn_statev1_sparse_seed44_20261010_115525_500394_e6195a47,dqn,44,v1,sparse,1215,63916,180.0,19,182,0.05,0.9491626978903026,62917,True,False,True,24.067396040947642
baseline100k_dqn_statev1_sparse_seed44_20261010_115525_500394_e6195a47,dqn,44,v1,sparse,1216,63928,10.0,2,12,0.05,0.9126409987608591,62929,True,False,True,24.072270999953616
baseline100k_dqn_statev1_sparse_seed44_20261010_115525_500394_e6195a47,dqn,44,v1,sparse,1217,64023,100.0,11,95,0.05,1.0198885679244996,63024,True,False,True,24.10970070795156
baseline100k_dqn_statev1_sparse_seed44_20261010_115525_500394_e6195a47,dqn,44,v1,sparse,1218,64092,130.0,14,69,0.05,1.038389890090279,63093,True,False,True,24.13679958297871
baseline100k_dqn_statev1_sparse_seed44_20261010_115525_500394_e6195a47,dqn,44,v1,sparse,1219,64138,60.0,7,46,0.05,0.9383275768031245,63139,True,False,True,24.154663332970813
baseline100k_dqn_statev1_sparse_seed44_20261010_115525_500394_e6195a47,dqn,44,v1,sparse,1220,64158,0.0,1,20,0.05,0.9448748618364334,63159,True,False,True,24.162582958000712
baseline100k_dqn_statev1_sparse_seed44_20261010_115525_500394_e6195a47,dqn,44,v1,sparse,1221,64239,100.0,11,81,0.05,0.9081446333431903,63240,True,False,True,24.19455974997254
baseline100k_dqn_statev1_sparse_seed44_20261010_115525_500394_e6195a47,dqn,44,v1,sparse,1222,64285,30.0,4,46,0.05,0.8942907932011978,63286,True,False,True,24.212330707989167
baseline100k_dqn_statev1_sparse_seed44_20261010_115525_500394_e6195a47,dqn,44,v1,sparse,1223,64487,190.0,20,202,0.05,0.9295541474429687,63488,True,False,True,24.29170920798788
baseline100k_dqn_statev1_sparse_seed44_20261010_115525_500394_e6195a47,dqn,44,v1,sparse,1224,64558,70.0,8,71,0.05,0.9251509867083858,63559,True,False,True,24.31975754100131
baseline100k_dqn_statev1_sparse_seed44_20261010_115525_500394_e6195a47,dqn,44,v1,sparse,1225,64623,60.0,7,65,0.05,0.9265359727235941,63624,True,False,True,24.345465957943816
baseline100k_dqn_statev1_sparse_seed44_20261010_115525_500394_e6195a47,dqn,44,v1,sparse,1226,64651,20.0,3,28,0.05,1.0173281111887522,63652,True,False,True,24.356408790976275
baseline100k_dqn_statev1_sparse_seed44_20261010_115525_500394_e6195a47,dqn,44,v1,sparse,1227,64763,100.0,11,112,0.05,0.9659045016659158,63764,True,False,True,24.400377957965247
baseline100k_dqn_statev1_sparse_seed44_20261010_115525_500394_e6195a47,dqn,44,v1,sparse,1228,64854,80.0,9,91,0.05,0.9494694533583882,63855,True,False,True,24.436045790964272
baseline100k_dqn_statev1_sparse_seed44_20261010_115525_500394_e6195a47,dqn,44,v1,sparse,1229,64916,80.0,9,62,0.05,0.9037020124735371,63917,True,False,True,24.46016516594682
baseline100k_dqn_statev1_sparse_seed44_20261010_115525_500394_e6195a47,dqn,44,v1,sparse,1230,65018,120.0,13,102,0.05,0.9716958164000044,64019,True,False,True,24.499950249970425
baseline100k_dqn_statev1_sparse_seed44_20261010_115525_500394_e6195a47,dqn,44,v1,sparse,1231,65088,80.0,9,70,0.05,1.0588547127587455,64089,True,False,True,24.527016290987376
baseline100k_dqn_statev1_sparse_seed44_20261010_115525_500394_e6195a47,dqn,44,v1,sparse,1232,65290,190.0,20,202,0.05,1.0086193254383484,64291,True,False,True,24.60614245798206
baseline100k_dqn_statev1_sparse_seed44_20261010_115525_500394_e6195a47,dqn,44,v1,sparse,1233,65295,0.0,1,5,0.05,0.882467758655548,64296,True,False,True,24.608130332955625
baseline100k_dqn_statev1_sparse_seed44_20261010_115525_500394_e6195a47,dqn,44,v1,sparse,1234,65444,140.0,15,149,0.05,0.9987552406003811,64445,True,False,True,24.66710466594668
baseline100k_dqn_statev1_sparse_seed44_20261010_115525_500394_e6195a47,dqn,44,v1,sparse,1235,65520,120.0,13,76,0.05,0.990004846139958,64521,True,False,True,24.697617290948983
baseline100k_dqn_statev1_sparse_seed44_20261010_115525_500394_e6195a47,dqn,44,v1,sparse,1236,65680,150.0,16,160,0.05,0.988488707318902,64681,True,False,True,24.762385207985062
baseline100k_dqn_statev1_sparse_seed44_20261010_115525_500394_e6195a47,dqn,44,v1,sparse,1237,65871,220.0,23,191,0.05,0.9853455077915292,64872,True,False,True,24.83712108299369
baseline100k_dqn_statev1_sparse_seed44_20261010_115525_500394_e6195a47,dqn,44,v1,sparse,1238,65945,100.0,11,74,0.05,0.999041573018641,64946,True,False,True,24.86583858297672
baseline100k_dqn_statev1_sparse_seed44_20261010_115525_500394_e6195a47,dqn,44,v1,sparse,1239,66086,180.0,19,141,0.05,0.9956063395696328,65087,True,False,True,24.920684790995438
baseline100k_dqn_statev1_sparse_seed44_20261010_115525_500394_e6195a47,dqn,44,v1,sparse,1240,66143,60.0,7,57,0.05,1.0220466695333783,65144,True,False,True,24.943059749959502
baseline100k_dqn_statev1_sparse_seed44_20261010_115525_500394_e6195a47,dqn,44,v1,sparse,1241,66267,120.0,13,124,0.05,1.0715723006475357,65268,True,False,True,24.990684624994174
baseline100k_dqn_statev1_sparse_seed44_20261010_115525_500394_e6195a47,dqn,44,v1,sparse,1242,66401,190.0,20,134,0.05,1.0554532339768623,65402,True,False,True,25.04271066596266
baseline100k_dqn_statev1_sparse_seed44_20261010_115525_500394_e6195a47,dqn,44,v1,sparse,1243,66402,-10.0,0,1,0.05,1.8392961025238037,65403,True,False,True,25.04311487497762
baseline100k_dqn_statev1_sparse_seed44_20261010_115525_500394_e6195a47,dqn,44,v1,sparse,1244,66582,180.0,19,180,0.05,0.9933341984947522,65583,True,False,True,25.11246808298165
baseline100k_dqn_statev1_sparse_seed44_20261010_115525_500394_e6195a47,dqn,44,v1,sparse,1245,66600,20.0,3,18,0.05,0.9650972452428606,65601,True,False,True,25.119319165998604
baseline100k_dqn_statev1_sparse_seed44_20261010_115525_500394_e6195a47,dqn,44,v1,sparse,1246,66736,190.0,20,136,0.05,0.9791998332914185,65737,True,False,True,25.17137937498046
baseline100k_dqn_statev1_sparse_seed44_20261010_115525_500394_e6195a47,dqn,44,v1,sparse,1247,66843,120.0,13,107,0.05,1.015778852678905,65844,True,False,True,25.212271707947366
baseline100k_dqn_statev1_sparse_seed44_20261010_115525_500394_e6195a47,dqn,44,v1,sparse,1248,67036,210.0,22,193,0.05,1.0349722217401691,66037,True,False,True,25.286399915989023
baseline100k_dqn_statev1_sparse_seed44_20261010_115525_500394_e6195a47,dqn,44,v1,sparse,1249,67095,60.0,7,59,0.05,1.0491975803496474,66096,True,False,True,25.309208790946286
baseline100k_dqn_statev1_sparse_seed44_20261010_115525_500394_e6195a47,dqn,44,v1,sparse,1250,67153,70.0,8,58,0.05,0.9525005175121899,66154,True,False,True,25.331424582982436
baseline100k_dqn_statev1_sparse_seed44_20261010_115525_500394_e6195a47,dqn,44,v1,sparse,1251,67322,210.0,22,169,0.05,0.9784847967018037,66323,True,False,True,25.39573929097969
baseline100k_dqn_statev1_sparse_seed44_20261010_115525_500394_e6195a47,dqn,44,v1,sparse,1252,67415,110.0,12,93,0.05,0.9942401160476029,66416,True,False,True,25.43168166599935
baseline100k_dqn_statev1_sparse_seed44_20261010_115525_500394_e6195a47,dqn,44,v1,sparse,1253,67652,260.0,27,237,0.05,1.0037575403094794,66653,True,False,True,25.522850832960103
baseline100k_dqn_statev1_sparse_seed44_20261010_115525_500394_e6195a47,dqn,44,v1,sparse,1254,67679,20.0,3,27,0.05,0.7721415040669618,66680,True,False,True,25.533050457946956
baseline100k_dqn_statev1_sparse_seed44_20261010_115525_500394_e6195a47,dqn,44,v1,sparse,1255,67729,50.0,6,50,0.05,0.9879402709007263,66730,True,False,True,25.552100624947343
baseline100k_dqn_statev1_sparse_seed44_20261010_115525_500394_e6195a47,dqn,44,v1,sparse,1256,67822,120.0,13,93,0.05,1.0158131507135206,66823,True,False,True,25.5879128749948
baseline100k_dqn_statev1_sparse_seed44_20261010_115525_500394_e6195a47,dqn,44,v1,sparse,1257,67910,120.0,13,88,0.05,1.0049307244745167,66911,True,False,True,25.621882540988736
baseline100k_dqn_statev1_sparse_seed44_20261010_115525_500394_e6195a47,dqn,44,v1,sparse,1258,68018,100.0,11,108,0.05,0.9854847013398453,67019,True,False,True,25.662662332993932
baseline100k_dqn_statev1_sparse_seed44_20261010_115525_500394_e6195a47,dqn,44,v1,sparse,1259,68117,80.0,9,99,0.05,0.9934313577232938,67118,True,False,True,25.700621249969117
baseline100k_dqn_statev1_sparse_seed44_20261010_115525_500394_e6195a47,dqn,44,v1,sparse,1260,68215,120.0,13,98,0.05,1.0051407646767947,67216,True,False,True,25.738657290989067
baseline100k_dqn_statev1_sparse_seed44_20261010_115525_500394_e6195a47,dqn,44,v1,sparse,1261,68277,80.0,9,62,0.05,0.9880006371005889,67278,True,False,True,25.762797415954992
baseline100k_dqn_statev1_sparse_seed44_20261010_115525_500394_e6195a47,dqn,44,v1,sparse,1262,68385,110.0,12,108,0.05,1.0259049752796139,67386,True,False,True,25.804383582959417
baseline100k_dqn_statev1_sparse_seed44_20261010_115525_500394_e6195a47,dqn,44,v1,sparse,1263,68395,-10.0,0,10,0.05,1.0610917687416077,67396,True,False,True,25.80822216597153
baseline100k_dqn_statev1_sparse_seed44_20261010_115525_500394_e6195a47,dqn,44,v1,sparse,1264,68418,30.0,4,23,0.05,0.9344983994960785,67419,True,False,True,25.817020374990534
baseline100k_dqn_statev1_sparse_seed44_20261010_115525_500394_e6195a47,dqn,44,v1,sparse,1265,68563,160.0,17,145,0.05,1.0185065548995444,67564,True,False,True,25.872953290992882
baseline100k_dqn_statev1_sparse_seed44_20261010_115525_500394_e6195a47,dqn,44,v1,sparse,1266,68594,30.0,4,31,0.05,1.0146619889043993,67595,True,False,True,25.88500591594493
baseline100k_dqn_statev1_sparse_seed44_20261010_115525_500394_e6195a47,dqn,44,v1,sparse,1267,68718,130.0,14,124,0.05,1.073644778180507,67719,True,False,True,25.932499082991853
baseline100k_dqn_statev1_sparse_seed44_20261010_115525_500394_e6195a47,dqn,44,v1,sparse,1268,68738,10.0,2,20,0.05,1.1458091586828232,67739,True,False,True,25.940297124965582
baseline100k_dqn_statev1_sparse_seed44_20261010_115525_500394_e6195a47,dqn,44,v1,sparse,1269,68748,0.0,1,10,0.05,0.9493119657039643,67749,True,False,True,25.944187124958262
baseline100k_dqn_statev1_sparse_seed44_20261010_115525_500394_e6195a47,dqn,44,v1,sparse,1270,68815,70.0,8,67,0.05,1.0128060703846946,67816,True,False,True,25.969963249983266
baseline100k_dqn_statev1_sparse_seed44_20261010_115525_500394_e6195a47,dqn,44,v1,sparse,1271,68887,100.0,11,72,0.05,1.0801563147041533,67888,True,False,True,25.997893832973205
baseline100k_dqn_statev1_sparse_seed44_20261010_115525_500394_e6195a47,dqn,44,v1,sparse,1272,68995,90.0,10,108,0.05,1.0115103114534307,67996,True,False,True,26.039385540992953
baseline100k_dqn_statev1_sparse_seed44_20261010_115525_500394_e6195a47,dqn,44,v1,sparse,1273,69136,160.0,17,141,0.05,1.0219420386967084,68137,True,False,True,26.093319749983493
baseline100k_dqn_statev1_sparse_seed44_20261010_115525_500394_e6195a47,dqn,44,v1,sparse,1274,69322,180.0,19,186,0.05,1.044858814567648,68323,True,False,True,26.16484937496716
baseline100k_dqn_statev1_sparse_seed44_20261010_115525_500394_e6195a47,dqn,44,v1,sparse,1275,69344,10.0,2,22,0.05,0.9047792540355162,68345,True,False,True,26.173233082983643
baseline100k_dqn_statev1_sparse_seed44_20261010_115525_500394_e6195a47,dqn,44,v1,sparse,1276,69429,100.0,11,85,0.05,1.0020565699128543,68430,True,False,True,26.20596699998714
baseline100k_dqn_statev1_sparse_seed44_20261010_115525_500394_e6195a47,dqn,44,v1,sparse,1277,69468,30.0,4,39,0.05,0.9967949298711923,68469,True,False,True,26.220710082969163
baseline100k_dqn_statev1_sparse_seed44_20261010_115525_500394_e6195a47,dqn,44,v1,sparse,1278,69476,0.0,1,8,0.05,1.0961656421422958,68477,True,False,True,26.22383345797425
baseline100k_dqn_statev1_sparse_seed44_20261010_115525_500394_e6195a47,dqn,44,v1,sparse,1279,69525,60.0,7,49,0.05,1.0154446831771307,68526,True,False,True,26.242684582946822
baseline100k_dqn_statev1_sparse_seed44_20261010_115525_500394_e6195a47,dqn,44,v1,sparse,1280,69624,80.0,9,99,0.05,1.080622500843472,68625,True,False,True,26.280218124971725
baseline100k_dqn_statev1_sparse_seed44_20261010_115525_500394_e6195a47,dqn,44,v1,sparse,1281,69646,10.0,2,22,0.05,1.0560731237584895,68647,True,False,True,26.288856540981214
baseline100k_dqn_statev1_sparse_seed44_20261010_115525_500394_e6195a47,dqn,44,v1,sparse,1282,69757,140.0,15,111,0.05,1.0600851151320312,68758,True,False,True,26.331718790985178
baseline100k_dqn_statev1_sparse_seed44_20261010_115525_500394_e6195a47,dqn,44,v1,sparse,1283,69858,110.0,12,101,0.05,1.044486529461228,68859,True,False,True,26.37071308295708
baseline100k_dqn_statev1_sparse_seed44_20261010_115525_500394_e6195a47,dqn,44,v1,sparse,1284,70013,160.0,17,155,0.05,1.051178317493008,69014,True,False,True,26.43002704094397
baseline100k_dqn_statev1_sparse_seed44_20261010_115525_500394_e6195a47,dqn,44,v1,sparse,1285,70157,130.0,14,144,0.05,0.9542844982610809,69158,True,False,True,26.48494633298833
baseline100k_dqn_statev1_sparse_seed44_20261010_115525_500394_e6195a47,dqn,44,v1,sparse,1286,70296,120.0,13,139,0.05,1.03231961135384,69297,True,False,True,26.53884454094805
baseline100k_dqn_statev1_sparse_seed44_20261010_115525_500394_e6195a47,dqn,44,v1,sparse,1287,70304,0.0,1,8,0.05,0.8754672110080719,69305,True,False,True,26.541994707949925
baseline100k_dqn_statev1_sparse_seed44_20261010_115525_500394_e6195a47,dqn,44,v1,sparse,1288,70426,140.0,15,122,0.05,0.9421144320828015,69427,True,False,True,26.588928665965796
baseline100k_dqn_statev1_sparse_seed44_20261010_115525_500394_e6195a47,dqn,44,v1,sparse,1289,70483,70.0,8,57,0.05,1.0204667825447886,69484,True,False,True,26.61114691599505
baseline100k_dqn_statev1_sparse_seed44_20261010_115525_500394_e6195a47,dqn,44,v1,sparse,1290,70517,40.0,5,34,0.05,0.9845378118402818,69518,True,False,True,26.624110665987246
baseline100k_dqn_statev1_sparse_seed44_20261010_115525_500394_e6195a47,dqn,44,v1,sparse,1291,70635,140.0,15,118,0.05,0.999236724639343,69636,True,False,True,26.669345082947984
baseline100k_dqn_statev1_sparse_seed44_20261010_115525_500394_e6195a47,dqn,44,v1,sparse,1292,70641,-10.0,0,6,0.05,1.1484007338682811,69642,True,False,True,26.671670665964484
baseline100k_dqn_statev1_sparse_seed44_20261010_115525_500394_e6195a47,dqn,44,v1,sparse,1293,70715,70.0,8,74,0.05,0.9605012592431661,69716,True,False,True,26.700065499986522
baseline100k_dqn_statev1_sparse_seed44_20261010_115525_500394_e6195a47,dqn,44,v1,sparse,1294,70796,90.0,10,81,0.05,1.0227171028101887,69797,True,False,True,26.731628915993497
baseline100k_dqn_statev1_sparse_seed44_20261010_115525_500394_e6195a47,dqn,44,v1,sparse,1295,70927,190.0,20,131,0.05,0.9856561322248619,69928,True,False,True,26.783194832969457
baseline100k_dqn_statev1_sparse_seed44_20261010_115525_500394_e6195a47,dqn,44,v1,sparse,1296,71082,130.0,14,155,0.05,1.0062033491749918,70083,True,False,True,26.84339720796561
baseline100k_dqn_statev1_sparse_seed44_20261010_115525_500394_e6195a47,dqn,44,v1,sparse,1297,71156,120.0,13,74,0.05,1.0491346374556825,70157,True,False,True,26.871643957972992
baseline100k_dqn_statev1_sparse_seed44_20261010_115525_500394_e6195a47,dqn,44,v1,sparse,1298,71359,200.0,21,203,0.05,1.0350780804169002,70360,True,False,True,26.96795270795701
baseline100k_dqn_statev1_sparse_seed44_20261010_115525_500394_e6195a47,dqn,44,v1,sparse,1299,71383,10.0,2,24,0.05,1.0452786423265934,70384,True,False,True,26.977291957999114
baseline100k_dqn_statev1_sparse_seed44_20261010_115525_500394_e6195a47,dqn,44,v1,sparse,1300,71461,90.0,10,78,0.05,0.9340530267128577,70462,True,False,True,27.007466707960702
baseline100k_dqn_statev1_sparse_seed44_20261010_115525_500394_e6195a47,dqn,44,v1,sparse,1301,71548,70.0,8,87,0.05,1.0509021450048206,70549,True,False,True,27.04277000000002
baseline100k_dqn_statev1_sparse_seed44_20261010_115525_500394_e6195a47,dqn,44,v1,sparse,1302,71549,-10.0,0,1,0.05,0.5454729795455933,70550,True,False,True,27.043177915969864
baseline100k_dqn_statev1_sparse_seed44_20261010_115525_500394_e6195a47,dqn,44,v1,sparse,1303,71634,130.0,14,85,0.05,1.0605805246269002,70635,True,False,True,27.07642479095375
baseline100k_dqn_statev1_sparse_seed44_20261010_115525_500394_e6195a47,dqn,44,v1,sparse,1304,71744,140.0,15,110,0.05,1.0124086306853728,70745,True,False,True,27.118959124956746
baseline100k_dqn_statev1_sparse_seed44_20261010_115525_500394_e6195a47,dqn,44,v1,sparse,1305,71862,160.0,17,118,0.05,0.9861033061298273,70863,True,False,True,27.16497329098638
baseline100k_dqn_statev1_sparse_seed44_20261010_115525_500394_e6195a47,dqn,44,v1,sparse,1306,71953,110.0,12,91,0.05,0.9720667525307163,70954,True,False,True,27.20023045799462
baseline100k_dqn_statev1_sparse_seed44_20261010_115525_500394_e6195a47,dqn,44,v1,sparse,1307,72064,120.0,13,111,0.05,1.0350836343593426,71065,True,False,True,27.242721916001756
baseline100k_dqn_statev1_sparse_seed44_20261010_115525_500394_e6195a47,dqn,44,v1,sparse,1308,72207,170.0,18,143,0.05,1.017996972049033,71208,True,False,True,27.29773224995006
baseline100k_dqn_statev1_sparse_seed44_20261010_115525_500394_e6195a47,dqn,44,v1,sparse,1309,72300,110.0,12,93,0.05,1.0353244587939272,71301,True,False,True,27.333662207995076
baseline100k_dqn_statev1_sparse_seed44_20261010_115525_500394_e6195a47,dqn,44,v1,sparse,1310,72458,180.0,19,158,0.05,1.0686653831714317,71459,True,False,True,27.396093915973324
baseline100k_dqn_statev1_sparse_seed44_20261010_115525_500394_e6195a47,dqn,44,v1,sparse,1311,72491,60.0,7,33,0.05,1.0289919358311277,71492,True,False,True,27.409207207965665
baseline100k_dqn_statev1_sparse_seed44_20261010_115525_500394_e6195a47,dqn,44,v1,sparse,1312,72579,90.0,10,88,0.05,1.005104460838166,71580,True,False,True,27.443365707993507
baseline100k_dqn_statev1_sparse_seed44_20261010_115525_500394_e6195a47,dqn,44,v1,sparse,1313,72615,40.0,5,36,0.05,1.0354738500383165,71616,True,False,True,27.457646124996245
baseline100k_dqn_statev1_sparse_seed44_20261010_115525_500394_e6195a47,dqn,44,v1,sparse,1314,72690,100.0,11,75,0.05,1.0707777158419292,71691,True,False,True,27.486700290988665
baseline100k_dqn_statev1_sparse_seed44_20261010_115525_500394_e6195a47,dqn,44,v1,sparse,1315,72796,130.0,14,106,0.05,0.9734131974994011,71797,True,False,True,27.52789629099425
baseline100k_dqn_statev1_sparse_seed44_20261010_115525_500394_e6195a47,dqn,44,v1,sparse,1316,72972,190.0,20,176,0.05,1.0181078269061716,71973,True,False,True,27.59609049995197
baseline100k_dqn_statev1_sparse_seed44_20261010_115525_500394_e6195a47,dqn,44,v1,sparse,1317,73013,40.0,5,41,0.05,0.9900914525113454,72014,True,False,True,27.612010499986354
baseline100k_dqn_statev1_sparse_seed44_20261010_115525_500394_e6195a47,dqn,44,v1,sparse,1318,73127,110.0,12,114,0.05,0.9950690175357618,72128,True,False,True,27.65672191599151
baseline100k_dqn_statev1_sparse_seed44_20261010_115525_500394_e6195a47,dqn,44,v1,sparse,1319,73341,210.0,22,214,0.05,1.0153561529712143,72342,True,False,True,27.74004766595317
baseline100k_dqn_statev1_sparse_seed44_20261010_115525_500394_e6195a47,dqn,44,v1,sparse,1320,73418,90.0,10,77,0.05,1.0133858934625404,72419,True,False,True,27.77002920798259
baseline100k_dqn_statev1_sparse_seed44_20261010_115525_500394_e6195a47,dqn,44,v1,sparse,1321,73580,160.0,17,162,0.05,1.027288309401936,72581,True,False,True,27.833113082975615
baseline100k_dqn_statev1_sparse_seed44_20261010_115525_500394_e6195a47,dqn,44,v1,sparse,1322,73681,100.0,11,101,0.05,1.0121656620856558,72682,True,False,True,27.872480832971632
baseline100k_dqn_statev1_sparse_seed44_20261010_115525_500394_e6195a47,dqn,44,v1,sparse,1323,73789,130.0,14,108,0.05,1.0638267866991185,72790,True,False,True,27.9147484159912
baseline100k_dqn_statev1_sparse_seed44_20261010_115525_500394_e6195a47,dqn,44,v1,sparse,1324,73828,30.0,4,39,0.05,1.097564161587984,72829,True,False,True,27.92999474995304
baseline100k_dqn_statev1_sparse_seed44_20261010_115525_500394_e6195a47,dqn,44,v1,sparse,1325,73922,70.0,8,94,0.05,0.9985076445848384,72923,True,False,True,27.966951624955982
baseline100k_dqn_statev1_sparse_seed44_20261010_115525_500394_e6195a47,dqn,44,v1,sparse,1326,74049,170.0,18,127,0.05,0.9915039377419028,73050,True,False,True,28.016709415998776
baseline100k_dqn_statev1_sparse_seed44_20261010_115525_500394_e6195a47,dqn,44,v1,sparse,1327,74088,60.0,7,39,0.05,1.1360033773458922,73089,True,False,True,28.03187483298825
baseline100k_dqn_statev1_sparse_seed44_20261010_115525_500394_e6195a47,dqn,44,v1,sparse,1328,74242,160.0,17,154,0.05,1.0119831602681766,73243,True,False,True,28.0931906659971
baseline100k_dqn_statev1_sparse_seed44_20261010_115525_500394_e6195a47,dqn,44,v1,sparse,1329,74424,200.0,21,182,0.05,1.0573162822932987,73425,True,False,True,28.165975332958624
baseline100k_dqn_statev1_sparse_seed44_20261010_115525_500394_e6195a47,dqn,44,v1,sparse,1330,74607,210.0,22,183,0.05,1.0451057875742678,73608,True,False,True,28.237523832998704
baseline100k_dqn_statev1_sparse_seed44_20261010_115525_500394_e6195a47,dqn,44,v1,sparse,1331,74780,190.0,20,173,0.05,1.0142220646315228,73781,True,False,True,28.30481633299496
baseline100k_dqn_statev1_sparse_seed44_20261010_115525_500394_e6195a47,dqn,44,v1,sparse,1332,74940,150.0,16,160,0.05,1.0704587776213885,73941,True,False,True,28.367420915979892
baseline100k_dqn_statev1_sparse_seed44_20261010_115525_500394_e6195a47,dqn,44,v1,sparse,1333,75018,90.0,10,78,0.05,1.01956852659201,74019,True,False,True,28.39810624998063
baseline100k_dqn_statev1_sparse_seed44_20261010_115525_500394_e6195a47,dqn,44,v1,sparse,1334,75109,110.0,12,91,0.05,1.041249116698464,74110,True,False,True,28.43374899995979
baseline100k_dqn_statev1_sparse_seed44_20261010_115525_500394_e6195a47,dqn,44,v1,sparse,1335,75157,40.0,5,48,0.05,1.0224981211746733,74158,True,False,True,28.452245290973224
baseline100k_dqn_statev1_sparse_seed44_20261010_115525_500394_e6195a47,dqn,44,v1,sparse,1336,75257,120.0,13,100,0.05,0.9418676781654358,74258,True,False,True,28.491533749969676
baseline100k_dqn_statev1_sparse_seed44_20261010_115525_500394_e6195a47,dqn,44,v1,sparse,1337,75353,100.0,11,96,0.05,0.9832057567934195,74354,True,False,True,28.528600207995623
baseline100k_dqn_statev1_sparse_seed44_20261010_115525_500394_e6195a47,dqn,44,v1,sparse,1338,75449,110.0,12,96,0.05,1.0162296484534938,74450,True,False,True,28.565754249983
baseline100k_dqn_statev1_sparse_seed44_20261010_115525_500394_e6195a47,dqn,44,v1,sparse,1339,75547,120.0,13,98,0.05,1.046392783522606,74548,True,False,True,28.603472499991767
baseline100k_dqn_statev1_sparse_seed44_20261010_115525_500394_e6195a47,dqn,44,v1,sparse,1340,75595,60.0,7,48,0.05,1.0322315941254299,74596,True,False,True,28.622317499946803
baseline100k_dqn_statev1_sparse_seed44_20261010_115525_500394_e6195a47,dqn,44,v1,sparse,1341,75695,110.0,12,100,0.05,1.0270859229564666,74696,True,False,True,28.66135437495541
baseline100k_dqn_statev1_sparse_seed44_20261010_115525_500394_e6195a47,dqn,44,v1,sparse,1342,75878,160.0,17,183,0.05,1.0084953606942963,74879,True,False,True,28.732561415992677
baseline100k_dqn_statev1_sparse_seed44_20261010_115525_500394_e6195a47,dqn,44,v1,sparse,1343,75927,50.0,6,49,0.05,1.052827703709505,74928,True,False,True,28.751669749966823
baseline100k_dqn_statev1_sparse_seed44_20261010_115525_500394_e6195a47,dqn,44,v1,sparse,1344,75940,10.0,2,13,0.05,1.1312625110149384,74941,True,False,True,28.75676012499025
baseline100k_dqn_statev1_sparse_seed44_20261010_115525_500394_e6195a47,dqn,44,v1,sparse,1345,75983,40.0,5,43,0.05,1.0802741923997567,74984,True,False,True,28.773599124979228
baseline100k_dqn_statev1_sparse_seed44_20261010_115525_500394_e6195a47,dqn,44,v1,sparse,1346,76073,110.0,12,90,0.05,1.1015944613350763,75074,True,False,True,28.808740124979522
baseline100k_dqn_statev1_sparse_seed44_20261010_115525_500394_e6195a47,dqn,44,v1,sparse,1347,76290,230.0,24,217,0.05,0.976765640869668,75291,True,False,True,28.893168707960285
baseline100k_dqn_statev1_sparse_seed44_20261010_115525_500394_e6195a47,dqn,44,v1,sparse,1348,76389,110.0,12,99,0.05,1.0083211475249492,75390,True,False,True,28.931475249992218
baseline100k_dqn_statev1_sparse_seed44_20261010_115525_500394_e6195a47,dqn,44,v1,sparse,1349,76394,-10.0,0,5,0.05,1.5671064138412476,75395,True,False,True,28.93340233300114
baseline100k_dqn_statev1_sparse_seed44_20261010_115525_500394_e6195a47,dqn,44,v1,sparse,1350,76527,180.0,19,133,0.05,1.0539579557296925,75528,True,False,True,28.984957749955356
baseline100k_dqn_statev1_sparse_seed44_20261010_115525_500394_e6195a47,dqn,44,v1,sparse,1351,76593,40.0,5,66,0.05,1.0356944871671272,75594,True,False,True,29.01074391597649
baseline100k_dqn_statev1_sparse_seed44_20261010_115525_500394_e6195a47,dqn,44,v1,sparse,1352,76652,60.0,7,59,0.05,0.982484053252107,75653,True,False,True,29.03547299996717
baseline100k_dqn_statev1_sparse_seed44_20261010_115525_500394_e6195a47,dqn,44,v1,sparse,1353,76695,50.0,6,43,0.05,0.9868376476820125,75696,True,False,True,29.052675832994282
baseline100k_dqn_statev1_sparse_seed44_20261010_115525_500394_e6195a47,dqn,44,v1,sparse,1354,76745,30.0,4,50,0.05,1.1245352661609649,75746,True,False,True,29.07239666598616
baseline100k_dqn_statev1_sparse_seed44_20261010_115525_500394_e6195a47,dqn,44,v1,sparse,1355,76803,70.0,8,58,0.05,1.0537021103604087,75804,True,False,True,29.095245665987022
baseline100k_dqn_statev1_sparse_seed44_20261010_115525_500394_e6195a47,dqn,44,v1,sparse,1356,77000,230.0,24,197,0.05,1.0174183729033786,76001,True,False,True,29.172439540969208
baseline100k_dqn_statev1_sparse_seed44_20261010_115525_500394_e6195a47,dqn,44,v1,sparse,1357,77126,140.0,15,126,0.05,1.0300865137860888,76127,True,False,True,29.22139745799359
baseline100k_dqn_statev1_sparse_seed44_20261010_115525_500394_e6195a47,dqn,44,v1,sparse,1358,77269,160.0,17,143,0.05,0.9564165579272317,76270,True,False,True,29.27634462498827
baseline100k_dqn_statev1_sparse_seed44_20261010_115525_500394_e6195a47,dqn,44,v1,sparse,1359,77378,140.0,15,109,0.05,1.0156862049474629,76379,True,False,True,29.318948082975112
baseline100k_dqn_statev1_sparse_seed44_20261010_115525_500394_e6195a47,dqn,44,v1,sparse,1360,77441,80.0,9,63,0.05,1.0328160562212505,76442,True,False,True,29.34388633299386
baseline100k_dqn_statev1_sparse_seed44_20261010_115525_500394_e6195a47,dqn,44,v1,sparse,1361,77608,140.0,15,167,0.05,1.0487434662387756,76609,True,False,True,29.4091746659833
baseline100k_dqn_statev1_sparse_seed44_20261010_115525_500394_e6195a47,dqn,44,v1,sparse,1362,77761,150.0,16,153,0.05,0.9608219509420831,76762,True,False,True,29.468112832983024
baseline100k_dqn_statev1_sparse_seed44_20261010_115525_500394_e6195a47,dqn,44,v1,sparse,1363,77781,10.0,2,20,0.05,0.9286681577563286,76782,True,False,True,29.475833707954735
baseline100k_dqn_statev1_sparse_seed44_20261010_115525_500394_e6195a47,dqn,44,v1,sparse,1364,77879,120.0,13,98,0.05,1.0099277599733703,76880,True,False,True,29.513888207962736
baseline100k_dqn_statev1_sparse_seed44_20261010_115525_500394_e6195a47,dqn,44,v1,sparse,1365,78046,120.0,13,167,0.05,1.021045991582071,77047,True,False,True,29.578658624959644
baseline100k_dqn_statev1_sparse_seed44_20261010_115525_500394_e6195a47,dqn,44,v1,sparse,1366,78110,80.0,9,64,0.05,1.0806885175406933,77111,True,False,True,29.60354099998949
baseline100k_dqn_statev1_sparse_seed44_20261010_115525_500394_e6195a47,dqn,44,v1,sparse,1367,78111,-10.0,0,1,0.05,1.4214694499969482,77112,True,False,True,29.60394062497653
baseline100k_dqn_statev1_sparse_seed44_20261010_115525_500394_e6195a47,dqn,44,v1,sparse,1368,78246,150.0,16,135,0.05,1.0140292194154528,77247,True,False,True,29.657170540944207
baseline100k_dqn_statev1_sparse_seed44_20261010_115525_500394_e6195a47,dqn,44,v1,sparse,1369,78321,70.0,8,75,0.05,1.07271107117335,77322,True,False,True,29.686089665978216
baseline100k_dqn_statev1_sparse_seed44_20261010_115525_500394_e6195a47,dqn,44,v1,sparse,1370,78408,120.0,13,87,0.05,1.0877385965023918,77409,True,False,True,29.72017537499778
baseline100k_dqn_statev1_sparse_seed44_20261010_115525_500394_e6195a47,dqn,44,v1,sparse,1371,78484,70.0,8,76,0.05,1.0697070634678791,77485,True,False,True,29.75014574994566
baseline100k_dqn_statev1_sparse_seed44_20261010_115525_500394_e6195a47,dqn,44,v1,sparse,1372,78583,100.0,11,99,0.05,1.0524817322841797,77584,True,False,True,29.788758874987252
baseline100k_dqn_statev1_sparse_seed44_20261010_115525_500394_e6195a47,dqn,44,v1,sparse,1373,78646,70.0,8,63,0.05,1.0721549831685566,77647,True,False,True,29.813154499977827
baseline100k_dqn_statev1_sparse_seed44_20261010_115525_500394_e6195a47,dqn,44,v1,sparse,1374,78696,60.0,7,50,0.05,1.0495488464832305,77697,True,False,True,29.832472374953795
baseline100k_dqn_statev1_sparse_seed44_20261010_115525_500394_e6195a47,dqn,44,v1,sparse,1375,78807,150.0,16,111,0.05,1.05854567831701,77808,True,False,True,29.87537954095751
baseline100k_dqn_statev1_sparse_seed44_20261010_115525_500394_e6195a47,dqn,44,v1,sparse,1376,78861,70.0,8,54,0.05,0.9186608995552417,77862,True,False,True,29.896235166001134
baseline100k_dqn_statev1_sparse_seed44_20261010_115525_500394_e6195a47,dqn,44,v1,sparse,1377,78995,180.0,19,134,0.05,1.0359118614178986,77996,True,False,True,29.948492499999702
baseline100k_dqn_statev1_sparse_seed44_20261010_115525_500394_e6195a47,dqn,44,v1,sparse,1378,79128,110.0,12,133,0.05,1.0147257028217602,78129,True,False,True,29.999894290987868
baseline100k_dqn_statev1_sparse_seed44_20261010_115525_500394_e6195a47,dqn,44,v1,sparse,1379,79221,110.0,12,93,0.05,1.0390663710973596,78222,True,False,True,30.036211290978827
baseline100k_dqn_statev1_sparse_seed44_20261010_115525_500394_e6195a47,dqn,44,v1,sparse,1380,79276,50.0,6,55,0.05,1.0429657231677663,78277,True,False,True,30.057354707969353
baseline100k_dqn_statev1_sparse_seed44_20261010_115525_500394_e6195a47,dqn,44,v1,sparse,1381,79373,100.0,11,97,0.05,1.0358336792164242,78374,True,False,True,30.0953200829681
baseline100k_dqn_statev1_sparse_seed44_20261010_115525_500394_e6195a47,dqn,44,v1,sparse,1382,79531,160.0,17,158,0.05,1.028078320848791,78532,True,False,True,30.156891707971226
baseline100k_dqn_statev1_sparse_seed44_20261010_115525_500394_e6195a47,dqn,44,v1,sparse,1383,79581,50.0,6,50,0.05,0.9447621142864228,78582,True,False,True,30.176047916000243
baseline100k_dqn_statev1_sparse_seed44_20261010_115525_500394_e6195a47,dqn,44,v1,sparse,1384,79719,150.0,16,138,0.05,1.025234592133674,78720,True,False,True,30.229767749959137
baseline100k_dqn_statev1_sparse_seed44_20261010_115525_500394_e6195a47,dqn,44,v1,sparse,1385,79809,150.0,16,90,0.05,1.0101523800028696,78810,True,False,True,30.264440540981013
baseline100k_dqn_statev1_sparse_seed44_20261010_115525_500394_e6195a47,dqn,44,v1,sparse,1386,79896,100.0,11,87,0.05,1.001292520213401,78897,True,False,True,30.298033832979854
baseline100k_dqn_statev1_sparse_seed44_20261010_115525_500394_e6195a47,dqn,44,v1,sparse,1387,79910,-10.0,0,14,0.05,1.1600912639072962,78911,True,False,True,30.303497915971093
baseline100k_dqn_statev1_sparse_seed44_20261010_115525_500394_e6195a47,dqn,44,v1,sparse,1388,80028,110.0,12,118,0.05,1.029457656003661,79029,True,False,True,30.349821457988583
baseline100k_dqn_statev1_sparse_seed44_20261010_115525_500394_e6195a47,dqn,44,v1,sparse,1389,80190,180.0,19,162,0.05,1.1351273547352096,79191,True,False,True,30.413043999986257
baseline100k_dqn_statev1_sparse_seed44_20261010_115525_500394_e6195a47,dqn,44,v1,sparse,1390,80294,130.0,14,104,0.05,1.103779560671403,79295,True,False,True,30.45375087496359
baseline100k_dqn_statev1_sparse_seed44_20261010_115525_500394_e6195a47,dqn,44,v1,sparse,1391,80344,70.0,8,50,0.05,1.043965072631836,79345,True,False,True,30.4733794159838
baseline100k_dqn_statev1_sparse_seed44_20261010_115525_500394_e6195a47,dqn,44,v1,sparse,1392,80518,140.0,15,174,0.05,1.0773369224592186,79519,True,False,True,30.541061165975407
baseline100k_dqn_statev1_sparse_seed44_20261010_115525_500394_e6195a47,dqn,44,v1,sparse,1393,80608,120.0,13,90,0.05,1.1093669907914268,79609,True,False,True,30.576248040946666
baseline100k_dqn_statev1_sparse_seed44_20261010_115525_500394_e6195a47,dqn,44,v1,sparse,1394,80670,70.0,8,62,0.05,1.0564065892850198,79671,True,False,True,30.60068858298473
baseline100k_dqn_statev1_sparse_seed44_20261010_115525_500394_e6195a47,dqn,44,v1,sparse,1395,80677,-10.0,0,7,0.05,1.04045798097338,79678,True,False,True,30.60341670794878
baseline100k_dqn_statev1_sparse_seed44_20261010_115525_500394_e6195a47,dqn,44,v1,sparse,1396,80700,30.0,4,23,0.05,1.2386250418165456,79701,True,False,True,30.612371665949468
baseline100k_dqn_statev1_sparse_seed44_20261010_115525_500394_e6195a47,dqn,44,v1,sparse,1397,80748,30.0,4,48,0.05,1.0551600642502308,79749,True,False,True,30.631263124989346
baseline100k_dqn_statev1_sparse_seed44_20261010_115525_500394_e6195a47,dqn,44,v1,sparse,1398,80778,20.0,3,30,0.05,1.035837423801422,79779,True,False,True,30.64292391599156
baseline100k_dqn_statev1_sparse_seed44_20261010_115525_500394_e6195a47,dqn,44,v1,sparse,1399,80974,170.0,18,196,0.05,1.129404575392908,79975,True,False,True,30.720063457963988
baseline100k_dqn_statev1_sparse_seed44_20261010_115525_500394_e6195a47,dqn,44,v1,sparse,1400,81024,50.0,6,50,0.05,1.1175832563638688,80025,True,False,True,30.739967665984295
baseline100k_dqn_statev1_sparse_seed44_20261010_115525_500394_e6195a47,dqn,44,v1,sparse,1401,81107,80.0,9,83,0.05,1.0283232898597259,80108,True,False,True,30.774723665963393
baseline100k_dqn_statev1_sparse_seed44_20261010_115525_500394_e6195a47,dqn,44,v1,sparse,1402,81248,160.0,17,141,0.05,1.0369889307106641,80249,True,False,True,30.830140374950133
baseline100k_dqn_statev1_sparse_seed44_20261010_115525_500394_e6195a47,dqn,44,v1,sparse,1403,81328,90.0,10,80,0.05,1.0231070168316365,80329,True,False,True,30.861728790972847
baseline100k_dqn_statev1_sparse_seed44_20261010_115525_500394_e6195a47,dqn,44,v1,sparse,1404,81394,90.0,10,66,0.05,1.0352201448245482,80395,True,False,True,30.887286040990148
baseline100k_dqn_statev1_sparse_seed44_20261010_115525_500394_e6195a47,dqn,44,v1,sparse,1405,81411,30.0,4,17,0.05,1.0077400663319755,80412,True,False,True,30.89378045796184
baseline100k_dqn_statev1_sparse_seed44_20261010_115525_500394_e6195a47,dqn,44,v1,sparse,1406,81507,70.0,8,96,0.05,0.9804859310388565,80508,True,False,True,30.931322124961298
baseline100k_dqn_statev1_sparse_seed44_20261010_115525_500394_e6195a47,dqn,44,v1,sparse,1407,81509,-10.0,0,2,0.05,1.0346314907073975,80510,True,False,True,30.932123124948703
baseline100k_dqn_statev1_sparse_seed44_20261010_115525_500394_e6195a47,dqn,44,v1,sparse,1408,81595,80.0,9,86,0.05,1.1011029260103093,80596,True,False,True,30.96549774997402
baseline100k_dqn_statev1_sparse_seed44_20261010_115525_500394_e6195a47,dqn,44,v1,sparse,1409,81676,70.0,8,81,0.05,1.0243359631226387,80677,True,False,True,30.997003165946808
baseline100k_dqn_statev1_sparse_seed44_20261010_115525_500394_e6195a47,dqn,44,v1,sparse,1410,81784,130.0,14,108,0.05,1.0473156585185617,80785,True,False,True,31.03927454096265
baseline100k_dqn_statev1_sparse_seed44_20261010_115525_500394_e6195a47,dqn,44,v1,sparse,1411,81904,130.0,14,120,0.05,1.0259078154961268,80905,True,False,True,31.085569707967807
baseline100k_dqn_statev1_sparse_seed44_20261010_115525_500394_e6195a47,dqn,44,v1,sparse,1412,81936,30.0,4,32,0.05,1.0931802727282047,80937,True,False,True,31.098407624987885
baseline100k_dqn_statev1_sparse_seed44_20261010_115525_500394_e6195a47,dqn,44,v1,sparse,1413,82053,110.0,12,117,0.05,1.020330214092874,81054,True,False,True,31.144682374957483
baseline100k_dqn_statev1_sparse_seed44_20261010_115525_500394_e6195a47,dqn,44,v1,sparse,1414,82076,0.0,1,23,0.05,1.0321626455887505,81077,True,False,True,31.153334915987216
baseline100k_dqn_statev1_sparse_seed44_20261010_115525_500394_e6195a47,dqn,44,v1,sparse,1415,82200,110.0,12,124,0.05,1.082494170194672,81201,True,False,True,31.201847874966916
baseline100k_dqn_statev1_sparse_seed44_20261010_115525_500394_e6195a47,dqn,44,v1,sparse,1416,82207,0.0,1,7,0.05,1.0009531463895525,81208,True,False,True,31.204648999962956
baseline100k_dqn_statev1_sparse_seed44_20261010_115525_500394_e6195a47,dqn,44,v1,sparse,1417,82332,150.0,16,125,0.05,1.0509008009433747,81333,True,False,True,31.25359258300159
baseline100k_dqn_statev1_sparse_seed44_20261010_115525_500394_e6195a47,dqn,44,v1,sparse,1418,82469,110.0,12,137,0.05,1.0536073578970275,81470,True,False,True,31.306489832990337
baseline100k_dqn_statev1_sparse_seed44_20261010_115525_500394_e6195a47,dqn,44,v1,sparse,1419,82539,60.0,7,70,0.05,1.0065388504947934,81540,True,False,True,31.333837499958463
baseline100k_dqn_statev1_sparse_seed44_20261010_115525_500394_e6195a47,dqn,44,v1,sparse,1420,82642,110.0,12,103,0.05,0.9998711613775457,81643,True,False,True,31.374119999993127
baseline100k_dqn_statev1_sparse_seed44_20261010_115525_500394_e6195a47,dqn,44,v1,sparse,1421,82753,90.0,10,111,0.05,1.0265730780524176,81754,True,False,True,31.417814457963686
baseline100k_dqn_statev1_sparse_seed44_20261010_115525_500394_e6195a47,dqn,44,v1,sparse,1422,82822,70.0,8,69,0.05,1.0329955660778543,81823,True,False,True,31.44504145794781
baseline100k_dqn_statev1_sparse_seed44_20261010_115525_500394_e6195a47,dqn,44,v1,sparse,1423,82911,90.0,10,89,0.05,1.11055119117994,81912,True,False,True,31.479859082959592
baseline100k_dqn_statev1_sparse_seed44_20261010_115525_500394_e6195a47,dqn,44,v1,sparse,1424,82913,-10.0,0,2,0.05,1.3181861639022827,81914,True,False,True,31.480660749948584
baseline100k_dqn_statev1_sparse_seed44_20261010_115525_500394_e6195a47,dqn,44,v1,sparse,1425,82944,50.0,6,31,0.05,1.0011978490698723,81945,True,False,True,31.492851666000206
baseline100k_dqn_statev1_sparse_seed44_20261010_115525_500394_e6195a47,dqn,44,v1,sparse,1426,82975,10.0,2,31,0.05,1.0041949268310302,81976,True,False,True,31.50477633299306
baseline100k_dqn_statev1_sparse_seed44_20261010_115525_500394_e6195a47,dqn,44,v1,sparse,1427,83065,100.0,11,90,0.05,1.0475487964020835,82066,True,False,True,31.54034587496426
baseline100k_dqn_statev1_sparse_seed44_20261010_115525_500394_e6195a47,dqn,44,v1,sparse,1428,83188,120.0,13,123,0.05,1.1305922483041035,82189,True,False,True,31.587934249953832
baseline100k_dqn_statev1_sparse_seed44_20261010_115525_500394_e6195a47,dqn,44,v1,sparse,1429,83351,130.0,14,163,0.05,1.0730323407547606,82352,True,False,True,31.651537582976744
baseline100k_dqn_statev1_sparse_seed44_20261010_115525_500394_e6195a47,dqn,44,v1,sparse,1430,83429,110.0,12,78,0.05,1.0972282489140828,82430,True,False,True,31.68198474997189
baseline100k_dqn_statev1_sparse_seed44_20261010_115525_500394_e6195a47,dqn,44,v1,sparse,1431,83466,20.0,3,37,0.05,0.9545501655823475,82467,True,False,True,31.69659770798171
baseline100k_dqn_statev1_sparse_seed44_20261010_115525_500394_e6195a47,dqn,44,v1,sparse,1432,83571,90.0,10,105,0.05,0.99229705901373,82572,True,False,True,31.737394665949978
baseline100k_dqn_statev1_sparse_seed44_20261010_115525_500394_e6195a47,dqn,44,v1,sparse,1433,83629,70.0,8,58,0.05,1.0776155719469334,82630,True,False,True,31.760574624990113
baseline100k_dqn_statev1_sparse_seed44_20261010_115525_500394_e6195a47,dqn,44,v1,sparse,1434,83731,110.0,12,102,0.05,1.0898235960333955,82732,True,False,True,31.800826707971282
baseline100k_dqn_statev1_sparse_seed44_20261010_115525_500394_e6195a47,dqn,44,v1,sparse,1435,83770,40.0,5,39,0.05,0.9540225297976763,82771,True,False,True,31.816046124964487
baseline100k_dqn_statev1_sparse_seed44_20261010_115525_500394_e6195a47,dqn,44,v1,sparse,1436,83815,60.0,7,45,0.05,0.980786203013526,82816,True,False,True,31.833784082962666
baseline100k_dqn_statev1_sparse_seed44_20261010_115525_500394_e6195a47,dqn,44,v1,sparse,1437,83987,160.0,17,172,0.05,1.014914914619091,82988,True,False,True,31.902596207975876
baseline100k_dqn_statev1_sparse_seed44_20261010_115525_500394_e6195a47,dqn,44,v1,sparse,1438,84046,60.0,7,59,0.05,1.1212091971251925,83047,True,False,True,31.92614745796891
baseline100k_dqn_statev1_sparse_seed44_20261010_115525_500394_e6195a47,dqn,44,v1,sparse,1439,84125,90.0,10,79,0.05,1.0372890098185479,83126,True,False,True,31.95727833296405
baseline100k_dqn_statev1_sparse_seed44_20261010_115525_500394_e6195a47,dqn,44,v1,sparse,1440,84197,80.0,9,72,0.05,1.156077550103267,83198,True,False,True,31.98553462495329
baseline100k_dqn_statev1_sparse_seed44_20261010_115525_500394_e6195a47,dqn,44,v1,sparse,1441,84234,40.0,5,37,0.05,1.0690773669126872,83235,True,False,True,32.000256665982306
baseline100k_dqn_statev1_sparse_seed44_20261010_115525_500394_e6195a47,dqn,44,v1,sparse,1442,84248,-10.0,0,14,0.05,0.9655823579856327,83249,True,False,True,32.00578745797975
baseline100k_dqn_statev1_sparse_seed44_20261010_115525_500394_e6195a47,dqn,44,v1,sparse,1443,84308,70.0,8,60,0.05,1.1102467775344849,83309,True,False,True,32.029202415957116
baseline100k_dqn_statev1_sparse_seed44_20261010_115525_500394_e6195a47,dqn,44,v1,sparse,1444,84342,20.0,3,34,0.05,1.1457032780436909,83343,True,False,True,32.04237529099919
baseline100k_dqn_statev1_sparse_seed44_20261010_115525_500394_e6195a47,dqn,44,v1,sparse,1445,84484,140.0,15,142,0.05,1.0308741404556891,83485,True,False,True,32.09733783296542
baseline100k_dqn_statev1_sparse_seed44_20261010_115525_500394_e6195a47,dqn,44,v1,sparse,1446,84518,30.0,4,34,0.05,1.1087884201722986,83519,True,False,True,32.110555582970846
baseline100k_dqn_statev1_sparse_seed44_20261010_115525_500394_e6195a47,dqn,44,v1,sparse,1447,84699,170.0,18,181,0.05,0.9892057766571888,83700,True,False,True,32.18070754094515
baseline100k_dqn_statev1_sparse_seed44_20261010_115525_500394_e6195a47,dqn,44,v1,sparse,1448,84815,130.0,14,116,0.05,1.0423981580754806,83816,True,False,True,32.225850124959834
baseline100k_dqn_statev1_sparse_seed44_20261010_115525_500394_e6195a47,dqn,44,v1,sparse,1449,84881,80.0,9,66,0.05,1.1084380420771511,83882,True,False,True,32.25143891596235
baseline100k_dqn_statev1_sparse_seed44_20261010_115525_500394_e6195a47,dqn,44,v1,sparse,1450,84965,100.0,11,84,0.05,1.0064360091374034,83966,True,False,True,32.284086582949385
baseline100k_dqn_statev1_sparse_seed44_20261010_115525_500394_e6195a47,dqn,44,v1,sparse,1451,84976,10.0,2,11,0.05,0.8879105665467002,83977,True,False,True,32.28840466594556
baseline100k_dqn_statev1_sparse_seed44_20261010_115525_500394_e6195a47,dqn,44,v1,sparse,1452,85031,50.0,6,55,0.05,1.1052752857858485,84032,True,False,True,32.30962954094866
baseline100k_dqn_statev1_sparse_seed44_20261010_115525_500394_e6195a47,dqn,44,v1,sparse,1453,85151,160.0,17,120,0.05,1.0738330823679765,84152,True,False,True,32.355900582973845
baseline100k_dqn_statev1_sparse_seed44_20261010_115525_500394_e6195a47,dqn,44,v1,sparse,1454,85213,60.0,7,62,0.05,1.0063129274114486,84214,True,False,True,32.380851249967236
baseline100k_dqn_statev1_sparse_seed44_20261010_115525_500394_e6195a47,dqn,44,v1,sparse,1455,85262,60.0,7,49,0.05,1.0377486147442643,84263,True,False,True,32.3999867499806
baseline100k_dqn_statev1_sparse_seed44_20261010_115525_500394_e6195a47,dqn,44,v1,sparse,1456,85378,100.0,11,116,0.05,1.0382106293892037,84379,True,False,True,32.44538166595157
baseline100k_dqn_statev1_sparse_seed44_20261010_115525_500394_e6195a47,dqn,44,v1,sparse,1457,85516,120.0,13,138,0.05,1.006779492981192,84517,True,False,True,32.499248040956445
baseline100k_dqn_statev1_sparse_seed44_20261010_115525_500394_e6195a47,dqn,44,v1,sparse,1458,85627,140.0,15,111,0.05,1.0784309138585855,84628,True,False,True,32.54240737494547
baseline100k_dqn_statev1_sparse_seed44_20261010_115525_500394_e6195a47,dqn,44,v1,sparse,1459,85825,250.0,26,198,0.05,1.0825649259066341,84826,True,False,True,32.61888216598891
baseline100k_dqn_statev1_sparse_seed44_20261010_115525_500394_e6195a47,dqn,44,v1,sparse,1460,85996,150.0,16,171,0.05,1.0389025922407185,84997,True,False,True,32.684919582970906
baseline100k_dqn_statev1_sparse_seed44_20261010_115525_500394_e6195a47,dqn,44,v1,sparse,1461,86082,90.0,10,86,0.05,1.0973818672950877,85083,True,False,True,32.71808208298171
baseline100k_dqn_statev1_sparse_seed44_20261010_115525_500394_e6195a47,dqn,44,v1,sparse,1462,86286,210.0,22,204,0.05,1.0989201904511918,85287,True,False,True,32.79819124995265
baseline100k_dqn_statev1_sparse_seed44_20261010_115525_500394_e6195a47,dqn,44,v1,sparse,1463,86302,20.0,3,16,0.05,1.051781179383397,85303,True,False,True,32.80430687498301
baseline100k_dqn_statev1_sparse_seed44_20261010_115525_500394_e6195a47,dqn,44,v1,sparse,1464,86359,70.0,8,57,0.05,1.159644445829224,85360,True,False,True,32.82635083299829
baseline100k_dqn_statev1_sparse_seed44_20261010_115525_500394_e6195a47,dqn,44,v1,sparse,1465,86462,100.0,11,103,0.05,1.1689952256031406,85463,True,False,True,32.86635162495077
baseline100k_dqn_statev1_sparse_seed44_20261010_115525_500394_e6195a47,dqn,44,v1,sparse,1466,86599,190.0,20,137,0.05,1.1381677134628714,85600,True,False,True,32.91911962494487
baseline100k_dqn_statev1_sparse_seed44_20261010_115525_500394_e6195a47,dqn,44,v1,sparse,1467,86693,150.0,16,94,0.05,1.1172915183483285,85694,True,False,True,32.95578199997544
baseline100k_dqn_statev1_sparse_seed44_20261010_115525_500394_e6195a47,dqn,44,v1,sparse,1468,86829,160.0,17,136,0.05,1.1612347186926533,85830,True,False,True,33.00866429094458
baseline100k_dqn_statev1_sparse_seed44_20261010_115525_500394_e6195a47,dqn,44,v1,sparse,1469,86924,100.0,11,95,0.05,1.0457344004982396,85925,True,False,True,33.04524562496226
baseline100k_dqn_statev1_sparse_seed44_20261010_115525_500394_e6195a47,dqn,44,v1,sparse,1470,86990,70.0,8,66,0.05,1.1587314425092754,85991,True,False,True,33.070807457959745
baseline100k_dqn_statev1_sparse_seed44_20261010_115525_500394_e6195a47,dqn,44,v1,sparse,1471,86997,0.0,1,7,0.05,0.8143130711146763,85998,True,False,True,33.07357999996748
baseline100k_dqn_statev1_sparse_seed44_20261010_115525_500394_e6195a47,dqn,44,v1,sparse,1472,87164,170.0,18,167,0.05,1.071286255371071,86165,True,False,True,33.137995999946725
baseline100k_dqn_statev1_sparse_seed44_20261010_115525_500394_e6195a47,dqn,44,v1,sparse,1473,87250,50.0,6,86,0.05,1.1201317941033564,86251,True,False,True,33.171236582973506
baseline100k_dqn_statev1_sparse_seed44_20261010_115525_500394_e6195a47,dqn,44,v1,sparse,1474,87409,180.0,19,159,0.05,1.030875523885091,86410,True,False,True,33.23256562498864
baseline100k_dqn_statev1_sparse_seed44_20261010_115525_500394_e6195a47,dqn,44,v1,sparse,1475,87464,50.0,6,55,0.05,1.0294498519463973,86465,True,False,True,33.25391662499169
baseline100k_dqn_statev1_sparse_seed44_20261010_115525_500394_e6195a47,dqn,44,v1,sparse,1476,87522,90.0,10,58,0.05,1.0847290939298169,86523,True,False,True,33.27644370798953
baseline100k_dqn_statev1_sparse_seed44_20261010_115525_500394_e6195a47,dqn,44,v1,sparse,1477,87602,90.0,10,80,0.05,1.08280338793993,86603,True,False,True,33.30739387497306
baseline100k_dqn_statev1_sparse_seed44_20261010_115525_500394_e6195a47,dqn,44,v1,sparse,1478,87678,50.0,6,76,0.05,1.0602420741005947,86679,True,False,True,33.3366898749955
baseline100k_dqn_statev1_sparse_seed44_20261010_115525_500394_e6195a47,dqn,44,v1,sparse,1479,87814,140.0,15,136,0.05,1.077538263710106,86815,True,False,True,33.389832165965345
baseline100k_dqn_statev1_sparse_seed44_20261010_115525_500394_e6195a47,dqn,44,v1,sparse,1480,87991,200.0,21,177,0.05,1.108834849912568,86992,True,False,True,33.458673290966544
baseline100k_dqn_statev1_sparse_seed44_20261010_115525_500394_e6195a47,dqn,44,v1,sparse,1481,88077,100.0,11,86,0.05,1.0654493715873985,87078,True,False,True,33.49217837495962
baseline100k_dqn_statev1_sparse_seed44_20261010_115525_500394_e6195a47,dqn,44,v1,sparse,1482,88185,100.0,11,108,0.05,1.1354537650390908,87186,True,False,True,33.53369758295594
baseline100k_dqn_statev1_sparse_seed44_20261010_115525_500394_e6195a47,dqn,44,v1,sparse,1483,88390,170.0,18,205,0.05,1.0816753516836863,87391,True,False,True,33.61365712498082
baseline100k_dqn_statev1_sparse_seed44_20261010_115525_500394_e6195a47,dqn,44,v1,sparse,1484,88431,40.0,5,41,0.05,1.163107783329196,87432,True,False,True,33.62963291595224
baseline100k_dqn_statev1_sparse_seed44_20261010_115525_500394_e6195a47,dqn,44,v1,sparse,1485,88502,70.0,8,71,0.05,1.0574392508453048,87503,True,False,True,33.65688233298715
baseline100k_dqn_statev1_sparse_seed44_20261010_115525_500394_e6195a47,dqn,44,v1,sparse,1486,88670,170.0,18,168,0.05,1.0850169557545866,87671,True,False,True,33.72308512497693
baseline100k_dqn_statev1_sparse_seed44_20261010_115525_500394_e6195a47,dqn,44,v1,sparse,1487,88719,60.0,7,49,0.05,1.1218562235637588,87720,True,False,True,33.74264520796714
baseline100k_dqn_statev1_sparse_seed44_20261010_115525_500394_e6195a47,dqn,44,v1,sparse,1488,88806,100.0,11,87,0.05,1.0921360199478851,87807,True,False,True,33.776653332985006
baseline100k_dqn_statev1_sparse_seed44_20261010_115525_500394_e6195a47,dqn,44,v1,sparse,1489,88859,70.0,8,53,0.05,1.1052477252933215,87860,True,False,True,33.7972129159607
baseline100k_dqn_statev1_sparse_seed44_20261010_115525_500394_e6195a47,dqn,44,v1,sparse,1490,88987,130.0,14,128,0.05,1.0850830380804837,87988,True,False,True,33.84714199998416
baseline100k_dqn_statev1_sparse_seed44_20261010_115525_500394_e6195a47,dqn,44,v1,sparse,1491,89052,70.0,8,65,0.05,1.0722554390247052,88053,True,False,True,33.87235766596859
baseline100k_dqn_statev1_sparse_seed44_20261010_115525_500394_e6195a47,dqn,44,v1,sparse,1492,89142,70.0,8,90,0.05,1.0572389649020302,88143,True,False,True,33.90710845799185
baseline100k_dqn_statev1_sparse_seed44_20261010_115525_500394_e6195a47,dqn,44,v1,sparse,1493,89165,20.0,3,23,0.05,1.126862873201785,88166,True,False,True,33.9159329579561
baseline100k_dqn_statev1_sparse_seed44_20261010_115525_500394_e6195a47,dqn,44,v1,sparse,1494,89355,180.0,19,190,0.05,1.0879868236027266,88356,True,False,True,33.989097207959276
baseline100k_dqn_statev1_sparse_seed44_20261010_115525_500394_e6195a47,dqn,44,v1,sparse,1495,89385,40.0,5,30,0.05,0.9505576054255168,88386,True,False,True,34.0006285829586
baseline100k_dqn_statev1_sparse_seed44_20261010_115525_500394_e6195a47,dqn,44,v1,sparse,1496,89442,40.0,5,57,0.05,1.0725904410345513,88443,True,False,True,34.0224575829925
baseline100k_dqn_statev1_sparse_seed44_20261010_115525_500394_e6195a47,dqn,44,v1,sparse,1497,89574,150.0,16,132,0.05,1.0391332100738178,88575,True,False,True,34.07550724997418
baseline100k_dqn_statev1_sparse_seed44_20261010_115525_500394_e6195a47,dqn,44,v1,sparse,1498,89692,140.0,15,118,0.05,1.0353629975500753,88693,True,False,True,34.121301290986594
baseline100k_dqn_statev1_sparse_seed44_20261010_115525_500394_e6195a47,dqn,44,v1,sparse,1499,89781,90.0,10,89,0.05,1.0381347761395272,88782,True,False,True,34.15589245798765
baseline100k_dqn_statev1_sparse_seed44_20261010_115525_500394_e6195a47,dqn,44,v1,sparse,1500,89809,10.0,2,28,0.05,0.9499513506889343,88810,True,False,True,34.16665462497622
baseline100k_dqn_statev1_sparse_seed44_20261010_115525_500394_e6195a47,dqn,44,v1,sparse,1501,89962,180.0,19,153,0.05,1.037858366187102,88963,True,False,True,34.22752616595244
baseline100k_dqn_statev1_sparse_seed44_20261010_115525_500394_e6195a47,dqn,44,v1,sparse,1502,89964,-10.0,0,2,0.05,1.2405421733856201,88965,True,False,True,34.228316249966156
baseline100k_dqn_statev1_sparse_seed44_20261010_115525_500394_e6195a47,dqn,44,v1,sparse,1503,90117,190.0,20,153,0.05,1.0246377211380628,89118,True,False,True,34.28786250000121
baseline100k_dqn_statev1_sparse_seed44_20261010_115525_500394_e6195a47,dqn,44,v1,sparse,1504,90262,140.0,15,145,0.05,1.0703440894340646,89263,True,False,True,34.34416099998634
baseline100k_dqn_statev1_sparse_seed44_20261010_115525_500394_e6195a47,dqn,44,v1,sparse,1505,90416,150.0,16,154,0.05,1.0490720531383118,89417,True,False,True,34.40423008298967
baseline100k_dqn_statev1_sparse_seed44_20261010_115525_500394_e6195a47,dqn,44,v1,sparse,1506,90545,130.0,14,129,0.05,1.0394008573173552,89546,True,False,True,34.45418433297891
baseline100k_dqn_statev1_sparse_seed44_20261010_115525_500394_e6195a47,dqn,44,v1,sparse,1507,90617,90.0,10,72,0.05,1.1081911755932703,89618,True,False,True,34.48188579099951
baseline100k_dqn_statev1_sparse_seed44_20261010_115525_500394_e6195a47,dqn,44,v1,sparse,1508,90842,220.0,23,225,0.05,1.0445424678590562,89843,True,False,True,34.56936008296907
baseline100k_dqn_statev1_sparse_seed44_20261010_115525_500394_e6195a47,dqn,44,v1,sparse,1509,90950,90.0,10,108,0.05,1.0644894327830385,89951,True,False,True,34.61125604098197
baseline100k_dqn_statev1_sparse_seed44_20261010_115525_500394_e6195a47,dqn,44,v1,sparse,1510,91100,170.0,18,150,0.05,1.052468989690145,90101,True,False,True,34.670003499952145
baseline100k_dqn_statev1_sparse_seed44_20261010_115525_500394_e6195a47,dqn,44,v1,sparse,1511,91291,250.0,26,191,0.05,1.0320796696615469,90292,True,False,True,34.74485379096586
baseline100k_dqn_statev1_sparse_seed44_20261010_115525_500394_e6195a47,dqn,44,v1,sparse,1512,91346,60.0,7,55,0.05,1.2115052461624145,90347,True,False,True,34.766548832994886
baseline100k_dqn_statev1_sparse_seed44_20261010_115525_500394_e6195a47,dqn,44,v1,sparse,1513,91425,90.0,10,79,0.05,1.0303752154489108,90426,True,False,True,34.79749379097484
baseline100k_dqn_statev1_sparse_seed44_20261010_115525_500394_e6195a47,dqn,44,v1,sparse,1514,91484,60.0,7,59,0.05,1.1006715873540458,90485,True,False,True,34.82048841594951
baseline100k_dqn_statev1_sparse_seed44_20261010_115525_500394_e6195a47,dqn,44,v1,sparse,1515,91578,110.0,12,94,0.05,1.1084833617540115,90579,True,False,True,34.85688833298627
baseline100k_dqn_statev1_sparse_seed44_20261010_115525_500394_e6195a47,dqn,44,v1,sparse,1516,91775,190.0,20,197,0.05,1.0930276667406111,90776,True,False,True,34.93303566594841
baseline100k_dqn_statev1_sparse_seed44_20261010_115525_500394_e6195a47,dqn,44,v1,sparse,1517,91848,80.0,9,73,0.05,1.1008546385046554,90849,True,False,True,34.96132174995728
baseline100k_dqn_statev1_sparse_seed44_20261010_115525_500394_e6195a47,dqn,44,v1,sparse,1518,91896,50.0,6,48,0.05,1.0645223644872506,90897,True,False,True,34.979833999997936
baseline100k_dqn_statev1_sparse_seed44_20261010_115525_500394_e6195a47,dqn,44,v1,sparse,1519,91980,120.0,13,84,0.05,1.072459994682244,90981,True,False,True,35.01220795797417
baseline100k_dqn_statev1_sparse_seed44_20261010_115525_500394_e6195a47,dqn,44,v1,sparse,1520,92093,160.0,17,113,0.05,1.096203343003197,91094,True,False,True,35.05626908299746
baseline100k_dqn_statev1_sparse_seed44_20261010_115525_500394_e6195a47,dqn,44,v1,sparse,1521,92247,200.0,21,154,0.05,1.1037474483638614,91248,True,False,True,35.11597262497526
baseline100k_dqn_statev1_sparse_seed44_20261010_115525_500394_e6195a47,dqn,44,v1,sparse,1522,92413,170.0,18,166,0.05,1.0569062017532715,91414,True,False,True,35.179876249982044
baseline100k_dqn_statev1_sparse_seed44_20261010_115525_500394_e6195a47,dqn,44,v1,sparse,1523,92505,130.0,14,92,0.05,1.0569768541533013,91506,True,False,True,35.21613129094476
baseline100k_dqn_statev1_sparse_seed44_20261010_115525_500394_e6195a47,dqn,44,v1,sparse,1524,92729,240.0,25,224,0.05,1.0708301270912801,91730,True,False,True,35.304722999979276
baseline100k_dqn_statev1_sparse_seed44_20261010_115525_500394_e6195a47,dqn,44,v1,sparse,1525,92754,10.0,2,25,0.05,1.0158963751792909,91755,True,False,True,35.31458887498593
baseline100k_dqn_statev1_sparse_seed44_20261010_115525_500394_e6195a47,dqn,44,v1,sparse,1526,92806,80.0,9,52,0.05,1.0606383761534324,91807,True,False,True,35.33468595799059
baseline100k_dqn_statev1_sparse_seed44_20261010_115525_500394_e6195a47,dqn,44,v1,sparse,1527,92840,60.0,7,34,0.05,1.102991133928299,91841,True,False,True,35.34786662500119
baseline100k_dqn_statev1_sparse_seed44_20261010_115525_500394_e6195a47,dqn,44,v1,sparse,1528,93012,160.0,17,172,0.05,1.086828954344572,92013,True,False,True,35.41610245796619
baseline100k_dqn_statev1_sparse_seed44_20261010_115525_500394_e6195a47,dqn,44,v1,sparse,1529,93119,150.0,16,107,0.05,0.999101087311718,92120,True,False,True,35.45811624999624
baseline100k_dqn_statev1_sparse_seed44_20261010_115525_500394_e6195a47,dqn,44,v1,sparse,1530,93247,150.0,16,128,0.05,1.067627611104399,92248,True,False,True,35.507891957997344
baseline100k_dqn_statev1_sparse_seed44_20261010_115525_500394_e6195a47,dqn,44,v1,sparse,1531,93347,110.0,12,100,0.05,1.0464983949065207,92348,True,False,True,35.546622124966234
baseline100k_dqn_statev1_sparse_seed44_20261010_115525_500394_e6195a47,dqn,44,v1,sparse,1532,93411,70.0,8,64,0.05,1.0392852877266705,92412,True,False,True,35.57157162495423
baseline100k_dqn_statev1_sparse_seed44_20261010_115525_500394_e6195a47,dqn,44,v1,sparse,1533,93515,120.0,13,104,0.05,1.0301320143043995,92516,True,False,True,35.612110165995546
baseline100k_dqn_statev1_sparse_seed44_20261010_115525_500394_e6195a47,dqn,44,v1,sparse,1534,93553,40.0,5,38,0.05,1.088075017458514,92554,True,False,True,35.626781832950655
baseline100k_dqn_statev1_sparse_seed44_20261010_115525_500394_e6195a47,dqn,44,v1,sparse,1535,93610,60.0,7,57,0.05,0.9199240390668836,92611,True,False,True,35.64912854100112
baseline100k_dqn_statev1_sparse_seed44_20261010_115525_500394_e6195a47,dqn,44,v1,sparse,1536,93626,10.0,2,16,0.05,1.026977077126503,92627,True,False,True,35.65540091594448
baseline100k_dqn_statev1_sparse_seed44_20261010_115525_500394_e6195a47,dqn,44,v1,sparse,1537,93688,50.0,6,62,0.05,1.0324671547259054,92689,True,False,True,35.67952970799524
baseline100k_dqn_statev1_sparse_seed44_20261010_115525_500394_e6195a47,dqn,44,v1,sparse,1538,93784,90.0,10,96,0.05,0.9959681906426946,92785,True,False,True,35.716436374990735
baseline100k_dqn_statev1_sparse_seed44_20261010_115525_500394_e6195a47,dqn,44,v1,sparse,1539,93890,110.0,12,106,0.05,1.1091803922405783,92891,True,False,True,35.75867308297893
baseline100k_dqn_statev1_sparse_seed44_20261010_115525_500394_e6195a47,dqn,44,v1,sparse,1540,94022,130.0,14,132,0.05,1.0874721800739116,93023,True,False,True,35.8099449579604
baseline100k_dqn_statev1_sparse_seed44_20261010_115525_500394_e6195a47,dqn,44,v1,sparse,1541,94273,260.0,27,251,0.05,1.0843923735428616,93274,True,False,True,35.90755220799474
baseline100k_dqn_statev1_sparse_seed44_20261010_115525_500394_e6195a47,dqn,44,v1,sparse,1542,94286,20.0,3,13,0.05,1.1029839423986583,93287,True,False,True,35.912675332976505
baseline100k_dqn_statev1_sparse_seed44_20261010_115525_500394_e6195a47,dqn,44,v1,sparse,1543,94387,130.0,14,101,0.05,0.9965841241992346,93388,True,False,True,35.951752624998335
baseline100k_dqn_statev1_sparse_seed44_20261010_115525_500394_e6195a47,dqn,44,v1,sparse,1544,94455,100.0,11,68,0.05,1.1209916174411774,93456,True,False,True,35.978415165969636
baseline100k_dqn_statev1_sparse_seed44_20261010_115525_500394_e6195a47,dqn,44,v1,sparse,1545,94589,150.0,16,134,0.05,1.0651271952621972,93590,True,False,True,36.03056474996265
baseline100k_dqn_statev1_sparse_seed44_20261010_115525_500394_e6195a47,dqn,44,v1,sparse,1546,94754,160.0,17,165,0.05,1.1054745423071313,93755,True,False,True,36.094512499985285
baseline100k_dqn_statev1_sparse_seed44_20261010_115525_500394_e6195a47,dqn,44,v1,sparse,1547,94829,50.0,6,75,0.05,1.0552318676312764,93830,True,False,True,36.12339945795247
baseline100k_dqn_statev1_sparse_seed44_20261010_115525_500394_e6195a47,dqn,44,v1,sparse,1548,94922,120.0,13,93,0.05,1.0773975887606222,93923,True,False,True,36.15908470796421
baseline100k_dqn_statev1_sparse_seed44_20261010_115525_500394_e6195a47,dqn,44,v1,sparse,1549,94962,60.0,7,40,0.05,1.163233721256256,93963,True,False,True,36.17462233296828
baseline100k_dqn_statev1_sparse_seed44_20261010_115525_500394_e6195a47,dqn,44,v1,sparse,1550,95092,120.0,13,130,0.05,0.9853962361812592,94093,True,False,True,36.22504341596505
baseline100k_dqn_statev1_sparse_seed44_20261010_115525_500394_e6195a47,dqn,44,v1,sparse,1551,95157,70.0,8,65,0.05,1.047961405148873,94158,True,False,True,36.249998415994924
baseline100k_dqn_statev1_sparse_seed44_20261010_115525_500394_e6195a47,dqn,44,v1,sparse,1552,95335,200.0,21,178,0.05,1.003138280316685,94336,True,False,True,36.318477332999464
baseline100k_dqn_statev1_sparse_seed44_20261010_115525_500394_e6195a47,dqn,44,v1,sparse,1553,95363,20.0,3,28,0.05,0.9729430228471756,94364,True,False,True,36.32931674999418
baseline100k_dqn_statev1_sparse_seed44_20261010_115525_500394_e6195a47,dqn,44,v1,sparse,1554,95449,90.0,10,86,0.05,1.0223069537517637,94450,True,False,True,36.363182790984865
baseline100k_dqn_statev1_sparse_seed44_20261010_115525_500394_e6195a47,dqn,44,v1,sparse,1555,95619,160.0,17,170,0.05,1.0519187190953423,94620,True,False,True,36.429490290989634
baseline100k_dqn_statev1_sparse_seed44_20261010_115525_500394_e6195a47,dqn,44,v1,sparse,1556,95620,-10.0,0,1,0.05,1.739060640335083,94621,True,False,True,36.42989458295051
baseline100k_dqn_statev1_sparse_seed44_20261010_115525_500394_e6195a47,dqn,44,v1,sparse,1557,95770,210.0,22,150,0.05,0.9936172745625178,94771,True,False,True,36.48823274997994
baseline100k_dqn_statev1_sparse_seed44_20261010_115525_500394_e6195a47,dqn,44,v1,sparse,1558,95922,180.0,19,152,0.05,0.9772503001517371,94923,True,False,True,36.54709758295212
baseline100k_dqn_statev1_sparse_seed44_20261010_115525_500394_e6195a47,dqn,44,v1,sparse,1559,95985,100.0,11,63,0.05,1.0107881483577548,94986,True,False,True,36.57144079095451
baseline100k_dqn_statev1_sparse_seed44_20261010_115525_500394_e6195a47,dqn,44,v1,sparse,1560,96112,130.0,14,127,0.05,1.0347198902621983,95113,True,False,True,36.62064224999631
baseline100k_dqn_statev1_sparse_seed44_20261010_115525_500394_e6195a47,dqn,44,v1,sparse,1561,96233,120.0,13,121,0.05,1.0736772546098252,95234,True,False,True,36.66725774999941
baseline100k_dqn_statev1_sparse_seed44_20261010_115525_500394_e6195a47,dqn,44,v1,sparse,1562,96282,60.0,7,49,0.05,1.152313906927498,95283,True,False,True,36.686371624993626
baseline100k_dqn_statev1_sparse_seed44_20261010_115525_500394_e6195a47,dqn,44,v1,sparse,1563,96347,90.0,10,65,0.05,1.099887608564817,95348,True,False,True,36.71148824994452
baseline100k_dqn_statev1_sparse_seed44_20261010_115525_500394_e6195a47,dqn,44,v1,sparse,1564,96426,110.0,12,79,0.05,1.0583172116098525,95427,True,False,True,36.742757624946535
baseline100k_dqn_statev1_sparse_seed44_20261010_115525_500394_e6195a47,dqn,44,v1,sparse,1565,96547,120.0,13,121,0.05,1.0577966142291866,95548,True,False,True,36.789934999949764
baseline100k_dqn_statev1_sparse_seed44_20261010_115525_500394_e6195a47,dqn,44,v1,sparse,1566,96694,150.0,16,147,0.05,1.104727535628948,95695,True,False,True,36.8468487499631
baseline100k_dqn_statev1_sparse_seed44_20261010_115525_500394_e6195a47,dqn,44,v1,sparse,1567,96838,180.0,19,144,0.05,1.0449233514567215,95839,True,False,True,36.90227845800109
baseline100k_dqn_statev1_sparse_seed44_20261010_115525_500394_e6195a47,dqn,44,v1,sparse,1568,96961,130.0,14,123,0.05,1.032167571104639,95962,True,False,True,36.95004458294716
baseline100k_dqn_statev1_sparse_seed44_20261010_115525_500394_e6195a47,dqn,44,v1,sparse,1569,97084,130.0,14,123,0.05,1.0685550747363548,96085,True,False,True,36.997313707950525
baseline100k_dqn_statev1_sparse_seed44_20261010_115525_500394_e6195a47,dqn,44,v1,sparse,1570,97244,230.0,24,160,0.05,0.9924523159861565,96245,True,False,True,37.05918537499383
baseline100k_dqn_statev1_sparse_seed44_20261010_115525_500394_e6195a47,dqn,44,v1,sparse,1571,97372,140.0,15,128,0.05,1.040420567151159,96373,True,False,True,37.1086896249908
baseline100k_dqn_statev1_sparse_seed44_20261010_115525_500394_e6195a47,dqn,44,v1,sparse,1572,97456,80.0,9,84,0.05,1.0966902442631268,96457,True,False,True,37.14100987499114
baseline100k_dqn_statev1_sparse_seed44_20261010_115525_500394_e6195a47,dqn,44,v1,sparse,1573,97601,180.0,19,145,0.05,1.0551921209384656,96602,True,False,True,37.19723599997815
baseline100k_dqn_statev1_sparse_seed44_20261010_115525_500394_e6195a47,dqn,44,v1,sparse,1574,97682,100.0,11,81,0.05,0.9990565140306213,96683,True,False,True,37.22829183295835
baseline100k_dqn_statev1_sparse_seed44_20261010_115525_500394_e6195a47,dqn,44,v1,sparse,1575,97750,60.0,7,68,0.05,1.0781107373973902,96751,True,False,True,37.254418040975
baseline100k_dqn_statev1_sparse_seed44_20261010_115525_500394_e6195a47,dqn,44,v1,sparse,1576,97837,70.0,8,87,0.05,1.0588959921365497,96838,True,False,True,37.287784832995385
baseline100k_dqn_statev1_sparse_seed44_20261010_115525_500394_e6195a47,dqn,44,v1,sparse,1577,97911,80.0,9,74,0.05,1.0141445084198102,96912,True,False,True,37.316295915981755
baseline100k_dqn_statev1_sparse_seed44_20261010_115525_500394_e6195a47,dqn,44,v1,sparse,1578,98055,190.0,20,144,0.05,1.1025786050077941,97056,True,False,True,37.37156866595615
baseline100k_dqn_statev1_sparse_seed44_20261010_115525_500394_e6195a47,dqn,44,v1,sparse,1579,98124,80.0,9,69,0.05,1.139261370551759,97125,True,False,True,37.39815670798998
baseline100k_dqn_statev1_sparse_seed44_20261010_115525_500394_e6195a47,dqn,44,v1,sparse,1580,98189,80.0,9,65,0.05,1.156243543441479,97190,True,False,True,37.42317354097031
baseline100k_dqn_statev1_sparse_seed44_20261010_115525_500394_e6195a47,dqn,44,v1,sparse,1581,98226,40.0,5,37,0.05,1.1046762901383478,97227,True,False,True,37.437298790959176
baseline100k_dqn_statev1_sparse_seed44_20261010_115525_500394_e6195a47,dqn,44,v1,sparse,1582,98414,200.0,21,188,0.05,1.072104311211312,97415,True,False,True,37.509874082985334
baseline100k_dqn_statev1_sparse_seed44_20261010_115525_500394_e6195a47,dqn,44,v1,sparse,1583,98489,60.0,7,75,0.05,1.0196102754275005,97490,True,False,True,37.53867454099236
baseline100k_dqn_statev1_sparse_seed44_20261010_115525_500394_e6195a47,dqn,44,v1,sparse,1584,98524,50.0,6,35,0.05,1.083795840399606,97525,True,False,True,37.55211037496338
baseline100k_dqn_statev1_sparse_seed44_20261010_115525_500394_e6195a47,dqn,44,v1,sparse,1585,98613,110.0,12,89,0.05,0.9941051210580247,97614,True,False,True,37.58647795795696
baseline100k_dqn_statev1_sparse_seed44_20261010_115525_500394_e6195a47,dqn,44,v1,sparse,1586,98644,40.0,5,31,0.05,0.9957042153804533,97645,True,False,True,37.598449749988504
baseline100k_dqn_statev1_sparse_seed44_20261010_115525_500394_e6195a47,dqn,44,v1,sparse,1587,98714,90.0,10,70,0.05,1.115470734664372,97715,True,False,True,37.6252227909863
baseline100k_dqn_statev1_sparse_seed44_20261010_115525_500394_e6195a47,dqn,44,v1,sparse,1588,98804,100.0,11,90,0.05,1.1279910597536298,97805,True,False,True,37.66002320795087
baseline100k_dqn_statev1_sparse_seed44_20261010_115525_500394_e6195a47,dqn,44,v1,sparse,1589,98902,130.0,14,98,0.05,1.050462348120553,97903,True,False,True,37.697892874944955
baseline100k_dqn_statev1_sparse_seed44_20261010_115525_500394_e6195a47,dqn,44,v1,sparse,1590,99000,110.0,12,98,0.05,1.085408297728519,98001,True,False,True,37.73572616599267
baseline100k_dqn_statev1_sparse_seed44_20261010_115525_500394_e6195a47,dqn,44,v1,sparse,1591,99088,90.0,10,88,0.05,1.0471921617334539,98089,True,False,True,37.769932249968406
baseline100k_dqn_statev1_sparse_seed44_20261010_115525_500394_e6195a47,dqn,44,v1,sparse,1592,99108,20.0,3,20,0.05,0.9480570197105408,98109,True,False,True,37.77794212498702
baseline100k_dqn_statev1_sparse_seed44_20261010_115525_500394_e6195a47,dqn,44,v1,sparse,1593,99297,240.0,25,189,0.05,1.042702361547127,98298,True,False,True,37.85145695798565
baseline100k_dqn_statev1_sparse_seed44_20261010_115525_500394_e6195a47,dqn,44,v1,sparse,1594,99373,90.0,10,76,0.05,1.0480077537266832,98374,True,False,True,37.880810707982164
baseline100k_dqn_statev1_sparse_seed44_20261010_115525_500394_e6195a47,dqn,44,v1,sparse,1595,99501,170.0,18,128,0.05,1.083246683003381,98502,True,False,True,37.930431165965274
baseline100k_dqn_statev1_sparse_seed44_20261010_115525_500394_e6195a47,dqn,44,v1,sparse,1596,99598,120.0,13,97,0.05,1.1116301128544759,98599,True,False,True,37.96787570795277
baseline100k_dqn_statev1_sparse_seed44_20261010_115525_500394_e6195a47,dqn,44,v1,sparse,1597,99607,0.0,1,9,0.05,0.9970850083563063,98608,True,False,True,37.97134058299707
baseline100k_dqn_statev1_sparse_seed44_20261010_115525_500394_e6195a47,dqn,44,v1,sparse,1598,99647,50.0,6,40,0.05,1.027568805962801,98648,True,False,True,37.98680224997224
baseline100k_dqn_statev1_sparse_seed44_20261010_115525_500394_e6195a47,dqn,44,v1,sparse,1599,99708,100.0,11,61,0.05,1.0381394693108856,98709,True,False,True,38.01058054098394
baseline100k_dqn_statev1_sparse_seed44_20261010_115525_500394_e6195a47,dqn,44,v1,sparse,1600,99711,-10.0,0,3,0.05,1.5343830585479736,98712,True,False,True,38.01177133299643
baseline100k_dqn_statev1_sparse_seed44_20261010_115525_500394_e6195a47,dqn,44,v1,sparse,1601,99769,60.0,7,58,0.05,1.0626723160003793,98770,True,False,True,38.03608216595603
baseline100k_dqn_statev1_sparse_seed44_20261010_115525_500394_e6195a47,dqn,44,v1,sparse,1602,99968,230.0,24,199,0.05,1.0968769676421755,98969,True,False,True,38.11321424995549
baseline100k_dqn_statev1_sparse_seed44_20261010_115525_500394_e6195a47,dqn,44,v1,sparse,1603,100000,30.0,3,32,0.05,1.1441355906426907,99001,False,False,False,38.12553941598162
