run_id,algorithm,seed,state_mode,reward_mode,episode,global_step,episode_return,score,episode_length,epsilon,loss,update_count,terminated,truncated,episode_complete,wall_clock_time
debug_algorithm_double_dqn_statev1_sparse_seed42_20261010_222421_175952_d9725a42,double_dqn,42,v1,sparse,1,1,-10.0,0,1,0.9999,,0,True,False,True,0.014947299998311792
debug_algorithm_double_dqn_statev1_sparse_seed42_20261010_222421_175952_d9725a42,double_dqn,42,v1,sparse,2,11,-10.0,0,10,0.9989005498350332,,0,True,False,True,0.015239599997585174
debug_algorithm_double_dqn_statev1_sparse_seed42_20261010_222421_175952_d9725a42,double_dqn,42,v1,sparse,3,12,-10.0,0,1,0.9988006597800497,,0,True,False,True,0.015317199999117292
debug_algorithm_double_dqn_statev1_sparse_seed42_20261010_222421_175952_d9725a42,double_dqn,42,v1,sparse,4,14,-10.0,0,2,0.9986009096361004,,0,True,False,True,0.015394599999126513
debug_algorithm_double_dqn_statev1_sparse_seed42_20261010_222421_175952_d9725a42,double_dqn,42,v1,sparse,5,20,-10.0,0,6,0.9980018988604846,,0,True,False,True,0.015730400002212264
debug_algorithm_double_dqn_statev1_sparse_seed42_20261010_222421_175952_d9725a42,double_dqn,42,v1,sparse,6,27,-10.0,0,7,0.9973035070767544,,0,True,False,True,0.015887599998677615
debug_algorithm_double_dqn_statev1_sparse_seed42_20261010_222421_175952_d9725a42,double_dqn,42,v1,sparse,7,58,-10.0,0,31,0.9942164991863819,,0,True,False,True,0.016236600000411272
debug_algorithm_double_dqn_statev1_sparse_seed42_20261010_222421_175952_d9725a42,double_dqn,42,v1,sparse,8,76,0.0,1,18,0.9924284298281141,,0,True,False,True,0.01645289999578381
debug_algorithm_double_dqn_statev1_sparse_seed42_20261010_222421_175952_d9725a42,double_dqn,42,v1,sparse,9,93,0.0,1,17,0.9907426505254558,,0,True,False,True,0.016652400001476053
debug_algorithm_double_dqn_statev1_sparse_seed42_20261010_222421_175952_d9725a42,double_dqn,42,v1,sparse,10,108,-10.0,0,15,0.9892575763787981,,0,True,False,True,0.016819799995573703
debug_algorithm_double_dqn_statev1_sparse_seed42_20261010_222421_175952_d9725a42,double_dqn,42,v1,sparse,11,121,-10.0,0,13,0.9879723128675584,,0,True,False,True,0.017519299995910842
debug_algorithm_double_dqn_statev1_sparse_seed42_20261010_222421_175952_d9725a42,double_dqn,42,v1,sparse,12,123,-10.0,0,2,0.987774728284708,,0,True,False,True,0.01762359999702312
debug_algorithm_double_dqn_statev1_sparse_seed42_20261010_222421_175952_d9725a42,double_dqn,42,v1,sparse,13,159,20.0,3,36,0.9842249551967749,,0,True,False,True,0.018132699995476287
debug_algorithm_double_dqn_statev1_sparse_seed42_20261010_222421_175952_d9725a42,double_dqn,42,v1,sparse,14,160,-10.0,0,1,0.9841265327012553,,0,True,False,True,0.01819249999971362
debug_algorithm_double_dqn_statev1_sparse_seed42_20261010_222421_175952_d9725a42,double_dqn,42,v1,sparse,15,167,-10.0,0,7,0.9834378507604954,,0,True,False,True,0.018317299996851943
debug_algorithm_double_dqn_statev1_sparse_seed42_20261010_222421_175952_d9725a42,double_dqn,42,v1,sparse,16,174,-10.0,0,7,0.9827496507524949,,0,True,False,True,0.01846579999983078
debug_algorithm_double_dqn_statev1_sparse_seed42_20261010_222421_175952_d9725a42,double_dqn,42,v1,sparse,17,183,-10.0,0,9,0.9818655297741534,,0,True,False,True,0.018590499996207654
debug_algorithm_double_dqn_statev1_sparse_seed42_20261010_222421_175952_d9725a42,double_dqn,42,v1,sparse,18,234,0.0,1,51,0.9768705139349746,,0,True,False,True,0.019122699995932635
debug_algorithm_double_dqn_statev1_sparse_seed42_20261010_222421_175952_d9725a42,double_dqn,42,v1,sparse,19,243,-10.0,0,9,0.9759916820637734,,0,True,False,True,0.01926359999924898
debug_algorithm_double_dqn_statev1_sparse_seed42_20261010_222421_175952_d9725a42,double_dqn,42,v1,sparse,20,244,-10.0,0,1,0.975894082895567,,0,True,False,True,0.01932479999959469
debug_algorithm_double_dqn_statev1_sparse_seed42_20261010_222421_175952_d9725a42,double_dqn,42,v1,sparse,21,269,-10.0,0,25,0.9734572731272545,,0,True,False,True,0.019922300001780968
debug_algorithm_double_dqn_statev1_sparse_seed42_20261010_222421_175952_d9725a42,double_dqn,42,v1,sparse,22,278,-10.0,0,9,0.9725815119443002,,0,True,False,True,0.020242099999450147
debug_algorithm_double_dqn_statev1_sparse_seed42_20261010_222421_175952_d9725a42,double_dqn,42,v1,sparse,23,294,-10.0,0,16,0.971026548078535,,0,True,False,True,0.02053159999923082
debug_algorithm_double_dqn_statev1_sparse_seed42_20261010_222421_175952_d9725a42,double_dqn,42,v1,sparse,24,310,-10.0,0,16,0.969474070289869,,0,True,False,True,0.02101109999784967
debug_algorithm_double_dqn_statev1_sparse_seed42_20261010_222421_175952_d9725a42,double_dqn,42,v1,sparse,25,317,-10.0,0,7,0.9687956419962928,,0,True,False,True,0.021154900001420174
debug_algorithm_double_dqn_statev1_sparse_seed42_20261010_222421_175952_d9725a42,double_dqn,42,v1,sparse,26,341,0.0,1,24,0.9664732043716606,,0,True,False,True,0.021488699996552896
debug_algorithm_double_dqn_statev1_sparse_seed42_20261010_222421_175952_d9725a42,double_dqn,42,v1,sparse,27,349,-10.0,0,8,0.9657002963665449,,0,True,False,True,0.0216255999985151
debug_algorithm_double_dqn_statev1_sparse_seed42_20261010_222421_175952_d9725a42,double_dqn,42,v1,sparse,28,364,-10.0,0,15,0.9642527594680443,,0,True,False,True,0.022057299996959046
debug_algorithm_double_dqn_statev1_sparse_seed42_20261010_222421_175952_d9725a42,double_dqn,42,v1,sparse,29,368,-10.0,0,4,0.9638671162155658,,0,True,False,True,0.02233439999690745
debug_algorithm_double_dqn_statev1_sparse_seed42_20261010_222421_175952_d9725a42,double_dqn,42,v1,sparse,30,389,-10.0,0,21,0.9618450181110908,,0,True,False,True,0.022634799999650568
debug_algorithm_double_dqn_statev1_sparse_seed42_20261010_222421_175952_d9725a42,double_dqn,42,v1,sparse,31,420,-10.0,0,31,0.9588677668138127,,0,True,False,True,0.02379300000029616
debug_algorithm_double_dqn_statev1_sparse_seed42_20261010_222421_175952_d9725a42,double_dqn,42,v1,sparse,32,425,-10.0,0,5,0.9583884288075943,,0,True,False,True,0.024067999998806044
debug_algorithm_double_dqn_statev1_sparse_seed42_20261010_222421_175952_d9725a42,double_dqn,42,v1,sparse,33,427,-10.0,0,2,0.9581967607057171,,0,True,False,True,0.02414860000135377
debug_algorithm_double_dqn_statev1_sparse_seed42_20261010_222421_175952_d9725a42,double_dqn,42,v1,sparse,34,442,0.0,1,15,0.9567604712354087,,0,True,False,True,0.024346099999092985
debug_algorithm_double_dqn_statev1_sparse_seed42_20261010_222421_175952_d9725a42,double_dqn,42,v1,sparse,35,446,-10.0,0,4,0.9563778244487159,,0,True,False,True,0.024430199999187607
debug_algorithm_double_dqn_statev1_sparse_seed42_20261010_222421_175952_d9725a42,double_dqn,42,v1,sparse,36,452,-10.0,0,6,0.9558041411915943,,0,True,False,True,0.024648799997521564
debug_algorithm_double_dqn_statev1_sparse_seed42_20261010_222421_175952_d9725a42,double_dqn,42,v1,sparse,37,461,-10.0,0,9,0.9549442614737373,,0,True,False,True,0.024794299999484792
debug_algorithm_double_dqn_statev1_sparse_seed42_20261010_222421_175952_d9725a42,double_dqn,42,v1,sparse,38,473,-10.0,0,12,0.953798958413141,,0,True,False,True,0.024950799997895956
debug_algorithm_double_dqn_statev1_sparse_seed42_20261010_222421_175952_d9725a42,double_dqn,42,v1,sparse,39,483,0.0,1,10,0.9528455885498235,,0,True,False,True,0.025202699995134026
debug_algorithm_double_dqn_statev1_sparse_seed42_20261010_222421_175952_d9725a42,double_dqn,42,v1,sparse,40,484,-10.0,0,1,0.9527503039909685,,0,True,False,True,0.025263199997425545
debug_algorithm_double_dqn_statev1_sparse_seed42_20261010_222421_175952_d9725a42,double_dqn,42,v1,sparse,41,492,-10.0,0,8,0.9519883704645137,,0,True,False,True,0.025775599999178667
debug_algorithm_double_dqn_statev1_sparse_seed42_20261010_222421_175952_d9725a42,double_dqn,42,v1,sparse,42,493,-10.0,0,1,0.9518931716274672,,0,True,False,True,0.02587639999546809
debug_algorithm_double_dqn_statev1_sparse_seed42_20261010_222421_175952_d9725a42,double_dqn,42,v1,sparse,43,509,-10.0,0,16,0.9503712842917823,,0,True,False,True,0.026076399997691624
debug_algorithm_double_dqn_statev1_sparse_seed42_20261010_222421_175952_d9725a42,double_dqn,42,v1,sparse,44,520,-10.0,0,11,0.9493263984264878,,0,True,False,True,0.026230499999655876
debug_algorithm_double_dqn_statev1_sparse_seed42_20261010_222421_175952_d9725a42,double_dqn,42,v1,sparse,45,534,0.0,1,14,0.9479982050102536,,0,True,False,True,0.026564399995550048
debug_algorithm_double_dqn_statev1_sparse_seed42_20261010_222421_175952_d9725a42,double_dqn,42,v1,sparse,46,536,-10.0,0,2,0.9478086148492336,,0,True,False,True,0.026699699999880977
debug_algorithm_double_dqn_statev1_sparse_seed42_20261010_222421_175952_d9725a42,double_dqn,42,v1,sparse,47,559,-10.0,0,23,0.9456310513131457,,0,True,False,True,0.027074400000856258
debug_algorithm_double_dqn_statev1_sparse_seed42_20261010_222421_175952_d9725a42,double_dqn,42,v1,sparse,48,564,-10.0,0,5,0.9451583303411385,,0,True,False,True,0.02718499999900814
debug_algorithm_double_dqn_statev1_sparse_seed42_20261010_222421_175952_d9725a42,double_dqn,42,v1,sparse,49,606,-10.0,0,42,0.9411967923270838,,0,True,False,True,0.028006499996990897
debug_algorithm_double_dqn_statev1_sparse_seed42_20261010_222421_175952_d9725a42,double_dqn,42,v1,sparse,50,615,-10.0,0,9,0.940350053965786,,0,True,False,True,0.028265599998121615
debug_algorithm_double_dqn_statev1_sparse_seed42_20261010_222421_175952_d9725a42,double_dqn,42,v1,sparse,51,616,-10.0,0,1,0.9402560189603894,,0,True,False,True,0.02836329999990994
debug_algorithm_double_dqn_statev1_sparse_seed42_20261010_222421_175952_d9725a42,double_dqn,42,v1,sparse,52,657,-10.0,0,41,0.9364086693683936,,0,True,False,True,0.029281199997058138
debug_algorithm_double_dqn_statev1_sparse_seed42_20261010_222421_175952_d9725a42,double_dqn,42,v1,sparse,53,671,0.0,1,14,0.935098549022408,,0,True,False,True,0.02947390000190353
debug_algorithm_double_dqn_statev1_sparse_seed42_20261010_222421_175952_d9725a42,double_dqn,42,v1,sparse,54,687,-10.0,0,16,0.9336035129387461,,0,True,False,True,0.029657599996426143
debug_algorithm_double_dqn_statev1_sparse_seed42_20261010_222421_175952_d9725a42,double_dqn,42,v1,sparse,55,691,-10.0,0,4,0.9332301275460472,,0,True,False,True,0.029731499998888467
debug_algorithm_double_dqn_statev1_sparse_seed42_20261010_222421_175952_d9725a42,double_dqn,42,v1,sparse,56,694,-10.0,0,3,0.932950186503754,,0,True,False,True,0.02988299999560695
debug_algorithm_double_dqn_statev1_sparse_seed42_20261010_222421_175952_d9725a42,double_dqn,42,v1,sparse,57,695,-10.0,0,1,0.9328568914851036,,0,True,False,True,0.029941699998744298
debug_algorithm_double_dqn_statev1_sparse_seed42_20261010_222421_175952_d9725a42,double_dqn,42,v1,sparse,58,723,-10.0,0,28,0.9302484153338654,,0,True,False,True,0.030358199997863267
debug_algorithm_double_dqn_statev1_sparse_seed42_20261010_222421_175952_d9725a42,double_dqn,42,v1,sparse,59,750,-10.0,0,27,0.9277400070650574,,0,True,False,True,0.03094269999564858
debug_algorithm_double_dqn_statev1_sparse_seed42_20261010_222421_175952_d9725a42,double_dqn,42,v1,sparse,60,756,-10.0,0,6,0.9271835022032661,,0,True,False,True,0.031319000001531094
debug_algorithm_double_dqn_statev1_sparse_seed42_20261010_222421_175952_d9725a42,double_dqn,42,v1,sparse,61,766,-10.0,0,10,0.9262567358223963,,0,True,False,True,0.03180679999786662
debug_algorithm_double_dqn_statev1_sparse_seed42_20261010_222421_175952_d9725a42,double_dqn,42,v1,sparse,62,771,-10.0,0,5,0.9257937000708967,,0,True,False,True,0.03208150000136811
debug_algorithm_double_dqn_statev1_sparse_seed42_20261010_222421_175952_d9725a42,double_dqn,42,v1,sparse,63,774,-10.0,0,3,0.9255159897337607,,0,True,False,True,0.03217679999943357
debug_algorithm_double_dqn_statev1_sparse_seed42_20261010_222421_175952_d9725a42,double_dqn,42,v1,sparse,64,811,-10.0,0,37,0.9220977373230873,,0,True,False,True,0.03278979999595322
debug_algorithm_double_dqn_statev1_sparse_seed42_20261010_222421_175952_d9725a42,double_dqn,42,v1,sparse,65,818,-10.0,0,7,0.9214524625152158,,0,True,False,True,0.03292969999893103
debug_algorithm_double_dqn_statev1_sparse_seed42_20261010_222421_175952_d9725a42,double_dqn,42,v1,sparse,66,822,-10.0,0,4,0.9210839368136717,,0,True,False,True,0.0330242999989423
debug_algorithm_double_dqn_statev1_sparse_seed42_20261010_222421_175952_d9725a42,double_dqn,42,v1,sparse,67,858,-10.0,0,36,0.9177738308988277,,0,True,False,True,0.033770299996831454
debug_algorithm_double_dqn_statev1_sparse_seed42_20261010_222421_175952_d9725a42,double_dqn,42,v1,sparse,68,861,-10.0,0,3,0.9174985262818552,,0,True,False,True,0.034004599998297635
debug_algorithm_double_dqn_statev1_sparse_seed42_20261010_222421_175952_d9725a42,double_dqn,42,v1,sparse,69,876,-10.0,0,15,0.9161232414485486,,0,True,False,True,0.034389200001896825
debug_algorithm_double_dqn_statev1_sparse_seed42_20261010_222421_175952_d9725a42,double_dqn,42,v1,sparse,70,918,-10.0,0,42,0.9122834011487255,,0,True,False,True,0.03519830000004731
debug_algorithm_double_dqn_statev1_sparse_seed42_20261010_222421_175952_d9725a42,double_dqn,42,v1,sparse,71,921,-10.0,0,3,0.9120097434959706,,0,True,False,True,0.03530699999828357
debug_algorithm_double_dqn_statev1_sparse_seed42_20261010_222421_175952_d9725a42,double_dqn,42,v1,sparse,72,932,-10.0,0,11,0.9110070342330328,,0,True,False,True,0.03553770000144141
debug_algorithm_double_dqn_statev1_sparse_seed42_20261010_222421_175952_d9725a42,double_dqn,42,v1,sparse,73,944,-10.0,0,12,0.9099144268562193,,0,True,False,True,0.03579069999977946
debug_algorithm_double_dqn_statev1_sparse_seed42_20261010_222421_175952_d9725a42,double_dqn,42,v1,sparse,74,954,-10.0,0,10,0.9090049217816846,,0,True,False,True,0.0360897999998997
debug_algorithm_double_dqn_statev1_sparse_seed42_20261010_222421_175952_d9725a42,double_dqn,42,v1,sparse,75,957,-10.0,0,3,0.9087322475743888,,0,True,False,True,0.03624719999788795
debug_algorithm_double_dqn_statev1_sparse_seed42_20261010_222421_175952_d9725a42,double_dqn,42,v1,sparse,76,982,-10.0,0,25,0.9064631410632606,,0,True,False,True,0.03684860000066692
debug_algorithm_double_dqn_statev1_sparse_seed42_20261010_222421_175952_d9725a42,double_dqn,42,v1,sparse,77,995,10.0,2,13,0.9052854457619449,,0,True,False,True,0.03728849999606609
debug_algorithm_double_dqn_statev1_sparse_seed42_20261010_222421_175952_d9725a42,double_dqn,42,v1,sparse,78,1014,-10.0,0,19,0.9035669505762389,0.8091472307840983,15,True,False,True,0.06438319999870146
debug_algorithm_double_dqn_statev1_sparse_seed42_20261010_222421_175952_d9725a42,double_dqn,42,v1,sparse,79,1017,-10.0,0,3,0.903295907597171,0.7787111202875773,18,True,False,True,0.0690969999996014
debug_algorithm_double_dqn_statev1_sparse_seed42_20261010_222421_175952_d9725a42,double_dqn,42,v1,sparse,80,1060,-10.0,0,43,0.8994198808201134,0.7491543286068495,61,True,False,True,0.14010070000222186
debug_algorithm_double_dqn_statev1_sparse_seed42_20261010_222421_175952_d9725a42,double_dqn,42,v1,sparse,81,1103,-10.0,0,43,0.8955604860054617,0.6544415441363357,104,True,False,True,0.2142980999997235
debug_algorithm_double_dqn_statev1_sparse_seed42_20261010_222421_175952_d9725a42,double_dqn,42,v1,sparse,82,1127,-10.0,0,24,0.893413610774327,0.3300336490695675,128,True,False,True,0.25254100000165636
debug_algorithm_double_dqn_statev1_sparse_seed42_20261010_222421_175952_d9725a42,double_dqn,42,v1,sparse,83,1134,-10.0,0,7,0.8927884088323771,0.2306350650531905,135,True,False,True,0.26850310000008903
debug_algorithm_double_dqn_statev1_sparse_seed42_20261010_222421_175952_d9725a42,double_dqn,42,v1,sparse,84,1139,-10.0,0,5,0.8923421038978743,0.21290987879037857,140,True,False,True,0.28014149999944493
debug_algorithm_double_dqn_statev1_sparse_seed42_20261010_222421_175952_d9725a42,double_dqn,42,v1,sparse,85,1149,-10.0,0,10,0.8914501632408608,0.1552863882854581,150,True,False,True,0.29643299999588635
debug_algorithm_double_dqn_statev1_sparse_seed42_20261010_222421_175952_d9725a42,double_dqn,42,v1,sparse,86,1189,0.0,1,40,0.8878913070997846,0.1813542468007654,190,True,False,True,0.3607045999960974
debug_algorithm_double_dqn_statev1_sparse_seed42_20261010_222421_175952_d9725a42,double_dqn,42,v1,sparse,87,1192,-10.0,0,3,0.887624966343506,0.06352538149803877,193,True,False,True,0.36541330000181915
debug_algorithm_double_dqn_statev1_sparse_seed42_20261010_222421_175952_d9725a42,double_dqn,42,v1,sparse,88,1205,0.0,1,13,0.8864717459809359,0.16478976277777782,206,True,False,True,0.3852238999970723
debug_algorithm_double_dqn_statev1_sparse_seed42_20261010_222421_175952_d9725a42,double_dqn,42,v1,sparse,89,1213,-10.0,0,8,0.885762816746604,0.1679626774857752,214,True,False,True,0.4003240000020014
debug_algorithm_double_dqn_statev1_sparse_seed42_20261010_222421_175952_d9725a42,double_dqn,42,v1,sparse,90,1234,0.0,1,21,0.8839045737558167,0.1376539278287618,235,True,False,True,0.43465099999593804
debug_algorithm_double_dqn_statev1_sparse_seed42_20261010_222421_175952_d9725a42,double_dqn,42,v1,sparse,91,1237,-10.0,0,3,0.8836394288999433,0.16605083644390106,238,True,False,True,0.4389770999987377
debug_algorithm_double_dqn_statev1_sparse_seed42_20261010_222421_175952_d9725a42,double_dqn,42,v1,sparse,92,1263,-10.0,0,26,0.8813448359168053,0.1048119234888313,264,True,False,True,0.48873559999628924
debug_algorithm_double_dqn_statev1_sparse_seed42_20261010_222421_175952_d9725a42,double_dqn,42,v1,sparse,93,1264,-10.0,0,1,0.8812567014332137,0.15868720412254333,265,True,False,True,0.49060779999854276
debug_algorithm_double_dqn_statev1_sparse_seed42_20261010_222421_175952_d9725a42,double_dqn,42,v1,sparse,94,1284,-10.0,0,20,0.8794958614138745,0.13906672936864198,285,True,False,True,0.5241200999953435
debug_algorithm_double_dqn_statev1_sparse_seed42_20261010_222421_175952_d9725a42,double_dqn,42,v1,sparse,95,1296,0.0,1,12,0.878441046654001,0.09039982020234068,297,True,False,True,0.5422909999979311
debug_algorithm_double_dqn_statev1_sparse_seed42_20261010_222421_175952_d9725a42,double_dqn,42,v1,sparse,96,1297,-10.0,0,1,0.8783532025493357,0.14263156056404114,298,True,False,True,0.5440749999979744
debug_algorithm_double_dqn_statev1_sparse_seed42_20261010_222421_175952_d9725a42,double_dqn,42,v1,sparse,97,1320,-10.0,0,23,0.8763352108622888,0.12897933659184238,321,True,False,True,0.5848557999997865
debug_algorithm_double_dqn_statev1_sparse_seed42_20261010_222421_175952_d9725a42,double_dqn,42,v1,sparse,98,1327,-10.0,0,7,0.8757219602144107,0.21378662064671516,328,True,False,True,0.5955974999960745
debug_algorithm_double_dqn_statev1_sparse_seed42_20261010_222421_175952_d9725a42,double_dqn,42,v1,sparse,99,1352,-10.0,0,25,0.8735352804667026,0.12705071032047272,353,True,False,True,0.6364879999964614
debug_algorithm_double_dqn_statev1_sparse_seed42_20261010_222421_175952_d9725a42,double_dqn,42,v1,sparse,100,1363,-10.0,0,11,0.8725748719584889,0.07711617729033936,364,True,False,True,0.6562550999951782
debug_algorithm_double_dqn_statev1_sparse_seed42_20261010_222421_175952_d9725a42,double_dqn,42,v1,sparse,101,1399,-10.0,0,36,0.869439093416084,0.11030747819071014,400,True,False,True,0.7529976000005263
debug_algorithm_double_dqn_statev1_sparse_seed42_20261010_222421_175952_d9725a42,double_dqn,42,v1,sparse,102,1405,-10.0,0,6,0.8689175603585111,0.18040768367548785,406,True,False,True,0.7649813999960315
debug_algorithm_double_dqn_statev1_sparse_seed42_20261010_222421_175952_d9725a42,double_dqn,42,v1,sparse,103,1406,-10.0,0,1,0.8688306686024753,0.012061933986842632,407,True,False,True,0.7673089999952936
debug_algorithm_double_dqn_statev1_sparse_seed42_20261010_222421_175952_d9725a42,double_dqn,42,v1,sparse,104,1413,-10.0,0,7,0.868222669558488,0.17523620104683296,414,True,False,True,0.7793122000002768
debug_algorithm_double_dqn_statev1_sparse_seed42_20261010_222421_175952_d9725a42,double_dqn,42,v1,sparse,105,1455,0.0,1,42,0.8645835997860419,0.11676773739357789,456,True,False,True,0.8675411000003805
debug_algorithm_double_dqn_statev1_sparse_seed42_20261010_222421_175952_d9725a42,double_dqn,42,v1,sparse,106,1479,-10.0,0,24,0.8625109836482919,0.11556838862209891,480,True,False,True,0.9096544999993057
debug_algorithm_double_dqn_statev1_sparse_seed42_20261010_222421_175952_d9725a42,double_dqn,42,v1,sparse,107,1480,-10.0,0,1,0.8624247325499271,0.020238526165485382,481,True,False,True,0.9130308999956469
debug_algorithm_double_dqn_statev1_sparse_seed42_20261010_222421_175952_d9725a42,double_dqn,42,v1,sparse,108,1482,-10.0,0,2,0.8622522562276645,0.0827641268260777,483,True,False,True,0.9174715999979526
debug_algorithm_double_dqn_statev1_sparse_seed42_20261010_222421_175952_d9725a42,double_dqn,42,v1,sparse,109,1503,-10.0,0,21,0.8604433360730452,0.1135479322235499,504,True,False,True,0.9596898000017973
debug_algorithm_double_dqn_statev1_sparse_seed42_20261010_222421_175952_d9725a42,double_dqn,42,v1,sparse,110,1517,-10.0,0,14,0.8592394980928637,0.13314872541065728,518,True,False,True,0.9874429999981658
debug_algorithm_double_dqn_statev1_sparse_seed42_20261010_222421_175952_d9725a42,double_dqn,42,v1,sparse,111,1545,-10.0,0,28,0.8568368726103965,0.09086144730515246,546,True,False,True,1.0405575999975554
debug_algorithm_double_dqn_statev1_sparse_seed42_20261010_222421_175952_d9725a42,double_dqn,42,v1,sparse,112,1546,-10.0,0,1,0.8567511889231355,0.008558767847716808,547,True,False,True,1.0424344999992172
debug_algorithm_double_dqn_statev1_sparse_seed42_20261010_222421_175952_d9725a42,double_dqn,42,v1,sparse,113,1549,-10.0,0,3,0.8564941892681375,0.15548644959926605,550,True,False,True,1.0484922999967239
debug_algorithm_double_dqn_statev1_sparse_seed42_20261010_222421_175952_d9725a42,double_dqn,42,v1,sparse,114,1577,0.0,1,28,0.8540992402820999,0.15823468888577605,578,True,False,True,1.1043849999987287
debug_algorithm_double_dqn_statev1_sparse_seed42_20261010_222421_175952_d9725a42,double_dqn,42,v1,sparse,115,1580,-10.0,0,3,0.8538430361321384,0.012207357212901115,581,True,False,True,1.1120784000013373
debug_algorithm_double_dqn_statev1_sparse_seed42_20261010_222421_175952_d9725a42,double_dqn,42,v1,sparse,116,1584,-10.0,0,4,0.8535015501448525,0.08478142693638802,585,True,False,True,1.119720700000471
debug_algorithm_double_dqn_statev1_sparse_seed42_20261010_222421_175952_d9725a42,double_dqn,42,v1,sparse,117,1589,-10.0,0,5,0.8530748847114006,0.12853589542210103,590,True,False,True,1.1311042000015732
debug_algorithm_double_dqn_statev1_sparse_seed42_20261010_222421_175952_d9725a42,double_dqn,42,v1,sparse,118,1593,-10.0,0,4,0.852733705938597,0.1915363445878029,594,True,False,True,1.14001719999942
debug_algorithm_double_dqn_statev1_sparse_seed42_20261010_222421_175952_d9725a42,double_dqn,42,v1,sparse,119,1594,-10.0,0,1,0.8526484325680032,0.016695847734808922,595,True,False,True,1.1418560999954934
debug_algorithm_double_dqn_statev1_sparse_seed42_20261010_222421_175952_d9725a42,double_dqn,42,v1,sparse,120,1622,-10.0,0,28,0.850264237176357,0.09651508767689977,623,True,False,True,1.200970199999574
debug_algorithm_double_dqn_statev1_sparse_seed42_20261010_222421_175952_d9725a42,double_dqn,42,v1,sparse,121,1638,-10.0,0,16,0.8489048342379664,0.12354956092895009,639,True,False,True,1.2374939000001177
debug_algorithm_double_dqn_statev1_sparse_seed42_20261010_222421_175952_d9725a42,double_dqn,42,v1,sparse,122,1689,-10.0,0,51,0.8445862254627408,0.11358261248096824,690,True,False,True,1.3852416000008816
debug_algorithm_double_dqn_statev1_sparse_seed42_20261010_222421_175952_d9725a42,double_dqn,42,v1,sparse,123,1712,-10.0,0,23,0.8426458124523126,0.13806178829754176,713,True,False,True,1.4439990999962902
debug_algorithm_double_dqn_statev1_sparse_seed42_20261010_222421_175952_d9725a42,double_dqn,42,v1,sparse,124,1726,-10.0,0,14,0.8414668748159301,0.1475410733505019,727,True,False,True,1.481466699995508
debug_algorithm_double_dqn_statev1_sparse_seed42_20261010_222421_175952_d9725a42,double_dqn,42,v1,sparse,125,1754,-10.0,0,28,0.8391139455563091,0.10199242617402758,755,True,False,True,1.5596976000015275
debug_algorithm_double_dqn_statev1_sparse_seed42_20261010_222421_175952_d9725a42,double_dqn,42,v1,sparse,126,1757,-10.0,0,3,0.8388622365452214,0.15283206446717182,758,True,False,True,1.5691016999990097
debug_algorithm_double_dqn_statev1_sparse_seed42_20261010_222421_175952_d9725a42,double_dqn,42,v1,sparse,127,1771,0.0,1,14,0.8376885924734316,0.13985788080442166,772,True,False,True,1.6046993999989354
debug_algorithm_double_dqn_statev1_sparse_seed42_20261010_222421_175952_d9725a42,double_dqn,42,v1,sparse,128,1793,-10.0,0,22,0.835847611341211,0.10099259895187887,794,True,False,True,1.6733173999964492
debug_algorithm_double_dqn_statev1_sparse_seed42_20261010_222421_175952_d9725a42,double_dqn,42,v1,sparse,129,1808,-10.0,0,15,0.8345947171839947,0.13339449961980185,809,True,False,True,1.7136214999991353
debug_algorithm_double_dqn_statev1_sparse_seed42_20261010_222421_175952_d9725a42,double_dqn,42,v1,sparse,130,1809,-10.0,0,1,0.8345112577122763,0.2990291118621826,810,True,False,True,1.7166750999967917
debug_algorithm_double_dqn_statev1_sparse_seed42_20261010_222421_175952_d9725a42,double_dqn,42,v1,sparse,131,1883,-10.0,0,74,0.8283583605538057,0.10744667063291008,884,True,False,True,1.8869720000002417
debug_algorithm_double_dqn_statev1_sparse_seed42_20261010_222421_175952_d9725a42,double_dqn,42,v1,sparse,132,1887,-10.0,0,4,0.8280270669077725,0.12029744777828455,888,True,False,True,1.8956508999981452
debug_algorithm_double_dqn_statev1_sparse_seed42_20261010_222421_175952_d9725a42,double_dqn,42,v1,sparse,133,1889,-10.0,0,2,0.8278614697746616,0.08551866095513105,890,True,False,True,1.900252699997509
debug_algorithm_double_dqn_statev1_sparse_seed42_20261010_222421_175952_d9725a42,double_dqn,42,v1,sparse,134,1891,-10.0,0,2,0.8276959057593214,0.15059344214387238,892,True,False,True,1.9039972999962629
debug_algorithm_double_dqn_statev1_sparse_seed42_20261010_222421_175952_d9725a42,double_dqn,42,v1,sparse,135,1897,-10.0,0,6,0.8271994123536991,0.06280032809202869,898,True,False,True,1.9165690000008908
debug_algorithm_double_dqn_statev1_sparse_seed42_20261010_222421_175952_d9725a42,double_dqn,42,v1,sparse,136,1901,-10.0,0,4,0.8268685822174137,0.11859033047221601,902,True,False,True,1.9243734999981825
debug_algorithm_double_dqn_statev1_sparse_seed42_20261010_222421_175952_d9725a42,double_dqn,42,v1,sparse,137,1910,0.0,1,9,0.8261246980966611,0.1218453172283868,911,True,False,True,1.9459801999983029
debug_algorithm_double_dqn_statev1_sparse_seed42_20261010_222421_175952_d9725a42,double_dqn,42,v1,sparse,138,1932,-10.0,0,22,0.8243091308372733,0.1313787755471739,933,True,False,True,1.9912736999976914
debug_algorithm_double_dqn_statev1_sparse_seed42_20261010_222421_175952_d9725a42,double_dqn,42,v1,sparse,139,1936,-10.0,0,4,0.8239794566401892,0.15653728158213198,937,True,False,True,1.9988630000007106
debug_algorithm_double_dqn_statev1_sparse_seed42_20261010_222421_175952_d9725a42,double_dqn,42,v1,sparse,140,1939,-10.0,0,3,0.8237322875217569,0.05920459392170111,940,True,False,True,2.0036456000016187
debug_algorithm_double_dqn_statev1_sparse_seed42_20261010_222421_175952_d9725a42,double_dqn,42,v1,sparse,141,1945,-10.0,0,6,0.8232381716926135,0.07848874339833856,946,True,False,True,2.0164137999963714
debug_algorithm_double_dqn_statev1_sparse_seed42_20261010_222421_175952_d9725a42,double_dqn,42,v1,sparse,142,1948,-10.0,0,3,0.8229912249374277,0.11027371759215991,949,True,False,True,2.0246888999972725
debug_algorithm_double_dqn_statev1_sparse_seed42_20261010_222421_175952_d9725a42,double_dqn,42,v1,sparse,143,1952,-10.0,0,4,0.8226620778236344,0.044894843245856464,953,True,False,True,2.0311307000010856
debug_algorithm_double_dqn_statev1_sparse_seed42_20261010_222421_175952_d9725a42,double_dqn,42,v1,sparse,144,1953,-10.0,0,1,0.822579811615852,0.14109990000724792,954,True,False,True,2.032825000002049
debug_algorithm_double_dqn_statev1_sparse_seed42_20261010_222421_175952_d9725a42,double_dqn,42,v1,sparse,145,1973,-10.0,0,20,0.8209362139569201,0.05232412219047546,974,True,False,True,2.0718983999977354
debug_algorithm_double_dqn_statev1_sparse_seed42_20261010_222421_175952_d9725a42,double_dqn,42,v1,sparse,146,1985,-10.0,0,12,0.8199516321375078,0.044354151391113796,986,True,False,True,2.0969456000020728
debug_algorithm_double_dqn_statev1_sparse_seed42_20261010_222421_175952_d9725a42,double_dqn,42,v1,sparse,147,1988,-10.0,0,3,0.8197056712455956,0.10718991917868455,989,True,False,True,2.1031252999964636
debug_algorithm_double_dqn_statev1_sparse_seed42_20261010_222421_175952_d9725a42,double_dqn,42,v1,sparse,148,2020,-10.0,0,32,0.8170866747749451,0.13303597652702592,1021,True,False,True,2.1709651999990456
debug_algorithm_double_dqn_statev1_sparse_seed42_20261010_222421_175952_d9725a42,double_dqn,42,v1,sparse,149,2021,-10.0,0,1,0.8170049661074676,0.030600493773818016,1022,True,False,True,2.173097599996254
debug_algorithm_double_dqn_statev1_sparse_seed42_20261010_222421_175952_d9725a42,double_dqn,42,v1,sparse,150,2046,0.0,1,25,0.8149649028290192,0.10061555586755276,1047,True,False,True,2.2310692999963067
debug_algorithm_double_dqn_statev1_sparse_seed42_20261010_222421_175952_d9725a42,double_dqn,42,v1,sparse,151,2060,-10.0,0,14,0.8138246932865548,0.14126696889953955,1061,True,False,True,2.2619235000020126
debug_algorithm_double_dqn_statev1_sparse_seed42_20261010_222421_175952_d9725a42,double_dqn,42,v1,sparse,152,2063,-10.0,0,3,0.8135805702924959,0.1697940764327844,1064,True,False,True,2.2681538999968325
debug_algorithm_double_dqn_statev1_sparse_seed42_20261010_222421_175952_d9725a42,double_dqn,42,v1,sparse,153,2071,-10.0,0,8,0.8129299335932668,0.12078080035280436,1072,True,False,True,2.282504599999811
debug_algorithm_double_dqn_statev1_sparse_seed42_20261010_222421_175952_d9725a42,double_dqn,42,v1,sparse,154,2084,-10.0,0,13,0.811873758532504,0.11042417700474079,1085,True,False,True,2.311419899997418
debug_algorithm_double_dqn_statev1_sparse_seed42_20261010_222421_175952_d9725a42,double_dqn,42,v1,sparse,155,2115,-10.0,0,31,0.8093607214472112,0.11546625911949142,1116,True,False,True,2.377593400000478
debug_algorithm_double_dqn_statev1_sparse_seed42_20261010_222421_175952_d9725a42,double_dqn,42,v1,sparse,156,2119,-10.0,0,4,0.8090370257170382,0.055441326927393675,1120,True,False,True,2.3888852999953087
debug_algorithm_double_dqn_statev1_sparse_seed42_20261010_222421_175952_d9725a42,double_dqn,42,v1,sparse,157,2120,-10.0,0,1,0.8089561220144664,0.158882275223732,1121,True,False,True,2.39302840000164
debug_algorithm_double_dqn_statev1_sparse_seed42_20261010_222421_175952_d9725a42,double_dqn,42,v1,sparse,158,2131,0.0,1,11,0.8080667150726665,0.09512872985479506,1132,True,False,True,2.418267900000501
debug_algorithm_double_dqn_statev1_sparse_seed42_20261010_222421_175952_d9725a42,double_dqn,42,v1,sparse,159,2141,-10.0,0,10,0.8072590118906648,0.15376439513638615,1142,True,False,True,2.437287599997944
debug_algorithm_double_dqn_statev1_sparse_seed42_20261010_222421_175952_d9725a42,double_dqn,42,v1,sparse,160,2149,-10.0,0,8,0.8066134306684748,0.16890530451200902,1150,True,False,True,2.4527770999993663
debug_algorithm_double_dqn_statev1_sparse_seed42_20261010_222421_175952_d9725a42,double_dqn,42,v1,sparse,161,2158,-10.0,0,9,0.805887768893963,0.10532479557312197,1159,True,False,True,2.470138999997289
debug_algorithm_double_dqn_statev1_sparse_seed42_20261010_222421_175952_d9725a42,double_dqn,42,v1,sparse,162,2190,-10.0,0,32,0.8033129212425293,0.11876947469136212,1191,True,False,True,2.5270111999998335
debug_algorithm_double_dqn_statev1_sparse_seed42_20261010_222421_175952_d9725a42,double_dqn,42,v1,sparse,163,2191,-10.0,0,1,0.803232589950405,0.1405298113822937,1192,True,False,True,2.5289436999955797
debug_algorithm_double_dqn_statev1_sparse_seed42_20261010_222421_175952_d9725a42,double_dqn,42,v1,sparse,164,2194,-10.0,0,3,0.8029916442695944,0.0691540998717149,1195,True,False,True,2.5334241000018665
debug_algorithm_double_dqn_statev1_sparse_seed42_20261010_222421_175952_d9725a42,double_dqn,42,v1,sparse,165,2230,-10.0,0,36,0.8001059274689497,0.10634698884354697,1231,True,False,True,2.596904899997753
debug_algorithm_double_dqn_statev1_sparse_seed42_20261010_222421_175952_d9725a42,double_dqn,42,v1,sparse,166,2245,-10.0,0,15,0.7989066083250312,0.1354005603119731,1246,True,False,True,2.625127599996631
debug_algorithm_double_dqn_statev1_sparse_seed42_20261010_222421_175952_d9725a42,double_dqn,42,v1,sparse,167,2264,-10.0,0,19,0.7973900511256831,0.09284075976986635,1265,True,False,True,2.6563085000016144
debug_algorithm_double_dqn_statev1_sparse_seed42_20261010_222421_175952_d9725a42,double_dqn,42,v1,sparse,168,2269,-10.0,0,5,0.796991435831152,0.18644831515848637,1270,True,False,True,2.665628900002048
debug_algorithm_double_dqn_statev1_sparse_seed42_20261010_222421_175952_d9725a42,double_dqn,42,v1,sparse,169,2271,-10.0,0,2,0.7968320455139001,0.02060070727020502,1272,True,False,True,2.669169699998747
debug_algorithm_double_dqn_statev1_sparse_seed42_20261010_222421_175952_d9725a42,double_dqn,42,v1,sparse,170,2288,-10.0,0,17,0.7954785141864521,0.07199963724569362,1289,True,False,True,2.697630599999684
debug_algorithm_double_dqn_statev1_sparse_seed42_20261010_222421_175952_d9725a42,double_dqn,42,v1,sparse,171,2314,-10.0,0,26,0.7934128532876833,0.09410452595553719,1315,True,False,True,2.7412043000003905
debug_algorithm_double_dqn_statev1_sparse_seed42_20261010_222421_175952_d9725a42,double_dqn,42,v1,sparse,172,2326,-10.0,0,12,0.7924612813417099,0.08592441002838314,1327,True,False,True,2.765825800001039
debug_algorithm_double_dqn_statev1_sparse_seed42_20261010_222421_175952_d9725a42,double_dqn,42,v1,sparse,173,2331,0.0,1,5,0.7920651299392429,0.13289898671209813,1332,True,False,True,2.7732248999964213
debug_algorithm_double_dqn_statev1_sparse_seed42_20261010_222421_175952_d9725a42,double_dqn,42,v1,sparse,174,2338,-10.0,0,7,0.7915108506542433,0.15532933774271182,1339,True,False,True,2.7868197999996482
debug_algorithm_double_dqn_statev1_sparse_seed42_20261010_222421_175952_d9725a42,double_dqn,42,v1,sparse,175,2354,-10.0,0,16,0.7902453826631153,0.059425432700663805,1355,True,False,True,2.8197478000001865
debug_algorithm_double_dqn_statev1_sparse_seed42_20261010_222421_175952_d9725a42,double_dqn,42,v1,sparse,176,2361,-10.0,0,7,0.7896923768191259,0.09633250774017402,1362,True,False,True,2.830623399997421
debug_algorithm_double_dqn_statev1_sparse_seed42_20261010_222421_175952_d9725a42,double_dqn,42,v1,sparse,177,2371,-10.0,0,10,0.7889030397091299,0.11487157391384244,1372,True,False,True,2.8538527999990038
debug_algorithm_double_dqn_statev1_sparse_seed42_20261010_222421_175952_d9725a42,double_dqn,42,v1,sparse,178,2376,0.0,1,5,0.7885086670716908,0.18209151960909367,1377,True,False,True,2.8647349999955622
debug_algorithm_double_dqn_statev1_sparse_seed42_20261010_222421_175952_d9725a42,double_dqn,42,v1,sparse,179,2380,-10.0,0,4,0.7881933109122282,0.08564432431012392,1381,True,False,True,2.8712682999976096
debug_algorithm_double_dqn_statev1_sparse_seed42_20261010_222421_175952_d9725a42,double_dqn,42,v1,sparse,180,2392,-10.0,0,12,0.7872479989733553,0.1317757822883626,1393,True,False,True,2.8923243999961414
debug_algorithm_double_dqn_statev1_sparse_seed42_20261010_222421_175952_d9725a42,double_dqn,42,v1,sparse,181,2433,20.0,3,41,0.7840267292270595,0.09129483697981369,1434,True,False,True,2.959704499997315
debug_algorithm_double_dqn_statev1_sparse_seed42_20261010_222421_175952_d9725a42,double_dqn,42,v1,sparse,182,2451,0.0,1,18,0.7826166800358207,0.07460936562468608,1452,True,False,True,2.990884899998491
debug_algorithm_double_dqn_statev1_sparse_seed42_20261010_222421_175952_d9725a42,double_dqn,42,v1,sparse,183,2452,-10.0,0,1,0.7825384183678171,0.15395726263523102,1453,True,False,True,2.9927078999971855
debug_algorithm_double_dqn_statev1_sparse_seed42_20261010_222421_175952_d9725a42,double_dqn,42,v1,sparse,184,2478,-10.0,0,26,0.7805063596964901,0.11136318947403477,1479,True,False,True,3.0401196999955573
debug_algorithm_double_dqn_statev1_sparse_seed42_20261010_222421_175952_d9725a42,double_dqn,42,v1,sparse,185,2480,-10.0,0,2,0.7803502662296143,0.22089670598506927,1481,True,False,True,3.044975099997828
debug_algorithm_double_dqn_statev1_sparse_seed42_20261010_222421_175952_d9725a42,double_dqn,42,v1,sparse,186,2481,-10.0,0,1,0.7802722312029914,0.009842964820563793,1482,True,False,True,3.0468270999990636
debug_algorithm_double_dqn_statev1_sparse_seed42_20261010_222421_175952_d9725a42,double_dqn,42,v1,sparse,187,2487,-10.0,0,6,0.7798041848895001,0.15183192041392127,1488,True,False,True,3.057374099997105
debug_algorithm_double_dqn_statev1_sparse_seed42_20261010_222421_175952_d9725a42,double_dqn,42,v1,sparse,188,2490,-10.0,0,3,0.7795702670273791,0.10790685998896758,1491,True,False,True,3.063251899999159
debug_algorithm_double_dqn_statev1_sparse_seed42_20261010_222421_175952_d9725a42,double_dqn,42,v1,sparse,189,2491,-10.0,0,1,0.7794923100006763,0.006408754736185074,1492,True,False,True,3.0649449999982608
debug_algorithm_double_dqn_statev1_sparse_seed42_20261010_222421_175952_d9725a42,double_dqn,42,v1,sparse,190,2521,10.0,2,30,0.7771572206996192,0.12778618847951292,1522,True,False,True,3.1241590999998152
debug_algorithm_double_dqn_statev1_sparse_seed42_20261010_222421_175952_d9725a42,double_dqn,42,v1,sparse,191,2537,-10.0,0,16,0.7759147013000982,0.12458066709223203,1538,True,False,True,3.1527176999952644
debug_algorithm_double_dqn_statev1_sparse_seed42_20261010_222421_175952_d9725a42,double_dqn,42,v1,sparse,192,2539,-10.0,0,2,0.7757595261189852,0.15370828658342361,1540,True,False,True,3.155965300000389
debug_algorithm_double_dqn_statev1_sparse_seed42_20261010_222421_175952_d9725a42,double_dqn,42,v1,sparse,193,2549,0.0,1,10,0.7749841155915783,0.06598738497123122,1550,True,False,True,3.1720220999995945
debug_algorithm_double_dqn_statev1_sparse_seed42_20261010_222421_175952_d9725a42,double_dqn,42,v1,sparse,194,2560,-10.0,0,11,0.7741320591778444,0.09965564314783974,1561,True,False,True,3.1904914999977336
debug_algorithm_double_dqn_statev1_sparse_seed42_20261010_222421_175952_d9725a42,double_dqn,42,v1,sparse,195,2568,-10.0,0,8,0.7735129702441328,0.15103555348468944,1569,True,False,True,3.2045085999998264
debug_algorithm_double_dqn_statev1_sparse_seed42_20261010_222421_175952_d9725a42,double_dqn,42,v1,sparse,196,2574,0.0,1,6,0.7730489784734628,0.1023763381720831,1575,True,False,True,3.217428399999335
debug_algorithm_double_dqn_statev1_sparse_seed42_20261010_222421_175952_d9725a42,double_dqn,42,v1,sparse,197,2592,-10.0,0,18,0.7716586724465762,0.11949432361871004,1593,True,False,True,3.255335699999705
debug_algorithm_double_dqn_statev1_sparse_seed42_20261010_222421_175952_d9725a42,double_dqn,42,v1,sparse,198,2620,0.0,1,28,0.7695009425071333,0.16534540127031505,1621,True,False,True,3.306728199997451
debug_algorithm_double_dqn_statev1_sparse_seed42_20261010_222421_175952_d9725a42,double_dqn,42,v1,sparse,199,2632,-10.0,0,12,0.7685780490774948,0.09320511668920517,1633,True,False,True,3.326578899999731
debug_algorithm_double_dqn_statev1_sparse_seed42_20261010_222421_175952_d9725a42,double_dqn,42,v1,sparse,200,2663,-10.0,0,31,0.7661990275609417,0.10976976635415227,1664,True,False,True,3.3815077999970526
debug_algorithm_double_dqn_statev1_sparse_seed42_20261010_222421_175952_d9725a42,double_dqn,42,v1,sparse,201,2740,10.0,2,77,0.7603216580883472,0.1381704503452623,1741,True,False,True,3.525290799996583
debug_algorithm_double_dqn_statev1_sparse_seed42_20261010_222421_175952_d9725a42,double_dqn,42,v1,sparse,202,2799,0.0,1,59,0.7558487447264656,0.15055717269779514,1800,True,False,True,3.6203410000016447
debug_algorithm_double_dqn_statev1_sparse_seed42_20261010_222421_175952_d9725a42,double_dqn,42,v1,sparse,203,2806,-10.0,0,7,0.7553198093069414,0.09055123438260385,1807,True,False,True,3.631771699998353
debug_algorithm_double_dqn_statev1_sparse_seed42_20261010_222421_175952_d9725a42,double_dqn,42,v1,sparse,204,2836,10.0,2,30,0.7530571324556617,0.18927852340663473,1837,True,False,True,3.6872031000020797
debug_algorithm_double_dqn_statev1_sparse_seed42_20261010_222421_175952_d9725a42,double_dqn,42,v1,sparse,205,2892,20.0,3,56,0.7488515887466368,0.10648553578565563,1893,True,False,True,3.791953399995691
debug_algorithm_double_dqn_statev1_sparse_seed42_20261010_222421_175952_d9725a42,double_dqn,42,v1,sparse,206,2918,10.0,2,26,0.7469070064376644,0.15231298961533377,1919,True,False,True,3.835451099999773
debug_algorithm_double_dqn_statev1_sparse_seed42_20261010_222421_175952_d9725a42,double_dqn,42,v1,sparse,207,2919,-10.0,0,1,0.7468323157370206,0.153724804520607,1920,True,False,True,3.836863999997149
debug_algorithm_double_dqn_statev1_sparse_seed42_20261010_222421_175952_d9725a42,double_dqn,42,v1,sparse,208,2930,-10.0,0,11,0.7460112108242809,0.09825639452107927,1931,True,False,True,3.8552387000017916
debug_algorithm_double_dqn_statev1_sparse_seed42_20261010_222421_175952_d9725a42,double_dqn,42,v1,sparse,209,2972,10.0,2,42,0.7428843783394793,0.1519683314420815,1973,True,False,True,3.934158899995964
debug_algorithm_double_dqn_statev1_sparse_seed42_20261010_222421_175952_d9725a42,double_dqn,42,v1,sparse,210,3052,10.0,2,80,0.7369647175410533,0.13826932210358792,2053,True,False,True,4.134085099998629
debug_algorithm_double_dqn_statev1_sparse_seed42_20261010_222421_175952_d9725a42,double_dqn,42,v1,sparse,211,3061,-10.0,0,9,0.736301714540669,0.2293487505780326,2062,True,False,True,4.1616743999984465
debug_algorithm_double_dqn_statev1_sparse_seed42_20261010_222421_175952_d9725a42,double_dqn,42,v1,sparse,212,3063,-10.0,0,2,0.736154461560778,0.08650226518511772,2064,True,False,True,4.1685491999960504
debug_algorithm_double_dqn_statev1_sparse_seed42_20261010_222421_175952_d9725a42,double_dqn,42,v1,sparse,213,3093,0.0,1,30,0.7339491974612334,0.15718239440272253,2094,True,False,True,4.2589535000006435
debug_algorithm_double_dqn_statev1_sparse_seed42_20261010_222421_175952_d9725a42,double_dqn,42,v1,sparse,214,3100,-10.0,0,7,0.7334355871266565,0.05803257240248578,2101,True,False,True,4.277400099999795
debug_algorithm_double_dqn_statev1_sparse_seed42_20261010_222421_175952_d9725a42,double_dqn,42,v1,sparse,215,3149,-10.0,0,49,0.7298503644549494,0.1681402745295544,2150,True,False,True,4.409186899996712
debug_algorithm_double_dqn_statev1_sparse_seed42_20261010_222421_175952_d9725a42,double_dqn,42,v1,sparse,216,3198,10.0,2,49,0.7262826672780937,0.12928411358853384,2199,True,False,True,4.533631799997238
debug_algorithm_double_dqn_statev1_sparse_seed42_20261010_222421_175952_d9725a42,double_dqn,42,v1,sparse,217,3203,-10.0,0,5,0.7259195985654588,0.15617010407149792,2204,True,False,True,4.54486299999553
debug_algorithm_double_dqn_statev1_sparse_seed42_20261010_222421_175952_d9725a42,double_dqn,42,v1,sparse,218,3222,10.0,2,19,0.7245415919475637,0.19180065589515785,2223,True,False,True,4.5900217999951565
debug_algorithm_double_dqn_statev1_sparse_seed42_20261010_222421_175952_d9725a42,double_dqn,42,v1,sparse,219,3253,-10.0,0,31,0.7222988788763931,0.1677176651634997,2254,True,False,True,4.653810899995733
debug_algorithm_double_dqn_statev1_sparse_seed42_20261010_222421_175952_d9725a42,double_dqn,42,v1,sparse,220,3276,-10.0,0,23,0.7206394175925893,0.17939435261423173,2277,True,False,True,4.703289699995366
debug_algorithm_double_dqn_statev1_sparse_seed42_20261010_222421_175952_d9725a42,double_dqn,42,v1,sparse,221,3277,-10.0,0,1,0.72056735365083,0.2902950346469879,2278,True,False,True,4.704989300000307
debug_algorithm_double_dqn_statev1_sparse_seed42_20261010_222421_175952_d9725a42,double_dqn,42,v1,sparse,222,3315,-10.0,0,38,0.7178342572220624,0.15599669996452958,2316,True,False,True,4.7810888000021805
debug_algorithm_double_dqn_statev1_sparse_seed42_20261010_222421_175952_d9725a42,double_dqn,42,v1,sparse,223,3327,-10.0,0,12,0.7169733297261175,0.14607787760905921,2328,True,False,True,4.8033580999981496
debug_algorithm_double_dqn_statev1_sparse_seed42_20261010_222421_175952_d9725a42,double_dqn,42,v1,sparse,224,3337,-10.0,0,10,0.7162566789483681,0.11231077937409281,2338,True,False,True,4.824152799999865
debug_algorithm_double_dqn_statev1_sparse_seed42_20261010_222421_175952_d9725a42,double_dqn,42,v1,sparse,225,3354,-10.0,0,17,0.7150400162163552,0.15542935234877994,2355,True,False,True,4.858668499997293
debug_algorithm_double_dqn_statev1_sparse_seed42_20261010_222421_175952_d9725a42,double_dqn,42,v1,sparse,226,3462,0.0,1,108,0.7073587534560476,0.17883090277340402,2463,True,False,True,5.0733356999990065
debug_algorithm_double_dqn_statev1_sparse_seed42_20261010_222421_175952_d9725a42,double_dqn,42,v1,sparse,227,3465,-10.0,0,3,0.7071465670500661,0.30000078678131104,2466,True,False,True,5.0798156000018935
debug_algorithm_double_dqn_statev1_sparse_seed42_20261010_222421_175952_d9725a42,double_dqn,42,v1,sparse,228,3488,0.0,1,23,0.705521917774935,0.19769416644197443,2489,True,False,True,5.121839999999793
debug_algorithm_double_dqn_statev1_sparse_seed42_20261010_222421_175952_d9725a42,double_dqn,42,v1,sparse,229,3520,0.0,1,32,0.7032677435299146,0.17699423676822335,2521,True,False,True,5.1813996999990195
debug_algorithm_double_dqn_statev1_sparse_seed42_20261010_222421_175952_d9725a42,double_dqn,42,v1,sparse,230,3526,0.0,1,6,0.7028458883598939,0.10780947236344218,2527,True,False,True,5.192426299996441
debug_algorithm_double_dqn_statev1_sparse_seed42_20261010_222421_175952_d9725a42,double_dqn,42,v1,sparse,231,3545,0.0,1,19,0.7015116823576938,0.14213824463321975,2546,True,False,True,5.222890799996094
debug_algorithm_double_dqn_statev1_sparse_seed42_20261010_222421_175952_d9725a42,double_dqn,42,v1,sparse,232,3588,0.0,1,43,0.6985015081253426,0.14905670012325742,2589,True,False,True,5.296478700001899
debug_algorithm_double_dqn_statev1_sparse_seed42_20261010_222421_175952_d9725a42,double_dqn,42,v1,sparse,233,3592,-10.0,0,4,0.6982221494293891,0.22740237787365913,2593,True,False,True,5.303818799999135
debug_algorithm_double_dqn_statev1_sparse_seed42_20261010_222421_175952_d9725a42,double_dqn,42,v1,sparse,234,3632,0.0,1,40,0.6954347000723794,0.16254473517183216,2633,True,False,True,5.371645100000023
debug_algorithm_double_dqn_statev1_sparse_seed42_20261010_222421_175952_d9725a42,double_dqn,42,v1,sparse,235,3641,-10.0,0,9,0.6948090591403985,0.16826984679533374,2642,True,False,True,5.390851600001042
debug_algorithm_double_dqn_statev1_sparse_seed42_20261010_222421_175952_d9725a42,double_dqn,42,v1,sparse,236,3679,-10.0,0,38,0.6921736633670672,0.17824487444503526,2680,True,False,True,5.458030499998131
debug_algorithm_double_dqn_statev1_sparse_seed42_20261010_222421_175952_d9725a42,double_dqn,42,v1,sparse,237,3687,-10.0,0,8,0.6916201182062426,0.10567226889543235,2688,True,False,True,5.472561199996562
debug_algorithm_double_dqn_statev1_sparse_seed42_20261010_222421_175952_d9725a42,double_dqn,42,v1,sparse,238,3689,-10.0,0,2,0.6914818010988025,0.2867227867245674,2690,True,False,True,5.475806999995257
debug_algorithm_double_dqn_statev1_sparse_seed42_20261010_222421_175952_d9725a42,double_dqn,42,v1,sparse,239,3690,-10.0,0,1,0.6914126529186927,0.14261505007743835,2691,True,False,True,5.47775140000158
debug_algorithm_double_dqn_statev1_sparse_seed42_20261010_222421_175952_d9725a42,double_dqn,42,v1,sparse,240,3745,-10.0,0,55,0.6876201326898821,0.16368699238042939,2746,True,False,True,5.570499499997823
debug_algorithm_double_dqn_statev1_sparse_seed42_20261010_222421_175952_d9725a42,double_dqn,42,v1,sparse,241,3749,-10.0,0,4,0.6873451258912638,0.12689521443098783,2750,True,False,True,5.577441699999326
debug_algorithm_double_dqn_statev1_sparse_seed42_20261010_222421_175952_d9725a42,double_dqn,42,v1,sparse,242,3752,-10.0,0,3,0.6871389429731628,0.19962687293688455,2753,True,False,True,5.5835178999986965
debug_algorithm_double_dqn_statev1_sparse_seed42_20261010_222421_175952_d9725a42,double_dqn,42,v1,sparse,243,3788,0.0,1,36,0.6846695668516738,0.16479951564946937,2789,True,False,True,5.640594399999827
debug_algorithm_double_dqn_statev1_sparse_seed42_20261010_222421_175952_d9725a42,double_dqn,42,v1,sparse,244,3789,-10.0,0,1,0.6846010998949886,0.2874208986759186,2790,True,False,True,5.642347499997413
debug_algorithm_double_dqn_statev1_sparse_seed42_20261010_222421_175952_d9725a42,double_dqn,42,v1,sparse,245,3796,-10.0,0,7,0.6841220228673344,0.11882164063198226,2797,True,False,True,5.653484199996456
debug_algorithm_double_dqn_statev1_sparse_seed42_20261010_222421_175952_d9725a42,double_dqn,42,v1,sparse,246,3797,-10.0,0,1,0.6840536106650477,0.43364715576171875,2798,True,False,True,5.655201699999452
debug_algorithm_double_dqn_statev1_sparse_seed42_20261010_222421_175952_d9725a42,double_dqn,42,v1,sparse,247,3807,-10.0,0,10,0.6833698647964354,0.1402736697345972,2808,True,False,True,5.670056599999953
debug_algorithm_double_dqn_statev1_sparse_seed42_20261010_222421_175952_d9725a42,double_dqn,42,v1,sparse,248,3808,-10.0,0,1,0.6833015278099557,0.41007375717163086,2809,True,False,True,5.671573499996157
debug_algorithm_double_dqn_statev1_sparse_seed42_20261010_222421_175952_d9725a42,double_dqn,42,v1,sparse,249,3818,-10.0,0,10,0.6826185336858515,0.14229876417666673,2819,True,False,True,5.6883846999990055
debug_algorithm_double_dqn_statev1_sparse_seed42_20261010_222421_175952_d9725a42,double_dqn,42,v1,sparse,250,3819,-10.0,0,1,0.6825502718324828,0.4006102979183197,2820,True,False,True,5.690238899995165
debug_algorithm_double_dqn_statev1_sparse_seed42_20261010_222421_175952_d9725a42,double_dqn,42,v1,sparse,251,3822,-10.0,0,3,0.6823455272267588,0.24304348727067313,2823,True,False,True,5.695216799998889
debug_algorithm_double_dqn_statev1_sparse_seed42_20261010_222421_175952_d9725a42,double_dqn,42,v1,sparse,252,3831,-10.0,0,9,0.6817316618393362,0.15934868301782343,2832,True,False,True,5.713631200000236
debug_algorithm_double_dqn_statev1_sparse_seed42_20261010_222421_175952_d9725a42,double_dqn,42,v1,sparse,253,3845,-10.0,0,14,0.6807778576404915,0.12209552473255567,2846,True,False,True,5.739099599995825
debug_algorithm_double_dqn_statev1_sparse_seed42_20261010_222421_175952_d9725a42,double_dqn,42,v1,sparse,254,3849,-10.0,0,4,0.6805055873413838,0.12447603978216648,2850,True,False,True,5.745317299995804
debug_algorithm_double_dqn_statev1_sparse_seed42_20261010_222421_175952_d9725a42,double_dqn,42,v1,sparse,255,3865,0.0,1,16,0.6794175946273832,0.14548295229906216,2866,True,False,True,5.772733899997547
debug_algorithm_double_dqn_statev1_sparse_seed42_20261010_222421_175952_d9725a42,double_dqn,42,v1,sparse,256,3881,-10.0,0,16,0.6783313413967427,0.1806148392497562,2882,True,False,True,5.799656700000924
debug_algorithm_double_dqn_statev1_sparse_seed42_20261010_222421_175952_d9725a42,double_dqn,42,v1,sparse,257,3894,-10.0,0,13,0.677450039557419,0.14821235792568097,2895,True,False,True,5.819223499995132
debug_algorithm_double_dqn_statev1_sparse_seed42_20261010_222421_175952_d9725a42,double_dqn,42,v1,sparse,258,3962,0.0,1,68,0.6728587777043438,0.14761403590605102,2963,True,False,True,5.922437699999136
debug_algorithm_double_dqn_statev1_sparse_seed42_20261010_222421_175952_d9725a42,double_dqn,42,v1,sparse,259,3967,-10.0,0,5,0.6725224155946412,0.12191113792359828,2968,True,False,True,5.930408299995179
debug_algorithm_double_dqn_statev1_sparse_seed42_20261010_222421_175952_d9725a42,double_dqn,42,v1,sparse,260,3995,-10.0,0,28,0.6706418927639003,0.1367937235294708,2996,True,False,True,5.991260800001328
debug_algorithm_double_dqn_statev1_sparse_seed42_20261010_222421_175952_d9725a42,double_dqn,42,v1,sparse,261,4004,10.0,2,9,0.6700385564351686,0.20275349997811848,3005,True,False,True,6.0075182000000495
debug_algorithm_double_dqn_statev1_sparse_seed42_20261010_222421_175952_d9725a42,double_dqn,42,v1,sparse,262,4016,-10.0,0,12,0.6692349522455187,0.12377716368064284,3017,True,False,True,6.037108799995622
debug_algorithm_double_dqn_statev1_sparse_seed42_20261010_222421_175952_d9725a42,double_dqn,42,v1,sparse,263,4017,-10.0,0,1,0.6691680287502941,0.1554580181837082,3018,True,False,True,6.038866499999131
debug_algorithm_double_dqn_statev1_sparse_seed42_20261010_222421_175952_d9725a42,double_dqn,42,v1,sparse,264,4033,0.0,1,16,0.668098162531316,0.16796283284202218,3034,True,False,True,6.064118199996301
debug_algorithm_double_dqn_statev1_sparse_seed42_20261010_222421_175952_d9725a42,double_dqn,42,v1,sparse,265,4070,0.0,1,37,0.6656306436769995,0.14252130664582993,3071,True,False,True,6.135647199997038
debug_algorithm_double_dqn_statev1_sparse_seed42_20261010_222421_175952_d9725a42,double_dqn,42,v1,sparse,266,4073,-10.0,0,3,0.66543097445215,0.10311669049163659,3074,True,False,True,6.140658999996958
debug_algorithm_double_dqn_statev1_sparse_seed42_20261010_222421_175952_d9725a42,double_dqn,42,v1,sparse,267,4075,-10.0,0,2,0.6652978949115693,0.2122759148478508,3076,True,False,True,6.143913499996415
debug_algorithm_double_dqn_statev1_sparse_seed42_20261010_222421_175952_d9725a42,double_dqn,42,v1,sparse,268,4100,10.0,2,25,0.6636366445386316,0.13798717610538005,3101,True,False,True,6.207333199999994
debug_algorithm_double_dqn_statev1_sparse_seed42_20261010_222421_175952_d9725a42,double_dqn,42,v1,sparse,269,4110,-10.0,0,10,0.6629733064509605,0.1490383144468069,3111,True,False,True,6.228362299996661
debug_algorithm_double_dqn_statev1_sparse_seed42_20261010_222421_175952_d9725a42,double_dqn,42,v1,sparse,270,4140,10.0,2,30,0.6609872677756349,0.17018707084159057,3141,True,False,True,6.277435099997092
debug_algorithm_double_dqn_statev1_sparse_seed42_20261010_222421_175952_d9725a42,double_dqn,42,v1,sparse,271,4168,-10.0,0,28,0.6591389997936938,0.17881073320417532,3169,True,False,True,6.328890799995861
debug_algorithm_double_dqn_statev1_sparse_seed42_20261010_222421_175952_d9725a42,double_dqn,42,v1,sparse,272,4178,-10.0,0,10,0.6584801573273674,0.23059551930055022,3179,True,False,True,6.346669799997471
debug_algorithm_double_dqn_statev1_sparse_seed42_20261010_222421_175952_d9725a42,double_dqn,42,v1,sparse,273,4206,0.0,1,28,0.6566388997860123,0.20988859618747874,3207,True,False,True,6.397818299999926
debug_algorithm_double_dqn_statev1_sparse_seed42_20261010_222421_175952_d9725a42,double_dqn,42,v1,sparse,274,4216,-10.0,0,10,0.6559825562949485,0.2609739949926734,3217,True,False,True,6.416183000001183
debug_algorithm_double_dqn_statev1_sparse_seed42_20261010_222421_175952_d9725a42,double_dqn,42,v1,sparse,275,4224,0.0,1,8,0.655457953888298,0.1596044679172337,3225,True,False,True,6.4300877999994555
debug_algorithm_double_dqn_statev1_sparse_seed42_20261010_222421_175952_d9725a42,double_dqn,42,v1,sparse,276,4254,-10.0,0,30,0.6534944286093685,0.2065957093300919,3255,True,False,True,6.484302400000161
debug_algorithm_double_dqn_statev1_sparse_seed42_20261010_222421_175952_d9725a42,double_dqn,42,v1,sparse,277,4284,-10.0,0,30,0.6515367853729076,0.171593408100307,3285,True,False,True,6.538497199995618
debug_algorithm_double_dqn_statev1_sparse_seed42_20261010_222421_175952_d9725a42,double_dqn,42,v1,sparse,278,4343,0.0,1,59,0.6477038449824171,0.20043389634939573,3344,True,False,True,6.635496299997612
debug_algorithm_double_dqn_statev1_sparse_seed42_20261010_222421_175952_d9725a42,double_dqn,42,v1,sparse,279,4368,10.0,2,25,0.6460865269925959,0.1415285584703088,3369,True,False,True,6.681213800002297
debug_algorithm_double_dqn_statev1_sparse_seed42_20261010_222421_175952_d9725a42,double_dqn,42,v1,sparse,280,4371,-10.0,0,3,0.6458927204164479,0.33480410277843475,3372,True,False,True,6.688106399997196
debug_algorithm_double_dqn_statev1_sparse_seed42_20261010_222421_175952_d9725a42,double_dqn,42,v1,sparse,281,4449,20.0,3,78,0.6408741043106554,0.16524009918794036,3450,True,False,True,6.842537199998333
debug_algorithm_double_dqn_statev1_sparse_seed42_20261010_222421_175952_d9725a42,double_dqn,42,v1,sparse,282,4470,-10.0,0,21,0.639529613675243,0.18169913906604052,3471,True,False,True,6.891853900000569
debug_algorithm_double_dqn_statev1_sparse_seed42_20261010_222421_175952_d9725a42,double_dqn,42,v1,sparse,283,4481,0.0,1,11,0.6388264827359865,0.11845883303745226,3482,True,False,True,6.914558299999044
debug_algorithm_double_dqn_statev1_sparse_seed42_20261010_222421_175952_d9725a42,double_dqn,42,v1,sparse,284,4490,-10.0,0,9,0.6382517688254046,0.19432056457218197,3491,True,False,True,6.930078299999877
debug_algorithm_double_dqn_statev1_sparse_seed42_20261010_222421_175952_d9725a42,double_dqn,42,v1,sparse,285,4496,-10.0,0,6,0.6378689134891106,0.2000348043317596,3497,True,False,True,6.940863999996509
debug_algorithm_double_dqn_statev1_sparse_seed42_20261010_222421_175952_d9725a42,double_dqn,42,v1,sparse,286,4497,-10.0,0,1,0.6378051265977617,0.42788881063461304,3498,True,False,True,6.94276379999792
debug_algorithm_double_dqn_statev1_sparse_seed42_20261010_222421_175952_d9725a42,double_dqn,42,v1,sparse,287,4539,0.0,1,42,0.635131829253322,0.19253209707815022,3540,True,False,True,7.021105300002091
debug_algorithm_double_dqn_statev1_sparse_seed42_20261010_222421_175952_d9725a42,double_dqn,42,v1,sparse,288,4547,-10.0,0,8,0.6346239015912687,0.2181212946306914,3548,True,False,True,7.035588599996117
debug_algorithm_double_dqn_statev1_sparse_seed42_20261010_222421_175952_d9725a42,double_dqn,42,v1,sparse,289,4549,-10.0,0,2,0.6344969831571895,0.08354016300290823,3550,True,False,True,7.039560199998959
debug_algorithm_double_dqn_statev1_sparse_seed42_20261010_222421_175952_d9725a42,double_dqn,42,v1,sparse,290,4562,-10.0,0,13,0.6336726318053112,0.16568228616737402,3563,True,False,True,7.066426799996407
debug_algorithm_double_dqn_statev1_sparse_seed42_20261010_222421_175952_d9725a42,double_dqn,42,v1,sparse,291,4572,0.0,1,10,0.6330392442501628,0.1964293321594596,3573,True,False,True,7.0858823000016855
debug_algorithm_double_dqn_statev1_sparse_seed42_20261010_222421_175952_d9725a42,double_dqn,42,v1,sparse,292,4603,0.0,1,31,0.6310797633819525,0.2164263545625633,3604,True,False,True,7.141318699999829
debug_algorithm_double_dqn_statev1_sparse_seed42_20261010_222421_175952_d9725a42,double_dqn,42,v1,sparse,293,4615,0.0,1,12,0.6303228840397315,0.24602196800212064,3616,True,False,True,7.163651299997582
debug_algorithm_double_dqn_statev1_sparse_seed42_20261010_222421_175952_d9725a42,double_dqn,42,v1,sparse,294,4616,-10.0,0,1,0.6302598517513275,0.15279173851013184,3617,True,False,True,7.166024799997103
debug_algorithm_double_dqn_statev1_sparse_seed42_20261010_222421_175952_d9725a42,double_dqn,42,v1,sparse,295,4626,0.0,1,10,0.6296298754408916,0.15765009261667728,3627,True,False,True,7.1900602000023355
debug_algorithm_double_dqn_statev1_sparse_seed42_20261010_222421_175952_d9725a42,double_dqn,42,v1,sparse,296,4657,0.0,1,31,0.6276809477777395,0.26608623912738216,3658,True,False,True,7.245748800000001
debug_algorithm_double_dqn_statev1_sparse_seed42_20261010_222421_175952_d9725a42,double_dqn,42,v1,sparse,297,4663,-10.0,0,6,0.6273044333486625,0.375480351348718,3664,True,False,True,7.255742900000769
debug_algorithm_double_dqn_statev1_sparse_seed42_20261010_222421_175952_d9725a42,double_dqn,42,v1,sparse,298,4681,0.0,1,18,0.6261762446327294,0.17968870337224668,3682,True,False,True,7.288586099995882
debug_algorithm_double_dqn_statev1_sparse_seed42_20261010_222421_175952_d9725a42,double_dqn,42,v1,sparse,299,4713,0.0,1,32,0.6241755833804946,0.1551076883042697,3714,True,False,True,7.348964299999352
debug_algorithm_double_dqn_statev1_sparse_seed42_20261010_222421_175952_d9725a42,double_dqn,42,v1,sparse,300,4718,-10.0,0,5,0.6238635580001214,0.12282971143722535,3719,True,False,True,7.357930400001351
debug_algorithm_double_dqn_statev1_sparse_seed42_20261010_222421_175952_d9725a42,double_dqn,42,v1,sparse,301,4721,-10.0,0,3,0.6236764176480042,0.1937509731700023,3722,True,False,True,7.3742895999967
debug_algorithm_double_dqn_statev1_sparse_seed42_20261010_222421_175952_d9725a42,double_dqn,42,v1,sparse,302,4818,20.0,3,97,0.6176557030316663,0.17512317879375108,3819,True,False,True,7.548683299995901
debug_algorithm_double_dqn_statev1_sparse_seed42_20261010_222421_175952_d9725a42,double_dqn,42,v1,sparse,303,4822,-10.0,0,4,0.6174086778073253,0.14356064423918724,3823,True,False,True,7.554976399995212
debug_algorithm_double_dqn_statev1_sparse_seed42_20261010_222421_175952_d9725a42,double_dqn,42,v1,sparse,304,4847,0.0,1,25,0.6158670069195813,0.18675390668213368,3848,True,False,True,7.599762199999532
debug_algorithm_double_dqn_statev1_sparse_seed42_20261010_222421_175952_d9725a42,double_dqn,42,v1,sparse,305,4905,0.0,1,58,0.6123051395839814,0.20779574403924675,3906,True,False,True,7.70223629999964
debug_algorithm_double_dqn_statev1_sparse_seed42_20261010_222421_175952_d9725a42,double_dqn,42,v1,sparse,306,4935,0.0,1,30,0.6104708852083052,0.20455911507209143,3936,True,False,True,7.755525299995497
debug_algorithm_double_dqn_statev1_sparse_seed42_20261010_222421_175952_d9725a42,double_dqn,42,v1,sparse,307,4955,10.0,2,20,0.6092511026369294,0.14073252938687802,3956,True,False,True,7.788290700002108
debug_algorithm_double_dqn_statev1_sparse_seed42_20261010_222421_175952_d9725a42,double_dqn,42,v1,sparse,308,4983,10.0,2,28,0.6075475005240544,0.17997330613434315,3984,True,False,True,7.838311499996053
debug_algorithm_double_dqn_statev1_sparse_seed42_20261010_222421_175952_d9725a42,double_dqn,42,v1,sparse,309,4987,0.0,1,4,0.6073045179742648,0.31815046444535255,3988,True,False,True,7.846165299997665
debug_algorithm_double_dqn_statev1_sparse_seed42_20261010_222421_175952_d9725a42,double_dqn,42,v1,sparse,310,5055,30.0,4,68,0.6031886512626805,0.20980117018060648,4056,True,False,True,7.973555899996427
debug_algorithm_double_dqn_statev1_sparse_seed42_20261010_222421_175952_d9725a42,double_dqn,42,v1,sparse,311,5061,-10.0,0,6,0.6028268285381577,0.16753680010636648,4062,True,False,True,7.984679499997583
debug_algorithm_double_dqn_statev1_sparse_seed42_20261010_222421_175952_d9725a42,double_dqn,42,v1,sparse,312,5066,-10.0,0,5,0.6025254754005435,0.18037061393260956,4067,True,False,True,7.993650399999751
debug_algorithm_double_dqn_statev1_sparse_seed42_20261010_222421_175952_d9725a42,double_dqn,42,v1,sparse,313,5072,-10.0,0,6,0.6021640504820748,0.14639298742016157,4073,True,False,True,8.004842599999392
debug_algorithm_double_dqn_statev1_sparse_seed42_20261010_222421_175952_d9725a42,double_dqn,42,v1,sparse,314,5085,0.0,1,13,0.6013817067322318,0.1407874021679163,4086,True,False,True,8.028754499995557
debug_algorithm_double_dqn_statev1_sparse_seed42_20261010_222421_175952_d9725a42,double_dqn,42,v1,sparse,315,5113,-10.0,0,28,0.5997001092073375,0.21046261296474508,4114,True,False,True,8.082023999995727
debug_algorithm_double_dqn_statev1_sparse_seed42_20261010_222421_175952_d9725a42,double_dqn,42,v1,sparse,316,5176,0.0,1,63,0.5959336868834535,0.22163556619650787,4177,True,False,True,8.211242999997921
debug_algorithm_double_dqn_statev1_sparse_seed42_20261010_222421_175952_d9725a42,double_dqn,42,v1,sparse,317,5180,-10.0,0,4,0.5956953491623376,0.2846423164010048,4181,True,False,True,8.223291599999357
debug_algorithm_double_dqn_statev1_sparse_seed42_20261010_222421_175952_d9725a42,double_dqn,42,v1,sparse,318,5214,0.0,1,34,0.5936733232642145,0.24283137282027917,4215,True,False,True,8.292504600001848
debug_algorithm_double_dqn_statev1_sparse_seed42_20261010_222421_175952_d9725a42,double_dqn,42,v1,sparse,319,5234,0.0,1,20,0.5924871039205003,0.20778427124023438,4235,True,False,True,8.331606799998553
debug_algorithm_double_dqn_statev1_sparse_seed42_20261010_222421_175952_d9725a42,double_dqn,42,v1,sparse,320,5240,0.0,1,6,0.5921317005193647,0.16337162194152674,4241,True,False,True,8.342860099997779
debug_algorithm_double_dqn_statev1_sparse_seed42_20261010_222421_175952_d9725a42,double_dqn,42,v1,sparse,321,5253,-10.0,0,13,0.5913623910021086,0.22582315897139218,4254,True,False,True,8.369840399995155
debug_algorithm_double_dqn_statev1_sparse_seed42_20261010_222421_175952_d9725a42,double_dqn,42,v1,sparse,322,5258,-10.0,0,5,0.5910667689369333,0.24323031306266785,4259,True,False,True,8.377849999997125
debug_algorithm_double_dqn_statev1_sparse_seed42_20261010_222421_175952_d9725a42,double_dqn,42,v1,sparse,323,5308,10.0,2,50,0.5881186640888593,0.20500996209681033,4309,True,False,True,8.474495299997216
debug_algorithm_double_dqn_statev1_sparse_seed42_20261010_222421_175952_d9725a42,double_dqn,42,v1,sparse,324,5310,-10.0,0,2,0.5880010462372282,0.10288633406162262,4311,True,False,True,8.477837899998121
debug_algorithm_double_dqn_statev1_sparse_seed42_20261010_222421_175952_d9725a42,double_dqn,42,v1,sparse,325,5311,-10.0,0,1,0.5879422461326045,0.42603904008865356,4312,True,False,True,8.479488400000264
debug_algorithm_double_dqn_statev1_sparse_seed42_20261010_222421_175952_d9725a42,double_dqn,42,v1,sparse,326,5319,-10.0,0,8,0.5874720569266068,0.11102696787565947,4320,True,False,True,8.497893699997803
debug_algorithm_double_dqn_statev1_sparse_seed42_20261010_222421_175952_d9725a42,double_dqn,42,v1,sparse,327,5350,10.0,2,31,0.58565362265636,0.2426591746268734,4351,True,False,True,8.554455400000734
debug_algorithm_double_dqn_statev1_sparse_seed42_20261010_222421_175952_d9725a42,double_dqn,42,v1,sparse,328,5356,-10.0,0,6,0.5853023183190974,0.2587152346968651,4357,True,False,True,8.568369499997061
debug_algorithm_double_dqn_statev1_sparse_seed42_20261010_222421_175952_d9725a42,double_dqn,42,v1,sparse,329,5359,-10.0,0,3,0.585126745182086,0.17665877441565195,4360,True,False,True,8.57382399999915
debug_algorithm_double_dqn_statev1_sparse_seed42_20261010_222421_175952_d9725a42,double_dqn,42,v1,sparse,330,5374,0.0,1,15,0.5842496691812427,0.2103338647633791,4375,True,False,True,8.600171300000511
debug_algorithm_double_dqn_statev1_sparse_seed42_20261010_222421_175952_d9725a42,double_dqn,42,v1,sparse,331,5381,-10.0,0,7,0.5838408170847998,0.259115963109902,4382,True,False,True,8.615046599996276
debug_algorithm_double_dqn_statev1_sparse_seed42_20261010_222421_175952_d9725a42,double_dqn,42,v1,sparse,332,5387,-10.0,0,6,0.5834906001589956,0.15683540205160776,4388,True,False,True,8.63396880000073
debug_algorithm_double_dqn_statev1_sparse_seed42_20261010_222421_175952_d9725a42,double_dqn,42,v1,sparse,333,5440,20.0,3,53,0.5804061268268419,0.1957916076172073,4441,True,False,True,8.73899320000055
debug_algorithm_double_dqn_statev1_sparse_seed42_20261010_222421_175952_d9725a42,double_dqn,42,v1,sparse,334,5477,20.0,3,37,0.5782624851564626,0.15056850660491633,4478,True,False,True,8.808433199999854
debug_algorithm_double_dqn_statev1_sparse_seed42_20261010_222421_175952_d9725a42,double_dqn,42,v1,sparse,335,5549,20.0,3,72,0.5741137412242924,0.23807791297117042,4550,True,False,True,8.962070900000981
debug_algorithm_double_dqn_statev1_sparse_seed42_20261010_222421_175952_d9725a42,double_dqn,42,v1,sparse,336,5560,0.0,1,11,0.5734825317767935,0.18430858579548923,4561,True,False,True,8.988656000001356
debug_algorithm_double_dqn_statev1_sparse_seed42_20261010_222421_175952_d9725a42,double_dqn,42,v1,sparse,337,5642,10.0,2,82,0.5687989696836411,0.20210479077224325,4643,True,False,True,9.147838899996714
debug_algorithm_double_dqn_statev1_sparse_seed42_20261010_222421_175952_d9725a42,double_dqn,42,v1,sparse,338,5659,10.0,2,17,0.5678327846151296,0.2530357690856737,4660,True,False,True,9.177910799997335
debug_algorithm_double_dqn_statev1_sparse_seed42_20261010_222421_175952_d9725a42,double_dqn,42,v1,sparse,339,5694,0.0,1,35,0.5658487447605517,0.2190947419830731,4695,True,False,True,9.24403799999709
debug_algorithm_double_dqn_statev1_sparse_seed42_20261010_222421_175952_d9725a42,double_dqn,42,v1,sparse,340,5726,10.0,2,32,0.5640408325825161,0.250587391667068,4727,True,False,True,9.301296699995873
debug_algorithm_double_dqn_statev1_sparse_seed42_20261010_222421_175952_d9725a42,double_dqn,42,v1,sparse,341,5753,10.0,2,27,0.5625199004690359,0.21453464741784115,4754,True,False,True,9.348198399995454
debug_algorithm_double_dqn_statev1_sparse_seed42_20261010_222421_175952_d9725a42,double_dqn,42,v1,sparse,342,5763,0.0,1,10,0.5619576336350316,0.22052661199122667,4764,True,False,True,9.365463800000725
debug_algorithm_double_dqn_statev1_sparse_seed42_20261010_222421_175952_d9725a42,double_dqn,42,v1,sparse,343,5804,10.0,2,41,0.5596582094049425,0.22999646746349045,4805,True,False,True,9.447724699995888
debug_algorithm_double_dqn_statev1_sparse_seed42_20261010_222421_175952_d9725a42,double_dqn,42,v1,sparse,344,5822,-10.0,0,18,0.5586516804485643,0.20322081239687073,4823,True,False,True,9.487152199995762
debug_algorithm_double_dqn_statev1_sparse_seed42_20261010_222421_175952_d9725a42,double_dqn,42,v1,sparse,345,5824,-10.0,0,2,0.5585399556989913,0.16300281882286072,4825,True,False,True,9.491155299998354
debug_algorithm_double_dqn_statev1_sparse_seed42_20261010_222421_175952_d9725a42,double_dqn,42,v1,sparse,346,5841,10.0,2,17,0.5575911970089688,0.22092951965682647,4842,True,False,True,9.525316400002339
debug_algorithm_double_dqn_statev1_sparse_seed42_20261010_222421_175952_d9725a42,double_dqn,42,v1,sparse,347,5847,-10.0,0,6,0.557256725918292,0.17036399990320206,4848,True,False,True,9.536973000002035
debug_algorithm_double_dqn_statev1_sparse_seed42_20261010_222421_175952_d9725a42,double_dqn,42,v1,sparse,348,5867,10.0,2,20,0.5561432706192321,0.2353716591373086,4868,True,False,True,9.57105149999552
debug_algorithm_double_dqn_statev1_sparse_seed42_20261010_222421_175952_d9725a42,double_dqn,42,v1,sparse,349,5921,10.0,2,54,0.5531480415910842,0.24366425367555133,4922,True,False,True,9.679420200001914
debug_algorithm_double_dqn_statev1_sparse_seed42_20261010_222421_175952_d9725a42,double_dqn,42,v1,sparse,350,5979,20.0,3,58,0.5499489094424908,0.24705917824958934,4980,True,False,True,9.779852200001187
debug_algorithm_double_dqn_statev1_sparse_seed42_20261010_222421_175952_d9725a42,double_dqn,42,v1,sparse,351,5983,-10.0,0,4,0.5497289628734486,0.301744531840086,4984,True,False,True,9.788012199998775
debug_algorithm_double_dqn_statev1_sparse_seed42_20261010_222421_175952_d9725a42,double_dqn,42,v1,sparse,352,5985,-10.0,0,2,0.5496190225781636,0.2844494879245758,4986,True,False,True,9.793680499999027
debug_algorithm_double_dqn_statev1_sparse_seed42_20261010_222421_175952_d9725a42,double_dqn,42,v1,sparse,353,6010,10.0,2,25,0.5482466226153571,0.25895072013139725,5011,True,False,True,9.842933599997195
debug_algorithm_double_dqn_statev1_sparse_seed42_20261010_222421_175952_d9725a42,double_dqn,42,v1,sparse,354,6029,0.0,1,19,0.5472058910030742,0.24455365126854495,5030,True,False,True,9.87653649999993
debug_algorithm_double_dqn_statev1_sparse_seed42_20261010_222421_175952_d9725a42,double_dqn,42,v1,sparse,355,6073,30.0,4,44,0.5448033544106173,0.25190635825592006,5074,True,False,True,9.95621189999656
debug_algorithm_double_dqn_statev1_sparse_seed42_20261010_222421_175952_d9725a42,double_dqn,42,v1,sparse,356,6090,-10.0,0,17,0.5438779292703446,0.2269009654136265,5091,True,False,True,9.988112099999853
debug_algorithm_double_dqn_statev1_sparse_seed42_20261010_222421_175952_d9725a42,double_dqn,42,v1,sparse,357,6107,10.0,2,17,0.5429540760948615,0.2819659339592737,5108,True,False,True,10.021607299997413
debug_algorithm_double_dqn_statev1_sparse_seed42_20261010_222421_175952_d9725a42,double_dqn,42,v1,sparse,358,6125,-10.0,0,18,0.5419775890347429,0.24827060289680958,5126,True,False,True,10.055237799999304
debug_algorithm_double_dqn_statev1_sparse_seed42_20261010_222421_175952_d9725a42,double_dqn,42,v1,sparse,359,6159,10.0,2,34,0.5401379024856178,0.24367900094126954,5160,True,False,True,10.118658599996706
debug_algorithm_double_dqn_statev1_sparse_seed42_20261010_222421_175952_d9725a42,double_dqn,42,v1,sparse,360,6180,10.0,2,21,0.5390047464619331,0.20739774565611566,5181,True,False,True,10.153818599996157
debug_algorithm_double_dqn_statev1_sparse_seed42_20261010_222421_175952_d9725a42,double_dqn,42,v1,sparse,361,6189,-10.0,0,9,0.5385198361865566,0.23029634729027748,5190,True,False,True,10.168458799998916
debug_algorithm_double_dqn_statev1_sparse_seed42_20261010_222421_175952_d9725a42,double_dqn,42,v1,sparse,362,6197,0.0,1,8,0.5380891710730082,0.16811089823022485,5198,True,False,True,10.181287999999768
debug_algorithm_double_dqn_statev1_sparse_seed42_20261010_222421_175952_d9725a42,double_dqn,42,v1,sparse,363,6199,-10.0,0,2,0.5379815586196854,0.36776045709848404,5200,True,False,True,10.185863200000313
debug_algorithm_double_dqn_statev1_sparse_seed42_20261010_222421_175952_d9725a42,double_dqn,42,v1,sparse,364,6216,-10.0,0,17,0.5370677212592523,0.20404948907739975,5217,True,False,True,10.214818799999193
debug_algorithm_double_dqn_statev1_sparse_seed42_20261010_222421_175952_d9725a42,double_dqn,42,v1,sparse,365,6231,0.0,1,15,0.5362626833541781,0.11178190261125565,5232,True,False,True,10.244794199999887
debug_algorithm_double_dqn_statev1_sparse_seed42_20261010_222421_175952_d9725a42,double_dqn,42,v1,sparse,366,6237,-10.0,0,6,0.5359410061728437,0.11884123831987381,5238,True,False,True,10.256896799997776
debug_algorithm_double_dqn_statev1_sparse_seed42_20261010_222421_175952_d9725a42,double_dqn,42,v1,sparse,367,6247,0.0,1,10,0.5354053062758222,0.29390701130032537,5248,True,False,True,10.27702429999772
debug_algorithm_double_dqn_statev1_sparse_seed42_20261010_222421_175952_d9725a42,double_dqn,42,v1,sparse,368,6258,-10.0,0,11,0.5348166548235131,0.2598777501420541,5259,True,False,True,10.300069799995981
debug_algorithm_double_dqn_statev1_sparse_seed42_20261010_222421_175952_d9725a42,double_dqn,42,v1,sparse,369,6284,10.0,2,26,0.5334278682853761,0.2242412709702666,5285,True,False,True,10.348578099998122
debug_algorithm_double_dqn_statev1_sparse_seed42_20261010_222421_175952_d9725a42,double_dqn,42,v1,sparse,370,6338,50.0,6,54,0.5305549779351386,0.25742513758854735,5339,True,False,True,10.457105900000897
debug_algorithm_double_dqn_statev1_sparse_seed42_20261010_222421_175952_d9725a42,double_dqn,42,v1,sparse,371,6344,-10.0,0,6,0.5302367245210139,0.3176345576842626,5345,True,False,True,10.46751779999613
debug_algorithm_double_dqn_statev1_sparse_seed42_20261010_222421_175952_d9725a42,double_dqn,42,v1,sparse,372,6361,-10.0,0,17,0.5293360428508388,0.30319975185043674,5362,True,False,True,10.497337200002221
debug_algorithm_double_dqn_statev1_sparse_seed42_20261010_222421_175952_d9725a42,double_dqn,42,v1,sparse,373,6381,-10.0,0,20,0.5282783759004321,0.25415165787562727,5382,True,False,True,10.534428200000548
debug_algorithm_double_dqn_statev1_sparse_seed42_20261010_222421_175952_d9725a42,double_dqn,42,v1,sparse,374,6462,30.0,4,81,0.5240163922900636,0.2623423175357374,5463,True,False,True,10.687748799995461
debug_algorithm_double_dqn_statev1_sparse_seed42_20261010_222421_175952_d9725a42,double_dqn,42,v1,sparse,375,6488,10.0,2,26,0.5226556513617249,0.2333067633354893,5489,True,False,True,10.734419200001867
debug_algorithm_double_dqn_statev1_sparse_seed42_20261010_222421_175952_d9725a42,double_dqn,42,v1,sparse,376,6498,-10.0,0,10,0.5221332308426987,0.16942753382027148,5499,True,False,True,10.749526100000367
debug_algorithm_double_dqn_statev1_sparse_seed42_20261010_222421_175952_d9725a42,double_dqn,42,v1,sparse,377,6499,-10.0,0,1,0.5220810175196144,0.04969630390405655,5500,True,False,True,10.751128800002334
debug_algorithm_double_dqn_statev1_sparse_seed42_20261010_222421_175952_d9725a42,double_dqn,42,v1,sparse,378,6530,20.0,3,31,0.520464991696923,0.2123698515276755,5531,True,False,True,10.805969699998968
debug_algorithm_double_dqn_statev1_sparse_seed42_20261010_222421_175952_d9725a42,double_dqn,42,v1,sparse,379,6568,10.0,2,38,0.5184908792105629,0.3448854713259559,5569,True,False,True,10.879417899996042
debug_algorithm_double_dqn_statev1_sparse_seed42_20261010_222421_175952_d9725a42,double_dqn,42,v1,sparse,380,6601,10.0,2,33,0.5167825941142447,0.2669683440842412,5602,True,False,True,10.949425400001928
debug_algorithm_double_dqn_statev1_sparse_seed42_20261010_222421_175952_d9725a42,double_dqn,42,v1,sparse,381,6611,-10.0,0,10,0.5162660440102946,0.20666820220649243,5612,True,False,True,10.969829000001482
debug_algorithm_double_dqn_statev1_sparse_seed42_20261010_222421_175952_d9725a42,double_dqn,42,v1,sparse,382,6639,10.0,2,28,0.5148224488824813,0.1949196749233774,5640,True,False,True,11.025647199996456
debug_algorithm_double_dqn_statev1_sparse_seed42_20261010_222421_175952_d9725a42,double_dqn,42,v1,sparse,383,6647,-10.0,0,8,0.5144107350448348,0.2601097784936428,5648,True,False,True,11.04415439999866
debug_algorithm_double_dqn_statev1_sparse_seed42_20261010_222421_175952_d9725a42,double_dqn,42,v1,sparse,384,6677,0.0,1,30,0.5128697384392993,0.25493150440355145,5678,True,False,True,11.110891399999673
debug_algorithm_double_dqn_statev1_sparse_seed42_20261010_222421_175952_d9725a42,double_dqn,42,v1,sparse,385,6687,-10.0,0,10,0.5123570994307086,0.35928113870322703,5688,True,False,True,11.132358599999861
debug_algorithm_double_dqn_statev1_sparse_seed42_20261010_222421_175952_d9725a42,double_dqn,42,v1,sparse,386,6719,10.0,2,32,0.5107200954642936,0.23519646550994366,5720,True,False,True,11.221030499997141
debug_algorithm_double_dqn_statev1_sparse_seed42_20261010_222421_175952_d9725a42,double_dqn,42,v1,sparse,387,6721,-10.0,0,2,0.5106179565524017,0.2820884734392166,5722,True,False,True,11.227388699997391
debug_algorithm_double_dqn_statev1_sparse_seed42_20261010_222421_175952_d9725a42,double_dqn,42,v1,sparse,388,6729,0.0,1,8,0.5102096051315967,0.2476518526673317,5730,True,False,True,11.257210199997644
debug_algorithm_double_dqn_statev1_sparse_seed42_20261010_222421_175952_d9725a42,double_dqn,42,v1,sparse,389,6747,0.0,1,18,0.509292008046881,0.3207872178819444,5748,True,False,True,11.297147999997833
debug_algorithm_double_dqn_statev1_sparse_seed42_20261010_222421_175952_d9725a42,double_dqn,42,v1,sparse,390,6754,0.0,1,7,0.5089356105747465,0.2549018253173147,5755,True,False,True,11.312309599998116
debug_algorithm_double_dqn_statev1_sparse_seed42_20261010_222421_175952_d9725a42,double_dqn,42,v1,sparse,391,6765,0.0,1,11,0.5083760612337425,0.26755765215917066,5766,True,False,True,11.338930199999595
debug_algorithm_double_dqn_statev1_sparse_seed42_20261010_222421_175952_d9725a42,double_dqn,42,v1,sparse,392,6780,-10.0,0,15,0.5076140307055147,0.33450742264588673,5781,True,False,True,11.374242899997625
debug_algorithm_double_dqn_statev1_sparse_seed42_20261010_222421_175952_d9725a42,double_dqn,42,v1,sparse,393,6804,0.0,1,24,0.5063971570196747,0.30647566821426153,5805,True,False,True,11.436126200002036
debug_algorithm_double_dqn_statev1_sparse_seed42_20261010_222421_175952_d9725a42,double_dqn,42,v1,sparse,394,6841,10.0,2,37,0.5045268562124042,0.2917895699675019,5842,True,False,True,11.518703599998844
debug_algorithm_double_dqn_statev1_sparse_seed42_20261010_222421_175952_d9725a42,double_dqn,42,v1,sparse,395,6842,-10.0,0,1,0.504476403526783,0.2849418818950653,5843,True,False,True,11.520856600000116
debug_algorithm_double_dqn_statev1_sparse_seed42_20261010_222421_175952_d9725a42,double_dqn,42,v1,sparse,396,6861,0.0,1,19,0.5035187605260903,0.31261209124012995,5862,True,False,True,11.565738999997848
debug_algorithm_double_dqn_statev1_sparse_seed42_20261010_222421_175952_d9725a42,double_dqn,42,v1,sparse,397,6875,-10.0,0,14,0.5028142922801955,0.27268390118011404,5876,True,False,True,11.591679899996961
debug_algorithm_double_dqn_statev1_sparse_seed42_20261010_222421_175952_d9725a42,double_dqn,42,v1,sparse,398,6941,20.0,3,66,0.4995064803451277,0.28861690318268357,5942,True,False,True,11.727173200000834
debug_algorithm_double_dqn_statev1_sparse_seed42_20261010_222421_175952_d9725a42,double_dqn,42,v1,sparse,399,6960,0.0,1,19,0.4985582717047251,0.29250191308950124,5961,True,False,True,11.762353999998595
debug_algorithm_double_dqn_statev1_sparse_seed42_20261010_222421_175952_d9725a42,double_dqn,42,v1,sparse,400,6988,0.0,1,28,0.4971641914619625,0.2518035746844752,5989,True,False,True,11.81290849999641
debug_algorithm_double_dqn_statev1_sparse_seed42_20261010_222421_175952_d9725a42,double_dqn,42,v1,sparse,401,6991,-10.0,0,3,0.4970150571189525,0.1734731694062551,5992,True,False,True,11.828774699999485
debug_algorithm_double_dqn_statev1_sparse_seed42_20261010_222421_175952_d9725a42,double_dqn,42,v1,sparse,402,7095,30.0,4,104,0.4918726303710227,0.300053937969586,6096,True,False,True,12.02567529999942
debug_algorithm_double_dqn_statev1_sparse_seed42_20261010_222421_175952_d9725a42,double_dqn,42,v1,sparse,403,7120,10.0,2,25,0.49064442328230135,0.29703954100608826,6121,True,False,True,12.073574199996074
debug_algorithm_double_dqn_statev1_sparse_seed42_20261010_222421_175952_d9725a42,double_dqn,42,v1,sparse,404,7140,10.0,2,20,0.48966406610104424,0.23970370646566153,6141,True,False,True,12.110978999997315
debug_algorithm_double_dqn_statev1_sparse_seed42_20261010_222421_175952_d9725a42,double_dqn,42,v1,sparse,405,7145,-10.0,0,5,0.489419283029504,0.34957083612680434,6146,True,False,True,12.12113379999937
debug_algorithm_double_dqn_statev1_sparse_seed42_20261010_222421_175952_d9725a42,double_dqn,42,v1,sparse,406,7199,20.0,3,54,0.4867834103669916,0.2942643330466968,6200,True,False,True,12.22131499999523
debug_algorithm_double_dqn_statev1_sparse_seed42_20261010_222421_175952_d9725a42,double_dqn,42,v1,sparse,407,7213,0.0,1,14,0.48610235638824084,0.3150725032069853,6214,True,False,True,12.249727000002167
debug_algorithm_double_dqn_statev1_sparse_seed42_20261010_222421_175952_d9725a42,double_dqn,42,v1,sparse,408,7222,-10.0,0,9,0.4856650392235133,0.3782595859633552,6223,True,False,True,12.26824630000192
debug_algorithm_double_dqn_statev1_sparse_seed42_20261010_222421_175952_d9725a42,double_dqn,42,v1,sparse,409,7237,-10.0,0,15,0.48493705139205795,0.25096654891967773,6238,True,False,True,12.296075599995675
debug_algorithm_double_dqn_statev1_sparse_seed42_20261010_222421_175952_d9725a42,double_dqn,42,v1,sparse,410,7263,10.0,2,26,0.4836777898437441,0.26668283286002964,6264,True,False,True,12.348407999998017
debug_algorithm_double_dqn_statev1_sparse_seed42_20261010_222421_175952_d9725a42,double_dqn,42,v1,sparse,411,7277,-10.0,0,14,0.48300108090874144,0.3906517060739653,6278,True,False,True,12.375344100000802
debug_algorithm_double_dqn_statev1_sparse_seed42_20261010_222421_175952_d9725a42,double_dqn,42,v1,sparse,412,7278,-10.0,0,1,0.48295278080065057,0.460200697183609,6279,True,False,True,12.37885919999826
debug_algorithm_double_dqn_statev1_sparse_seed42_20261010_222421_175952_d9725a42,double_dqn,42,v1,sparse,413,7281,0.0,1,3,0.4828079094545109,0.2288310502966245,6282,True,False,True,12.386324999999488
debug_algorithm_double_dqn_statev1_sparse_seed42_20261010_222421_175952_d9725a42,double_dqn,42,v1,sparse,414,7285,-10.0,0,4,0.48261481525727257,0.2925730664283037,6286,True,False,True,12.393376799998805
debug_algorithm_double_dqn_statev1_sparse_seed42_20261010_222421_175952_d9725a42,double_dqn,42,v1,sparse,415,7340,20.0,3,55,0.479967587958408,0.30557503388686613,6341,True,False,True,12.50143279999611
debug_algorithm_double_dqn_statev1_sparse_seed42_20261010_222421_175952_d9725a42,double_dqn,42,v1,sparse,416,7362,-10.0,0,22,0.4789127672512286,0.2648980261927301,6363,True,False,True,12.541477300001134
debug_algorithm_double_dqn_statev1_sparse_seed42_20261010_222421_175952_d9725a42,double_dqn,42,v1,sparse,417,7366,-10.0,0,4,0.47872123087717855,0.32876792177557945,6367,True,False,True,12.548348299998906
debug_algorithm_double_dqn_statev1_sparse_seed42_20261010_222421_175952_d9725a42,double_dqn,42,v1,sparse,418,7374,-10.0,0,8,0.47833838790761646,0.19757651165127754,6375,True,False,True,12.562266200002341
debug_algorithm_double_dqn_statev1_sparse_seed42_20261010_222421_175952_d9725a42,double_dqn,42,v1,sparse,419,7389,-10.0,0,15,0.4776213823634837,0.31298535466194155,6390,True,False,True,12.59022140000161
debug_algorithm_double_dqn_statev1_sparse_seed42_20261010_222421_175952_d9725a42,double_dqn,42,v1,sparse,420,7391,-10.0,0,2,0.4775258628632249,0.39025329053401947,6392,True,False,True,12.593428100000892
debug_algorithm_double_dqn_statev1_sparse_seed42_20261010_222421_175952_d9725a42,double_dqn,42,v1,sparse,421,7414,10.0,2,23,0.47642876067379697,0.3415473401546478,6415,True,False,True,12.634669400002167
debug_algorithm_double_dqn_statev1_sparse_seed42_20261010_222421_175952_d9725a42,double_dqn,42,v1,sparse,422,7508,60.0,7,94,0.4719710913072019,0.290133951271468,6509,True,False,True,12.795658999995794
debug_algorithm_double_dqn_statev1_sparse_seed42_20261010_222421_175952_d9725a42,double_dqn,42,v1,sparse,423,7578,40.0,5,70,0.46867866597742736,0.33995173169033865,6579,True,False,True,12.933903199998895
debug_algorithm_double_dqn_statev1_sparse_seed42_20261010_222421_175952_d9725a42,double_dqn,42,v1,sparse,424,7605,0.0,1,27,0.467414877271343,0.2877625054507344,6606,True,False,True,12.982817600000999
debug_algorithm_double_dqn_statev1_sparse_seed42_20261010_222421_175952_d9725a42,double_dqn,42,v1,sparse,425,7617,0.0,1,12,0.4668542878096283,0.24405990820378065,6618,True,False,True,13.009415200001968
debug_algorithm_double_dqn_statev1_sparse_seed42_20261010_222421_175952_d9725a42,double_dqn,42,v1,sparse,426,7682,60.0,7,65,0.46382942514742664,0.33015305657799426,6683,True,False,True,13.1357829999979
debug_algorithm_double_dqn_statev1_sparse_seed42_20261010_222421_175952_d9725a42,double_dqn,42,v1,sparse,427,7700,0.0,1,18,0.46299524146283894,0.2768203707204925,6701,True,False,True,13.16988439999841
debug_algorithm_double_dqn_statev1_sparse_seed42_20261010_222421_175952_d9725a42,double_dqn,42,v1,sparse,428,7738,10.0,2,38,0.46123911049941524,0.3240125134195152,6739,True,False,True,13.241675600002054
debug_algorithm_double_dqn_statev1_sparse_seed42_20261010_222421_175952_d9725a42,double_dqn,42,v1,sparse,429,7793,10.0,2,55,0.45870913270756625,0.32497883770953523,6794,True,False,True,13.343628999995417
debug_algorithm_double_dqn_statev1_sparse_seed42_20261010_222421_175952_d9725a42,double_dqn,42,v1,sparse,430,7833,10.0,2,40,0.45687786958011406,0.2834162081591785,6834,True,False,True,13.423244199999317
debug_algorithm_double_dqn_statev1_sparse_seed42_20261010_222421_175952_d9725a42,double_dqn,42,v1,sparse,431,7868,10.0,2,35,0.45528151247203297,0.33693582373006004,6869,True,False,True,13.49840530000074
debug_algorithm_double_dqn_statev1_sparse_seed42_20261010_222421_175952_d9725a42,double_dqn,42,v1,sparse,432,7919,50.0,6,51,0.4529653721278391,0.32553302372495335,6920,True,False,True,13.588831399996707
debug_algorithm_double_dqn_statev1_sparse_seed42_20261010_222421_175952_d9725a42,double_dqn,42,v1,sparse,433,7939,0.0,1,20,0.45206030150162946,0.33625664450228215,6940,True,False,True,13.62372840000171
debug_algorithm_double_dqn_statev1_sparse_seed42_20261010_222421_175952_d9725a42,double_dqn,42,v1,sparse,434,7954,10.0,2,15,0.45138268550706795,0.328316456079483,6955,True,False,True,13.649149699995178
debug_algorithm_double_dqn_statev1_sparse_seed42_20261010_222421_175952_d9725a42,double_dqn,42,v1,sparse,435,8013,30.0,4,59,0.44872723616684684,0.3421510980796006,7014,True,False,True,13.762260299998161
debug_algorithm_double_dqn_statev1_sparse_seed42_20261010_222421_175952_d9725a42,double_dqn,42,v1,sparse,436,8106,30.0,4,93,0.4445732113229038,0.3424234130890459,7107,True,False,True,13.930343200001516
debug_algorithm_double_dqn_statev1_sparse_seed42_20261010_222421_175952_d9725a42,double_dqn,42,v1,sparse,437,8138,10.0,2,32,0.4431527799263135,0.33616039413027465,7139,True,False,True,13.991554599997471
debug_algorithm_double_dqn_statev1_sparse_seed42_20261010_222421_175952_d9725a42,double_dqn,42,v1,sparse,438,8151,0.0,1,13,0.4425770268448677,0.3306117934676317,7152,True,False,True,14.014763200000743
debug_algorithm_double_dqn_statev1_sparse_seed42_20261010_222421_175952_d9725a42,double_dqn,42,v1,sparse,439,8186,20.0,3,35,0.44103063768986983,0.37898062488862444,7187,True,False,True,14.087100700002338
debug_algorithm_double_dqn_statev1_sparse_seed42_20261010_222421_175952_d9725a42,double_dqn,42,v1,sparse,440,8197,0.0,1,11,0.4405457464825062,0.3681424178860404,7198,True,False,True,14.107339099995443
debug_algorithm_double_dqn_statev1_sparse_seed42_20261010_222421_175952_d9725a42,double_dqn,42,v1,sparse,441,8250,70.0,8,53,0.4382169144391986,0.362276682876191,7251,True,False,True,14.207878000001074
debug_algorithm_double_dqn_statev1_sparse_seed42_20261010_222421_175952_d9725a42,double_dqn,42,v1,sparse,442,8286,10.0,2,36,0.43664209118748964,0.41970946329335374,7287,True,False,True,14.281511100001808
debug_algorithm_double_dqn_statev1_sparse_seed42_20261010_222421_175952_d9725a42,double_dqn,42,v1,sparse,443,8331,10.0,2,45,0.43468151834439817,0.32843747751580343,7332,True,False,True,14.369427699995867
debug_algorithm_double_dqn_statev1_sparse_seed42_20261010_222421_175952_d9725a42,double_dqn,42,v1,sparse,444,8346,-10.0,0,15,0.43402995228475516,0.36978428761164345,7347,True,False,True,14.39989400000195
debug_algorithm_double_dqn_statev1_sparse_seed42_20261010_222421_175952_d9725a42,double_dqn,42,v1,sparse,445,8356,-10.0,0,10,0.4335961175938745,0.2779790833592415,7357,True,False,True,14.416488800001389
debug_algorithm_double_dqn_statev1_sparse_seed42_20261010_222421_175952_d9725a42,double_dqn,42,v1,sparse,446,8368,0.0,1,12,0.4330760883308299,0.33696183438102406,7369,True,False,True,14.436916799997562
debug_algorithm_double_dqn_statev1_sparse_seed42_20261010_222421_175952_d9725a42,double_dqn,42,v1,sparse,447,8369,-10.0,0,1,0.4330327807219968,0.5685836672782898,7370,True,False,True,14.438466100000369
debug_algorithm_double_dqn_statev1_sparse_seed42_20261010_222421_175952_d9725a42,double_dqn,42,v1,sparse,448,8381,0.0,1,12,0.43251342709152,0.3002799479290843,7382,True,False,True,14.457024899995304
debug_algorithm_double_dqn_statev1_sparse_seed42_20261010_222421_175952_d9725a42,double_dqn,42,v1,sparse,449,8427,20.0,3,46,0.4305283352823679,0.3268626429464506,7428,True,False,True,14.541498999999021
debug_algorithm_double_dqn_statev1_sparse_seed42_20261010_222421_175952_d9725a42,double_dqn,42,v1,sparse,450,8483,40.0,5,56,0.4281239948227013,0.37202750871490153,7484,True,False,True,14.6472133999996
debug_algorithm_double_dqn_statev1_sparse_seed42_20261010_222421_175952_d9725a42,double_dqn,42,v1,sparse,451,8519,10.0,2,36,0.4265854425682222,0.3570206282246444,7520,True,False,True,14.706433899998956
debug_algorithm_double_dqn_statev1_sparse_seed42_20261010_222421_175952_d9725a42,double_dqn,42,v1,sparse,452,8531,-10.0,0,12,0.42607382148970474,0.3581838731964429,7532,True,False,True,14.727550700001302
debug_algorithm_double_dqn_statev1_sparse_seed42_20261010_222421_175952_d9725a42,double_dqn,42,v1,sparse,453,8587,30.0,4,56,0.4236943578310804,0.34029719240165185,7588,True,False,True,14.833827700000256
debug_algorithm_double_dqn_statev1_sparse_seed42_20261010_222421_175952_d9725a42,double_dqn,42,v1,sparse,454,8612,10.0,2,25,0.42263639204561515,0.3345209974050522,7613,True,False,True,14.875194100000954
debug_algorithm_double_dqn_statev1_sparse_seed42_20261010_222421_175952_d9725a42,double_dqn,42,v1,sparse,455,8641,10.0,2,29,0.4214124608691247,0.3680114075541496,7642,True,False,True,14.925439200000255
debug_algorithm_double_dqn_statev1_sparse_seed42_20261010_222421_175952_d9725a42,double_dqn,42,v1,sparse,456,8659,-10.0,0,18,0.4206545628568819,0.3057078638424476,7660,True,False,True,14.965186900000845
debug_algorithm_double_dqn_statev1_sparse_seed42_20261010_222421_175952_d9725a42,double_dqn,42,v1,sparse,457,8693,30.0,4,34,0.41922669470001933,0.3405813709558809,7694,True,False,True,15.033980599997449
debug_algorithm_double_dqn_statev1_sparse_seed42_20261010_222421_175952_d9725a42,double_dqn,42,v1,sparse,458,8730,0.0,1,37,0.4176783447247916,0.3498423895924478,7731,True,False,True,15.100900500001444
debug_algorithm_double_dqn_statev1_sparse_seed42_20261010_222421_175952_d9725a42,double_dqn,42,v1,sparse,459,8781,20.0,3,51,0.4155535018778671,0.3339345737123022,7782,True,False,True,15.209538299997803
debug_algorithm_double_dqn_statev1_sparse_seed42_20261010_222421_175952_d9725a42,double_dqn,42,v1,sparse,460,8820,20.0,3,39,0.41393591867766444,0.3699194431687013,7821,True,False,True,15.290860199995223
debug_algorithm_double_dqn_statev1_sparse_seed42_20261010_222421_175952_d9725a42,double_dqn,42,v1,sparse,461,8857,20.0,3,37,0.4124071093782256,0.349984277744551,7858,True,False,True,15.356177800000296
debug_algorithm_double_dqn_statev1_sparse_seed42_20261010_222421_175952_d9725a42,double_dqn,42,v1,sparse,462,8864,-10.0,0,7,0.41211851099272107,0.408662739608969,7865,True,False,True,15.3693815000006
debug_algorithm_double_dqn_statev1_sparse_seed42_20261010_222421_175952_d9725a42,double_dqn,42,v1,sparse,463,8905,10.0,2,41,0.4104322000804282,0.3221261897465078,7906,True,False,True,15.45259580000129
debug_algorithm_double_dqn_statev1_sparse_seed42_20261010_222421_175952_d9725a42,double_dqn,42,v1,sparse,464,8943,10.0,2,38,0.4088754395991109,0.3973248524493293,7944,True,False,True,15.526762000001327
debug_algorithm_double_dqn_statev1_sparse_seed42_20261010_222421_175952_d9725a42,double_dqn,42,v1,sparse,465,8946,-10.0,0,3,0.40875278923308545,0.5303450524806976,7947,True,False,True,15.5318277999977
debug_algorithm_double_dqn_statev1_sparse_seed42_20261010_222421_175952_d9725a42,double_dqn,42,v1,sparse,466,9009,30.0,4,63,0.40618561339522835,0.37304836192301344,8010,True,False,True,15.638992899999721
debug_algorithm_double_dqn_statev1_sparse_seed42_20261010_222421_175952_d9725a42,double_dqn,42,v1,sparse,467,9013,-10.0,0,4,0.40602316351938234,0.5042468085885048,8014,True,False,True,15.64907239999593
debug_algorithm_double_dqn_statev1_sparse_seed42_20261010_222421_175952_d9725a42,double_dqn,42,v1,sparse,468,9058,0.0,1,45,0.40420007315743983,0.341001724700133,8059,True,False,True,15.731485299998894
debug_algorithm_double_dqn_statev1_sparse_seed42_20261010_222421_175952_d9725a42,double_dqn,42,v1,sparse,469,9120,20.0,3,62,0.4017016608629225,0.3676655752163741,8121,True,False,True,15.834204999999201
debug_algorithm_double_dqn_statev1_sparse_seed42_20261010_222421_175952_d9725a42,double_dqn,42,v1,sparse,470,9154,20.0,3,34,0.4003381263603853,0.344618470134104,8155,True,False,True,15.893631699997059
debug_algorithm_double_dqn_statev1_sparse_seed42_20261010_222421_175952_d9725a42,double_dqn,42,v1,sparse,471,9187,10.0,2,33,0.3990191221460958,0.3948068298173673,8188,True,False,True,15.948361900002055
debug_algorithm_double_dqn_statev1_sparse_seed42_20261010_222421_175952_d9725a42,double_dqn,42,v1,sparse,472,9191,0.0,1,4,0.39885953843678873,0.2961181253194809,8192,True,False,True,15.954547499997716
debug_algorithm_double_dqn_statev1_sparse_seed42_20261010_222421_175952_d9725a42,double_dqn,42,v1,sparse,473,9246,40.0,5,55,0.3966717235890419,0.3669580479237166,8247,True,False,True,16.048007099998358
debug_algorithm_double_dqn_statev1_sparse_seed42_20261010_222421_175952_d9725a42,double_dqn,42,v1,sparse,474,9253,0.0,1,7,0.39639413666970946,0.4400274136236736,8254,True,False,True,16.059879100001126
debug_algorithm_double_dqn_statev1_sparse_seed42_20261010_222421_175952_d9725a42,double_dqn,42,v1,sparse,475,9267,10.0,2,14,0.39583954545278854,0.4635832770062344,8268,True,False,True,16.085220100001607
debug_algorithm_double_dqn_statev1_sparse_seed42_20261010_222421_175952_d9725a42,double_dqn,42,v1,sparse,476,9280,0.0,1,13,0.39532526268536355,0.43518843329869783,8281,True,False,True,16.106536699997378
debug_algorithm_double_dqn_statev1_sparse_seed42_20261010_222421_175952_d9725a42,double_dqn,42,v1,sparse,477,9306,20.0,3,26,0.3942987007822305,0.3903926547903281,8307,True,False,True,16.150852400001895
debug_algorithm_double_dqn_statev1_sparse_seed42_20261010_222421_175952_d9725a42,double_dqn,42,v1,sparse,478,9361,40.0,5,55,0.3921359029326428,0.3384933294220404,8362,True,False,True,16.24595359999512
debug_algorithm_double_dqn_statev1_sparse_seed42_20261010_222421_175952_d9725a42,double_dqn,42,v1,sparse,479,9476,80.0,9,115,0.38765194800753605,0.3610777281872604,8477,True,False,True,16.461299000002327
debug_algorithm_double_dqn_statev1_sparse_seed42_20261010_222421_175952_d9725a42,double_dqn,42,v1,sparse,480,9515,30.0,4,39,0.3861429743716767,0.42395244443263763,8516,True,False,True,16.52985510000144
debug_algorithm_double_dqn_statev1_sparse_seed42_20261010_222421_175952_d9725a42,double_dqn,42,v1,sparse,481,9528,0.0,1,13,0.3856412895861042,0.427521471793835,8529,True,False,True,16.551661699995748
debug_algorithm_double_dqn_statev1_sparse_seed42_20261010_222421_175952_d9725a42,double_dqn,42,v1,sparse,482,9581,30.0,4,53,0.38360269586551704,0.33113762701176247,8582,True,False,True,16.645305799997004
debug_algorithm_double_dqn_statev1_sparse_seed42_20261010_222421_175952_d9725a42,double_dqn,42,v1,sparse,483,9591,0.0,1,10,0.38321926574484044,0.3998775020241737,8592,True,False,True,16.66065549999621
debug_algorithm_double_dqn_statev1_sparse_seed42_20261010_222421_175952_d9725a42,double_dqn,42,v1,sparse,484,9634,10.0,2,43,0.38157487864752426,0.36428720053545266,8635,True,False,True,16.737513399995805
debug_algorithm_double_dqn_statev1_sparse_seed42_20261010_222421_175952_d9725a42,double_dqn,42,v1,sparse,485,9680,10.0,2,46,0.37982357771965475,0.41330578890831576,8681,True,False,True,16.819647199998144
debug_algorithm_double_dqn_statev1_sparse_seed42_20261010_222421_175952_d9725a42,double_dqn,42,v1,sparse,486,9703,0.0,1,23,0.3789509437722199,0.42377905806769495,8704,True,False,True,16.86301970000204
debug_algorithm_double_dqn_statev1_sparse_seed42_20261010_222421_175952_d9725a42,double_dqn,42,v1,sparse,487,9737,10.0,2,34,0.37766463421230284,0.34858600466566925,8738,True,False,True,16.919043599998986
debug_algorithm_double_dqn_statev1_sparse_seed42_20261010_222421_175952_d9725a42,double_dqn,42,v1,sparse,488,9815,50.0,6,78,0.3747301626569891,0.39174884892044926,8816,True,False,True,17.078541900002165
debug_algorithm_double_dqn_statev1_sparse_seed42_20261010_222421_175952_d9725a42,double_dqn,42,v1,sparse,489,9841,20.0,3,26,0.3737570811333712,0.3534719365147444,8842,True,False,True,17.127771100000245
debug_algorithm_double_dqn_statev1_sparse_seed42_20261010_222421_175952_d9725a42,double_dqn,42,v1,sparse,490,9861,10.0,2,20,0.37301027668365644,0.4893564499914646,8862,True,False,True,17.168638199997076
debug_algorithm_double_dqn_statev1_sparse_seed42_20261010_222421_175952_d9725a42,double_dqn,42,v1,sparse,491,9885,10.0,2,24,0.3721160807734028,0.3719014761348565,8886,True,False,True,17.219917099995655
debug_algorithm_double_dqn_statev1_sparse_seed42_20261010_222421_175952_d9725a42,double_dqn,42,v1,sparse,492,9891,-10.0,0,6,0.37189286693490914,0.5088431338469187,8892,True,False,True,17.234683299997414
debug_algorithm_double_dqn_statev1_sparse_seed42_20261010_222421_175952_d9725a42,double_dqn,42,v1,sparse,493,9903,0.0,1,12,0.37144684086208146,0.35178667182723683,8904,True,False,True,17.256961999999476
debug_algorithm_double_dqn_statev1_sparse_seed42_20261010_222421_175952_d9725a42,double_dqn,42,v1,sparse,494,9923,0.0,1,20,0.37070465250608553,0.4930203765630722,8924,True,False,True,17.295333499998378
debug_algorithm_double_dqn_statev1_sparse_seed42_20261010_222421_175952_d9725a42,double_dqn,42,v1,sparse,495,9930,-10.0,0,7,0.3704452370843349,0.367274420601981,8931,True,False,True,17.30645910000021
debug_algorithm_double_dqn_statev1_sparse_seed42_20261010_222421_175952_d9725a42,double_dqn,42,v1,sparse,496,9969,10.0,2,39,0.36900324227645864,0.3677677982128583,8970,True,False,True,17.37979639999685
debug_algorithm_double_dqn_statev1_sparse_seed42_20261010_222421_175952_d9725a42,double_dqn,42,v1,sparse,497,10012,30.0,4,43,0.3674198558846291,0.445774978329969,9013,True,False,True,17.467483100001118
debug_algorithm_double_dqn_statev1_sparse_seed42_20261010_222421_175952_d9725a42,double_dqn,42,v1,sparse,498,10017,-10.0,0,5,0.3672361826949984,0.37743000984191893,9018,True,False,True,17.478347500000382
debug_algorithm_double_dqn_statev1_sparse_seed42_20261010_222421_175952_d9725a42,double_dqn,42,v1,sparse,499,10023,0.0,1,6,0.36701589606346474,0.4502919564644496,9024,True,False,True,17.491316699997697
debug_algorithm_double_dqn_statev1_sparse_seed42_20261010_222421_175952_d9725a42,double_dqn,42,v1,sparse,500,10036,10.0,2,13,0.366539061566041,0.4362807491650948,9037,True,False,True,17.514194499999576
debug_algorithm_double_dqn_statev1_sparse_seed42_20261010_222421_175952_d9725a42,double_dqn,42,v1,sparse,501,10068,20.0,3,32,0.3653679527860587,0.4059482919983566,9069,True,False,True,17.58156009999948
debug_algorithm_double_dqn_statev1_sparse_seed42_20261010_222421_175952_d9725a42,double_dqn,42,v1,sparse,502,10069,-10.0,0,1,0.3653314159907801,0.5116046667098999,9070,True,False,True,17.583345400002145
debug_algorithm_double_dqn_statev1_sparse_seed42_20261010_222421_175952_d9725a42,double_dqn,42,v1,sparse,503,10157,50.0,6,88,0.36213044441170583,0.3872476070272652,9158,True,False,True,17.757420800000546
debug_algorithm_double_dqn_statev1_sparse_seed42_20261010_222421_175952_d9725a42,double_dqn,42,v1,sparse,504,10170,10.0,2,13,0.3616599571921738,0.4473904726596979,9171,True,False,True,17.7841053000011
debug_algorithm_double_dqn_statev1_sparse_seed42_20261010_222421_175952_d9725a42,double_dqn,42,v1,sparse,505,10187,0.0,1,17,0.36104562687664626,0.4528070188620511,9188,True,False,True,17.81437719999667
debug_algorithm_double_dqn_statev1_sparse_seed42_20261010_222421_175952_d9725a42,double_dqn,42,v1,sparse,506,10210,0.0,1,23,0.3602161347411738,0.348507700730925,9211,True,False,True,17.853678599996783
debug_algorithm_double_dqn_statev1_sparse_seed42_20261010_222421_175952_d9725a42,double_dqn,42,v1,sparse,507,10229,10.0,2,19,0.3595323397058463,0.5396409960169541,9230,True,False,True,17.886051800000132
debug_algorithm_double_dqn_statev1_sparse_seed42_20261010_222421_175952_d9725a42,double_dqn,42,v1,sparse,508,10257,0.0,1,28,0.3585270070098219,0.5763661754982812,9258,True,False,True,17.934358200000133
debug_algorithm_double_dqn_statev1_sparse_seed42_20261010_222421_175952_d9725a42,double_dqn,42,v1,sparse,509,10262,-10.0,0,5,0.35834777935543255,0.40813174545764924,9263,True,False,True,17.942374400001427
debug_algorithm_double_dqn_statev1_sparse_seed42_20261010_222421_175952_d9725a42,double_dqn,42,v1,sparse,510,10273,0.0,1,11,0.3579537938303047,0.3773034011775797,9274,True,False,True,17.960888399997202
debug_algorithm_double_dqn_statev1_sparse_seed42_20261010_222421_175952_d9725a42,double_dqn,42,v1,sparse,511,10298,10.0,2,25,0.3570599823842695,0.45676116228103636,9299,True,False,True,18.009237099999154
debug_algorithm_double_dqn_statev1_sparse_seed42_20261010_222421_175952_d9725a42,double_dqn,42,v1,sparse,512,10321,20.0,3,23,0.35623964715450407,0.4845128156568693,9322,True,False,True,18.053036999997857
debug_algorithm_double_dqn_statev1_sparse_seed42_20261010_222421_175952_d9725a42,double_dqn,42,v1,sparse,513,10362,40.0,5,41,0.35478198197236777,0.3804928571349237,9363,True,False,True,18.141652199999953
debug_algorithm_double_dqn_statev1_sparse_seed42_20261010_222421_175952_d9725a42,double_dqn,42,v1,sparse,514,10401,10.0,2,39,0.3534009579377257,0.4254345830816489,9402,True,False,True,18.21593259999645
debug_algorithm_double_dqn_statev1_sparse_seed42_20261010_222421_175952_d9725a42,double_dqn,42,v1,sparse,515,10419,10.0,2,18,0.3527653766286364,0.4528460552295049,9420,True,False,True,18.255733099998906
debug_algorithm_double_dqn_statev1_sparse_seed42_20261010_222421_175952_d9725a42,double_dqn,42,v1,sparse,516,10432,0.0,1,13,0.3523070566951473,0.3755696736849271,9433,True,False,True,18.283421799998905
debug_algorithm_double_dqn_statev1_sparse_seed42_20261010_222421_175952_d9725a42,double_dqn,42,v1,sparse,517,10499,50.0,6,67,0.3499543720740136,0.4445184287962629,9500,True,False,True,18.423025099997176
debug_algorithm_double_dqn_statev1_sparse_seed42_20261010_222421_175952_d9725a42,double_dqn,42,v1,sparse,518,10511,-10.0,0,12,0.3495346577204377,0.48010625938574475,9512,True,False,True,18.44661420000193
debug_algorithm_double_dqn_statev1_sparse_seed42_20261010_222421_175952_d9725a42,double_dqn,42,v1,sparse,519,10544,20.0,3,33,0.34838303698732165,0.3877119498722481,9545,True,False,True,18.510105000001204
debug_algorithm_double_dqn_statev1_sparse_seed42_20261010_222421_175952_d9725a42,double_dqn,42,v1,sparse,520,10607,30.0,4,63,0.34619501396110286,0.4155902990273067,9608,True,False,True,18.64074389999587
debug_algorithm_double_dqn_statev1_sparse_seed42_20261010_222421_175952_d9725a42,double_dqn,42,v1,sparse,521,10623,0.0,1,16,0.34564151717897557,0.507219678722322,9624,True,False,True,18.67322029999923
debug_algorithm_double_dqn_statev1_sparse_seed42_20261010_222421_175952_d9725a42,double_dqn,42,v1,sparse,522,10662,30.0,4,39,0.3442960733096432,0.44130922376345366,9663,True,False,True,18.749983499998052
debug_algorithm_double_dqn_statev1_sparse_seed42_20261010_222421_175952_d9725a42,double_dqn,42,v1,sparse,523,10697,20.0,3,35,0.34309308336307953,0.4424288639000484,9698,True,False,True,18.818150599996443
debug_algorithm_double_dqn_statev1_sparse_seed42_20261010_222421_175952_d9725a42,double_dqn,42,v1,sparse,524,10743,40.0,5,46,0.34151840099046343,0.4429698040627915,9744,True,False,True,18.904353599995375
debug_algorithm_double_dqn_statev1_sparse_seed42_20261010_222421_175952_d9725a42,double_dqn,42,v1,sparse,525,10768,0.0,1,25,0.34066562875812995,0.5061076200008392,9769,True,False,True,18.95120329999918
debug_algorithm_double_dqn_statev1_sparse_seed42_20261010_222421_175952_d9725a42,double_dqn,42,v1,sparse,526,10793,0.0,1,25,0.33981498590002096,0.45433866858482364,9794,True,False,True,18.99760249999963
debug_algorithm_double_dqn_statev1_sparse_seed42_20261010_222421_175952_d9725a42,double_dqn,42,v1,sparse,527,10814,0.0,1,21,0.33910208758935073,0.47173576127915157,9815,True,False,True,19.039541199999803
debug_algorithm_double_dqn_statev1_sparse_seed42_20261010_222421_175952_d9725a42,double_dqn,42,v1,sparse,528,10838,20.0,3,24,0.33828917781491563,0.5249358049283425,9839,True,False,True,19.087116999995487
debug_algorithm_double_dqn_statev1_sparse_seed42_20261010_222421_175952_d9725a42,double_dqn,42,v1,sparse,529,10918,60.0,7,80,0.3355935265899985,0.4607435560785234,9919,True,False,True,19.242240699997637
debug_algorithm_double_dqn_statev1_sparse_seed42_20261010_222421_175952_d9725a42,double_dqn,42,v1,sparse,530,10928,-10.0,0,10,0.3352580840402314,0.5750268161296844,9929,True,False,True,19.260403499996755
debug_algorithm_double_dqn_statev1_sparse_seed42_20261010_222421_175952_d9725a42,double_dqn,42,v1,sparse,531,10967,10.0,2,39,0.33395305871370934,0.47372974417148495,9968,True,False,True,19.332429199996113
debug_algorithm_double_dqn_statev1_sparse_seed42_20261010_222421_175952_d9725a42,double_dqn,42,v1,sparse,532,10987,10.0,2,20,0.33328578672654885,0.46319216713309286,9988,True,False,True,19.371839599996747
debug_algorithm_double_dqn_statev1_sparse_seed42_20261010_222421_175952_d9725a42,double_dqn,42,v1,sparse,533,11005,10.0,2,18,0.3326863819658356,0.5762627513872253,10006,True,False,True,19.407890299997234
debug_algorithm_double_dqn_statev1_sparse_seed42_20261010_222421_175952_d9725a42,double_dqn,42,v1,sparse,534,11064,30.0,4,59,0.33072921377605613,0.44671730570873974,10065,True,False,True,19.514471800001047
debug_algorithm_double_dqn_statev1_sparse_seed42_20261010_222421_175952_d9725a42,double_dqn,42,v1,sparse,535,11075,-10.0,0,11,0.3303655934874106,0.548420137302442,10076,True,False,True,19.533870999999635
debug_algorithm_double_dqn_statev1_sparse_seed42_20261010_222421_175952_d9725a42,double_dqn,42,v1,sparse,536,11088,0.0,1,13,0.3299363758065789,0.5567480807120984,10089,True,False,True,19.555286900002102
debug_algorithm_double_dqn_statev1_sparse_seed42_20261010_222421_175952_d9725a42,double_dqn,42,v1,sparse,537,11140,40.0,5,52,0.32822507432605785,0.4561102982037343,10141,True,False,True,19.641809299995657
debug_algorithm_double_dqn_statev1_sparse_seed42_20261010_222421_175952_d9725a42,double_dqn,42,v1,sparse,538,11178,10.0,2,38,0.32698012369940593,0.3993451661969486,10179,True,False,True,19.707388199996785
debug_algorithm_double_dqn_statev1_sparse_seed42_20261010_222421_175952_d9725a42,double_dqn,42,v1,sparse,539,11267,60.0,7,89,0.3240827680866557,0.4442971461776937,10268,True,False,True,19.85040039999876
debug_algorithm_double_dqn_statev1_sparse_seed42_20261010_222421_175952_d9725a42,double_dqn,42,v1,sparse,540,11289,20.0,3,22,0.323370534129209,0.405486176637086,10290,True,False,True,19.883579800000007
debug_algorithm_double_dqn_statev1_sparse_seed42_20261010_222421_175952_d9725a42,double_dqn,42,v1,sparse,541,11352,40.0,5,63,0.3213396023685988,0.4687002981229434,10353,True,False,True,19.979514099999506
debug_algorithm_double_dqn_statev1_sparse_seed42_20261010_222421_175952_d9725a42,double_dqn,42,v1,sparse,542,11409,40.0,5,57,0.3195130858254346,0.4539943384496789,10410,True,False,True,20.081189799995627
debug_algorithm_double_dqn_statev1_sparse_seed42_20261010_222421_175952_d9725a42,double_dqn,42,v1,sparse,543,11450,40.0,5,41,0.31820569877807786,0.4528601629341521,10451,True,False,True,20.16104990000167
debug_algorithm_double_dqn_statev1_sparse_seed42_20261010_222421_175952_d9725a42,double_dqn,42,v1,sparse,544,11451,-10.0,0,1,0.31817387820820003,0.5124760270118713,10452,True,False,True,20.162610999999742
debug_algorithm_double_dqn_statev1_sparse_seed42_20261010_222421_175952_d9725a42,double_dqn,42,v1,sparse,545,11523,60.0,7,72,0.31589113986622724,0.43750871003915864,10524,True,False,True,20.29226000000199
debug_algorithm_double_dqn_statev1_sparse_seed42_20261010_222421_175952_d9725a42,double_dqn,42,v1,sparse,546,11577,40.0,5,54,0.31418984028777747,0.46916446889992114,10578,True,False,True,20.386539099999936
debug_algorithm_double_dqn_statev1_sparse_seed42_20261010_222421_175952_d9725a42,double_dqn,42,v1,sparse,547,11589,-10.0,0,12,0.3138130197756205,0.47697986165682477,10590,True,False,True,20.4098537999962
debug_algorithm_double_dqn_statev1_sparse_seed42_20261010_222421_175952_d9725a42,double_dqn,42,v1,sparse,548,11624,20.0,3,35,0.31271653934160953,0.442881044958319,10625,True,False,True,20.475389300001552
debug_algorithm_double_dqn_statev1_sparse_seed42_20261010_222421_175952_d9725a42,double_dqn,42,v1,sparse,549,11671,30.0,4,47,0.31125014700736847,0.47145260949718193,10672,True,False,True,20.57120610000129
debug_algorithm_double_dqn_statev1_sparse_seed42_20261010_222421_175952_d9725a42,double_dqn,42,v1,sparse,550,11718,20.0,3,47,0.3097906308891489,0.4824796242916838,10719,True,False,True,20.657585199995083
debug_algorithm_double_dqn_statev1_sparse_seed42_20261010_222421_175952_d9725a42,double_dqn,42,v1,sparse,551,11747,20.0,3,29,0.30889349467829247,0.41431325776823635,10748,True,False,True,20.712016899997252
debug_algorithm_double_dqn_statev1_sparse_seed42_20261010_222421_175952_d9725a42,double_dqn,42,v1,sparse,552,11794,10.0,2,47,0.30744502938877893,0.46168812237521434,10795,True,False,True,20.79045529999712
debug_algorithm_double_dqn_statev1_sparse_seed42_20261010_222421_175952_d9725a42,double_dqn,42,v1,sparse,553,11837,10.0,2,43,0.30612578820063474,0.4854616550512092,10838,True,False,True,20.870456099997682
debug_algorithm_double_dqn_statev1_sparse_seed42_20261010_222421_175952_d9725a42,double_dqn,42,v1,sparse,554,11863,10.0,2,26,0.30533085526465514,0.4328029551185094,10864,True,False,True,20.914969099998416
debug_algorithm_double_dqn_statev1_sparse_seed42_20261010_222421_175952_d9725a42,double_dqn,42,v1,sparse,555,11909,30.0,4,46,0.3039294888748458,0.4713775029648905,10910,True,False,True,20.99323739999818
debug_algorithm_double_dqn_statev1_sparse_seed42_20261010_222421_175952_d9725a42,double_dqn,42,v1,sparse,556,11944,20.0,3,35,0.3028675420566147,0.5004614161593574,10945,True,False,True,21.05026569999609
debug_algorithm_double_dqn_statev1_sparse_seed42_20261010_222421_175952_d9725a42,double_dqn,42,v1,sparse,557,11983,20.0,3,39,0.3016886001256636,0.4779924322397281,10984,True,False,True,21.118979699997
debug_algorithm_double_dqn_statev1_sparse_seed42_20261010_222421_175952_d9725a42,double_dqn,42,v1,sparse,558,12057,50.0,6,74,0.29946423357182606,0.47427405326350314,11058,True,False,True,21.250796699998318
debug_algorithm_double_dqn_statev1_sparse_seed42_20261010_222421_175952_d9725a42,double_dqn,42,v1,sparse,559,12083,30.0,4,26,0.29868659904513906,0.4246992915868759,11084,True,False,True,21.30988559999969
debug_algorithm_double_dqn_statev1_sparse_seed42_20261010_222421_175952_d9725a42,double_dqn,42,v1,sparse,560,12146,40.0,5,63,0.2968106949770615,0.5198783841398027,11147,True,False,True,21.423522500001127
debug_algorithm_double_dqn_statev1_sparse_seed42_20261010_222421_175952_d9725a42,double_dqn,42,v1,sparse,561,12157,-10.0,0,11,0.296484366409505,0.616129997101697,11158,True,False,True,21.4426067999957
debug_algorithm_double_dqn_statev1_sparse_seed42_20261010_222421_175952_d9725a42,double_dqn,42,v1,sparse,562,12188,0.0,1,31,0.29556664219417444,0.4882200043047628,11189,True,False,True,21.494972000000416
debug_algorithm_double_dqn_statev1_sparse_seed42_20261010_222421_175952_d9725a42,double_dqn,42,v1,sparse,563,12213,20.0,3,25,0.2948286116091861,0.4700500476360321,11214,True,False,True,21.538893999997526
debug_algorithm_double_dqn_statev1_sparse_seed42_20261010_222421_175952_d9725a42,double_dqn,42,v1,sparse,564,12237,0.0,1,24,0.29412183607187237,0.38008768018335104,11238,True,False,True,21.585608399997
debug_algorithm_double_dqn_statev1_sparse_seed42_20261010_222421_175952_d9725a42,double_dqn,42,v1,sparse,565,12249,0.0,1,12,0.2937690839243056,0.4666611614326636,11250,True,False,True,21.60575080000126
debug_algorithm_double_dqn_statev1_sparse_seed42_20261010_222421_175952_d9725a42,double_dqn,42,v1,sparse,566,12255,-10.0,0,6,0.2935928665334387,0.4275708794593811,11256,True,False,True,21.61629610000091
debug_algorithm_double_dqn_statev1_sparse_seed42_20261010_222421_175952_d9725a42,double_dqn,42,v1,sparse,567,12288,20.0,3,33,0.29262555864357165,0.4870952575495749,11289,True,False,True,21.67569199999707
debug_algorithm_double_dqn_statev1_sparse_seed42_20261010_222421_175952_d9725a42,double_dqn,42,v1,sparse,568,12303,-10.0,0,15,0.2921869274293382,0.5145312994718552,11304,True,False,True,21.70309090000228
debug_algorithm_double_dqn_statev1_sparse_seed42_20261010_222421_175952_d9725a42,double_dqn,42,v1,sparse,569,12324,-10.0,0,21,0.2915739480858505,0.535676468695913,11325,True,False,True,21.738348300001235
debug_algorithm_double_dqn_statev1_sparse_seed42_20261010_222421_175952_d9725a42,double_dqn,42,v1,sparse,570,12361,10.0,2,37,0.2904970640968221,0.5798649624795527,11362,True,False,True,21.800901700000395
debug_algorithm_double_dqn_statev1_sparse_seed42_20261010_222421_175952_d9725a42,double_dqn,42,v1,sparse,571,12406,10.0,2,45,0.2891926991114924,0.5210425800747341,11407,True,False,True,21.874418899999
debug_algorithm_double_dqn_statev1_sparse_seed42_20261010_222421_175952_d9725a42,double_dqn,42,v1,sparse,572,12428,20.0,3,22,0.28855714276343697,0.5078197765079412,11429,True,False,True,21.912772199997562
debug_algorithm_double_dqn_statev1_sparse_seed42_20261010_222421_175952_d9725a42,double_dqn,42,v1,sparse,573,12479,40.0,5,51,0.2870891744369155,0.49674380614477043,11480,True,False,True,22.00368829999934
debug_algorithm_double_dqn_statev1_sparse_seed42_20261010_222421_175952_d9725a42,double_dqn,42,v1,sparse,574,12597,120.0,13,118,0.2837212635353837,0.5038802833375284,11598,True,False,True,22.21770529999776
debug_algorithm_double_dqn_statev1_sparse_seed42_20261010_222421_175952_d9725a42,double_dqn,42,v1,sparse,575,12598,-10.0,0,1,0.28369289140903015,0.6043236255645752,11599,True,False,True,22.21970319999673
debug_algorithm_double_dqn_statev1_sparse_seed42_20261010_222421_175952_d9725a42,double_dqn,42,v1,sparse,576,12608,10.0,2,10,0.2834093261453851,0.43860925585031507,11609,True,False,True,22.246292800002266
debug_algorithm_double_dqn_statev1_sparse_seed42_20261010_222421_175952_d9725a42,double_dqn,42,v1,sparse,577,12620,10.0,2,12,0.28306942194182994,0.4657273131112258,11621,True,False,True,22.271985999999742
debug_algorithm_double_dqn_statev1_sparse_seed42_20261010_222421_175952_d9725a42,double_dqn,42,v1,sparse,578,12666,30.0,4,46,0.28177022807703606,0.509430621629176,11667,True,False,True,22.369040899997344
debug_algorithm_double_dqn_statev1_sparse_seed42_20261010_222421_175952_d9725a42,double_dqn,42,v1,sparse,579,12701,20.0,3,35,0.28078570696891186,0.49140642029898507,11702,True,False,True,22.430218100002094
debug_algorithm_double_dqn_statev1_sparse_seed42_20261010_222421_175952_d9725a42,double_dqn,42,v1,sparse,580,12743,50.0,6,42,0.2796088213443,0.5460085418252718,11744,True,False,True,22.51562549999653
debug_algorithm_double_dqn_statev1_sparse_seed42_20261010_222421_175952_d9725a42,double_dqn,42,v1,sparse,581,12754,-10.0,0,11,0.27930140537954673,0.5979955169287595,11755,True,False,True,22.5356965999963
debug_algorithm_double_dqn_statev1_sparse_seed42_20261010_222421_175952_d9725a42,double_dqn,42,v1,sparse,582,12778,10.0,2,24,0.27863185231350535,0.5471284333616495,11779,True,False,True,22.58001079999667
debug_algorithm_double_dqn_statev1_sparse_seed42_20261010_222421_175952_d9725a42,double_dqn,42,v1,sparse,583,12782,-10.0,0,4,0.27852041628937657,0.48513729870319366,11783,True,False,True,22.5879466999977
debug_algorithm_double_dqn_statev1_sparse_seed42_20261010_222421_175952_d9725a42,double_dqn,42,v1,sparse,584,12792,0.0,1,10,0.27824202117385793,0.5156755827367305,11793,True,False,True,22.60924189999787
debug_algorithm_double_dqn_statev1_sparse_seed42_20261010_222421_175952_d9725a42,double_dqn,42,v1,sparse,585,12823,20.0,3,31,0.27738076348379465,0.44745784997940063,11824,True,False,True,22.671477399999276
debug_algorithm_double_dqn_statev1_sparse_seed42_20261010_222421_175952_d9725a42,double_dqn,42,v1,sparse,586,12839,0.0,1,16,0.2769372869638539,0.4909074539318681,11840,True,False,True,22.70233670000016
debug_algorithm_double_dqn_statev1_sparse_seed42_20261010_222421_175952_d9725a42,double_dqn,42,v1,sparse,587,12871,40.0,5,32,0.27605245988189925,0.4605359397828579,11872,True,False,True,22.764361499997904
debug_algorithm_double_dqn_statev1_sparse_seed42_20261010_222421_175952_d9725a42,double_dqn,42,v1,sparse,588,12910,10.0,2,39,0.27497789831651315,0.559619875290455,11911,True,False,True,22.837082799997006
debug_algorithm_double_dqn_statev1_sparse_seed42_20261010_222421_175952_d9725a42,double_dqn,42,v1,sparse,589,12986,70.0,8,76,0.2728958838636921,0.49323108243314845,11987,True,False,True,22.984206599998288
debug_algorithm_double_dqn_statev1_sparse_seed42_20261010_222421_175952_d9725a42,double_dqn,42,v1,sparse,590,13053,40.0,5,67,0.2710735021176111,0.515119610548909,12054,True,False,True,23.103066999996372
debug_algorithm_double_dqn_statev1_sparse_seed42_20261010_222421_175952_d9725a42,double_dqn,42,v1,sparse,591,13086,30.0,4,33,0.27018038935084576,0.4606266437154828,12087,True,False,True,23.171929700001783
debug_algorithm_double_dqn_statev1_sparse_seed42_20261010_222421_175952_d9725a42,double_dqn,42,v1,sparse,592,13104,20.0,3,18,0.26969447780562544,0.5201837254895104,12105,True,False,True,23.209780899996986
debug_algorithm_double_dqn_statev1_sparse_seed42_20261010_222421_175952_d9725a42,double_dqn,42,v1,sparse,593,13125,20.0,3,21,0.2691286854021047,0.47952859068200704,12126,True,False,True,23.24956419999944
debug_algorithm_double_dqn_statev1_sparse_seed42_20261010_222421_175952_d9725a42,double_dqn,42,v1,sparse,594,13178,30.0,4,53,0.26770600566602293,0.4704215852719433,12179,True,False,True,23.34945109999535
debug_algorithm_double_dqn_statev1_sparse_seed42_20261010_222421_175952_d9725a42,double_dqn,42,v1,sparse,595,13191,10.0,2,13,0.26735819659279675,0.4114470143730824,12192,True,False,True,23.37350570000126
debug_algorithm_double_dqn_statev1_sparse_seed42_20261010_222421_175952_d9725a42,double_dqn,42,v1,sparse,596,13242,40.0,5,51,0.2659980730461206,0.5058763851137722,12243,True,False,True,23.47298210000008
debug_algorithm_double_dqn_statev1_sparse_seed42_20261010_222421_175952_d9725a42,double_dqn,42,v1,sparse,597,13264,10.0,2,22,0.2654134913315253,0.4685269431634383,12265,True,False,True,23.515446899997187
debug_algorithm_double_dqn_statev1_sparse_seed42_20261010_222421_175952_d9725a42,double_dqn,42,v1,sparse,598,13275,-10.0,0,11,0.26512168242469647,0.4845795848152854,12276,True,False,True,23.53694629999518
debug_algorithm_double_dqn_statev1_sparse_seed42_20261010_222421_175952_d9725a42,double_dqn,42,v1,sparse,599,13303,30.0,4,28,0.2643803430058711,0.4788630423801286,12304,True,False,True,23.594929899998533
debug_algorithm_double_dqn_statev1_sparse_seed42_20261010_222421_175952_d9725a42,double_dqn,42,v1,sparse,600,13310,-10.0,0,7,0.2641953322763866,0.41251595531191143,12311,True,False,True,23.608672199996363
debug_algorithm_double_dqn_statev1_sparse_seed42_20261010_222421_175952_d9725a42,double_dqn,42,v1,sparse,601,13336,10.0,2,26,0.2635092823607849,0.43135122324411684,12337,True,False,True,23.675948899996
debug_algorithm_double_dqn_statev1_sparse_seed42_20261010_222421_175952_d9725a42,double_dqn,42,v1,sparse,602,13370,40.0,5,34,0.26261482751221427,0.49866508035098805,12371,True,False,True,23.736932799998613
debug_algorithm_double_dqn_statev1_sparse_seed42_20261010_222421_175952_d9725a42,double_dqn,42,v1,sparse,603,13381,-10.0,0,11,0.2623260955967832,0.6874653832478956,12382,True,False,True,23.756261800001084
debug_algorithm_double_dqn_statev1_sparse_seed42_20261010_222421_175952_d9725a42,double_dqn,42,v1,sparse,604,13449,30.0,4,68,0.2605482408097844,0.5095289746189818,12450,True,False,True,23.88147929999832
debug_algorithm_double_dqn_statev1_sparse_seed42_20261010_222421_175952_d9725a42,double_dqn,42,v1,sparse,605,13501,40.0,5,52,0.2591968390761776,0.5095445765898778,12502,True,False,True,23.98626069999591
debug_algorithm_double_dqn_statev1_sparse_seed42_20261010_222421_175952_d9725a42,double_dqn,42,v1,sparse,606,13540,10.0,2,39,0.2581878896856888,0.5466947872669269,12541,True,False,True,24.054618399997707
debug_algorithm_double_dqn_statev1_sparse_seed42_20261010_222421_175952_d9725a42,double_dqn,42,v1,sparse,607,13574,20.0,3,34,0.25731149775101897,0.5163544889758614,12575,True,False,True,24.115790700001526
debug_algorithm_double_dqn_statev1_sparse_seed42_20261010_222421_175952_d9725a42,double_dqn,42,v1,sparse,608,13586,0.0,1,12,0.25700289372271046,0.4772442268828551,12587,True,False,True,24.13606489999802
debug_algorithm_double_dqn_statev1_sparse_seed42_20261010_222421_175952_d9725a42,double_dqn,42,v1,sparse,609,13648,40.0,5,62,0.25541432600082087,0.5070807835267436,12649,True,False,True,24.26709269999992
debug_algorithm_double_dqn_statev1_sparse_seed42_20261010_222421_175952_d9725a42,double_dqn,42,v1,sparse,610,13734,80.0,9,86,0.253227072105877,0.49913312182870023,12735,True,False,True,24.43905029999587
debug_algorithm_double_dqn_statev1_sparse_seed42_20261010_222421_175952_d9725a42,double_dqn,42,v1,sparse,611,13742,0.0,1,8,0.2530245613375936,0.48325011506676674,12743,True,False,True,24.452937800000655
debug_algorithm_double_dqn_statev1_sparse_seed42_20261010_222421_175952_d9725a42,double_dqn,42,v1,sparse,612,13816,50.0,6,74,0.251158997404106,0.5167275296675192,12817,True,False,True,24.603972500000964
debug_algorithm_double_dqn_statev1_sparse_seed42_20261010_222421_175952_d9725a42,double_dqn,42,v1,sparse,613,13855,10.0,2,39,0.2501813361091231,0.4845198014607796,12856,True,False,True,24.684954399999697
debug_algorithm_double_dqn_statev1_sparse_seed42_20261010_222421_175952_d9725a42,double_dqn,42,v1,sparse,614,13888,20.0,3,33,0.2493570572934515,0.48528429775527027,12889,True,False,True,24.743457399999897
debug_algorithm_double_dqn_statev1_sparse_seed42_20261010_222421_175952_d9725a42,double_dqn,42,v1,sparse,615,13902,-10.0,0,14,0.2490081842374218,0.5749781663928714,12903,True,False,True,24.77206099999603
debug_algorithm_double_dqn_statev1_sparse_seed42_20261010_222421_175952_d9725a42,double_dqn,42,v1,sparse,616,13998,90.0,10,96,0.24662902494622216,0.5375876858209571,12999,True,False,True,24.94712140000047
debug_algorithm_double_dqn_statev1_sparse_seed42_20261010_222421_175952_d9725a42,double_dqn,42,v1,sparse,617,14012,0.0,1,14,0.24628396865396193,0.7121718142713819,13013,True,False,True,24.975334299997485
debug_algorithm_double_dqn_statev1_sparse_seed42_20261010_222421_175952_d9725a42,double_dqn,42,v1,sparse,618,14062,20.0,3,50,0.24505556096780923,0.5484132209420204,13063,True,False,True,25.07338329999766
debug_algorithm_double_dqn_statev1_sparse_seed42_20261010_222421_175952_d9725a42,double_dqn,42,v1,sparse,619,14064,-10.0,0,2,0.24500655230617127,0.717914879322052,13065,True,False,True,25.076937999998336
debug_algorithm_double_dqn_statev1_sparse_seed42_20261010_222421_175952_d9725a42,double_dqn,42,v1,sparse,620,14080,10.0,2,16,0.24461483569318515,0.5791236627846956,13081,True,False,True,25.105234999995446
debug_algorithm_double_dqn_statev1_sparse_seed42_20261010_222421_175952_d9725a42,double_dqn,42,v1,sparse,621,14103,20.0,3,23,0.24405284001362884,0.5686955309432485,13104,True,False,True,25.157196000000113
debug_algorithm_double_dqn_statev1_sparse_seed42_20261010_222421_175952_d9725a42,double_dqn,42,v1,sparse,622,14201,60.0,7,98,0.24167268498151395,0.5727581924625805,13202,True,False,True,25.352935800001433
debug_algorithm_double_dqn_statev1_sparse_seed42_20261010_222421_175952_d9725a42,double_dqn,42,v1,sparse,623,14249,30.0,4,48,0.24051537798621697,0.5742530785501003,13250,True,False,True,25.457524600002216
debug_algorithm_double_dqn_statev1_sparse_seed42_20261010_222421_175952_d9725a42,double_dqn,42,v1,sparse,624,14272,0.0,1,23,0.23996280069501522,0.5765565141387607,13273,True,False,True,25.500624399996013
debug_algorithm_double_dqn_statev1_sparse_seed42_20261010_222421_175952_d9725a42,double_dqn,42,v1,sparse,625,14299,30.0,4,27,0.2393157427010989,0.5186102809729399,13300,True,False,True,25.549808299998404
debug_algorithm_double_dqn_statev1_sparse_seed42_20261010_222421_175952_d9725a42,double_dqn,42,v1,sparse,626,14332,20.0,3,33,0.23852726303257887,0.6004791697769454,13333,True,False,True,25.61346400000184
debug_algorithm_double_dqn_statev1_sparse_seed42_20261010_222421_175952_d9725a42,double_dqn,42,v1,sparse,627,14402,40.0,5,70,0.23686331958961235,0.5655155667236873,13403,True,False,True,25.7479949999979
debug_algorithm_double_dqn_statev1_sparse_seed42_20261010_222421_175952_d9725a42,double_dqn,42,v1,sparse,628,14404,-10.0,0,2,0.23681594929432764,0.5148383677005768,13405,True,False,True,25.75284549999924
debug_algorithm_double_dqn_statev1_sparse_seed42_20261010_222421_175952_d9725a42,double_dqn,42,v1,sparse,629,14462,20.0,3,58,0.2354463240589061,0.582474603992084,13463,True,False,True,25.862480199997663
debug_algorithm_double_dqn_statev1_sparse_seed42_20261010_222421_175952_d9725a42,double_dqn,42,v1,sparse,630,14483,10.0,2,21,0.23495238090266019,0.4653766992546263,13484,True,False,True,25.900252499995986
debug_algorithm_double_dqn_statev1_sparse_seed42_20261010_222421_175952_d9725a42,double_dqn,42,v1,sparse,631,14554,50.0,6,71,0.233290044159012,0.5415238016088244,13555,True,False,True,26.03373379999539
debug_algorithm_double_dqn_statev1_sparse_seed42_20261010_222421_175952_d9725a42,double_dqn,42,v1,sparse,632,14579,30.0,4,25,0.23270751838247483,0.5699538439512253,13580,True,False,True,26.07670810000127
debug_algorithm_double_dqn_statev1_sparse_seed42_20261010_222421_175952_d9725a42,double_dqn,42,v1,sparse,633,14643,40.0,5,64,0.23122287196763977,0.5865619292017072,13644,True,False,True,26.198027999998885
debug_algorithm_double_dqn_statev1_sparse_seed42_20261010_222421_175952_d9725a42,double_dqn,42,v1,sparse,634,14665,0.0,1,22,0.2307147154182311,0.5980850058523092,13666,True,False,True,26.23389689999749
debug_algorithm_double_dqn_statev1_sparse_seed42_20261010_222421_175952_d9725a42,double_dqn,42,v1,sparse,635,14719,50.0,6,54,0.22947215176719168,0.6110707858094463,13720,True,False,True,26.328074899996864
debug_algorithm_double_dqn_statev1_sparse_seed42_20261010_222421_175952_d9725a42,double_dqn,42,v1,sparse,636,14777,30.0,4,58,0.22814499939074348,0.5972046957447611,13778,True,False,True,26.43918660000054
debug_algorithm_double_dqn_statev1_sparse_seed42_20261010_222421_175952_d9725a42,double_dqn,42,v1,sparse,637,14821,20.0,3,44,0.2271433166266608,0.6180162693966519,13822,True,False,True,26.517431100000977
debug_algorithm_double_dqn_statev1_sparse_seed42_20261010_222421_175952_d9725a42,double_dqn,42,v1,sparse,638,14831,0.0,1,10,0.2269162754972742,0.4789166361093521,13832,True,False,True,26.534998199997062
debug_algorithm_double_dqn_statev1_sparse_seed42_20261010_222421_175952_d9725a42,double_dqn,42,v1,sparse,639,14877,50.0,6,46,0.225874805772549,0.6126440060527428,13878,True,False,True,26.613008499996795
debug_algorithm_double_dqn_statev1_sparse_seed42_20261010_222421_175952_d9725a42,double_dqn,42,v1,sparse,640,14884,0.0,1,7,0.22571674083431262,0.7155586906841823,13885,True,False,True,26.6290108999965
debug_algorithm_double_dqn_statev1_sparse_seed42_20261010_222421_175952_d9725a42,double_dqn,42,v1,sparse,641,14927,30.0,4,43,0.22474819428810802,0.5340589364600736,13928,True,False,True,26.706589299996267
debug_algorithm_double_dqn_statev1_sparse_seed42_20261010_222421_175952_d9725a42,double_dqn,42,v1,sparse,642,14999,40.0,5,72,0.223135738472188,0.5865787627796332,14000,True,False,True,26.851216800001566
debug_algorithm_double_dqn_statev1_sparse_seed42_20261010_222421_175952_d9725a42,double_dqn,42,v1,sparse,643,15040,20.0,3,41,0.2222227092811387,0.566825220861086,14041,True,False,True,26.920728500001132
debug_algorithm_double_dqn_statev1_sparse_seed42_20261010_222421_175952_d9725a42,double_dqn,42,v1,sparse,644,15041,-10.0,0,1,0.22220048701021058,0.48372316360473633,14042,True,False,True,26.92275990000053
debug_algorithm_double_dqn_statev1_sparse_seed42_20261010_222421_175952_d9725a42,double_dqn,42,v1,sparse,645,15052,10.0,2,11,0.22195618864811156,0.6083715842528776,14053,True,False,True,26.944078599997738
debug_algorithm_double_dqn_statev1_sparse_seed42_20261010_222421_175952_d9725a42,double_dqn,42,v1,sparse,646,15085,40.0,5,33,0.22122490394416372,0.5569504824551669,14086,True,False,True,27.0011685999998
debug_algorithm_double_dqn_statev1_sparse_seed42_20261010_222421_175952_d9725a42,double_dqn,42,v1,sparse,647,15097,-10.0,0,12,0.2209595800192088,0.5089409773548444,14098,True,False,True,27.024433899998257
debug_algorithm_double_dqn_statev1_sparse_seed42_20261010_222421_175952_d9725a42,double_dqn,42,v1,sparse,648,15120,10.0,2,23,0.22045193162177829,0.5591170029795688,14121,True,False,True,27.067650699995284
debug_algorithm_double_dqn_statev1_sparse_seed42_20261010_222421_175952_d9725a42,double_dqn,42,v1,sparse,649,15176,50.0,6,56,0.21922078966160446,0.5237801285194499,14177,True,False,True,27.174864499997057
debug_algorithm_double_dqn_statev1_sparse_seed42_20261010_222421_175952_d9725a42,double_dqn,42,v1,sparse,650,15335,100.0,11,159,0.21576257188289427,0.558741955824618,14336,True,False,True,27.456400900002336
debug_algorithm_double_dqn_statev1_sparse_seed42_20261010_222421_175952_d9725a42,double_dqn,42,v1,sparse,651,15431,90.0,10,96,0.21370105920948412,0.5646985865508517,14432,True,False,True,27.62323219999962
debug_algorithm_double_dqn_statev1_sparse_seed42_20261010_222421_175952_d9725a42,double_dqn,42,v1,sparse,652,15483,40.0,5,52,0.21259264266062655,0.5749304787470744,14484,True,False,True,27.720909700001357
debug_algorithm_double_dqn_statev1_sparse_seed42_20261010_222421_175952_d9725a42,double_dqn,42,v1,sparse,653,15496,10.0,2,13,0.21231643798664276,0.49817542044016033,14497,True,False,True,27.748812999998336
debug_algorithm_double_dqn_statev1_sparse_seed42_20261010_222421_175952_d9725a42,double_dqn,42,v1,sparse,654,15582,50.0,6,86,0.21049825510231485,0.5921958130459453,14583,True,False,True,27.915138799995475
debug_algorithm_double_dqn_statev1_sparse_seed42_20261010_222421_175952_d9725a42,double_dqn,42,v1,sparse,655,15616,0.0,1,34,0.20978374067153216,0.5342120146926712,14617,True,False,True,27.979670599997917
debug_algorithm_double_dqn_statev1_sparse_seed42_20261010_222421_175952_d9725a42,double_dqn,42,v1,sparse,656,15707,110.0,12,91,0.20788327384599495,0.5928278450782483,14708,True,False,True,28.15939580000122
debug_algorithm_double_dqn_statev1_sparse_seed42_20261010_222421_175952_d9725a42,double_dqn,42,v1,sparse,657,15734,20.0,3,27,0.2073227180692081,0.5339473347972941,14735,True,False,True,28.208821499996702
debug_algorithm_double_dqn_statev1_sparse_seed42_20261010_222421_175952_d9725a42,double_dqn,42,v1,sparse,658,15816,70.0,8,82,0.20562953864421343,0.5461274698013212,14817,True,False,True,28.353225300001213
debug_algorithm_double_dqn_statev1_sparse_seed42_20261010_222421_175952_d9725a42,double_dqn,42,v1,sparse,659,15839,0.0,1,23,0.20515711058407668,0.6315057012050048,14840,True,False,True,28.3944948999997
debug_algorithm_double_dqn_statev1_sparse_seed42_20261010_222421_175952_d9725a42,double_dqn,42,v1,sparse,660,15858,10.0,2,19,0.20476766269390834,0.5983650425547048,14859,True,False,True,28.43265650000103
debug_algorithm_double_dqn_statev1_sparse_seed42_20261010_222421_175952_d9725a42,double_dqn,42,v1,sparse,661,15916,40.0,5,58,0.20358338875011545,0.5458746268574534,14917,True,False,True,28.540761700001894
debug_algorithm_double_dqn_statev1_sparse_seed42_20261010_222421_175952_d9725a42,double_dqn,42,v1,sparse,662,15966,50.0,6,50,0.2025679617173269,0.5776109328866005,14967,True,False,True,28.62997699999687
debug_algorithm_double_dqn_statev1_sparse_seed42_20261010_222421_175952_d9725a42,double_dqn,42,v1,sparse,663,16017,40.0,5,51,0.20153744364066012,0.6129407754131392,15018,True,False,True,28.721402499999385
debug_algorithm_double_dqn_statev1_sparse_seed42_20261010_222421_175952_d9725a42,double_dqn,42,v1,sparse,664,16060,20.0,3,43,0.20067265003143311,0.6180568129517311,15061,True,False,True,28.798954400001094
debug_algorithm_double_dqn_statev1_sparse_seed42_20261010_222421_175952_d9725a42,double_dqn,42,v1,sparse,665,16079,40.0,5,19,0.200291714952231,0.514638403528615,15080,True,False,True,28.829021699995792
debug_algorithm_double_dqn_statev1_sparse_seed42_20261010_222421_175952_d9725a42,double_dqn,42,v1,sparse,666,16132,30.0,4,53,0.199232924196642,0.6214285594112469,15133,True,False,True,28.92183429999568
debug_algorithm_double_dqn_statev1_sparse_seed42_20261010_222421_175952_d9725a42,double_dqn,42,v1,sparse,667,16143,-10.0,0,11,0.19901387752526714,0.6225392547520724,15144,True,False,True,28.943409300001804
debug_algorithm_double_dqn_statev1_sparse_seed42_20261010_222421_175952_d9725a42,double_dqn,42,v1,sparse,668,16198,60.0,7,55,0.197922251340611,0.611054135181687,15199,True,False,True,29.05165560000023
debug_algorithm_double_dqn_statev1_sparse_seed42_20261010_222421_175952_d9725a42,double_dqn,42,v1,sparse,669,16236,20.0,3,38,0.19717153651073166,0.5708863974401825,15237,True,False,True,29.123001200001454
debug_algorithm_double_dqn_statev1_sparse_seed42_20261010_222421_175952_d9725a42,double_dqn,42,v1,sparse,670,16297,60.0,7,61,0.1959723912912086,0.5579656347876689,15298,True,False,True,29.234687600001052
debug_algorithm_double_dqn_statev1_sparse_seed42_20261010_222421_175952_d9725a42,double_dqn,42,v1,sparse,671,16332,30.0,4,35,0.19528765267580384,0.5434905754668372,15333,True,False,True,29.306584899997688
debug_algorithm_double_dqn_statev1_sparse_seed42_20261010_222421_175952_d9725a42,double_dqn,42,v1,sparse,672,16337,0.0,1,5,0.19519002837627838,0.6086112082004547,15338,True,False,True,29.317053400001896
debug_algorithm_double_dqn_statev1_sparse_seed42_20261010_222421_175952_d9725a42,double_dqn,42,v1,sparse,673,16437,90.0,10,100,0.1932477585130845,0.62184604331851,15438,True,False,True,29.5096848999965
debug_algorithm_double_dqn_statev1_sparse_seed42_20261010_222421_175952_d9725a42,double_dqn,42,v1,sparse,674,16454,0.0,1,17,0.1929195000092014,0.5090420465258991,15455,True,False,True,29.543895499999053
debug_algorithm_double_dqn_statev1_sparse_seed42_20261010_222421_175952_d9725a42,double_dqn,42,v1,sparse,675,16472,20.0,3,18,0.19257253991865655,0.5580784165196948,15473,True,False,True,29.580812200001674
debug_algorithm_double_dqn_statev1_sparse_seed42_20261010_222421_175952_d9725a42,double_dqn,42,v1,sparse,676,16490,0.0,1,18,0.19222620382570874,0.5894423375527064,15491,True,False,True,29.618695799996203
debug_algorithm_double_dqn_statev1_sparse_seed42_20261010_222421_175952_d9725a42,double_dqn,42,v1,sparse,677,16550,60.0,7,60,0.19107624243794477,0.6062112669150035,15551,True,False,True,29.732955200001015
debug_algorithm_double_dqn_statev1_sparse_seed42_20261010_222421_175952_d9725a42,double_dqn,42,v1,sparse,678,16594,60.0,7,44,0.19023731202444943,0.6233789006417448,15595,True,False,True,29.81645469999785
debug_algorithm_double_dqn_statev1_sparse_seed42_20261010_222421_175952_d9725a42,double_dqn,42,v1,sparse,679,16606,10.0,2,12,0.19000915276480326,0.7050088122487068,15607,True,False,True,29.83570669999608
debug_algorithm_double_dqn_statev1_sparse_seed42_20261010_222421_175952_d9725a42,double_dqn,42,v1,sparse,680,16645,50.0,6,39,0.18926952330191069,0.6222978199903781,15646,True,False,True,29.925465299995267
debug_algorithm_double_dqn_statev1_sparse_seed42_20261010_222421_175952_d9725a42,double_dqn,42,v1,sparse,681,16697,40.0,5,52,0.18828782731688243,0.6232090626771634,15698,True,False,True,30.0112999999983
debug_algorithm_double_dqn_statev1_sparse_seed42_20261010_222421_175952_d9725a42,double_dqn,42,v1,sparse,682,16747,40.0,5,50,0.1873486910200736,0.6804602357745171,15748,True,False,True,30.097242700001516
debug_algorithm_double_dqn_statev1_sparse_seed42_20261010_222421_175952_d9725a42,double_dqn,42,v1,sparse,683,16803,50.0,6,56,0.18630241833377123,0.5688610478703465,15804,True,False,True,30.192207599997346
debug_algorithm_double_dqn_statev1_sparse_seed42_20261010_222421_175952_d9725a42,double_dqn,42,v1,sparse,684,16830,20.0,3,27,0.18580005518115073,0.6154433555073209,15831,True,False,True,30.240108999998483
debug_algorithm_double_dqn_statev1_sparse_seed42_20261010_222421_175952_d9725a42,double_dqn,42,v1,sparse,685,16882,90.0,10,52,0.18483635450178462,0.6307211492497188,15883,True,False,True,30.33597539999755
debug_algorithm_double_dqn_statev1_sparse_seed42_20261010_222421_175952_d9725a42,double_dqn,42,v1,sparse,686,16920,30.0,4,38,0.18413527419633402,0.622981559681265,15921,True,False,True,30.399602500001492
debug_algorithm_double_dqn_statev1_sparse_seed42_20261010_222421_175952_d9725a42,double_dqn,42,v1,sparse,687,16971,50.0,6,51,0.18319852819265905,0.570866090409896,15972,True,False,True,30.485454699999536
debug_algorithm_double_dqn_statev1_sparse_seed42_20261010_222421_175952_d9725a42,double_dqn,42,v1,sparse,688,17019,50.0,6,48,0.18232123857169216,0.6492358756562074,16020,True,False,True,30.569705599998997
debug_algorithm_double_dqn_statev1_sparse_seed42_20261010_222421_175952_d9725a42,double_dqn,42,v1,sparse,689,17032,10.0,2,13,0.18208436311998424,0.5680316480306479,16033,True,False,True,30.593868099997053
debug_algorithm_double_dqn_statev1_sparse_seed42_20261010_222421_175952_d9725a42,double_dqn,42,v1,sparse,690,17067,20.0,3,35,0.18144815006023557,0.6410955556801388,16068,True,False,True,30.654312599996047
debug_algorithm_double_dqn_statev1_sparse_seed42_20261010_222421_175952_d9725a42,double_dqn,42,v1,sparse,691,17121,30.0,4,54,0.18047092207803042,0.627497434064194,16122,True,False,True,30.76803959999961
debug_algorithm_double_dqn_statev1_sparse_seed42_20261010_222421_175952_d9725a42,double_dqn,42,v1,sparse,692,17182,50.0,6,61,0.1793733455854874,0.6111820198473383,16183,True,False,True,30.870029199999408
debug_algorithm_double_dqn_statev1_sparse_seed42_20261010_222421_175952_d9725a42,double_dqn,42,v1,sparse,693,17189,0.0,1,7,0.17924782190570265,0.6881791566099439,16190,True,False,True,30.882585699997435
debug_algorithm_double_dqn_statev1_sparse_seed42_20261010_222421_175952_d9725a42,double_dqn,42,v1,sparse,694,17190,-10.0,0,1,0.1792298971235121,0.8804532289505005,16191,True,False,True,30.884512299999187
debug_algorithm_double_dqn_statev1_sparse_seed42_20261010_222421_175952_d9725a42,double_dqn,42,v1,sparse,695,17256,30.0,4,66,0.17805081609513168,0.6389953376668872,16257,True,False,True,31.00428809999721
debug_algorithm_double_dqn_statev1_sparse_seed42_20261010_222421_175952_d9725a42,double_dqn,42,v1,sparse,696,17298,70.0,8,42,0.17730453364302676,0.5824833036888213,16299,True,False,True,31.07706920000055
debug_algorithm_double_dqn_statev1_sparse_seed42_20261010_222421_175952_d9725a42,double_dqn,42,v1,sparse,697,17365,30.0,4,67,0.17612050499065657,0.618107973194834,16366,True,False,True,31.20082199999888
debug_algorithm_double_dqn_statev1_sparse_seed42_20261010_222421_175952_d9725a42,double_dqn,42,v1,sparse,698,17368,-10.0,0,3,0.1760676741225984,0.7291917105515798,16369,True,False,True,31.206561899998633
debug_algorithm_double_dqn_statev1_sparse_seed42_20261010_222421_175952_d9725a42,double_dqn,42,v1,sparse,699,17430,50.0,6,62,0.17497937733368707,0.6090734951919125,16431,True,False,True,31.31538609999552
debug_algorithm_double_dqn_statev1_sparse_seed42_20261010_222421_175952_d9725a42,double_dqn,42,v1,sparse,700,17440,-10.0,0,10,0.17480447667607937,0.6786633789539337,16441,True,False,True,31.33240410000144
debug_algorithm_double_dqn_statev1_sparse_seed42_20261010_222421_175952_d9725a42,double_dqn,42,v1,sparse,701,17465,10.0,2,25,0.17436798949598994,0.6945758140087128,16466,True,False,True,31.386535099998582
debug_algorithm_double_dqn_statev1_sparse_seed42_20261010_222421_175952_d9725a42,double_dqn,42,v1,sparse,702,17523,60.0,7,58,0.17335953208687088,0.6279928855084139,16524,True,False,True,31.503912799998943
debug_algorithm_double_dqn_statev1_sparse_seed42_20261010_222421_175952_d9725a42,double_dqn,42,v1,sparse,703,17571,30.0,4,48,0.17252935883331977,0.6407543973376354,16572,True,False,True,31.59421350000048
debug_algorithm_double_dqn_statev1_sparse_seed42_20261010_222421_175952_d9725a42,double_dqn,42,v1,sparse,704,17605,40.0,5,34,0.17194372587137355,0.6451291270992335,16606,True,False,True,31.653088499995647
debug_algorithm_double_dqn_statev1_sparse_seed42_20261010_222421_175952_d9725a42,double_dqn,42,v1,sparse,705,17643,40.0,5,38,0.17129154702820637,0.6240453700485983,16644,True,False,True,31.734565899998415
debug_algorithm_double_dqn_statev1_sparse_seed42_20261010_222421_175952_d9725a42,double_dqn,42,v1,sparse,706,17688,30.0,4,45,0.17052242842481807,0.5832259108622869,16689,True,False,True,31.821909099999175
debug_algorithm_double_dqn_statev1_sparse_seed42_20261010_222421_175952_d9725a42,double_dqn,42,v1,sparse,707,17748,60.0,7,60,0.16950230627428084,0.5847832046449184,16749,True,False,True,31.94300790000125
debug_algorithm_double_dqn_statev1_sparse_seed42_20261010_222421_175952_d9725a42,double_dqn,42,v1,sparse,708,17770,30.0,4,22,0.16912979248989538,0.6381855051625859,16771,True,False,True,31.99011149999569
debug_algorithm_double_dqn_statev1_sparse_seed42_20261010_222421_175952_d9725a42,double_dqn,42,v1,sparse,709,17811,40.0,5,41,0.16843774540377318,0.5974208116531372,16812,True,False,True,32.07568000000174
debug_algorithm_double_dqn_statev1_sparse_seed42_20261010_222421_175952_d9725a42,double_dqn,42,v1,sparse,710,17836,10.0,2,25,0.16801715596630634,0.7037633800506592,16837,True,False,True,32.12475309999718
debug_algorithm_double_dqn_statev1_sparse_seed42_20261010_222421_175952_d9725a42,double_dqn,42,v1,sparse,711,17913,110.0,12,77,0.1667283277795987,0.6742963173559734,16914,True,False,True,32.274269900000945
debug_algorithm_double_dqn_statev1_sparse_seed42_20261010_222421_175952_d9725a42,double_dqn,42,v1,sparse,712,17953,50.0,6,40,0.16606271330368388,0.742584054172039,16954,True,False,True,32.37611679999827
debug_algorithm_double_dqn_statev1_sparse_seed42_20261010_222421_175952_d9725a42,double_dqn,42,v1,sparse,713,18012,30.0,4,59,0.16508577923723378,0.6043028205128039,17013,True,False,True,32.521332500000426
debug_algorithm_double_dqn_statev1_sparse_seed42_20261010_222421_175952_d9725a42,double_dqn,42,v1,sparse,714,18019,-10.0,0,7,0.16497025385400393,0.6813078480107444,17020,True,False,True,32.53795969999919
debug_algorithm_double_dqn_statev1_sparse_seed42_20261010_222421_175952_d9725a42,double_dqn,42,v1,sparse,715,18045,10.0,2,26,0.16454186691863243,0.6833124573414142,17046,True,False,True,32.58945110000059
debug_algorithm_double_dqn_statev1_sparse_seed42_20261010_222421_175952_d9725a42,double_dqn,42,v1,sparse,716,18070,30.0,4,25,0.1641310054986984,0.7340512156486512,17071,True,False,True,32.64773889999924
debug_algorithm_double_dqn_statev1_sparse_seed42_20261010_222421_175952_d9725a42,double_dqn,42,v1,sparse,717,18113,20.0,3,43,0.16342672225451693,0.6627479320348695,17114,True,False,True,32.744479000000865
debug_algorithm_double_dqn_statev1_sparse_seed42_20261010_222421_175952_d9725a42,double_dqn,42,v1,sparse,718,18189,90.0,10,76,0.1621893253590055,0.5591900576102106,17190,True,False,True,32.8927515999967
debug_algorithm_double_dqn_statev1_sparse_seed42_20261010_222421_175952_d9725a42,double_dqn,42,v1,sparse,719,18214,0.0,1,25,0.16178433824075378,0.6797437393665313,17215,True,False,True,32.94703699999809
debug_algorithm_double_dqn_statev1_sparse_seed42_20261010_222421_175952_d9725a42,double_dqn,42,v1,sparse,720,18237,20.0,3,23,0.161412643290799,0.6588094091933706,17238,True,False,True,33.00186350000149
debug_algorithm_double_dqn_statev1_sparse_seed42_20261010_222421_175952_d9725a42,double_dqn,42,v1,sparse,721,18285,20.0,3,48,0.1606396805489644,0.6787519877155622,17286,True,False,True,33.11505179999949
debug_algorithm_double_dqn_statev1_sparse_seed42_20261010_222421_175952_d9725a42,double_dqn,42,v1,sparse,722,18312,20.0,3,27,0.16020651678717168,0.6207383782775314,17313,True,False,True,33.181260099998326
debug_algorithm_double_dqn_statev1_sparse_seed42_20261010_222421_175952_d9725a42,double_dqn,42,v1,sparse,723,18384,80.0,9,72,0.15905711520661614,0.6996937650773261,17385,True,False,True,33.34159830000135
debug_algorithm_double_dqn_statev1_sparse_seed42_20261010_222421_175952_d9725a42,double_dqn,42,v1,sparse,724,18400,0.0,1,16,0.1588028146017808,0.5929462052881718,17401,True,False,True,33.372144000000844
debug_algorithm_double_dqn_statev1_sparse_seed42_20261010_222421_175952_d9725a42,double_dqn,42,v1,sparse,725,18464,50.0,6,64,0.15778967144678935,0.6429800095502287,17465,True,False,True,33.50873049999791
debug_algorithm_double_dqn_statev1_sparse_seed42_20261010_222421_175952_d9725a42,double_dqn,42,v1,sparse,726,18482,0.0,1,18,0.1575058913276744,0.5872381312979592,17483,True,False,True,33.54687649999687
debug_algorithm_double_dqn_statev1_sparse_seed42_20261010_222421_175952_d9725a42,double_dqn,42,v1,sparse,727,18585,110.0,12,103,0.15589182664589654,0.6513694152959342,17586,True,False,True,33.775959099999454
debug_algorithm_double_dqn_statev1_sparse_seed42_20261010_222421_175952_d9725a42,double_dqn,42,v1,sparse,728,18628,50.0,6,43,0.15522289757257524,0.6154287388158399,17629,True,False,True,33.86249469999893
debug_algorithm_double_dqn_statev1_sparse_seed42_20261010_222421_175952_d9725a42,double_dqn,42,v1,sparse,729,18653,10.0,2,25,0.15483530564052014,0.6369225430488586,17654,True,False,True,33.91648559999885
debug_algorithm_double_dqn_statev1_sparse_seed42_20261010_222421_175952_d9725a42,double_dqn,42,v1,sparse,730,18703,20.0,3,50,0.15406302281360232,0.6699251621961594,17704,True,False,True,34.0310490999982
debug_algorithm_double_dqn_statev1_sparse_seed42_20261010_222421_175952_d9725a42,double_dqn,42,v1,sparse,731,18714,-10.0,0,11,0.1538936381977546,0.8963831256736409,17715,True,False,True,34.05506449999666
debug_algorithm_double_dqn_statev1_sparse_seed42_20261010_222421_175952_d9725a42,double_dqn,42,v1,sparse,732,18780,50.0,6,66,0.15288123417309363,0.6386986788023602,17781,True,False,True,34.19907629999943
debug_algorithm_double_dqn_statev1_sparse_seed42_20261010_222421_175952_d9725a42,double_dqn,42,v1,sparse,733,18842,40.0,5,62,0.1519362557319091,0.6498780219304946,17843,True,False,True,34.339661300000444
debug_algorithm_double_dqn_statev1_sparse_seed42_20261010_222421_175952_d9725a42,double_dqn,42,v1,sparse,734,18875,20.0,3,33,0.15143566748308127,0.6747546277262948,17876,True,False,True,34.407142700001714
debug_algorithm_double_dqn_statev1_sparse_seed42_20261010_222421_175952_d9725a42,double_dqn,42,v1,sparse,735,19031,150.0,16,156,0.1490914860169387,0.6633073741044754,18032,True,False,True,34.7495099000007
debug_algorithm_double_dqn_statev1_sparse_seed42_20261010_222421_175952_d9725a42,double_dqn,42,v1,sparse,736,19061,20.0,3,30,0.14864485950194906,0.6091785217324893,18062,True,False,True,34.81375649999973
debug_algorithm_double_dqn_statev1_sparse_seed42_20261010_222421_175952_d9725a42,double_dqn,42,v1,sparse,737,19086,20.0,3,25,0.1482736929460775,0.5590715306997299,18087,True,False,True,34.86810269999842
debug_algorithm_double_dqn_statev1_sparse_seed42_20261010_222421_175952_d9725a42,double_dqn,42,v1,sparse,738,19120,20.0,3,34,0.14777039331889574,0.707619830089457,18121,True,False,True,34.932291500001156
debug_algorithm_double_dqn_statev1_sparse_seed42_20261010_222421_175952_d9725a42,double_dqn,42,v1,sparse,739,19133,0.0,1,13,0.1475784070262362,0.6072470499919012,18134,True,False,True,34.960153699998045
debug_algorithm_double_dqn_statev1_sparse_seed42_20261010_222421_175952_d9725a42,double_dqn,42,v1,sparse,740,19135,-10.0,0,2,0.14754889282061504,0.47540561854839325,18136,True,False,True,34.963697899998806
debug_algorithm_double_dqn_statev1_sparse_seed42_20261010_222421_175952_d9725a42,double_dqn,42,v1,sparse,741,19168,10.0,2,33,0.14706275972803778,0.7121192596175454,18169,True,False,True,35.02785849999782
debug_algorithm_double_dqn_statev1_sparse_seed42_20261010_222421_175952_d9725a42,double_dqn,42,v1,sparse,742,19218,50.0,6,50,0.1463292445691579,0.6706198263168335,18219,True,False,True,35.13604839999607
debug_algorithm_double_dqn_statev1_sparse_seed42_20261010_222421_175952_d9725a42,double_dqn,42,v1,sparse,743,19273,50.0,6,55,0.14552660287934727,0.645850490710952,18274,True,False,True,35.243761599995196
debug_algorithm_double_dqn_statev1_sparse_seed42_20261010_222421_175952_d9725a42,double_dqn,42,v1,sparse,744,19298,20.0,3,25,0.1451632226174304,0.6461134457588196,18299,True,False,True,35.29571479999868
debug_algorithm_double_dqn_statev1_sparse_seed42_20261010_222421_175952_d9725a42,double_dqn,42,v1,sparse,745,19372,70.0,8,74,0.14409292623532322,0.6819958515666626,18373,True,False,True,35.454460000000836
debug_algorithm_double_dqn_statev1_sparse_seed42_20261010_222421_175952_d9725a42,double_dqn,42,v1,sparse,746,19479,70.0,8,107,0.14255927490837575,0.6662968728586892,18480,True,False,True,35.68375559999549
debug_algorithm_double_dqn_statev1_sparse_seed42_20261010_222421_175952_d9725a42,double_dqn,42,v1,sparse,747,19544,70.0,8,65,0.14163559863704042,0.6352499764699202,18545,True,False,True,35.84377390000009
debug_algorithm_double_dqn_statev1_sparse_seed42_20261010_222421_175952_d9725a42,double_dqn,42,v1,sparse,748,19563,0.0,1,19,0.14136673305931374,0.5947217517777493,18564,True,False,True,35.88490230000025
debug_algorithm_double_dqn_statev1_sparse_seed42_20261010_222421_175952_d9725a42,double_dqn,42,v1,sparse,749,19592,10.0,2,29,0.14095734296615958,0.6358564557700321,18593,True,False,True,35.94166939999559
debug_algorithm_double_dqn_statev1_sparse_seed42_20261010_222421_175952_d9725a42,double_dqn,42,v1,sparse,750,19651,50.0,6,59,0.14012810184682353,0.6625031280820652,18652,True,False,True,36.06037110000034
debug_algorithm_double_dqn_statev1_sparse_seed42_20261010_222421_175952_d9725a42,double_dqn,42,v1,sparse,751,19681,40.0,5,30,0.13970832652998993,0.6203541686137517,18682,True,False,True,36.12417850000202
debug_algorithm_double_dqn_statev1_sparse_seed42_20261010_222421_175952_d9725a42,double_dqn,42,v1,sparse,752,19741,70.0,8,60,0.1388725446341758,0.6829581131537755,18742,True,False,True,36.246935700000904
debug_algorithm_double_dqn_statev1_sparse_seed42_20261010_222421_175952_d9725a42,double_dqn,42,v1,sparse,753,19813,60.0,7,72,0.13787620362695974,0.702923136866755,18814,True,False,True,36.41403970000101
debug_algorithm_double_dqn_statev1_sparse_seed42_20261010_222421_175952_d9725a42,double_dqn,42,v1,sparse,754,19857,50.0,6,44,0.13727085081572524,0.6804313219406388,18858,True,False,True,36.4932181999975
debug_algorithm_double_dqn_statev1_sparse_seed42_20261010_222421_175952_d9725a42,double_dqn,42,v1,sparse,755,19895,40.0,5,38,0.13675018543970252,0.723595107072278,18896,True,False,True,36.55841430000146
debug_algorithm_double_dqn_statev1_sparse_seed42_20261010_222421_175952_d9725a42,double_dqn,42,v1,sparse,756,19989,110.0,12,94,0.1354706927582602,0.7183292018289261,18990,True,False,True,36.75380949999817
debug_algorithm_double_dqn_statev1_sparse_seed42_20261010_222421_175952_d9725a42,double_dqn,42,v1,sparse,757,20000,20.0,2,11,0.13532174948275888,0.7439815266565843,19001,False,False,False,36.77803490000224
