run_id,algorithm,seed,state_mode,reward_mode,episode,global_step,episode_return,score,episode_length,epsilon,loss,update_count,terminated,truncated,episode_complete,wall_clock_time
debug_algorithm_dqn_statev1_sparse_seed42_20261010_222236_476674_99040957,dqn,42,v1,sparse,1,1,-10.0,0,1,0.9999,,0,True,False,True,2.59198699999979
debug_algorithm_dqn_statev1_sparse_seed42_20261010_222236_476674_99040957,dqn,42,v1,sparse,2,11,-10.0,0,10,0.9989005498350332,,0,True,False,True,2.5923464999941643
debug_algorithm_dqn_statev1_sparse_seed42_20261010_222236_476674_99040957,dqn,42,v1,sparse,3,12,-10.0,0,1,0.9988006597800497,,0,True,False,True,2.5924619999932474
debug_algorithm_dqn_statev1_sparse_seed42_20261010_222236_476674_99040957,dqn,42,v1,sparse,4,14,-10.0,0,2,0.9986009096361004,,0,True,False,True,2.592568799998844
debug_algorithm_dqn_statev1_sparse_seed42_20261010_222236_476674_99040957,dqn,42,v1,sparse,5,20,-10.0,0,6,0.9980018988604846,,0,True,False,True,2.592999199994665
debug_algorithm_dqn_statev1_sparse_seed42_20261010_222236_476674_99040957,dqn,42,v1,sparse,6,27,-10.0,0,7,0.9973035070767544,,0,True,False,True,2.5931682999944314
debug_algorithm_dqn_statev1_sparse_seed42_20261010_222236_476674_99040957,dqn,42,v1,sparse,7,58,-10.0,0,31,0.9942164991863819,,0,True,False,True,2.5935911999986274
debug_algorithm_dqn_statev1_sparse_seed42_20261010_222236_476674_99040957,dqn,42,v1,sparse,8,76,0.0,1,18,0.9924284298281141,,0,True,False,True,2.5938727999964613
debug_algorithm_dqn_statev1_sparse_seed42_20261010_222236_476674_99040957,dqn,42,v1,sparse,9,93,0.0,1,17,0.9907426505254558,,0,True,False,True,2.5941365999970003
debug_algorithm_dqn_statev1_sparse_seed42_20261010_222236_476674_99040957,dqn,42,v1,sparse,10,108,-10.0,0,15,0.9892575763787981,,0,True,False,True,2.5943351999958395
debug_algorithm_dqn_statev1_sparse_seed42_20261010_222236_476674_99040957,dqn,42,v1,sparse,11,121,-10.0,0,13,0.9879723128675584,,0,True,False,True,2.5961574999964796
debug_algorithm_dqn_statev1_sparse_seed42_20261010_222236_476674_99040957,dqn,42,v1,sparse,12,123,-10.0,0,2,0.987774728284708,,0,True,False,True,2.596283199993195
debug_algorithm_dqn_statev1_sparse_seed42_20261010_222236_476674_99040957,dqn,42,v1,sparse,13,159,20.0,3,36,0.9842249551967749,,0,True,False,True,2.596759199994267
debug_algorithm_dqn_statev1_sparse_seed42_20261010_222236_476674_99040957,dqn,42,v1,sparse,14,160,-10.0,0,1,0.9841265327012553,,0,True,False,True,2.596820699996897
debug_algorithm_dqn_statev1_sparse_seed42_20261010_222236_476674_99040957,dqn,42,v1,sparse,15,167,-10.0,0,7,0.9834378507604954,,0,True,False,True,2.5969465999951353
debug_algorithm_dqn_statev1_sparse_seed42_20261010_222236_476674_99040957,dqn,42,v1,sparse,16,174,-10.0,0,7,0.9827496507524949,,0,True,False,True,2.5970726999948965
debug_algorithm_dqn_statev1_sparse_seed42_20261010_222236_476674_99040957,dqn,42,v1,sparse,17,183,-10.0,0,9,0.9818655297741534,,0,True,False,True,2.597218499999144
debug_algorithm_dqn_statev1_sparse_seed42_20261010_222236_476674_99040957,dqn,42,v1,sparse,18,234,0.0,1,51,0.9768705139349746,,0,True,False,True,2.597825199998624
debug_algorithm_dqn_statev1_sparse_seed42_20261010_222236_476674_99040957,dqn,42,v1,sparse,19,243,-10.0,0,9,0.9759916820637734,,0,True,False,True,2.5979640999939875
debug_algorithm_dqn_statev1_sparse_seed42_20261010_222236_476674_99040957,dqn,42,v1,sparse,20,244,-10.0,0,1,0.975894082895567,,0,True,False,True,2.598020899997209
debug_algorithm_dqn_statev1_sparse_seed42_20261010_222236_476674_99040957,dqn,42,v1,sparse,21,269,-10.0,0,25,0.9734572731272545,,0,True,False,True,2.598637199997029
debug_algorithm_dqn_statev1_sparse_seed42_20261010_222236_476674_99040957,dqn,42,v1,sparse,22,278,-10.0,0,9,0.9725815119443002,,0,True,False,True,2.5989531999948667
debug_algorithm_dqn_statev1_sparse_seed42_20261010_222236_476674_99040957,dqn,42,v1,sparse,23,294,-10.0,0,16,0.971026548078535,,0,True,False,True,2.599185499995656
debug_algorithm_dqn_statev1_sparse_seed42_20261010_222236_476674_99040957,dqn,42,v1,sparse,24,310,-10.0,0,16,0.969474070289869,,0,True,False,True,2.5996741999988444
debug_algorithm_dqn_statev1_sparse_seed42_20261010_222236_476674_99040957,dqn,42,v1,sparse,25,317,-10.0,0,7,0.9687956419962928,,0,True,False,True,2.5999242999969283
debug_algorithm_dqn_statev1_sparse_seed42_20261010_222236_476674_99040957,dqn,42,v1,sparse,26,341,0.0,1,24,0.9664732043716606,,0,True,False,True,2.600326199994015
debug_algorithm_dqn_statev1_sparse_seed42_20261010_222236_476674_99040957,dqn,42,v1,sparse,27,349,-10.0,0,8,0.9657002963665449,,0,True,False,True,2.6004699999975855
debug_algorithm_dqn_statev1_sparse_seed42_20261010_222236_476674_99040957,dqn,42,v1,sparse,28,364,-10.0,0,15,0.9642527594680443,,0,True,False,True,2.601062899993849
debug_algorithm_dqn_statev1_sparse_seed42_20261010_222236_476674_99040957,dqn,42,v1,sparse,29,368,-10.0,0,4,0.9638671162155658,,0,True,False,True,2.601327799995488
debug_algorithm_dqn_statev1_sparse_seed42_20261010_222236_476674_99040957,dqn,42,v1,sparse,30,389,-10.0,0,21,0.9618450181110908,,0,True,False,True,2.601629899996624
debug_algorithm_dqn_statev1_sparse_seed42_20261010_222236_476674_99040957,dqn,42,v1,sparse,31,420,-10.0,0,31,0.9588677668138127,,0,True,False,True,2.60247789999994
debug_algorithm_dqn_statev1_sparse_seed42_20261010_222236_476674_99040957,dqn,42,v1,sparse,32,425,-10.0,0,5,0.9583884288075943,,0,True,False,True,2.60271439999633
debug_algorithm_dqn_statev1_sparse_seed42_20261010_222236_476674_99040957,dqn,42,v1,sparse,33,427,-10.0,0,2,0.9581967607057171,,0,True,False,True,2.6028576999960933
debug_algorithm_dqn_statev1_sparse_seed42_20261010_222236_476674_99040957,dqn,42,v1,sparse,34,442,0.0,1,15,0.9567604712354087,,0,True,False,True,2.6031080999964615
debug_algorithm_dqn_statev1_sparse_seed42_20261010_222236_476674_99040957,dqn,42,v1,sparse,35,446,-10.0,0,4,0.9563778244487159,,0,True,False,True,2.6032060999932582
debug_algorithm_dqn_statev1_sparse_seed42_20261010_222236_476674_99040957,dqn,42,v1,sparse,36,452,-10.0,0,6,0.9558041411915943,,0,True,False,True,2.603469399997266
debug_algorithm_dqn_statev1_sparse_seed42_20261010_222236_476674_99040957,dqn,42,v1,sparse,37,461,-10.0,0,9,0.9549442614737373,,0,True,False,True,2.6036370000001625
debug_algorithm_dqn_statev1_sparse_seed42_20261010_222236_476674_99040957,dqn,42,v1,sparse,38,473,-10.0,0,12,0.953798958413141,,0,True,False,True,2.6038203999996767
debug_algorithm_dqn_statev1_sparse_seed42_20261010_222236_476674_99040957,dqn,42,v1,sparse,39,483,0.0,1,10,0.9528455885498235,,0,True,False,True,2.60411419999582
debug_algorithm_dqn_statev1_sparse_seed42_20261010_222236_476674_99040957,dqn,42,v1,sparse,40,484,-10.0,0,1,0.9527503039909685,,0,True,False,True,2.604191599995829
debug_algorithm_dqn_statev1_sparse_seed42_20261010_222236_476674_99040957,dqn,42,v1,sparse,41,492,-10.0,0,8,0.9519883704645137,,0,True,False,True,2.6045505000001867
debug_algorithm_dqn_statev1_sparse_seed42_20261010_222236_476674_99040957,dqn,42,v1,sparse,42,493,-10.0,0,1,0.9518931716274672,,0,True,False,True,2.604624999999942
debug_algorithm_dqn_statev1_sparse_seed42_20261010_222236_476674_99040957,dqn,42,v1,sparse,43,509,-10.0,0,16,0.9503712842917823,,0,True,False,True,2.604872500000056
debug_algorithm_dqn_statev1_sparse_seed42_20261010_222236_476674_99040957,dqn,42,v1,sparse,44,520,-10.0,0,11,0.9493263984264878,,0,True,False,True,2.605060299996694
debug_algorithm_dqn_statev1_sparse_seed42_20261010_222236_476674_99040957,dqn,42,v1,sparse,45,534,0.0,1,14,0.9479982050102536,,0,True,False,True,2.6053770999933477
debug_algorithm_dqn_statev1_sparse_seed42_20261010_222236_476674_99040957,dqn,42,v1,sparse,46,536,-10.0,0,2,0.9478086148492336,,0,True,False,True,2.6054559999975027
debug_algorithm_dqn_statev1_sparse_seed42_20261010_222236_476674_99040957,dqn,42,v1,sparse,47,559,-10.0,0,23,0.9456310513131457,,0,True,False,True,2.6058010999986436
debug_algorithm_dqn_statev1_sparse_seed42_20261010_222236_476674_99040957,dqn,42,v1,sparse,48,564,-10.0,0,5,0.9451583303411385,,0,True,False,True,2.6059061999985715
debug_algorithm_dqn_statev1_sparse_seed42_20261010_222236_476674_99040957,dqn,42,v1,sparse,49,606,-10.0,0,42,0.9411967923270838,,0,True,False,True,2.606659999997646
debug_algorithm_dqn_statev1_sparse_seed42_20261010_222236_476674_99040957,dqn,42,v1,sparse,50,615,-10.0,0,9,0.940350053965786,,0,True,False,True,2.6070148999933735
debug_algorithm_dqn_statev1_sparse_seed42_20261010_222236_476674_99040957,dqn,42,v1,sparse,51,616,-10.0,0,1,0.9402560189603894,,0,True,False,True,2.607120299995586
debug_algorithm_dqn_statev1_sparse_seed42_20261010_222236_476674_99040957,dqn,42,v1,sparse,52,657,-10.0,0,41,0.9364086693683936,,0,True,False,True,2.6082636999999522
debug_algorithm_dqn_statev1_sparse_seed42_20261010_222236_476674_99040957,dqn,42,v1,sparse,53,671,0.0,1,14,0.935098549022408,,0,True,False,True,2.6086271999956807
debug_algorithm_dqn_statev1_sparse_seed42_20261010_222236_476674_99040957,dqn,42,v1,sparse,54,687,-10.0,0,16,0.9336035129387461,,0,True,False,True,2.6089326000001165
debug_algorithm_dqn_statev1_sparse_seed42_20261010_222236_476674_99040957,dqn,42,v1,sparse,55,691,-10.0,0,4,0.9332301275460472,,0,True,False,True,2.609093599996413
debug_algorithm_dqn_statev1_sparse_seed42_20261010_222236_476674_99040957,dqn,42,v1,sparse,56,694,-10.0,0,3,0.932950186503754,,0,True,False,True,2.60940649999975
debug_algorithm_dqn_statev1_sparse_seed42_20261010_222236_476674_99040957,dqn,42,v1,sparse,57,695,-10.0,0,1,0.9328568914851036,,0,True,False,True,2.609500200000184
debug_algorithm_dqn_statev1_sparse_seed42_20261010_222236_476674_99040957,dqn,42,v1,sparse,58,723,-10.0,0,28,0.9302484153338654,,0,True,False,True,2.610081699996954
debug_algorithm_dqn_statev1_sparse_seed42_20261010_222236_476674_99040957,dqn,42,v1,sparse,59,750,-10.0,0,27,0.9277400070650574,,0,True,False,True,2.6111131999932695
debug_algorithm_dqn_statev1_sparse_seed42_20261010_222236_476674_99040957,dqn,42,v1,sparse,60,756,-10.0,0,6,0.9271835022032661,,0,True,False,True,2.61147159999382
debug_algorithm_dqn_statev1_sparse_seed42_20261010_222236_476674_99040957,dqn,42,v1,sparse,61,766,-10.0,0,10,0.9262567358223963,,0,True,False,True,2.6118654999954742
debug_algorithm_dqn_statev1_sparse_seed42_20261010_222236_476674_99040957,dqn,42,v1,sparse,62,771,-10.0,0,5,0.9257937000708967,,0,True,False,True,2.612100599995756
debug_algorithm_dqn_statev1_sparse_seed42_20261010_222236_476674_99040957,dqn,42,v1,sparse,63,774,-10.0,0,3,0.9255159897337607,,0,True,False,True,2.6122046999953454
debug_algorithm_dqn_statev1_sparse_seed42_20261010_222236_476674_99040957,dqn,42,v1,sparse,64,811,-10.0,0,37,0.9220977373230873,,0,True,False,True,2.6128962999937357
debug_algorithm_dqn_statev1_sparse_seed42_20261010_222236_476674_99040957,dqn,42,v1,sparse,65,818,-10.0,0,7,0.9214524625152158,,0,True,False,True,2.61304669999663
debug_algorithm_dqn_statev1_sparse_seed42_20261010_222236_476674_99040957,dqn,42,v1,sparse,66,822,-10.0,0,4,0.9210839368136717,,0,True,False,True,2.613147599993681
debug_algorithm_dqn_statev1_sparse_seed42_20261010_222236_476674_99040957,dqn,42,v1,sparse,67,858,-10.0,0,36,0.9177738308988277,,0,True,False,True,2.6141075999985333
debug_algorithm_dqn_statev1_sparse_seed42_20261010_222236_476674_99040957,dqn,42,v1,sparse,68,861,-10.0,0,3,0.9174985262818552,,0,True,False,True,2.6143477999939932
debug_algorithm_dqn_statev1_sparse_seed42_20261010_222236_476674_99040957,dqn,42,v1,sparse,69,876,-10.0,0,15,0.9161232414485486,,0,True,False,True,2.6147684999959893
debug_algorithm_dqn_statev1_sparse_seed42_20261010_222236_476674_99040957,dqn,42,v1,sparse,70,918,-10.0,0,42,0.9122834011487255,,0,True,False,True,2.6158485999985714
debug_algorithm_dqn_statev1_sparse_seed42_20261010_222236_476674_99040957,dqn,42,v1,sparse,71,921,-10.0,0,3,0.9120097434959706,,0,True,False,True,2.616016399995715
debug_algorithm_dqn_statev1_sparse_seed42_20261010_222236_476674_99040957,dqn,42,v1,sparse,72,932,-10.0,0,11,0.9110070342330328,,0,True,False,True,2.616356699996686
debug_algorithm_dqn_statev1_sparse_seed42_20261010_222236_476674_99040957,dqn,42,v1,sparse,73,944,-10.0,0,12,0.9099144268562193,,0,True,False,True,2.6167349999959697
debug_algorithm_dqn_statev1_sparse_seed42_20261010_222236_476674_99040957,dqn,42,v1,sparse,74,954,-10.0,0,10,0.9090049217816846,,0,True,False,True,2.617134999993141
debug_algorithm_dqn_statev1_sparse_seed42_20261010_222236_476674_99040957,dqn,42,v1,sparse,75,957,-10.0,0,3,0.9087322475743888,,0,True,False,True,2.6173538000002736
debug_algorithm_dqn_statev1_sparse_seed42_20261010_222236_476674_99040957,dqn,42,v1,sparse,76,982,-10.0,0,25,0.9064631410632606,,0,True,False,True,2.6182079999998678
debug_algorithm_dqn_statev1_sparse_seed42_20261010_222236_476674_99040957,dqn,42,v1,sparse,77,995,10.0,2,13,0.9052854457619449,,0,True,False,True,2.61869929999375
debug_algorithm_dqn_statev1_sparse_seed42_20261010_222236_476674_99040957,dqn,42,v1,sparse,78,1014,-10.0,0,19,0.9035669505762389,0.8119151035944621,15,True,False,True,2.6478680999935023
debug_algorithm_dqn_statev1_sparse_seed42_20261010_222236_476674_99040957,dqn,42,v1,sparse,79,1017,-10.0,0,3,0.903295907597171,0.7838194966316223,18,True,False,True,2.652539999995497
debug_algorithm_dqn_statev1_sparse_seed42_20261010_222236_476674_99040957,dqn,42,v1,sparse,80,1035,-10.0,0,18,0.9016713562694217,0.805126833419005,36,True,False,True,2.6795547000001534
debug_algorithm_dqn_statev1_sparse_seed42_20261010_222236_476674_99040957,dqn,42,v1,sparse,81,1045,-10.0,0,10,0.9007700905570811,0.733817633986473,46,True,False,True,2.694291899999371
debug_algorithm_dqn_statev1_sparse_seed42_20261010_222236_476674_99040957,dqn,42,v1,sparse,82,1053,-10.0,0,8,0.9000497266498242,0.7325643710792065,54,True,False,True,2.708073699999659
debug_algorithm_dqn_statev1_sparse_seed42_20261010_222236_476674_99040957,dqn,42,v1,sparse,83,1060,-10.0,0,7,0.8994198808201134,0.6835744423525674,61,True,False,True,2.7195063999970444
debug_algorithm_dqn_statev1_sparse_seed42_20261010_222236_476674_99040957,dqn,42,v1,sparse,84,1069,-10.0,0,9,0.8986107266429926,0.7614318430423737,70,True,False,True,2.734112499994808
debug_algorithm_dqn_statev1_sparse_seed42_20261010_222236_476674_99040957,dqn,42,v1,sparse,85,1103,0.0,1,34,0.8955604860054617,0.6639421678641263,104,True,False,True,2.8082730999958585
debug_algorithm_dqn_statev1_sparse_seed42_20261010_222236_476674_99040957,dqn,42,v1,sparse,86,1127,-10.0,0,24,0.893413610774327,0.3011957844719291,128,True,False,True,2.8530988999991678
debug_algorithm_dqn_statev1_sparse_seed42_20261010_222236_476674_99040957,dqn,42,v1,sparse,87,1130,-10.0,0,3,0.8931456134926097,0.1935258482893308,131,True,False,True,2.857800899997528
debug_algorithm_dqn_statev1_sparse_seed42_20261010_222236_476674_99040957,dqn,42,v1,sparse,88,1158,-10.0,0,28,0.8906481789411322,0.19466107844242028,159,True,False,True,2.9040020999964327
debug_algorithm_dqn_statev1_sparse_seed42_20261010_222236_476674_99040957,dqn,42,v1,sparse,89,1185,-10.0,0,27,0.8882465524295161,0.1365658379401322,186,True,False,True,2.94956639999873
debug_algorithm_dqn_statev1_sparse_seed42_20261010_222236_476674_99040957,dqn,42,v1,sparse,90,1212,-10.0,0,27,0.8858514018867927,0.13716653042852325,213,True,False,True,2.9950675000000047
debug_algorithm_dqn_statev1_sparse_seed42_20261010_222236_476674_99040957,dqn,42,v1,sparse,91,1219,-10.0,0,7,0.8852314919032646,0.08879590014527951,220,True,False,True,3.005586100000073
debug_algorithm_dqn_statev1_sparse_seed42_20261010_222236_476674_99040957,dqn,42,v1,sparse,92,1234,0.0,1,15,0.8839045737558167,0.1300442671092848,235,True,False,True,3.026291799993487
debug_algorithm_dqn_statev1_sparse_seed42_20261010_222236_476674_99040957,dqn,42,v1,sparse,93,1235,-10.0,0,1,0.8838161832984411,0.14960463345050812,236,True,False,True,3.028366399994411
debug_algorithm_dqn_statev1_sparse_seed42_20261010_222236_476674_99040957,dqn,42,v1,sparse,94,1263,-10.0,0,28,0.8813448359168053,0.09855404418028359,264,True,False,True,3.0762386999995215
debug_algorithm_dqn_statev1_sparse_seed42_20261010_222236_476674_99040957,dqn,42,v1,sparse,95,1275,-10.0,0,12,0.8802878036074449,0.14799835385444263,276,True,False,True,3.0961583999960567
debug_algorithm_dqn_statev1_sparse_seed42_20261010_222236_476674_99040957,dqn,42,v1,sparse,96,1286,-10.0,0,11,0.8793199710365504,0.08545970751649955,287,True,False,True,3.1156605999931344
debug_algorithm_dqn_statev1_sparse_seed42_20261010_222236_476674_99040957,dqn,42,v1,sparse,97,1293,-10.0,0,7,0.8787046316832456,0.1115193738868194,294,True,False,True,3.1273801999996067
debug_algorithm_dqn_statev1_sparse_seed42_20261010_222236_476674_99040957,dqn,42,v1,sparse,98,1315,-10.0,0,22,0.8767735099486794,0.09061375821263275,316,True,False,True,3.1725681999960216
debug_algorithm_dqn_statev1_sparse_seed42_20261010_222236_476674_99040957,dqn,42,v1,sparse,99,1319,-10.0,0,4,0.8764228531476036,0.1878257319331169,320,True,False,True,3.182050999996136
debug_algorithm_dqn_statev1_sparse_seed42_20261010_222236_476674_99040957,dqn,42,v1,sparse,100,1323,-10.0,0,4,0.8760723365882102,0.14914546633372083,324,True,False,True,3.188930899996194
debug_algorithm_dqn_statev1_sparse_seed42_20261010_222236_476674_99040957,dqn,42,v1,sparse,101,1328,-10.0,0,5,0.8756343880183893,0.14556965427473187,329,True,False,True,3.212308199996187
debug_algorithm_dqn_statev1_sparse_seed42_20261010_222236_476674_99040957,dqn,42,v1,sparse,102,1330,-10.0,0,2,0.8754592698971296,0.15298515651375055,331,True,False,True,3.215955399995437
debug_algorithm_dqn_statev1_sparse_seed42_20261010_222236_476674_99040957,dqn,42,v1,sparse,103,1340,-10.0,0,10,0.8745842044788674,0.06252398814540357,341,True,False,True,3.2317927999974927
debug_algorithm_dqn_statev1_sparse_seed42_20261010_222236_476674_99040957,dqn,42,v1,sparse,104,1342,-10.0,0,2,0.8744092963838137,0.14807598292827606,343,True,False,True,3.234924799995497
debug_algorithm_dqn_statev1_sparse_seed42_20261010_222236_476674_99040957,dqn,42,v1,sparse,105,1343,-10.0,0,1,0.8743218554541753,0.012241283431649208,344,True,False,True,3.2365091999963624
debug_algorithm_dqn_statev1_sparse_seed42_20261010_222236_476674_99040957,dqn,42,v1,sparse,106,1361,-10.0,0,18,0.8727494131136175,0.10095570079930541,362,True,False,True,3.2667055999991135
debug_algorithm_dqn_statev1_sparse_seed42_20261010_222236_476674_99040957,dqn,42,v1,sparse,107,1377,0.0,1,16,0.8713540608633507,0.07595811870851321,378,True,False,True,3.292886399998679
debug_algorithm_dqn_statev1_sparse_seed42_20261010_222236_476674_99040957,dqn,42,v1,sparse,108,1396,-10.0,0,19,0.8696999773191502,0.07088567584900088,397,True,False,True,3.3244492999947397
debug_algorithm_dqn_statev1_sparse_seed42_20261010_222236_476674_99040957,dqn,42,v1,sparse,109,1405,-10.0,0,9,0.8689175603585111,0.17960325168031785,406,True,False,True,3.3419083999979193
debug_algorithm_dqn_statev1_sparse_seed42_20261010_222236_476674_99040957,dqn,42,v1,sparse,110,1414,-10.0,0,9,0.8681358472915321,0.11489261174574494,415,True,False,True,3.3577357999965898
debug_algorithm_dqn_statev1_sparse_seed42_20261010_222236_476674_99040957,dqn,42,v1,sparse,111,1415,-10.0,0,1,0.868049033706803,0.1539735496044159,416,True,False,True,3.3597655999983544
debug_algorithm_dqn_statev1_sparse_seed42_20261010_222236_476674_99040957,dqn,42,v1,sparse,112,1429,-10.0,0,14,0.8668345546683512,0.12803989349465286,430,True,False,True,3.3831651999935275
debug_algorithm_dqn_statev1_sparse_seed42_20261010_222236_476674_99040957,dqn,42,v1,sparse,113,1458,-10.0,0,29,0.8643242506427495,0.12000316019362674,459,True,False,True,3.42947219999769
debug_algorithm_dqn_statev1_sparse_seed42_20261010_222236_476674_99040957,dqn,42,v1,sparse,114,1541,-10.0,0,83,0.8571796930602676,0.07902484628125038,542,True,False,True,3.5682496999943396
debug_algorithm_dqn_statev1_sparse_seed42_20261010_222236_476674_99040957,dqn,42,v1,sparse,115,1544,-10.0,0,3,0.8569225648668832,0.05000266727680961,545,True,False,True,3.574820699999691
debug_algorithm_dqn_statev1_sparse_seed42_20261010_222236_476674_99040957,dqn,42,v1,sparse,116,1570,-10.0,0,26,0.854697348969847,0.12523780485543495,571,True,False,True,3.624689699994633
debug_algorithm_dqn_statev1_sparse_seed42_20261010_222236_476674_99040957,dqn,42,v1,sparse,117,1573,-10.0,0,3,0.8544409654052217,0.005548215315987666,574,True,False,True,3.6290813999949023
debug_algorithm_dqn_statev1_sparse_seed42_20261010_222236_476674_99040957,dqn,42,v1,sparse,118,1589,-10.0,0,16,0.8530748847114006,0.08643220651720185,590,True,False,True,3.657046899999841
debug_algorithm_dqn_statev1_sparse_seed42_20261010_222236_476674_99040957,dqn,42,v1,sparse,119,1593,-10.0,0,4,0.852733705938597,0.1488378793001175,594,True,False,True,3.664251399997738
debug_algorithm_dqn_statev1_sparse_seed42_20261010_222236_476674_99040957,dqn,42,v1,sparse,120,1594,-10.0,0,1,0.8526484325680032,0.0036379059311002493,595,True,False,True,3.667861099995207
debug_algorithm_dqn_statev1_sparse_seed42_20261010_222236_476674_99040957,dqn,42,v1,sparse,121,1618,-10.0,0,24,0.8506044279146594,0.06944523373385891,619,True,False,True,3.7069761999955517
debug_algorithm_dqn_statev1_sparse_seed42_20261010_222236_476674_99040957,dqn,42,v1,sparse,122,1622,-10.0,0,4,0.850264237176357,0.11039668769808486,623,True,False,True,3.714138699993782
debug_algorithm_dqn_statev1_sparse_seed42_20261010_222236_476674_99040957,dqn,42,v1,sparse,123,1626,-10.0,0,4,0.8499241824939398,0.11086172261275351,627,True,False,True,3.7213495999967563
debug_algorithm_dqn_statev1_sparse_seed42_20261010_222236_476674_99040957,dqn,42,v1,sparse,124,1630,-10.0,0,4,0.8495842638129936,0.03948546544415876,631,True,False,True,3.72835479999776
debug_algorithm_dqn_statev1_sparse_seed42_20261010_222236_476674_99040957,dqn,42,v1,sparse,125,1635,0.0,1,5,0.849159556631018,0.08986250385642051,636,True,False,True,3.737410899993847
debug_algorithm_dqn_statev1_sparse_seed42_20261010_222236_476674_99040957,dqn,42,v1,sparse,126,1640,-10.0,0,5,0.8487350617601672,0.11767351375892758,641,True,False,True,3.745835599998827
debug_algorithm_dqn_statev1_sparse_seed42_20261010_222236_476674_99040957,dqn,42,v1,sparse,127,1643,-10.0,0,3,0.8484804667028423,0.050108945734488465,644,True,False,True,3.751828899999964
debug_algorithm_dqn_statev1_sparse_seed42_20261010_222236_476674_99040957,dqn,42,v1,sparse,128,1659,-10.0,0,16,0.8471239156576834,0.12123180706839776,660,True,False,True,3.7809549999947194
debug_algorithm_dqn_statev1_sparse_seed42_20261010_222236_476674_99040957,dqn,42,v1,sparse,129,1688,0.0,1,29,0.8446706925319939,0.0917926776776861,689,True,False,True,3.823740599997109
debug_algorithm_dqn_statev1_sparse_seed42_20261010_222236_476674_99040957,dqn,42,v1,sparse,130,1699,-10.0,0,11,0.843742019199747,0.06708983563161879,700,True,False,True,3.84131509999861
debug_algorithm_dqn_statev1_sparse_seed42_20261010_222236_476674_99040957,dqn,42,v1,sparse,131,1716,-10.0,0,17,0.84230880468271,0.0869650401873514,717,True,False,True,3.867559899998014
debug_algorithm_dqn_statev1_sparse_seed42_20261010_222236_476674_99040957,dqn,42,v1,sparse,132,1757,0.0,1,41,0.8388622365452214,0.10831753933154864,758,True,False,True,3.9268217999997432
debug_algorithm_dqn_statev1_sparse_seed42_20261010_222236_476674_99040957,dqn,42,v1,sparse,133,1792,-10.0,0,35,0.8359312044616571,0.10970982881262899,793,True,False,True,3.9837879999977304
debug_algorithm_dqn_statev1_sparse_seed42_20261010_222236_476674_99040957,dqn,42,v1,sparse,134,1826,-10.0,0,34,0.8330937229422068,0.06783368006033604,827,True,False,True,4.0347630999967805
debug_algorithm_dqn_statev1_sparse_seed42_20261010_222236_476674_99040957,dqn,42,v1,sparse,135,1872,-10.0,0,46,0.8292701017039262,0.11322563457677302,873,True,False,True,4.111731299999519
debug_algorithm_dqn_statev1_sparse_seed42_20261010_222236_476674_99040957,dqn,42,v1,sparse,136,1906,0.0,1,34,0.8264552306048949,0.09275246433817837,907,True,False,True,4.165007299998251
debug_algorithm_dqn_statev1_sparse_seed42_20261010_222236_476674_99040957,dqn,42,v1,sparse,137,1914,-10.0,0,8,0.8257942977816,0.057989084933069535,915,True,False,True,4.1771402999947895
debug_algorithm_dqn_statev1_sparse_seed42_20261010_222236_476674_99040957,dqn,42,v1,sparse,138,1918,-10.0,0,4,0.8254640296068421,0.07498997345101088,919,True,False,True,4.183466299997235
debug_algorithm_dqn_statev1_sparse_seed42_20261010_222236_476674_99040957,dqn,42,v1,sparse,139,1963,0.0,1,45,0.8217576018664593,0.10007435116244273,964,True,False,True,4.262353299993265
debug_algorithm_dqn_statev1_sparse_seed42_20261010_222236_476674_99040957,dqn,42,v1,sparse,140,1970,-10.0,0,7,0.8211825440854905,0.08535920971605394,971,True,False,True,4.275041599998076
debug_algorithm_dqn_statev1_sparse_seed42_20261010_222236_476674_99040957,dqn,42,v1,sparse,141,1981,0.0,1,11,0.8202796948019279,0.12125213968101889,982,True,False,True,4.291862999998557
debug_algorithm_dqn_statev1_sparse_seed42_20261010_222236_476674_99040957,dqn,42,v1,sparse,142,2009,-10.0,0,28,0.8179860096281714,0.11927190137794241,1010,True,False,True,4.339855499994883
debug_algorithm_dqn_statev1_sparse_seed42_20261010_222236_476674_99040957,dqn,42,v1,sparse,143,2030,-10.0,0,21,0.8162699556911407,0.10710297557081849,1031,True,False,True,4.375121999997646
debug_algorithm_dqn_statev1_sparse_seed42_20261010_222236_476674_99040957,dqn,42,v1,sparse,144,2037,-10.0,0,7,0.8156987381102812,0.10503616210605417,1038,True,False,True,4.386677499998768
debug_algorithm_dqn_statev1_sparse_seed42_20261010_222236_476674_99040957,dqn,42,v1,sparse,145,2051,0.0,1,14,0.8145575018659459,0.06477614691747087,1052,True,False,True,4.407936799994786
debug_algorithm_dqn_statev1_sparse_seed42_20261010_222236_476674_99040957,dqn,42,v1,sparse,146,2053,-10.0,0,2,0.8143945985111477,0.002793789259158075,1054,True,False,True,4.41181329999381
debug_algorithm_dqn_statev1_sparse_seed42_20261010_222236_476674_99040957,dqn,42,v1,sparse,147,2069,-10.0,0,16,0.8130925439711356,0.12062934128334746,1070,True,False,True,4.437112399995385
debug_algorithm_dqn_statev1_sparse_seed42_20261010_222236_476674_99040957,dqn,42,v1,sparse,148,2073,0.0,1,4,0.8127673557358475,0.07681331830099225,1074,True,False,True,4.443511199999193
debug_algorithm_dqn_statev1_sparse_seed42_20261010_222236_476674_99040957,dqn,42,v1,sparse,149,2074,-10.0,0,1,0.8126860790002739,0.016741788014769554,1075,True,False,True,4.44512389999727
debug_algorithm_dqn_statev1_sparse_seed42_20261010_222236_476674_99040957,dqn,42,v1,sparse,150,2081,-10.0,0,7,0.8121173693806092,0.1502569555970175,1082,True,False,True,4.455547300000035
debug_algorithm_dqn_statev1_sparse_seed42_20261010_222236_476674_99040957,dqn,42,v1,sparse,151,2112,-10.0,0,31,0.8096035782333834,0.1036301354667352,1113,True,False,True,4.504489099999773
debug_algorithm_dqn_statev1_sparse_seed42_20261010_222236_476674_99040957,dqn,42,v1,sparse,152,2118,-10.0,0,6,0.8091179375107892,0.10231783128498743,1119,True,False,True,4.515477299995837
debug_algorithm_dqn_statev1_sparse_seed42_20261010_222236_476674_99040957,dqn,42,v1,sparse,153,2121,-10.0,0,3,0.808875226402265,0.14609341338897744,1122,True,False,True,4.520920099996147
debug_algorithm_dqn_statev1_sparse_seed42_20261010_222236_476674_99040957,dqn,42,v1,sparse,154,2131,-10.0,0,10,0.8080667150726665,0.07709252054337412,1132,True,False,True,4.536695299997518
debug_algorithm_dqn_statev1_sparse_seed42_20261010_222236_476674_99040957,dqn,42,v1,sparse,155,2147,-10.0,0,16,0.8067747775562383,0.13189159461762756,1148,True,False,True,4.565837299996929
debug_algorithm_dqn_statev1_sparse_seed42_20261010_222236_476674_99040957,dqn,42,v1,sparse,156,2149,-10.0,0,2,0.8066134306684748,0.14777148538269103,1150,True,False,True,4.57182169999578
debug_algorithm_dqn_statev1_sparse_seed42_20261010_222236_476674_99040957,dqn,42,v1,sparse,157,2160,-10.0,0,11,0.8057265993990619,0.10970168306746265,1161,True,False,True,4.592309799998475
debug_algorithm_dqn_statev1_sparse_seed42_20261010_222236_476674_99040957,dqn,42,v1,sparse,158,2175,-10.0,0,15,0.8045188551463972,0.11065921243280172,1176,True,False,True,4.61854769999627
debug_algorithm_dqn_statev1_sparse_seed42_20261010_222236_476674_99040957,dqn,42,v1,sparse,159,2176,-10.0,0,1,0.8044384032608826,0.004838107619434595,1177,True,False,True,4.620214599999599
debug_algorithm_dqn_statev1_sparse_seed42_20261010_222236_476674_99040957,dqn,42,v1,sparse,160,2178,-10.0,0,2,0.8042775236246144,0.21632497757673264,1179,True,False,True,4.623324099993624
debug_algorithm_dqn_statev1_sparse_seed42_20261010_222236_476674_99040957,dqn,42,v1,sparse,161,2190,-10.0,0,12,0.8033129212425293,0.08761237348274638,1191,True,False,True,4.6441825999936555
debug_algorithm_dqn_statev1_sparse_seed42_20261010_222236_476674_99040957,dqn,42,v1,sparse,162,2210,0.0,1,20,0.801707820779207,0.14843230487313122,1211,True,False,True,4.678309799994167
debug_algorithm_dqn_statev1_sparse_seed42_20261010_222236_476674_99040957,dqn,42,v1,sparse,163,2246,-10.0,0,36,0.7988267176641988,0.11403703158591977,1247,True,False,True,4.739846599994053
debug_algorithm_dqn_statev1_sparse_seed42_20261010_222236_476674_99040957,dqn,42,v1,sparse,164,2274,-10.0,0,28,0.7965930198044103,0.11133004031476698,1275,True,False,True,4.791708999997354
debug_algorithm_dqn_statev1_sparse_seed42_20261010_222236_476674_99040957,dqn,42,v1,sparse,165,2275,-10.0,0,1,0.7965133605024299,0.007579704746603966,1276,True,False,True,4.793399399997725
debug_algorithm_dqn_statev1_sparse_seed42_20261010_222236_476674_99040957,dqn,42,v1,sparse,166,2288,-10.0,0,13,0.7954785141864521,0.08241551698973545,1289,True,False,True,4.814451499994902
debug_algorithm_dqn_statev1_sparse_seed42_20261010_222236_476674_99040957,dqn,42,v1,sparse,167,2307,-10.0,0,19,0.7939684645072469,0.15231006800834285,1308,True,False,True,4.845231799998146
debug_algorithm_dqn_statev1_sparse_seed42_20261010_222236_476674_99040957,dqn,42,v1,sparse,168,2319,-10.0,0,12,0.793016226194391,0.08948450124201675,1320,True,False,True,4.86392909999995
debug_algorithm_dqn_statev1_sparse_seed42_20261010_222236_476674_99040957,dqn,42,v1,sparse,169,2325,-10.0,0,6,0.7925405353952494,0.09727995586581528,1326,True,False,True,4.872952199999418
debug_algorithm_dqn_statev1_sparse_seed42_20261010_222236_476674_99040957,dqn,42,v1,sparse,170,2333,-10.0,0,8,0.7919067248339065,0.05994755294523202,1334,True,False,True,4.884308999993664
debug_algorithm_dqn_statev1_sparse_seed42_20261010_222236_476674_99040957,dqn,42,v1,sparse,171,2340,-10.0,0,7,0.791352556399221,0.0657776013415839,1341,True,False,True,4.895903099997668
debug_algorithm_dqn_statev1_sparse_seed42_20261010_222236_476674_99040957,dqn,42,v1,sparse,172,2360,-10.0,0,20,0.7897713539545212,0.0971228941110894,1361,True,False,True,4.929709699994419
debug_algorithm_dqn_statev1_sparse_seed42_20261010_222236_476674_99040957,dqn,42,v1,sparse,173,2364,-10.0,0,4,0.7894554927960618,0.17844925384270027,1365,True,False,True,4.935087099998782
debug_algorithm_dqn_statev1_sparse_seed42_20261010_222236_476674_99040957,dqn,42,v1,sparse,174,2383,0.0,1,19,0.7879568765639657,0.08742725162913925,1384,True,False,True,4.960812499994063
debug_algorithm_dqn_statev1_sparse_seed42_20261010_222236_476674_99040957,dqn,42,v1,sparse,175,2391,-10.0,0,8,0.7873267316465199,0.14531374460784718,1392,True,False,True,4.972513299995626
debug_algorithm_dqn_statev1_sparse_seed42_20261010_222236_476674_99040957,dqn,42,v1,sparse,176,2420,-10.0,0,29,0.785046677796253,0.08361650683017897,1421,True,False,True,5.015544399997452
debug_algorithm_dqn_statev1_sparse_seed42_20261010_222236_476674_99040957,dqn,42,v1,sparse,177,2484,-10.0,0,64,0.7800381729410172,0.10742835295604891,1485,True,False,True,5.126927399993292
debug_algorithm_dqn_statev1_sparse_seed42_20261010_222236_476674_99040957,dqn,42,v1,sparse,178,2487,-10.0,0,3,0.7798041848895001,0.14669316510359445,1488,True,False,True,5.1322715999995125
debug_algorithm_dqn_statev1_sparse_seed42_20261010_222236_476674_99040957,dqn,42,v1,sparse,179,2506,0.0,1,19,0.7783238896480383,0.08821604827320889,1507,True,False,True,5.162063499999931
debug_algorithm_dqn_statev1_sparse_seed42_20261010_222236_476674_99040957,dqn,42,v1,sparse,180,2514,-10.0,0,8,0.7777014484234283,0.14736683916999027,1515,True,False,True,5.174618899996858
debug_algorithm_dqn_statev1_sparse_seed42_20261010_222236_476674_99040957,dqn,42,v1,sparse,181,2548,10.0,2,34,0.7750616217537537,0.10985335141680587,1549,True,False,True,5.243194999995467
debug_algorithm_dqn_statev1_sparse_seed42_20261010_222236_476674_99040957,dqn,42,v1,sparse,182,2571,-10.0,0,23,0.7732809395576752,0.09843481263226789,1572,True,False,True,5.284955999995873
debug_algorithm_dqn_statev1_sparse_seed42_20261010_222236_476674_99040957,dqn,42,v1,sparse,183,2585,-10.0,0,14,0.7721990496465526,0.0470225284391615,1586,True,False,True,5.3098447999946075
debug_algorithm_dqn_statev1_sparse_seed42_20261010_222236_476674_99040957,dqn,42,v1,sparse,184,2620,-10.0,0,35,0.7695009425071333,0.16453497494970049,1621,True,False,True,5.380950899998425
debug_algorithm_dqn_statev1_sparse_seed42_20261010_222236_476674_99040957,dqn,42,v1,sparse,185,2636,-10.0,0,16,0.7682706639694725,0.09335103222110774,1637,True,False,True,5.415018699997745
debug_algorithm_dqn_statev1_sparse_seed42_20261010_222236_476674_99040957,dqn,42,v1,sparse,186,2641,0.0,1,5,0.767886605456872,0.19896557759493588,1642,True,False,True,5.424646299994492
debug_algorithm_dqn_statev1_sparse_seed42_20261010_222236_476674_99040957,dqn,42,v1,sparse,187,2662,-10.0,0,21,0.7662756551264543,0.09404743511584543,1663,True,False,True,5.461648799995601
debug_algorithm_dqn_statev1_sparse_seed42_20261010_222236_476674_99040957,dqn,42,v1,sparse,188,2669,-10.0,0,7,0.7657394230589364,0.08624754347173232,1670,True,False,True,5.47504559999652
debug_algorithm_dqn_statev1_sparse_seed42_20261010_222236_476674_99040957,dqn,42,v1,sparse,189,2679,10.0,2,10,0.7649740281267453,0.16397121660411357,1680,True,False,True,5.49291429999721
debug_algorithm_dqn_statev1_sparse_seed42_20261010_222236_476674_99040957,dqn,42,v1,sparse,190,2692,-10.0,0,13,0.7639801583511947,0.10242481662247044,1693,True,False,True,5.51940079999622
debug_algorithm_dqn_statev1_sparse_seed42_20261010_222236_476674_99040957,dqn,42,v1,sparse,191,2712,-10.0,0,20,0.7624536487262261,0.10403410829603672,1713,True,False,True,5.551996999995026
debug_algorithm_dqn_statev1_sparse_seed42_20261010_222236_476674_99040957,dqn,42,v1,sparse,192,2751,0.0,1,39,0.7594857223159339,0.10665123779266977,1752,True,False,True,5.61641999999847
debug_algorithm_dqn_statev1_sparse_seed42_20261010_222236_476674_99040957,dqn,42,v1,sparse,193,2754,-10.0,0,3,0.7592578993830513,0.19559318805113435,1755,True,False,True,5.621413899993058
debug_algorithm_dqn_statev1_sparse_seed42_20261010_222236_476674_99040957,dqn,42,v1,sparse,194,2776,10.0,2,22,0.7575892847214543,0.09042860713618045,1777,True,False,True,5.656664599999203
debug_algorithm_dqn_statev1_sparse_seed42_20261010_222236_476674_99040957,dqn,42,v1,sparse,195,2790,0.0,1,14,0.7565293488534068,0.18763055126847966,1791,True,False,True,5.681162899993069
debug_algorithm_dqn_statev1_sparse_seed42_20261010_222236_476674_99040957,dqn,42,v1,sparse,196,2853,-10.0,0,63,0.7517779589762875,0.12384169871756245,1854,True,False,True,5.781852999993134
debug_algorithm_dqn_statev1_sparse_seed42_20261010_222236_476674_99040957,dqn,42,v1,sparse,197,2870,0.0,1,17,0.7505009583530222,0.1413985243998468,1871,True,False,True,5.806678599998122
debug_algorithm_dqn_statev1_sparse_seed42_20261010_222236_476674_99040957,dqn,42,v1,sparse,198,2890,10.0,2,20,0.7490013815329295,0.11884348532184959,1891,True,False,True,5.843327399998088
debug_algorithm_dqn_statev1_sparse_seed42_20261010_222236_476674_99040957,dqn,42,v1,sparse,199,2902,-10.0,0,12,0.7481030740512588,0.15051857622650763,1903,True,False,True,5.862774999994144
debug_algorithm_dqn_statev1_sparse_seed42_20261010_222236_476674_99040957,dqn,42,v1,sparse,200,2911,-10.0,0,9,0.7474300505388882,0.11973600700083706,1912,True,False,True,5.87839779999922
debug_algorithm_dqn_statev1_sparse_seed42_20261010_222236_476674_99040957,dqn,42,v1,sparse,201,2930,0.0,1,19,0.7460112108242809,0.15498514890082574,1931,True,False,True,5.921955699996033
debug_algorithm_dqn_statev1_sparse_seed42_20261010_222236_476674_99040957,dqn,42,v1,sparse,202,3002,20.0,3,72,0.7406589537374308,0.14945425734105003,2003,True,False,True,6.039640499999223
debug_algorithm_dqn_statev1_sparse_seed42_20261010_222236_476674_99040957,dqn,42,v1,sparse,203,3037,-10.0,0,35,0.7380710494763875,0.14503361412457058,2038,True,False,True,6.102349299995694
debug_algorithm_dqn_statev1_sparse_seed42_20261010_222236_476674_99040957,dqn,42,v1,sparse,204,3045,-10.0,0,8,0.7374807992553735,0.10294189053820446,2046,True,False,True,6.116336199993384
debug_algorithm_dqn_statev1_sparse_seed42_20261010_222236_476674_99040957,dqn,42,v1,sparse,205,3055,-10.0,0,10,0.7367436502339956,0.11023600227199495,2056,True,False,True,6.13737069999479
debug_algorithm_dqn_statev1_sparse_seed42_20261010_222236_476674_99040957,dqn,42,v1,sparse,206,3063,-10.0,0,8,0.736154461560778,0.13470933394273743,2064,True,False,True,6.150572499995178
debug_algorithm_dqn_statev1_sparse_seed42_20261010_222236_476674_99040957,dqn,42,v1,sparse,207,3083,-10.0,0,20,0.7346835504922743,0.145934857823886,2084,True,False,True,6.189538299993728
debug_algorithm_dqn_statev1_sparse_seed42_20261010_222236_476674_99040957,dqn,42,v1,sparse,208,3121,0.0,1,38,0.7318969116333933,0.13044168423910282,2122,True,False,True,6.257552299997769
debug_algorithm_dqn_statev1_sparse_seed42_20261010_222236_476674_99040957,dqn,42,v1,sparse,209,3145,0.0,1,24,0.7301423776003675,0.1412639251211658,2146,True,False,True,6.303766999997606
debug_algorithm_dqn_statev1_sparse_seed42_20261010_222236_476674_99040957,dqn,42,v1,sparse,210,3150,10.0,2,5,0.729777379418504,0.07255038693547249,2151,True,False,True,6.313186999999743
debug_algorithm_dqn_statev1_sparse_seed42_20261010_222236_476674_99040957,dqn,42,v1,sparse,211,3190,-10.0,0,40,0.7268639549608542,0.17253036234760658,2191,True,False,True,6.390182099996309
debug_algorithm_dqn_statev1_sparse_seed42_20261010_222236_476674_99040957,dqn,42,v1,sparse,212,3207,-10.0,0,17,0.725629274278305,0.09759272015927468,2208,True,False,True,6.4210063999998965
debug_algorithm_dqn_statev1_sparse_seed42_20261010_222236_476674_99040957,dqn,42,v1,sparse,213,3226,-10.0,0,19,0.7242518187803821,0.11141543551103066,2227,True,False,True,6.452356899993902
debug_algorithm_dqn_statev1_sparse_seed42_20261010_222236_476674_99040957,dqn,42,v1,sparse,214,3250,-10.0,0,24,0.7225156118852127,0.1316567282192409,2251,True,False,True,6.492550599999959
debug_algorithm_dqn_statev1_sparse_seed42_20261010_222236_476674_99040957,dqn,42,v1,sparse,215,3251,-10.0,0,1,0.7224433603240242,0.14837530255317688,2252,True,False,True,6.49430599999323
debug_algorithm_dqn_statev1_sparse_seed42_20261010_222236_476674_99040957,dqn,42,v1,sparse,216,3252,-10.0,0,1,0.7223711159879919,0.1556476354598999,2253,True,False,True,6.49614229999861
debug_algorithm_dqn_statev1_sparse_seed42_20261010_222236_476674_99040957,dqn,42,v1,sparse,217,3255,-10.0,0,3,0.7221544263236067,0.24238799015680948,2256,True,False,True,6.501328199999989
debug_algorithm_dqn_statev1_sparse_seed42_20261010_222236_476674_99040957,dqn,42,v1,sparse,218,3256,-10.0,0,1,0.7220822108809744,0.31608903408050537,2257,True,False,True,6.503553499998816
debug_algorithm_dqn_statev1_sparse_seed42_20261010_222236_476674_99040957,dqn,42,v1,sparse,219,3327,0.0,1,71,0.7169733297261175,0.12949841987656455,2328,True,False,True,6.628904599994712
debug_algorithm_dqn_statev1_sparse_seed42_20261010_222236_476674_99040957,dqn,42,v1,sparse,220,3337,-10.0,0,10,0.7162566789483681,0.15364950308576225,2338,True,False,True,6.646371499999077
debug_algorithm_dqn_statev1_sparse_seed42_20261010_222236_476674_99040957,dqn,42,v1,sparse,221,3373,-10.0,0,36,0.7136826622113753,0.1446797833389913,2374,True,False,True,6.716982799996913
debug_algorithm_dqn_statev1_sparse_seed42_20261010_222236_476674_99040957,dqn,42,v1,sparse,222,3381,0.0,1,8,0.7131119158727903,0.2013228121213615,2382,True,False,True,6.730592799998703
debug_algorithm_dqn_statev1_sparse_seed42_20261010_222236_476674_99040957,dqn,42,v1,sparse,223,3390,-10.0,0,9,0.7124703718089022,0.13504366933678588,2391,True,False,True,6.746705999998085
debug_algorithm_dqn_statev1_sparse_seed42_20261010_222236_476674_99040957,dqn,42,v1,sparse,224,3472,20.0,3,82,0.7066517129291625,0.16922634667376193,2473,True,False,True,6.902414799995313
debug_algorithm_dqn_statev1_sparse_seed42_20261010_222236_476674_99040957,dqn,42,v1,sparse,225,3494,-10.0,0,22,0.7050987104384484,0.1373977866023779,2495,True,False,True,6.94309109999449
debug_algorithm_dqn_statev1_sparse_seed42_20261010_222236_476674_99040957,dqn,42,v1,sparse,226,3579,20.0,3,85,0.6991304739236215,0.12433016789967523,2580,True,False,True,7.095402099999774
debug_algorithm_dqn_statev1_sparse_seed42_20261010_222236_476674_99040957,dqn,42,v1,sparse,227,3601,10.0,2,22,0.6975940007962347,0.14033053660849956,2602,True,False,True,7.13168439999572
debug_algorithm_dqn_statev1_sparse_seed42_20261010_222236_476674_99040957,dqn,42,v1,sparse,228,3619,-10.0,0,18,0.6963393983445997,0.22189104355250797,2620,True,False,True,7.159772399994836
debug_algorithm_dqn_statev1_sparse_seed42_20261010_222236_476674_99040957,dqn,42,v1,sparse,229,3629,-10.0,0,10,0.6956433722154385,0.1887517649680376,2630,True,False,True,7.176071899993985
debug_algorithm_dqn_statev1_sparse_seed42_20261010_222236_476674_99040957,dqn,42,v1,sparse,230,3658,10.0,2,29,0.6936288282078754,0.15695059692872496,2659,True,False,True,7.230729099996097
debug_algorithm_dqn_statev1_sparse_seed42_20261010_222236_476674_99040957,dqn,42,v1,sparse,231,3693,-10.0,0,35,0.6912052498645053,0.15936375236404793,2694,True,False,True,7.291087799996603
debug_algorithm_dqn_statev1_sparse_seed42_20261010_222236_476674_99040957,dqn,42,v1,sparse,232,3695,-10.0,0,2,0.6910670157265849,0.29041067510843277,2696,True,False,True,7.294531499996083
debug_algorithm_dqn_statev1_sparse_seed42_20261010_222236_476674_99040957,dqn,42,v1,sparse,233,3701,0.0,1,6,0.690652479163381,0.12890466659640273,2702,True,False,True,7.305768199999875
debug_algorithm_dqn_statev1_sparse_seed42_20261010_222236_476674_99040957,dqn,42,v1,sparse,234,3709,-10.0,0,8,0.6901001505240728,0.25551184557843953,2710,True,False,True,7.321875800000271
debug_algorithm_dqn_statev1_sparse_seed42_20261010_222236_476674_99040957,dqn,42,v1,sparse,235,3715,-10.0,0,6,0.68968619393498,0.2063576391277214,2716,True,False,True,7.3348103999960585
debug_algorithm_dqn_statev1_sparse_seed42_20261010_222236_476674_99040957,dqn,42,v1,sparse,236,3724,-10.0,0,9,0.6890657245895434,0.23970848280522558,2725,True,False,True,7.349892699996417
debug_algorithm_dqn_statev1_sparse_seed42_20261010_222236_476674_99040957,dqn,42,v1,sparse,237,3727,-10.0,0,3,0.6888590255434492,0.2105301357805729,2728,True,False,True,7.354596899996977
debug_algorithm_dqn_statev1_sparse_seed42_20261010_222236_476674_99040957,dqn,42,v1,sparse,238,3745,-10.0,0,18,0.6876201326898821,0.15285217363594306,2746,True,False,True,7.392991199994867
debug_algorithm_dqn_statev1_sparse_seed42_20261010_222236_476674_99040957,dqn,42,v1,sparse,239,3746,-10.0,0,1,0.6875513706766131,0.2774174213409424,2747,True,False,True,7.395063599993591
debug_algorithm_dqn_statev1_sparse_seed42_20261010_222236_476674_99040957,dqn,42,v1,sparse,240,3765,10.0,2,19,0.6862461981192007,0.16399485029672323,2766,True,False,True,7.433434799997485
debug_algorithm_dqn_statev1_sparse_seed42_20261010_222236_476674_99040957,dqn,42,v1,sparse,241,3785,0.0,1,20,0.6848750088087511,0.15718719188589603,2786,True,False,True,7.465111199999228
debug_algorithm_dqn_statev1_sparse_seed42_20261010_222236_476674_99040957,dqn,42,v1,sparse,242,3788,-10.0,0,3,0.6846695668516738,0.1082657054066658,2789,True,False,True,7.473033099995519
debug_algorithm_dqn_statev1_sparse_seed42_20261010_222236_476674_99040957,dqn,42,v1,sparse,243,3789,-10.0,0,1,0.6846010998949886,0.14989012479782104,2790,True,False,True,7.474756999996316
debug_algorithm_dqn_statev1_sparse_seed42_20261010_222236_476674_99040957,dqn,42,v1,sparse,244,3798,-10.0,0,9,0.6839852053039812,0.13948866414527097,2799,True,False,True,7.4971790999989025
debug_algorithm_dqn_statev1_sparse_seed42_20261010_222236_476674_99040957,dqn,42,v1,sparse,245,3803,-10.0,0,5,0.6836432810930102,0.17933034300804138,2804,True,False,True,7.510745199993835
debug_algorithm_dqn_statev1_sparse_seed42_20261010_222236_476674_99040957,dqn,42,v1,sparse,246,3808,-10.0,0,5,0.6833015278099557,0.12298568207770585,2809,True,False,True,7.5225935999988
debug_algorithm_dqn_statev1_sparse_seed42_20261010_222236_476674_99040957,dqn,42,v1,sparse,247,3818,-10.0,0,10,0.6826185336858515,0.1673572201281786,2819,True,False,True,7.544794499997806
debug_algorithm_dqn_statev1_sparse_seed42_20261010_222236_476674_99040957,dqn,42,v1,sparse,248,3853,0.0,1,35,0.6802334259340604,0.19634289934432933,2854,True,False,True,7.605467999994289
debug_algorithm_dqn_statev1_sparse_seed42_20261010_222236_476674_99040957,dqn,42,v1,sparse,249,3894,0.0,1,41,0.677450039557419,0.17120724185029182,2895,True,False,True,7.676620799997181
debug_algorithm_dqn_statev1_sparse_seed42_20261010_222236_476674_99040957,dqn,42,v1,sparse,250,3930,0.0,1,36,0.6750154825172562,0.1807127566749437,2931,True,False,True,7.736970999998448
debug_algorithm_dqn_statev1_sparse_seed42_20261010_222236_476674_99040957,dqn,42,v1,sparse,251,3931,-10.0,0,1,0.6749479809690044,0.012790068984031677,2932,True,False,True,7.738690099999076
debug_algorithm_dqn_statev1_sparse_seed42_20261010_222236_476674_99040957,dqn,42,v1,sparse,252,3954,0.0,1,23,0.6733973070364322,0.13874537291248207,2955,True,False,True,7.778775199993106
debug_algorithm_dqn_statev1_sparse_seed42_20261010_222236_476674_99040957,dqn,42,v1,sparse,253,3962,-10.0,0,8,0.6728587777043438,0.09834556188434362,2963,True,False,True,7.791959899994254
debug_algorithm_dqn_statev1_sparse_seed42_20261010_222236_476674_99040957,dqn,42,v1,sparse,254,3979,0.0,1,17,0.6717158324128003,0.15976420373601072,2980,True,False,True,7.817875299995649
debug_algorithm_dqn_statev1_sparse_seed42_20261010_222236_476674_99040957,dqn,42,v1,sparse,255,4075,10.0,2,96,0.6652978949115693,0.15038947595166974,3076,True,False,True,7.9683952999985195
debug_algorithm_dqn_statev1_sparse_seed42_20261010_222236_476674_99040957,dqn,42,v1,sparse,256,4080,-10.0,0,5,0.6649653124872504,0.2604608744382858,3081,True,False,True,7.9766956999956165
debug_algorithm_dqn_statev1_sparse_seed42_20261010_222236_476674_99040957,dqn,42,v1,sparse,257,4081,-10.0,0,1,0.6648988159560018,0.012315317057073116,3082,True,False,True,7.979070499997761
debug_algorithm_dqn_statev1_sparse_seed42_20261010_222236_476674_99040957,dqn,42,v1,sparse,258,4106,0.0,1,25,0.6632385620841333,0.17254262439906598,3107,True,False,True,8.019560299995646
debug_algorithm_dqn_statev1_sparse_seed42_20261010_222236_476674_99040957,dqn,42,v1,sparse,259,4122,0.0,1,16,0.6621781758997802,0.17838036571629345,3123,True,False,True,8.047928799998772
debug_algorithm_dqn_statev1_sparse_seed42_20261010_222236_476674_99040957,dqn,42,v1,sparse,260,4140,-10.0,0,18,0.6609872677756349,0.15053652858154642,3141,True,False,True,8.07697759999428
debug_algorithm_dqn_statev1_sparse_seed42_20261010_222236_476674_99040957,dqn,42,v1,sparse,261,4182,0.0,1,42,0.6582168047706122,0.15225402072870306,3183,True,False,True,8.155593399998907
debug_algorithm_dqn_statev1_sparse_seed42_20261010_222236_476674_99040957,dqn,42,v1,sparse,262,4216,0.0,1,34,0.6559825562949485,0.1775394246146521,3217,True,False,True,8.213297299997066
debug_algorithm_dqn_statev1_sparse_seed42_20261010_222236_476674_99040957,dqn,42,v1,sparse,263,4219,-10.0,0,3,0.6557857812068808,0.19461060812075934,3220,True,False,True,8.219945099997858
debug_algorithm_dqn_statev1_sparse_seed42_20261010_222236_476674_99040957,dqn,42,v1,sparse,264,4222,-10.0,0,3,0.6555890651454364,0.14464415547748408,3223,True,False,True,8.224592799997481
debug_algorithm_dqn_statev1_sparse_seed42_20261010_222236_476674_99040957,dqn,42,v1,sparse,265,4226,-10.0,0,4,0.6553268688520998,0.08719452773220837,3227,True,False,True,8.232027799997013
debug_algorithm_dqn_statev1_sparse_seed42_20261010_222236_476674_99040957,dqn,42,v1,sparse,266,4260,20.0,3,34,0.6531024299632983,0.15663835315910332,3261,True,False,True,8.299414699999033
debug_algorithm_dqn_statev1_sparse_seed42_20261010_222236_476674_99040957,dqn,42,v1,sparse,267,4285,0.0,1,25,0.6514716316943703,0.14429577730596066,3286,True,False,True,8.347419899997476
debug_algorithm_dqn_statev1_sparse_seed42_20261010_222236_476674_99040957,dqn,42,v1,sparse,268,4299,-10.0,0,14,0.6505601640121126,0.1527813515359802,3300,True,False,True,8.369539699997404
debug_algorithm_dqn_statev1_sparse_seed42_20261010_222236_476674_99040957,dqn,42,v1,sparse,269,4305,-10.0,0,6,0.6501699254847197,0.08469266397878528,3306,True,False,True,8.382526899993536
debug_algorithm_dqn_statev1_sparse_seed42_20261010_222236_476674_99040957,dqn,42,v1,sparse,270,4312,-10.0,0,7,0.6497149430498113,0.09582118317484856,3313,True,False,True,8.39628829999856
debug_algorithm_dqn_statev1_sparse_seed42_20261010_222236_476674_99040957,dqn,42,v1,sparse,271,4332,-10.0,0,20,0.6484167468817434,0.1518052733037621,3333,True,False,True,8.435573199996725
debug_algorithm_dqn_statev1_sparse_seed42_20261010_222236_476674_99040957,dqn,42,v1,sparse,272,4353,0.0,1,21,0.647056432526454,0.21193317829498223,3354,True,False,True,8.472904700000072
debug_algorithm_dqn_statev1_sparse_seed42_20261010_222236_476674_99040957,dqn,42,v1,sparse,273,4362,-10.0,0,9,0.6464743146231511,0.2135400338512328,3363,True,False,True,8.490300999997999
debug_algorithm_dqn_statev1_sparse_seed42_20261010_222236_476674_99040957,dqn,42,v1,sparse,274,4385,0.0,1,23,0.6449890581352001,0.15984084853983443,3386,True,False,True,8.528498399995442
debug_algorithm_dqn_statev1_sparse_seed42_20261010_222236_476674_99040957,dqn,42,v1,sparse,275,4387,-10.0,0,2,0.6448600667734637,0.14666010439395905,3388,True,False,True,8.531907799995679
debug_algorithm_dqn_statev1_sparse_seed42_20261010_222236_476674_99040957,dqn,42,v1,sparse,276,4409,0.0,1,22,0.6434428632607037,0.194981747941876,3410,True,False,True,8.569379699998535
debug_algorithm_dqn_statev1_sparse_seed42_20261010_222236_476674_99040957,dqn,42,v1,sparse,277,4423,-10.0,0,14,0.6425426285509956,0.14428382865818484,3424,True,False,True,8.592722899993532
debug_algorithm_dqn_statev1_sparse_seed42_20261010_222236_476674_99040957,dqn,42,v1,sparse,278,4424,-10.0,0,1,0.6424783742881406,0.13702808320522308,3425,True,False,True,8.594374699998298
debug_algorithm_dqn_statev1_sparse_seed42_20261010_222236_476674_99040957,dqn,42,v1,sparse,279,4436,-10.0,0,12,0.6417078241334087,0.13294402525449792,3437,True,False,True,8.616870599995309
debug_algorithm_dqn_statev1_sparse_seed42_20261010_222236_476674_99040957,dqn,42,v1,sparse,280,4461,0.0,1,25,0.640105478221431,0.16289527650922536,3462,True,False,True,8.665023999994446
debug_algorithm_dqn_statev1_sparse_seed42_20261010_222236_476674_99040957,dqn,42,v1,sparse,281,4486,0.0,1,25,0.6385071333708788,0.13557987228035928,3487,True,False,True,8.70902550000028
debug_algorithm_dqn_statev1_sparse_seed42_20261010_222236_476674_99040957,dqn,42,v1,sparse,282,4493,-10.0,0,7,0.6380603124416717,0.17022462714729564,3494,True,False,True,8.721334899993963
debug_algorithm_dqn_statev1_sparse_seed42_20261010_222236_476674_99040957,dqn,42,v1,sparse,283,4526,0.0,1,33,0.6359580788904166,0.17293231705711645,3527,True,False,True,8.799094199996034
debug_algorithm_dqn_statev1_sparse_seed42_20261010_222236_476674_99040957,dqn,42,v1,sparse,284,4629,20.0,3,103,0.6294410053665259,0.16540484074322345,3630,True,False,True,9.009172799997032
debug_algorithm_dqn_statev1_sparse_seed42_20261010_222236_476674_99040957,dqn,42,v1,sparse,285,4651,0.0,1,22,0.6280576881945632,0.23289631476456468,3652,True,False,True,9.057974799994554
debug_algorithm_dqn_statev1_sparse_seed42_20261010_222236_476674_99040957,dqn,42,v1,sparse,286,4663,0.0,1,12,0.6273044333486625,0.17704721291859946,3664,True,False,True,9.085601499995391
debug_algorithm_dqn_statev1_sparse_seed42_20261010_222236_476674_99040957,dqn,42,v1,sparse,287,4664,-10.0,0,1,0.6272417029053277,0.017970548942685127,3665,True,False,True,9.087981599994237
debug_algorithm_dqn_statev1_sparse_seed42_20261010_222236_476674_99040957,dqn,42,v1,sparse,288,4672,-10.0,0,8,0.6267400851355591,0.22019341588020325,3673,True,False,True,9.111502899999323
debug_algorithm_dqn_statev1_sparse_seed42_20261010_222236_476674_99040957,dqn,42,v1,sparse,289,4684,-10.0,0,12,0.6259884105440008,0.20229835947975516,3685,True,False,True,9.139790999994148
debug_algorithm_dqn_statev1_sparse_seed42_20261010_222236_476674_99040957,dqn,42,v1,sparse,290,4692,-10.0,0,8,0.6254877950572697,0.1759142951341346,3693,True,False,True,9.157064199993329
debug_algorithm_dqn_statev1_sparse_seed42_20261010_222236_476674_99040957,dqn,42,v1,sparse,291,4704,0.0,1,12,0.6247376223875694,0.2078837789207076,3705,True,False,True,9.18053879999934
debug_algorithm_dqn_statev1_sparse_seed42_20261010_222236_476674_99040957,dqn,42,v1,sparse,292,4725,0.0,1,21,0.6234269844990354,0.12068385941286881,3726,True,False,True,9.223458099993877
debug_algorithm_dqn_statev1_sparse_seed42_20261010_222236_476674_99040957,dqn,42,v1,sparse,293,4727,-10.0,0,2,0.6233023053364055,0.08376520173624158,3728,True,False,True,9.228004199998395
debug_algorithm_dqn_statev1_sparse_seed42_20261010_222236_476674_99040957,dqn,42,v1,sparse,294,4743,10.0,2,16,0.6223057692616979,0.108457725669723,3744,True,False,True,9.263596599994344
debug_algorithm_dqn_statev1_sparse_seed42_20261010_222236_476674_99040957,dqn,42,v1,sparse,295,4806,20.0,3,63,0.6183973718716637,0.19117502590257024,3807,True,False,True,9.412453199998708
debug_algorithm_dqn_statev1_sparse_seed42_20261010_222236_476674_99040957,dqn,42,v1,sparse,296,4841,10.0,2,35,0.6162366564903008,0.16227074898779392,3842,True,False,True,9.479593599993677
debug_algorithm_dqn_statev1_sparse_seed42_20261010_222236_476674_99040957,dqn,42,v1,sparse,297,4898,0.0,1,57,0.6127339246785757,0.18858028317621925,3899,True,False,True,9.60791149999568
debug_algorithm_dqn_statev1_sparse_seed42_20261010_222236_476674_99040957,dqn,42,v1,sparse,298,4905,0.0,1,7,0.6123051395839814,0.17396415903099946,3906,True,False,True,9.621124399993278
debug_algorithm_dqn_statev1_sparse_seed42_20261010_222236_476674_99040957,dqn,42,v1,sparse,299,4910,-10.0,0,5,0.6119990482385808,0.20333878174424172,3911,True,False,True,9.630511999996088
debug_algorithm_dqn_statev1_sparse_seed42_20261010_222236_476674_99040957,dqn,42,v1,sparse,300,4912,-10.0,0,2,0.6118766545489235,0.07820876408368349,3913,True,False,True,9.63426939999772
debug_algorithm_dqn_statev1_sparse_seed42_20261010_222236_476674_99040957,dqn,42,v1,sparse,301,4927,-10.0,0,15,0.6109594817592671,0.18354558758437634,3928,True,False,True,9.672100599993428
debug_algorithm_dqn_statev1_sparse_seed42_20261010_222236_476674_99040957,dqn,42,v1,sparse,302,4932,-10.0,0,5,0.6106540631082263,0.09497377090156078,3933,True,False,True,9.684817800000019
debug_algorithm_dqn_statev1_sparse_seed42_20261010_222236_476674_99040957,dqn,42,v1,sparse,303,4985,10.0,2,53,0.6074259970994246,0.18234219184180475,3986,True,False,True,9.783203599996341
debug_algorithm_dqn_statev1_sparse_seed42_20261010_222236_476674_99040957,dqn,42,v1,sparse,304,5001,-10.0,0,16,0.6064548440752141,0.17567289841827005,4002,True,False,True,9.814764499999
debug_algorithm_dqn_statev1_sparse_seed42_20261010_222236_476674_99040957,dqn,42,v1,sparse,305,5021,0.0,1,20,0.6052430859602024,0.2521712641231716,4022,True,False,True,9.848164999995788
debug_algorithm_dqn_statev1_sparse_seed42_20261010_222236_476674_99040957,dqn,42,v1,sparse,306,5052,10.0,2,31,0.6033696440554112,0.2601524534364862,4053,True,False,True,9.901197199993476
debug_algorithm_dqn_statev1_sparse_seed42_20261010_222236_476674_99040957,dqn,42,v1,sparse,307,5101,-10.0,0,49,0.6004202173228442,0.1929517074925255,4102,True,False,True,9.992548299996997
debug_algorithm_dqn_statev1_sparse_seed42_20261010_222236_476674_99040957,dqn,42,v1,sparse,308,5107,-10.0,0,6,0.6000600552434756,0.17940359438459078,4108,True,False,True,10.004428599997482
debug_algorithm_dqn_statev1_sparse_seed42_20261010_222236_476674_99040957,dqn,42,v1,sparse,309,5184,10.0,2,77,0.5954571067620108,0.20381652442859366,4185,True,False,True,10.147690899997542
debug_algorithm_dqn_statev1_sparse_seed42_20261010_222236_476674_99040957,dqn,42,v1,sparse,310,5186,-10.0,0,2,0.5953380212952294,0.22874295571818948,4187,True,False,True,10.152029199998651
debug_algorithm_dqn_statev1_sparse_seed42_20261010_222236_476674_99040957,dqn,42,v1,sparse,311,5251,10.0,2,65,0.5914806812235465,0.18143631984981207,4252,True,False,True,10.284105099999579
debug_algorithm_dqn_statev1_sparse_seed42_20261010_222236_476674_99040957,dqn,42,v1,sparse,312,5290,-10.0,0,39,0.5891782840379423,0.16242752959712958,4291,True,False,True,10.360942899998918
debug_algorithm_dqn_statev1_sparse_seed42_20261010_222236_476674_99040957,dqn,42,v1,sparse,313,5303,0.0,1,13,0.5884128116592916,0.19081115034910348,4304,True,False,True,10.385538599999563
debug_algorithm_dqn_statev1_sparse_seed42_20261010_222236_476674_99040957,dqn,42,v1,sparse,314,5359,0.0,1,56,0.585126745182086,0.22703992883076093,4360,True,False,True,10.494538699997065
debug_algorithm_dqn_statev1_sparse_seed42_20261010_222236_476674_99040957,dqn,42,v1,sparse,315,5380,0.0,1,21,0.5838992070055004,0.178299685718403,4381,True,False,True,10.532820499996888
debug_algorithm_dqn_statev1_sparse_seed42_20261010_222236_476674_99040957,dqn,42,v1,sparse,316,5461,30.0,4,81,0.5791884920417791,0.18378860241285078,4462,True,False,True,10.700981799993315
debug_algorithm_dqn_statev1_sparse_seed42_20261010_222236_476674_99040957,dqn,42,v1,sparse,317,5484,10.0,2,23,0.5778578228317378,0.18878278913705246,4485,True,False,True,10.754141299999901
debug_algorithm_dqn_statev1_sparse_seed42_20261010_222236_476674_99040957,dqn,42,v1,sparse,318,5501,0.0,1,17,0.576876250026757,0.2731668832437957,4502,True,False,True,10.803037999998196
debug_algorithm_dqn_statev1_sparse_seed42_20261010_222236_476674_99040957,dqn,42,v1,sparse,319,5524,-10.0,0,23,0.5755508931274709,0.17590657224797684,4525,True,False,True,10.842161499997019
debug_algorithm_dqn_statev1_sparse_seed42_20261010_222236_476674_99040957,dqn,42,v1,sparse,320,5530,-10.0,0,6,0.5752056489127182,0.20137052610516548,4531,True,False,True,10.852921699995932
debug_algorithm_dqn_statev1_sparse_seed42_20261010_222236_476674_99040957,dqn,42,v1,sparse,321,5533,0.0,1,3,0.5750331044736386,0.1031214976683259,4534,True,False,True,10.857845699996687
debug_algorithm_dqn_statev1_sparse_seed42_20261010_222236_476674_99040957,dqn,42,v1,sparse,322,5567,0.0,1,34,0.5730812144158116,0.26529326448764873,4568,True,False,True,10.915036299993517
debug_algorithm_dqn_statev1_sparse_seed42_20261010_222236_476674_99040957,dqn,42,v1,sparse,323,5575,-10.0,0,8,0.5726229098749306,0.11613742879126221,4576,True,False,True,10.928016999998363
debug_algorithm_dqn_statev1_sparse_seed42_20261010_222236_476674_99040957,dqn,42,v1,sparse,324,5619,10.0,2,44,0.570108778508158,0.20118592827665535,4620,True,False,True,11.002645599997777
debug_algorithm_dqn_statev1_sparse_seed42_20261010_222236_476674_99040957,dqn,42,v1,sparse,325,5624,-10.0,0,5,0.5698237811240809,0.06934771370142698,4625,True,False,True,11.01168499999767
debug_algorithm_dqn_statev1_sparse_seed42_20261010_222236_476674_99040957,dqn,42,v1,sparse,326,5631,-10.0,0,7,0.5694250241203463,0.15308824660522596,4632,True,False,True,11.024671499995748
debug_algorithm_dqn_statev1_sparse_seed42_20261010_222236_476674_99040957,dqn,42,v1,sparse,327,5668,-10.0,0,37,0.5673219394810879,0.18311663563489108,4669,True,False,True,11.093550099998538
debug_algorithm_dqn_statev1_sparse_seed42_20261010_222236_476674_99040957,dqn,42,v1,sparse,328,5716,0.0,1,48,0.5646051837616859,0.21687370084691793,4717,True,False,True,11.19748729999992
debug_algorithm_dqn_statev1_sparse_seed42_20261010_222236_476674_99040957,dqn,42,v1,sparse,329,5744,20.0,3,28,0.5630264216062567,0.23245241175339157,4745,True,False,True,11.261386099999072
debug_algorithm_dqn_statev1_sparse_seed42_20261010_222236_476674_99040957,dqn,42,v1,sparse,330,5753,-10.0,0,9,0.5625199004690359,0.15179950091987848,4754,True,False,True,11.279705499997362
debug_algorithm_dqn_statev1_sparse_seed42_20261010_222236_476674_99040957,dqn,42,v1,sparse,331,5756,-10.0,0,3,0.5623511613739297,0.23576920727888742,4757,True,False,True,11.286814699997194
debug_algorithm_dqn_statev1_sparse_seed42_20261010_222236_476674_99040957,dqn,42,v1,sparse,332,5761,-10.0,0,5,0.5620700420227357,0.16027795746922494,4762,True,False,True,11.295473199999833
debug_algorithm_dqn_statev1_sparse_seed42_20261010_222236_476674_99040957,dqn,42,v1,sparse,333,5765,-10.0,0,4,0.5618452477278809,0.2180815227329731,4766,True,False,True,11.303171100000327
debug_algorithm_dqn_statev1_sparse_seed42_20261010_222236_476674_99040957,dqn,42,v1,sparse,334,5804,10.0,2,39,0.5596582094049425,0.2157719301728484,4805,True,False,True,11.395416799998202
debug_algorithm_dqn_statev1_sparse_seed42_20261010_222236_476674_99040957,dqn,42,v1,sparse,335,5809,-10.0,0,5,0.5593784362604647,0.1837394516915083,4810,True,False,True,11.404149199996027
debug_algorithm_dqn_statev1_sparse_seed42_20261010_222236_476674_99040957,dqn,42,v1,sparse,336,5834,0.0,1,25,0.5579816670192594,0.1971854907274246,4835,True,False,True,11.454824599997664
debug_algorithm_dqn_statev1_sparse_seed42_20261010_222236_476674_99040957,dqn,42,v1,sparse,337,5841,0.0,1,7,0.5575911970089688,0.13653725092964514,4842,True,False,True,11.46904099999665
debug_algorithm_dqn_statev1_sparse_seed42_20261010_222236_476674_99040957,dqn,42,v1,sparse,338,5903,0.0,1,62,0.5541446545800192,0.2101373259548939,4904,True,False,True,11.640170099999523
debug_algorithm_dqn_statev1_sparse_seed42_20261010_222236_476674_99040957,dqn,42,v1,sparse,339,5913,10.0,2,10,0.5535907592240481,0.2049641612917185,4914,True,False,True,11.660585799996625
debug_algorithm_dqn_statev1_sparse_seed42_20261010_222236_476674_99040957,dqn,42,v1,sparse,340,5945,-10.0,0,32,0.5518220118608764,0.24296504049561918,4946,True,False,True,11.719908399994893
debug_algorithm_dqn_statev1_sparse_seed42_20261010_222236_476674_99040957,dqn,42,v1,sparse,341,5959,-10.0,0,14,0.5510499630014941,0.24456652307084628,4960,True,False,True,11.748833999998169
debug_algorithm_dqn_statev1_sparse_seed42_20261010_222236_476674_99040957,dqn,42,v1,sparse,342,5984,-10.0,0,25,0.5496739899771613,0.22041266292333603,4985,True,False,True,11.798997399993823
debug_algorithm_dqn_statev1_sparse_seed42_20261010_222236_476674_99040957,dqn,42,v1,sparse,343,6010,0.0,1,26,0.5482466226153571,0.22600785535402024,5011,True,False,True,11.847089899994899
debug_algorithm_dqn_statev1_sparse_seed42_20261010_222236_476674_99040957,dqn,42,v1,sparse,344,6027,0.0,1,17,0.5473153485996405,0.18867189349497065,5028,True,False,True,11.877893099997891
debug_algorithm_dqn_statev1_sparse_seed42_20261010_222236_476674_99040957,dqn,42,v1,sparse,345,6029,-10.0,0,2,0.5472058910030742,0.08604366052895784,5030,True,False,True,11.881825899996329
debug_algorithm_dqn_statev1_sparse_seed42_20261010_222236_476674_99040957,dqn,42,v1,sparse,346,6072,30.0,4,43,0.5448578401946368,0.24639974933030995,5073,True,False,True,11.949148399995465
debug_algorithm_dqn_statev1_sparse_seed42_20261010_222236_476674_99040957,dqn,42,v1,sparse,347,6157,60.0,7,85,0.5402459462724127,0.21975104527219252,5158,True,False,True,12.088071999998647
debug_algorithm_dqn_statev1_sparse_seed42_20261010_222236_476674_99040957,dqn,42,v1,sparse,348,6165,-10.0,0,8,0.5398139007540099,0.3240880649536848,5166,True,False,True,12.100028399996518
debug_algorithm_dqn_statev1_sparse_seed42_20261010_222236_476674_99040957,dqn,42,v1,sparse,349,6177,-10.0,0,12,0.5391664802315472,0.16916309009927014,5178,True,False,True,12.117633099995146
debug_algorithm_dqn_statev1_sparse_seed42_20261010_222236_476674_99040957,dqn,42,v1,sparse,350,6219,20.0,3,42,0.5369066170543692,0.2216039833923181,5220,True,False,True,12.19216669999878
debug_algorithm_dqn_statev1_sparse_seed42_20261010_222236_476674_99040957,dqn,42,v1,sparse,351,6233,10.0,2,14,0.5361554361801342,0.23442332313529082,5234,True,False,True,12.22139509999397
debug_algorithm_dqn_statev1_sparse_seed42_20261010_222236_476674_99040957,dqn,42,v1,sparse,352,6234,-10.0,0,1,0.5361018206365161,0.28113651275634766,5235,True,False,True,12.223057399998652
debug_algorithm_dqn_statev1_sparse_seed42_20261010_222236_476674_99040957,dqn,42,v1,sparse,353,6280,10.0,2,46,0.5336412927861476,0.23342502886510413,5281,True,False,True,12.313595599996916
debug_algorithm_dqn_statev1_sparse_seed42_20261010_222236_476674_99040957,dqn,42,v1,sparse,354,6290,-10.0,0,10,0.5331078915679175,0.22177844708785416,5291,True,False,True,12.332024399998772
debug_algorithm_dqn_statev1_sparse_seed42_20261010_222236_476674_99040957,dqn,42,v1,sparse,355,6319,0.0,1,29,0.5315640411536997,0.27391282886523627,5320,True,False,True,12.394895399993402
debug_algorithm_dqn_statev1_sparse_seed42_20261010_222236_476674_99040957,dqn,42,v1,sparse,356,6339,10.0,2,20,0.5305019224373451,0.2735776586458087,5340,True,False,True,12.43418159999419
debug_algorithm_dqn_statev1_sparse_seed42_20261010_222236_476674_99040957,dqn,42,v1,sparse,357,6353,-10.0,0,14,0.5297597023096327,0.2393864244222641,5354,True,False,True,12.459850599996571
debug_algorithm_dqn_statev1_sparse_seed42_20261010_222236_476674_99040957,dqn,42,v1,sparse,358,6382,10.0,2,29,0.528225548062842,0.30583312561542825,5383,True,False,True,12.516918699999223
debug_algorithm_dqn_statev1_sparse_seed42_20261010_222236_476674_99040957,dqn,42,v1,sparse,359,6387,-10.0,0,5,0.5279614881060835,0.334652304649353,5388,True,False,True,12.525147000000288
debug_algorithm_dqn_statev1_sparse_seed42_20261010_222236_476674_99040957,dqn,42,v1,sparse,360,6388,-10.0,0,1,0.5279086919572729,0.2955542206764221,5389,True,False,True,12.52675709999312
debug_algorithm_dqn_statev1_sparse_seed42_20261010_222236_476674_99040957,dqn,42,v1,sparse,361,6414,10.0,2,26,0.5265378436896593,0.2238960824906826,5415,True,False,True,12.575836999996682
debug_algorithm_dqn_statev1_sparse_seed42_20261010_222236_476674_99040957,dqn,42,v1,sparse,362,6416,-10.0,0,2,0.5264325413862998,0.16495394706726074,5417,True,False,True,12.579477599996608
debug_algorithm_dqn_statev1_sparse_seed42_20261010_222236_476674_99040957,dqn,42,v1,sparse,363,6461,30.0,4,45,0.5240687991699806,0.22885291704701052,5462,True,False,True,12.66133709999849
debug_algorithm_dqn_statev1_sparse_seed42_20261010_222236_476674_99040957,dqn,42,v1,sparse,364,6507,10.0,2,46,0.5216634988590508,0.2238764322322348,5508,True,False,True,12.759836199998972
debug_algorithm_dqn_statev1_sparse_seed42_20261010_222236_476674_99040957,dqn,42,v1,sparse,365,6519,0.0,1,12,0.5210378468435891,0.2449855343438685,5520,True,False,True,12.780700099996466
debug_algorithm_dqn_statev1_sparse_seed42_20261010_222236_476674_99040957,dqn,42,v1,sparse,366,6558,-10.0,0,39,0.5190096553738621,0.27143221439268345,5559,True,False,True,12.851869499994791
debug_algorithm_dqn_statev1_sparse_seed42_20261010_222236_476674_99040957,dqn,42,v1,sparse,367,6585,-10.0,0,27,0.5176101495110504,0.265025632938853,5586,True,False,True,12.897445499998867
debug_algorithm_dqn_statev1_sparse_seed42_20261010_222236_476674_99040957,dqn,42,v1,sparse,368,6604,0.0,1,19,0.5166275748389714,0.1234027849951465,5605,True,False,True,12.927293099994131
debug_algorithm_dqn_statev1_sparse_seed42_20261010_222236_476674_99040957,dqn,42,v1,sparse,369,6642,10.0,2,38,0.5146680175919752,0.27671826692101986,5643,True,False,True,13.007504499997594
debug_algorithm_dqn_statev1_sparse_seed42_20261010_222236_476674_99040957,dqn,42,v1,sparse,370,6643,-10.0,0,1,0.5146165507902161,0.02889319136738777,5644,True,False,True,13.01089829999546
debug_algorithm_dqn_statev1_sparse_seed42_20261010_222236_476674_99040957,dqn,42,v1,sparse,371,6646,-10.0,0,3,0.5144621812629611,0.24390133718649545,5647,True,False,True,13.01630209999712
debug_algorithm_dqn_statev1_sparse_seed42_20261010_222236_476674_99040957,dqn,42,v1,sparse,372,6714,0.0,1,68,0.5109755321379188,0.20299919924753554,5715,True,False,True,13.151102599993465
debug_algorithm_dqn_statev1_sparse_seed42_20261010_222236_476674_99040957,dqn,42,v1,sparse,373,6746,30.0,4,32,0.5093429423411151,0.215201145329047,5747,True,False,True,13.220590699995228
debug_algorithm_dqn_statev1_sparse_seed42_20261010_222236_476674_99040957,dqn,42,v1,sparse,374,6771,0.0,1,25,0.5080711118432447,0.3224000867828727,5772,True,False,True,13.285617199995613
debug_algorithm_dqn_statev1_sparse_seed42_20261010_222236_476674_99040957,dqn,42,v1,sparse,375,6773,-10.0,0,2,0.5079695027015871,0.23255505412817,5774,True,False,True,13.291892799999914
debug_algorithm_dqn_statev1_sparse_seed42_20261010_222236_476674_99040957,dqn,42,v1,sparse,376,6785,0.0,1,12,0.5073602744464892,0.28335478824252885,5786,True,False,True,13.31956789999822
debug_algorithm_dqn_statev1_sparse_seed42_20261010_222236_476674_99040957,dqn,42,v1,sparse,377,6799,10.0,2,14,0.5066504315754855,0.21585366635450295,5800,True,False,True,13.347402999999758
debug_algorithm_dqn_statev1_sparse_seed42_20261010_222236_476674_99040957,dqn,42,v1,sparse,378,6821,0.0,1,22,0.5055369702086454,0.3222601767629385,5822,True,False,True,13.3858351999952
debug_algorithm_dqn_statev1_sparse_seed42_20261010_222236_476674_99040957,dqn,42,v1,sparse,379,6832,-10.0,0,11,0.5049811575033526,0.2401194033974951,5833,True,False,True,13.406886400000076
debug_algorithm_dqn_statev1_sparse_seed42_20261010_222236_476674_99040957,dqn,42,v1,sparse,380,6841,-10.0,0,9,0.5045268562124042,0.3065242100920942,5842,True,False,True,13.424963899997238
debug_algorithm_dqn_statev1_sparse_seed42_20261010_222236_476674_99040957,dqn,42,v1,sparse,381,6865,0.0,1,24,0.5033173832309915,0.251132121309638,5866,True,False,True,13.468563799993717
debug_algorithm_dqn_statev1_sparse_seed42_20261010_222236_476674_99040957,dqn,42,v1,sparse,382,6869,0.0,1,4,0.5031160864747288,0.3892308622598648,5870,True,False,True,13.480319599999348
debug_algorithm_dqn_statev1_sparse_seed42_20261010_222236_476674_99040957,dqn,42,v1,sparse,383,6880,0.0,1,11,0.5025629354104567,0.22584028677506882,5881,True,False,True,13.500555999999051
debug_algorithm_dqn_statev1_sparse_seed42_20261010_222236_476674_99040957,dqn,42,v1,sparse,384,6904,-10.0,0,24,0.5013581704225198,0.27628772527289885,5905,True,False,True,13.549890700000105
debug_algorithm_dqn_statev1_sparse_seed42_20261010_222236_476674_99040957,dqn,42,v1,sparse,385,6921,0.0,1,17,0.5005065430391089,0.2464287644252181,5922,True,False,True,13.58720909999829
debug_algorithm_dqn_statev1_sparse_seed42_20261010_222236_476674_99040957,dqn,42,v1,sparse,386,6941,-10.0,0,20,0.4995064803451277,0.19239956233650446,5942,True,False,True,13.625712599998224
debug_algorithm_dqn_statev1_sparse_seed42_20261010_222236_476674_99040957,dqn,42,v1,sparse,387,6951,-10.0,0,10,0.4990071985827685,0.28912160247564317,5952,True,False,True,13.647837799995614
debug_algorithm_dqn_statev1_sparse_seed42_20261010_222236_476674_99040957,dqn,42,v1,sparse,388,6956,-10.0,0,5,0.4987577448792071,0.2028904588893056,5957,True,False,True,13.657234499994956
debug_algorithm_dqn_statev1_sparse_seed42_20261010_222236_476674_99040957,dqn,42,v1,sparse,389,6984,10.0,2,28,0.4973631068649115,0.2326507555719997,5985,True,False,True,13.71856359999947
debug_algorithm_dqn_statev1_sparse_seed42_20261010_222236_476674_99040957,dqn,42,v1,sparse,390,7005,20.0,3,21,0.4963196881418242,0.2514011417293832,6006,True,False,True,13.75774879999517
debug_algorithm_dqn_statev1_sparse_seed42_20261010_222236_476674_99040957,dqn,42,v1,sparse,391,7025,-10.0,0,20,0.4953279912073841,0.29395491499453785,6026,True,False,True,13.794855399995868
debug_algorithm_dqn_statev1_sparse_seed42_20261010_222236_476674_99040957,dqn,42,v1,sparse,392,7090,20.0,3,65,0.4921186404843217,0.28550918322916213,6091,True,False,True,13.909257599996636
debug_algorithm_dqn_statev1_sparse_seed42_20261010_222236_476674_99040957,dqn,42,v1,sparse,393,7113,20.0,3,23,0.49098801180026186,0.2917183770433716,6114,True,False,True,13.959759799996391
debug_algorithm_dqn_statev1_sparse_seed42_20261010_222236_476674_99040957,dqn,42,v1,sparse,394,7115,-10.0,0,2,0.4908898191077819,0.10882502421736717,6116,True,False,True,13.965641099995992
debug_algorithm_dqn_statev1_sparse_seed42_20261010_222236_476674_99040957,dqn,42,v1,sparse,395,7144,0.0,1,29,0.4894682298524892,0.25363395844810993,6145,True,False,True,14.054260999997496
debug_algorithm_dqn_statev1_sparse_seed42_20261010_222236_476674_99040957,dqn,42,v1,sparse,396,7158,-10.0,0,14,0.48878341956866744,0.2293430774339608,6159,True,False,True,14.089773399995465
debug_algorithm_dqn_statev1_sparse_seed42_20261010_222236_476674_99040957,dqn,42,v1,sparse,397,7219,20.0,3,61,0.4858107678800401,0.259269359918525,6220,True,False,True,14.256643599997915
debug_algorithm_dqn_statev1_sparse_seed42_20261010_222236_476674_99040957,dqn,42,v1,sparse,398,7221,-10.0,0,2,0.48571361058457174,0.4279751181602478,6222,True,False,True,14.261480699999083
debug_algorithm_dqn_statev1_sparse_seed42_20261010_222236_476674_99040957,dqn,42,v1,sparse,399,7252,10.0,2,31,0.4842101547782937,0.2612528164059885,6253,True,False,True,14.334503499994753
debug_algorithm_dqn_statev1_sparse_seed42_20261010_222236_476674_99040957,dqn,42,v1,sparse,400,7287,0.0,1,35,0.4825182971203693,0.31466944377337186,6288,True,False,True,14.405505099995935
debug_algorithm_dqn_statev1_sparse_seed42_20261010_222236_476674_99040957,dqn,42,v1,sparse,401,7312,20.0,3,25,0.481313447823278,0.3267070090770721,6313,True,False,True,14.462645499996142
debug_algorithm_dqn_statev1_sparse_seed42_20261010_222236_476674_99040957,dqn,42,v1,sparse,402,7341,10.0,2,29,0.47991959119961214,0.22662121918180894,6342,True,False,True,14.5174854999932
debug_algorithm_dqn_statev1_sparse_seed42_20261010_222236_476674_99040957,dqn,42,v1,sparse,403,7423,40.0,5,82,0.4760001462635304,0.29632517588665575,6424,True,False,True,14.682766699996137
debug_algorithm_dqn_statev1_sparse_seed42_20261010_222236_476674_99040957,dqn,42,v1,sparse,404,7473,40.0,5,50,0.473625967215354,0.28251795664429663,6474,True,False,True,14.781278399997973
debug_algorithm_dqn_statev1_sparse_seed42_20261010_222236_476674_99040957,dqn,42,v1,sparse,405,7481,0.0,1,8,0.47324719903033285,0.2859985106624663,6482,True,False,True,14.794801899995946
debug_algorithm_dqn_statev1_sparse_seed42_20261010_222236_476674_99040957,dqn,42,v1,sparse,406,7508,10.0,2,27,0.4719710913072019,0.2892058855957455,6509,True,False,True,14.864864799994393
debug_algorithm_dqn_statev1_sparse_seed42_20261010_222236_476674_99040957,dqn,42,v1,sparse,407,7578,40.0,5,70,0.46867866597742736,0.2908013180962631,6579,True,False,True,15.00622149999981
debug_algorithm_dqn_statev1_sparse_seed42_20261010_222236_476674_99040957,dqn,42,v1,sparse,408,7583,-10.0,0,5,0.4684443735076187,0.19870883822441102,6584,True,False,True,15.015096799994353
debug_algorithm_dqn_statev1_sparse_seed42_20261010_222236_476674_99040957,dqn,42,v1,sparse,409,7588,0.0,1,5,0.46821019816061804,0.18438139781355858,6589,True,False,True,15.023735299997497
debug_algorithm_dqn_statev1_sparse_seed42_20261010_222236_476674_99040957,dqn,42,v1,sparse,410,7618,0.0,1,30,0.46680760238084734,0.26104664051284393,6619,True,False,True,15.071213199997146
debug_algorithm_dqn_statev1_sparse_seed42_20261010_222236_476674_99040957,dqn,42,v1,sparse,411,7632,0.0,1,14,0.46615449636256123,0.2843038354601179,6633,True,False,True,15.094761499996821
debug_algorithm_dqn_statev1_sparse_seed42_20261010_222236_476674_99040957,dqn,42,v1,sparse,412,7648,-10.0,0,16,0.4654092082928152,0.33266835613176227,6649,True,False,True,15.12145889999374
debug_algorithm_dqn_statev1_sparse_seed42_20261010_222236_476674_99040957,dqn,42,v1,sparse,413,7662,0.0,1,14,0.4647580587542225,0.24153223021754197,6663,True,False,True,15.145119399996474
debug_algorithm_dqn_statev1_sparse_seed42_20261010_222236_476674_99040957,dqn,42,v1,sparse,414,7711,20.0,3,49,0.46248620126823375,0.27721953399631444,6712,True,False,True,15.223758699998143
debug_algorithm_dqn_statev1_sparse_seed42_20261010_222236_476674_99040957,dqn,42,v1,sparse,415,7735,30.0,4,24,0.4613775099115248,0.2729215753885607,6736,True,False,True,15.266458799997054
debug_algorithm_dqn_statev1_sparse_seed42_20261010_222236_476674_99040957,dqn,42,v1,sparse,416,7771,10.0,2,36,0.4597194542626364,0.2985089536135395,6772,True,False,True,15.328100799997628
debug_algorithm_dqn_statev1_sparse_seed42_20261010_222236_476674_99040957,dqn,42,v1,sparse,417,7826,30.0,4,55,0.457197812053011,0.31596778062256897,6827,True,False,True,15.436215299996547
debug_algorithm_dqn_statev1_sparse_seed42_20261010_222236_476674_99040957,dqn,42,v1,sparse,418,7870,0.0,1,44,0.4551904607223537,0.299474136649885,6871,True,False,True,15.52092889999767
debug_algorithm_dqn_statev1_sparse_seed42_20261010_222236_476674_99040957,dqn,42,v1,sparse,419,7895,30.0,4,25,0.4540538490955676,0.3189534335583448,6896,True,False,True,15.574508300000161
debug_algorithm_dqn_statev1_sparse_seed42_20261010_222236_476674_99040957,dqn,42,v1,sparse,420,7919,10.0,2,24,0.4529653721278391,0.34108957555145025,6920,True,False,True,15.619074899994303
debug_algorithm_dqn_statev1_sparse_seed42_20261010_222236_476674_99040957,dqn,42,v1,sparse,421,7960,30.0,4,41,0.45111192359413965,0.31131382822626974,6961,True,False,True,15.695380599994678
debug_algorithm_dqn_statev1_sparse_seed42_20261010_222236_476674_99040957,dqn,42,v1,sparse,422,7989,10.0,2,29,0.4498055288828345,0.2993208822505227,6990,True,False,True,15.749564099998679
debug_algorithm_dqn_statev1_sparse_seed42_20261010_222236_476674_99040957,dqn,42,v1,sparse,423,8000,0.0,1,11,0.4493109901199013,0.3142987008799206,7001,True,False,True,15.766984599998978
debug_algorithm_dqn_statev1_sparse_seed42_20261010_222236_476674_99040957,dqn,42,v1,sparse,424,8056,0.0,1,56,0.44680175552606266,0.33931646795411197,7057,True,False,True,15.857097199994314
debug_algorithm_dqn_statev1_sparse_seed42_20261010_222236_476674_99040957,dqn,42,v1,sparse,425,8136,30.0,4,80,0.443241423778655,0.3345985242165625,7137,True,False,True,16.005193099997996
debug_algorithm_dqn_statev1_sparse_seed42_20261010_222236_476674_99040957,dqn,42,v1,sparse,426,8183,30.0,4,47,0.44116297334742605,0.30939161682382543,7184,True,False,True,16.093526399999973
debug_algorithm_dqn_statev1_sparse_seed42_20261010_222236_476674_99040957,dqn,42,v1,sparse,427,8189,-10.0,0,6,0.44089834172904097,0.20280340438087782,7190,True,False,True,16.10724169999594
debug_algorithm_dqn_statev1_sparse_seed42_20261010_222236_476674_99040957,dqn,42,v1,sparse,428,8219,0.0,1,30,0.43957756282280086,0.3082907184958458,7220,True,False,True,16.161188999998558
debug_algorithm_dqn_statev1_sparse_seed42_20261010_222236_476674_99040957,dqn,42,v1,sparse,429,8246,20.0,3,27,0.43839224503543156,0.33401691803225764,7247,True,False,True,16.207318199994916
debug_algorithm_dqn_statev1_sparse_seed42_20261010_222236_476674_99040957,dqn,42,v1,sparse,430,8300,30.0,4,54,0.4360311894452362,0.3431252867535309,7301,True,False,True,16.302683799993247
debug_algorithm_dqn_statev1_sparse_seed42_20261010_222236_476674_99040957,dqn,42,v1,sparse,431,8311,-10.0,0,11,0.43555179488206996,0.29014422541314905,7312,True,False,True,16.32759029999579
debug_algorithm_dqn_statev1_sparse_seed42_20261010_222236_476674_99040957,dqn,42,v1,sparse,432,8313,-10.0,0,2,0.43546468887861156,0.318302646279335,7314,True,False,True,16.33080969999719
debug_algorithm_dqn_statev1_sparse_seed42_20261010_222236_476674_99040957,dqn,42,v1,sparse,433,8331,10.0,2,18,0.43468151834439817,0.28444835046927136,7332,True,False,True,16.36083409999992
debug_algorithm_dqn_statev1_sparse_seed42_20261010_222236_476674_99040957,dqn,42,v1,sparse,434,8346,-10.0,0,15,0.43402995228475516,0.3510729320347309,7347,True,False,True,16.393155499994464
debug_algorithm_dqn_statev1_sparse_seed42_20261010_222236_476674_99040957,dqn,42,v1,sparse,435,8352,-10.0,0,6,0.4337695994091972,0.240901422376434,7353,True,False,True,16.404946499998914
debug_algorithm_dqn_statev1_sparse_seed42_20261010_222236_476674_99040957,dqn,42,v1,sparse,436,8380,10.0,2,28,0.432556682759796,0.2873318953705685,7381,True,False,True,16.462985299993306
debug_algorithm_dqn_statev1_sparse_seed42_20261010_222236_476674_99040957,dqn,42,v1,sparse,437,8414,10.0,2,34,0.4310884140949888,0.3189874637652846,7415,True,False,True,16.520647199999075
debug_algorithm_dqn_statev1_sparse_seed42_20261010_222236_476674_99040957,dqn,42,v1,sparse,438,8423,-10.0,0,9,0.4307005896779264,0.41019276446766323,7424,True,False,True,16.533916199994565
debug_algorithm_dqn_statev1_sparse_seed42_20261010_222236_476674_99040957,dqn,42,v1,sparse,439,8432,0.0,1,9,0.4303131141632552,0.2984473672178056,7433,True,False,True,16.547882099999697
debug_algorithm_dqn_statev1_sparse_seed42_20261010_222236_476674_99040957,dqn,42,v1,sparse,440,8441,0.0,1,9,0.4299259872370885,0.2341551925573084,7442,True,False,True,16.56257519999781
debug_algorithm_dqn_statev1_sparse_seed42_20261010_222236_476674_99040957,dqn,42,v1,sparse,441,8460,0.0,1,19,0.42910986261834466,0.328559543349241,7461,True,False,True,16.594583399994008
debug_algorithm_dqn_statev1_sparse_seed42_20261010_222236_476674_99040957,dqn,42,v1,sparse,442,8465,0.0,1,5,0.42889535059373085,0.4244710147380829,7466,True,False,True,16.602669699997932
debug_algorithm_dqn_statev1_sparse_seed42_20261010_222236_476674_99040957,dqn,42,v1,sparse,443,8556,50.0,6,91,0.4250099141780141,0.364028101848377,7557,True,False,True,16.75047099999938
debug_algorithm_dqn_statev1_sparse_seed42_20261010_222236_476674_99040957,dqn,42,v1,sparse,444,8557,-10.0,0,1,0.4249674131865963,0.3172937035560608,7558,True,False,True,16.752203799995186
debug_algorithm_dqn_statev1_sparse_seed42_20261010_222236_476674_99040957,dqn,42,v1,sparse,445,8580,0.0,1,23,0.42399106255158153,0.32019823141719983,7581,True,False,True,16.79149079999479
debug_algorithm_dqn_statev1_sparse_seed42_20261010_222236_476674_99040957,dqn,42,v1,sparse,446,8594,0.0,1,14,0.4233978607415859,0.3633646020399673,7595,True,False,True,16.817236399998365
debug_algorithm_dqn_statev1_sparse_seed42_20261010_222236_476674_99040957,dqn,42,v1,sparse,447,8609,-10.0,0,15,0.4227632083256393,0.2941778153181076,7610,True,False,True,16.841672499998822
debug_algorithm_dqn_statev1_sparse_seed42_20261010_222236_476674_99040957,dqn,42,v1,sparse,448,8630,10.0,2,21,0.421876292828871,0.2987201169487976,7631,True,False,True,16.87986059999821
debug_algorithm_dqn_statev1_sparse_seed42_20261010_222236_476674_99040957,dqn,42,v1,sparse,449,8632,-10.0,0,2,0.42179192178906816,0.18355154618620872,7633,True,False,True,16.88316749999649
debug_algorithm_dqn_statev1_sparse_seed42_20261010_222236_476674_99040957,dqn,42,v1,sparse,450,8654,-10.0,0,22,0.4208649532512206,0.282340304587375,7655,True,False,True,16.9192996999991
debug_algorithm_dqn_statev1_sparse_seed42_20261010_222236_476674_99040957,dqn,42,v1,sparse,451,8700,40.0,5,46,0.4189333240366638,0.31798351564161154,7701,True,False,True,16.99741869999707
debug_algorithm_dqn_statev1_sparse_seed42_20261010_222236_476674_99040957,dqn,42,v1,sparse,452,8701,-10.0,0,1,0.4188914307042601,0.3015662729740143,7702,True,False,True,16.999167999994825
debug_algorithm_dqn_statev1_sparse_seed42_20261010_222236_476674_99040957,dqn,42,v1,sparse,453,8735,10.0,2,34,0.4174695473160871,0.32380080551785584,7736,True,False,True,17.059265399999276
debug_algorithm_dqn_statev1_sparse_seed42_20261010_222236_476674_99040957,dqn,42,v1,sparse,454,8784,30.0,4,49,0.41542884829349325,0.3582823750924091,7785,True,False,True,17.147127599993837
debug_algorithm_dqn_statev1_sparse_seed42_20261010_222236_476674_99040957,dqn,42,v1,sparse,455,8817,30.0,4,33,0.4140601242935628,0.3426909331570972,7818,True,False,True,17.204047599996557
debug_algorithm_dqn_statev1_sparse_seed42_20261010_222236_476674_99040957,dqn,42,v1,sparse,456,8819,-10.0,0,2,0.41397731640930535,0.2775501608848572,7820,True,False,True,17.20698319999792
debug_algorithm_dqn_statev1_sparse_seed42_20261010_222236_476674_99040957,dqn,42,v1,sparse,457,8838,10.0,2,19,0.4131914670083552,0.370335331676822,7839,True,False,True,17.2443107999934
debug_algorithm_dqn_statev1_sparse_seed42_20261010_222236_476674_99040957,dqn,42,v1,sparse,458,8905,40.0,5,67,0.4104322000804282,0.3769253563525072,7906,True,False,True,17.36121369999455
debug_algorithm_dqn_statev1_sparse_seed42_20261010_222236_476674_99040957,dqn,42,v1,sparse,459,8975,20.0,3,70,0.40756906418802163,0.35447019237492766,7976,True,False,True,17.49145839999983
debug_algorithm_dqn_statev1_sparse_seed42_20261010_222236_476674_99040957,dqn,42,v1,sparse,460,9002,30.0,4,27,0.4064700570907049,0.3463061097319479,8003,True,False,True,17.539769399998477
debug_algorithm_dqn_statev1_sparse_seed42_20261010_222236_476674_99040957,dqn,42,v1,sparse,461,9003,-10.0,0,1,0.40642941008499583,0.10215087234973907,8004,True,False,True,17.54140109999571
debug_algorithm_dqn_statev1_sparse_seed42_20261010_222236_476674_99040957,dqn,42,v1,sparse,462,9005,-10.0,0,2,0.40634812826727296,0.6831292361021042,8006,True,False,True,17.544815199995355
debug_algorithm_dqn_statev1_sparse_seed42_20261010_222236_476674_99040957,dqn,42,v1,sparse,463,9018,-10.0,0,13,0.4058201925358789,0.3661484448955609,8019,True,False,True,17.567646999996214
debug_algorithm_dqn_statev1_sparse_seed42_20261010_222236_476674_99040957,dqn,42,v1,sparse,464,9032,0.0,1,14,0.40525241341502594,0.37593501061201096,8033,True,False,True,17.59099559999595
debug_algorithm_dqn_statev1_sparse_seed42_20261010_222236_476674_99040957,dqn,42,v1,sparse,465,9049,-10.0,0,17,0.4045640351800275,0.3284087128498975,8050,True,False,True,17.621528699994087
debug_algorithm_dqn_statev1_sparse_seed42_20261010_222236_476674_99040957,dqn,42,v1,sparse,466,9066,0.0,1,17,0.403876826252302,0.3255777411601123,8067,True,False,True,17.64777349999349
debug_algorithm_dqn_statev1_sparse_seed42_20261010_222236_476674_99040957,dqn,42,v1,sparse,467,9079,10.0,2,13,0.40335210128661864,0.34721701219677925,8080,True,False,True,17.666768299997784
debug_algorithm_dqn_statev1_sparse_seed42_20261010_222236_476674_99040957,dqn,42,v1,sparse,468,9107,0.0,1,28,0.40222423875340313,0.3973969481885433,8108,True,False,True,17.710701099997095
debug_algorithm_dqn_statev1_sparse_seed42_20261010_222236_476674_99040957,dqn,42,v1,sparse,469,9136,20.0,3,29,0.4010594200226551,0.3628810202253276,8137,True,False,True,17.75965939999878
debug_algorithm_dqn_statev1_sparse_seed42_20261010_222236_476674_99040957,dqn,42,v1,sparse,470,9167,30.0,4,31,0.3998179989453874,0.384309095721091,8168,True,False,True,17.830046399998537
debug_algorithm_dqn_statev1_sparse_seed42_20261010_222236_476674_99040957,dqn,42,v1,sparse,471,9186,0.0,1,19,0.3990590280489007,0.2879087187741932,8187,True,False,True,17.864716999996745
debug_algorithm_dqn_statev1_sparse_seed42_20261010_222236_476674_99040957,dqn,42,v1,sparse,472,9187,-10.0,0,1,0.3990191221460958,0.3056783676147461,8188,True,False,True,17.866758699994534
debug_algorithm_dqn_statev1_sparse_seed42_20261010_222236_476674_99040957,dqn,42,v1,sparse,473,9204,0.0,1,17,0.39834133203321564,0.35099637596046224,8205,True,False,True,17.898668999994698
debug_algorithm_dqn_statev1_sparse_seed42_20261010_222236_476674_99040957,dqn,42,v1,sparse,474,9224,30.0,4,20,0.397545405763764,0.3464650183916092,8225,True,False,True,17.93637179999496
debug_algorithm_dqn_statev1_sparse_seed42_20261010_222236_476674_99040957,dqn,42,v1,sparse,475,9253,0.0,1,29,0.39639413666970946,0.35859111812094163,8254,True,False,True,17.9888140999974
debug_algorithm_dqn_statev1_sparse_seed42_20261010_222236_476674_99040957,dqn,42,v1,sparse,476,9291,10.0,2,38,0.39489062226008853,0.33448988963898857,8292,True,False,True,18.04945709999447
debug_algorithm_dqn_statev1_sparse_seed42_20261010_222236_476674_99040957,dqn,42,v1,sparse,477,9320,10.0,2,29,0.3937470412694678,0.3866784431297204,8321,True,False,True,18.09718829999474
debug_algorithm_dqn_statev1_sparse_seed42_20261010_222236_476674_99040957,dqn,42,v1,sparse,478,9327,-10.0,0,7,0.39347150101367806,0.3423724887626512,8328,True,False,True,18.110393299997668
debug_algorithm_dqn_statev1_sparse_seed42_20261010_222236_476674_99040957,dqn,42,v1,sparse,479,9329,0.0,1,2,0.39339281064819037,0.2175007089972496,8330,True,False,True,18.11465479999606
debug_algorithm_dqn_statev1_sparse_seed42_20261010_222236_476674_99040957,dqn,42,v1,sparse,480,9342,-10.0,0,13,0.39288170672825795,0.34647467789741665,8343,True,False,True,18.13511099999596
debug_algorithm_dqn_statev1_sparse_seed42_20261010_222236_476674_99040957,dqn,42,v1,sparse,481,9347,-10.0,0,5,0.39268530515913586,0.3223632425069809,8348,True,False,True,18.14337389999855
debug_algorithm_dqn_statev1_sparse_seed42_20261010_222236_476674_99040957,dqn,42,v1,sparse,482,9380,10.0,2,33,0.3913915148896372,0.34064261773318955,8381,True,False,True,18.19397559999925
debug_algorithm_dqn_statev1_sparse_seed42_20261010_222236_476674_99040957,dqn,42,v1,sparse,483,9382,-10.0,0,2,0.3913132405005744,0.11704550497233868,8383,True,False,True,18.197058699995978
debug_algorithm_dqn_statev1_sparse_seed42_20261010_222236_476674_99040957,dqn,42,v1,sparse,484,9392,-10.0,0,10,0.3909221033040828,0.40278289169073106,8393,True,False,True,18.21613989999605
debug_algorithm_dqn_statev1_sparse_seed42_20261010_222236_476674_99040957,dqn,42,v1,sparse,485,9404,20.0,3,12,0.3904532547027225,0.344300855572025,8405,True,False,True,18.23657469999307
debug_algorithm_dqn_statev1_sparse_seed42_20261010_222236_476674_99040957,dqn,42,v1,sparse,486,9416,0.0,1,12,0.3899849684103469,0.36157333105802536,8417,True,False,True,18.25603989999945
debug_algorithm_dqn_statev1_sparse_seed42_20261010_222236_476674_99040957,dqn,42,v1,sparse,487,9439,10.0,2,23,0.38908898895465516,0.3293850159515505,8440,True,False,True,18.300232499997946
debug_algorithm_dqn_statev1_sparse_seed42_20261010_222236_476674_99040957,dqn,42,v1,sparse,488,9476,30.0,4,37,0.38765194800753605,0.33075629738537043,8477,True,False,True,18.371304899999814
debug_algorithm_dqn_statev1_sparse_seed42_20261010_222236_476674_99040957,dqn,42,v1,sparse,489,9479,-10.0,0,3,0.3875356640523046,0.32693737745285034,8480,True,False,True,18.3778913999995
debug_algorithm_dqn_statev1_sparse_seed42_20261010_222236_476674_99040957,dqn,42,v1,sparse,490,9504,0.0,1,25,0.38656798660832414,0.32221184223890303,8505,True,False,True,18.42249979999906
debug_algorithm_dqn_statev1_sparse_seed42_20261010_222236_476674_99040957,dqn,42,v1,sparse,491,9517,-10.0,0,13,0.3860657496382321,0.3986838305225739,8518,True,False,True,18.443319499994686
debug_algorithm_dqn_statev1_sparse_seed42_20261010_222236_476674_99040957,dqn,42,v1,sparse,492,9566,30.0,4,49,0.3841785604935176,0.3878726084165427,8567,True,False,True,18.535536199997296
debug_algorithm_dqn_statev1_sparse_seed42_20261010_222236_476674_99040957,dqn,42,v1,sparse,493,9580,0.0,1,14,0.3836410599715142,0.3227881496506078,8581,True,False,True,18.559251999999105
debug_algorithm_dqn_statev1_sparse_seed42_20261010_222236_476674_99040957,dqn,42,v1,sparse,494,9587,-10.0,0,7,0.3833725917807307,0.46444955255304066,8588,True,False,True,18.572948899993207
debug_algorithm_dqn_statev1_sparse_seed42_20261010_222236_476674_99040957,dqn,42,v1,sparse,495,9608,20.0,3,21,0.3825683139107777,0.4596998343865077,8609,True,False,True,18.619830399999046
debug_algorithm_dqn_statev1_sparse_seed42_20261010_222236_476674_99040957,dqn,42,v1,sparse,496,9634,10.0,2,26,0.38157487864752426,0.41600066595352614,8635,True,False,True,18.67079019999801
debug_algorithm_dqn_statev1_sparse_seed42_20261010_222236_476674_99040957,dqn,42,v1,sparse,497,9650,0.0,1,16,0.3809648165179302,0.4037420558743179,8651,True,False,True,18.69929509999929
debug_algorithm_dqn_statev1_sparse_seed42_20261010_222236_476674_99040957,dqn,42,v1,sparse,498,9709,20.0,3,59,0.37872363004101967,0.3779717921200445,8710,True,False,True,18.805183199998282
debug_algorithm_dqn_statev1_sparse_seed42_20261010_222236_476674_99040957,dqn,42,v1,sparse,499,9713,-10.0,0,4,0.3785721633109062,0.2829030975699425,8714,True,False,True,18.812367599995923
debug_algorithm_dqn_statev1_sparse_seed42_20261010_222236_476674_99040957,dqn,42,v1,sparse,500,9793,30.0,4,80,0.37555551784107416,0.39978344426490364,8794,True,False,True,18.95543109999562
debug_algorithm_dqn_statev1_sparse_seed42_20261010_222236_476674_99040957,dqn,42,v1,sparse,501,9848,40.0,5,55,0.3734955296524846,0.4039173948493871,8849,True,False,True,19.068285800000012
debug_algorithm_dqn_statev1_sparse_seed42_20261010_222236_476674_99040957,dqn,42,v1,sparse,502,9890,30.0,4,42,0.3719300599409032,0.37735961138137747,8891,True,False,True,19.154668099996343
debug_algorithm_dqn_statev1_sparse_seed42_20261010_222236_476674_99040957,dqn,42,v1,sparse,503,9962,70.0,8,72,0.36926164789796395,0.4011505719067322,8963,True,False,True,19.283797099997173
debug_algorithm_dqn_statev1_sparse_seed42_20261010_222236_476674_99040957,dqn,42,v1,sparse,504,9977,10.0,2,15,0.36870814298288374,0.4735504637161891,8978,True,False,True,19.312216399994213
debug_algorithm_dqn_statev1_sparse_seed42_20261010_222236_476674_99040957,dqn,42,v1,sparse,505,9987,-10.0,0,10,0.36833960071432803,0.45392654836177826,8988,True,False,True,19.329644599994936
debug_algorithm_dqn_statev1_sparse_seed42_20261010_222236_476674_99040957,dqn,42,v1,sparse,506,10017,10.0,2,30,0.3672361826949984,0.44458684970935186,9018,True,False,True,19.382738499996776
debug_algorithm_dqn_statev1_sparse_seed42_20261010_222236_476674_99040957,dqn,42,v1,sparse,507,10036,20.0,3,19,0.366539061566041,0.4672438510154423,9037,True,False,True,19.414933599997312
debug_algorithm_dqn_statev1_sparse_seed42_20261010_222236_476674_99040957,dqn,42,v1,sparse,508,10071,10.0,2,35,0.3652583533608961,0.38880321553775243,9072,True,False,True,19.48244779999368
debug_algorithm_dqn_statev1_sparse_seed42_20261010_222236_476674_99040957,dqn,42,v1,sparse,509,10077,0.0,1,6,0.365039253130328,0.35899262440701324,9078,True,False,True,19.494127499994647
debug_algorithm_dqn_statev1_sparse_seed42_20261010_222236_476674_99040957,dqn,42,v1,sparse,510,10079,-10.0,0,2,0.3649662489300945,0.36861513555049896,9080,True,False,True,19.498057499993593
debug_algorithm_dqn_statev1_sparse_seed42_20261010_222236_476674_99040957,dqn,42,v1,sparse,511,10152,50.0,6,73,0.36231156396615544,0.42784001249564835,9153,True,False,True,19.631317199993646
debug_algorithm_dqn_statev1_sparse_seed42_20261010_222236_476674_99040957,dqn,42,v1,sparse,512,10178,10.0,2,26,0.3613707304709577,0.39614667714788365,9179,True,False,True,19.681931999999506
debug_algorithm_dqn_statev1_sparse_seed42_20261010_222236_476674_99040957,dqn,42,v1,sparse,513,10209,10.0,2,31,0.3602521599571695,0.40761336251612634,9210,True,False,True,19.736844799997925
debug_algorithm_dqn_statev1_sparse_seed42_20261010_222236_476674_99040957,dqn,42,v1,sparse,514,10210,-10.0,0,1,0.3602161347411738,0.3134264647960663,9211,True,False,True,19.738395799999125
debug_algorithm_dqn_statev1_sparse_seed42_20261010_222236_476674_99040957,dqn,42,v1,sparse,515,10234,10.0,2,24,0.3593526094856322,0.4332341446230809,9235,True,False,True,19.77978809999331
debug_algorithm_dqn_statev1_sparse_seed42_20261010_222236_476674_99040957,dqn,42,v1,sparse,516,10257,-10.0,0,23,0.3585270070098219,0.4154186514408692,9258,True,False,True,19.822609799994098
debug_algorithm_dqn_statev1_sparse_seed42_20261010_222236_476674_99040957,dqn,42,v1,sparse,517,10287,10.0,2,30,0.35745298412663534,0.41399412030975025,9288,True,False,True,19.880883199999516
debug_algorithm_dqn_statev1_sparse_seed42_20261010_222236_476674_99040957,dqn,42,v1,sparse,518,10288,-10.0,0,1,0.3574172388282227,0.20673513412475586,9289,True,False,True,19.882703799994488
debug_algorithm_dqn_statev1_sparse_seed42_20261010_222236_476674_99040957,dqn,42,v1,sparse,519,10307,0.0,1,19,0.3567387569117288,0.39026454130285665,9308,True,False,True,19.916922299998987
debug_algorithm_dqn_statev1_sparse_seed42_20261010_222236_476674_99040957,dqn,42,v1,sparse,520,10362,40.0,5,55,0.35478198197236777,0.42012537460435523,9363,True,False,True,20.014492299997073
debug_algorithm_dqn_statev1_sparse_seed42_20261010_222236_476674_99040957,dqn,42,v1,sparse,521,10416,40.0,5,54,0.35287122741107574,0.37791483297392175,9417,True,False,True,20.12217399999645
debug_algorithm_dqn_statev1_sparse_seed42_20261010_222236_476674_99040957,dqn,42,v1,sparse,522,10444,0.0,1,28,0.35188452067228043,0.3910048473626375,9445,True,False,True,20.171908899996197
debug_algorithm_dqn_statev1_sparse_seed42_20261010_222236_476674_99040957,dqn,42,v1,sparse,523,10447,-10.0,0,3,0.3517789658722625,0.25268132984638214,9448,True,False,True,20.17859449999378
debug_algorithm_dqn_statev1_sparse_seed42_20261010_222236_476674_99040957,dqn,42,v1,sparse,524,10529,60.0,7,82,0.348906029839454,0.4027494847229341,9530,True,False,True,20.321003199998813
debug_algorithm_dqn_statev1_sparse_seed42_20261010_222236_476674_99040957,dqn,42,v1,sparse,525,10561,30.0,4,32,0.34779125938855593,0.4281204689759761,9562,True,False,True,20.38379569999961
debug_algorithm_dqn_statev1_sparse_seed42_20261010_222236_476674_99040957,dqn,42,v1,sparse,526,10581,10.0,2,20,0.3470963372768583,0.44265961907804013,9582,True,False,True,20.417945899993356
debug_algorithm_dqn_statev1_sparse_seed42_20261010_222236_476674_99040957,dqn,42,v1,sparse,527,10594,0.0,1,13,0.34664538267429673,0.36066121092209447,9595,True,False,True,20.44757739999477
debug_algorithm_dqn_statev1_sparse_seed42_20261010_222236_476674_99040957,dqn,42,v1,sparse,528,10637,30.0,4,43,0.3451579334629268,0.4483325318541638,9638,True,False,True,20.523091099996236
debug_algorithm_dqn_statev1_sparse_seed42_20261010_222236_476674_99040957,dqn,42,v1,sparse,529,10733,50.0,6,96,0.3418601073017329,0.4311111295828596,9734,True,False,True,20.714657999997144
debug_algorithm_dqn_statev1_sparse_seed42_20261010_222236_476674_99040957,dqn,42,v1,sparse,530,10755,0.0,1,22,0.34110880423630247,0.3986259482123635,9756,True,False,True,20.752610199997434
debug_algorithm_dqn_statev1_sparse_seed42_20261010_222236_476674_99040957,dqn,42,v1,sparse,531,10807,40.0,5,52,0.33933955402773947,0.3744108139608915,9808,True,False,True,20.85516889999417
debug_algorithm_dqn_statev1_sparse_seed42_20261010_222236_476674_99040957,dqn,42,v1,sparse,532,10820,-10.0,0,13,0.3388986771953288,0.3884740471839905,9821,True,False,True,20.88186849999329
debug_algorithm_dqn_statev1_sparse_seed42_20261010_222236_476674_99040957,dqn,42,v1,sparse,533,10825,-10.0,0,5,0.33872926174321005,0.39405493885278703,9826,True,False,True,20.89076319999731
debug_algorithm_dqn_statev1_sparse_seed42_20261010_222236_476674_99040957,dqn,42,v1,sparse,534,10838,0.0,1,13,0.33828917781491563,0.3447414587896604,9839,True,False,True,20.917054199999257
debug_algorithm_dqn_statev1_sparse_seed42_20261010_222236_476674_99040957,dqn,42,v1,sparse,535,10902,50.0,6,64,0.33613093291371315,0.4450857859919779,9903,True,False,True,21.051367899999605
debug_algorithm_dqn_statev1_sparse_seed42_20261010_222236_476674_99040957,dqn,42,v1,sparse,536,10935,10.0,2,33,0.33502347377386804,0.44019614634188736,9936,True,False,True,21.114987099994323
debug_algorithm_dqn_statev1_sparse_seed42_20261010_222236_476674_99040957,dqn,42,v1,sparse,537,10965,10.0,2,30,0.3340198593453798,0.4204566309849421,9966,True,False,True,21.175988299997698
debug_algorithm_dqn_statev1_sparse_seed42_20261010_222236_476674_99040957,dqn,42,v1,sparse,538,11030,40.0,5,65,0.3318556633053091,0.4699961305237733,10031,True,False,True,21.298263199998473
debug_algorithm_dqn_statev1_sparse_seed42_20261010_222236_476674_99040957,dqn,42,v1,sparse,539,11062,40.0,5,32,0.33079536954201083,0.4090678789652884,10063,True,False,True,21.36321119999775
debug_algorithm_dqn_statev1_sparse_seed42_20261010_222236_476674_99040957,dqn,42,v1,sparse,540,11140,50.0,6,78,0.32822507432605785,0.43702161159270847,10141,True,False,True,21.539110099998652
debug_algorithm_dqn_statev1_sparse_seed42_20261010_222236_476674_99040957,dqn,42,v1,sparse,541,11180,10.0,2,40,0.3269147309444673,0.4154611049219966,10181,True,False,True,21.6288568999953
debug_algorithm_dqn_statev1_sparse_seed42_20261010_222236_476674_99040957,dqn,42,v1,sparse,542,11190,-10.0,0,10,0.32658796328592893,0.3888438858091831,10191,True,False,True,21.6545771999954
debug_algorithm_dqn_statev1_sparse_seed42_20261010_222236_476674_99040957,dqn,42,v1,sparse,543,11213,10.0,2,23,0.3258376366598203,0.4257189569913823,10214,True,False,True,21.710452699997404
debug_algorithm_dqn_statev1_sparse_seed42_20261010_222236_476674_99040957,dqn,42,v1,sparse,544,11247,30.0,4,34,0.32473161469601647,0.40766794322168126,10248,True,False,True,21.778771099998266
debug_algorithm_dqn_statev1_sparse_seed42_20261010_222236_476674_99040957,dqn,42,v1,sparse,545,11282,10.0,2,35,0.3235969840740189,0.40639795980283194,10283,True,False,True,21.85111859999597
debug_algorithm_dqn_statev1_sparse_seed42_20261010_222236_476674_99040957,dqn,42,v1,sparse,546,11343,30.0,4,61,0.32162895266658853,0.37486180718072126,10344,True,False,True,21.96570619999693
debug_algorithm_dqn_statev1_sparse_seed42_20261010_222236_476674_99040957,dqn,42,v1,sparse,547,11391,30.0,4,48,0.3200887561117333,0.42857047558451694,10392,True,False,True,22.058020699994813
debug_algorithm_dqn_statev1_sparse_seed42_20261010_222236_476674_99040957,dqn,42,v1,sparse,548,11392,-10.0,0,1,0.32005674723612215,0.26846611499786377,10393,True,False,True,22.059560199995758
debug_algorithm_dqn_statev1_sparse_seed42_20261010_222236_476674_99040957,dqn,42,v1,sparse,549,11417,10.0,2,25,0.31925756480254774,0.37659172356128695,10418,True,False,True,22.10074149999855
debug_algorithm_dqn_statev1_sparse_seed42_20261010_222236_476674_99040957,dqn,42,v1,sparse,550,11506,60.0,7,89,0.31642863842369534,0.4114945216125317,10507,True,False,True,22.271204599994235
debug_algorithm_dqn_statev1_sparse_seed42_20261010_222236_476674_99040957,dqn,42,v1,sparse,551,11533,20.0,3,27,0.31557539083947367,0.42135023408465916,10534,True,False,True,22.322617899997567
debug_algorithm_dqn_statev1_sparse_seed42_20261010_222236_476674_99040957,dqn,42,v1,sparse,552,11585,40.0,5,52,0.3139385763711101,0.4160951546464975,10586,True,False,True,22.42578979999962
debug_algorithm_dqn_statev1_sparse_seed42_20261010_222236_476674_99040957,dqn,42,v1,sparse,553,11620,20.0,3,35,0.3128416572352555,0.4686921078179564,10621,True,False,True,22.497323699994013
debug_algorithm_dqn_statev1_sparse_seed42_20261010_222236_476674_99040957,dqn,42,v1,sparse,554,11665,40.0,5,45,0.3114369624755377,0.43208645201391643,10666,True,False,True,22.589868499999284
debug_algorithm_dqn_statev1_sparse_seed42_20261010_222236_476674_99040957,dqn,42,v1,sparse,555,11718,10.0,2,53,0.3097906308891489,0.44538020019261343,10719,True,False,True,22.701714199996786
debug_algorithm_dqn_statev1_sparse_seed42_20261010_222236_476674_99040957,dqn,42,v1,sparse,556,11729,0.0,1,11,0.3094500315289127,0.49399166757410223,10730,True,False,True,22.720497199996316
debug_algorithm_dqn_statev1_sparse_seed42_20261010_222236_476674_99040957,dqn,42,v1,sparse,557,11730,-10.0,0,1,0.30941908652575983,0.49534350633621216,10731,True,False,True,22.721998899993196
debug_algorithm_dqn_statev1_sparse_seed42_20261010_222236_476674_99040957,dqn,42,v1,sparse,558,11770,20.0,3,40,0.30818382059429705,0.4807585971429944,10771,True,False,True,22.792847599994275
debug_algorithm_dqn_statev1_sparse_seed42_20261010_222236_476674_99040957,dqn,42,v1,sparse,559,11794,0.0,1,24,0.30744502938877893,0.5007860704014698,10795,True,False,True,22.834837899994454
debug_algorithm_dqn_statev1_sparse_seed42_20261010_222236_476674_99040957,dqn,42,v1,sparse,560,11799,-10.0,0,5,0.3072913376155132,0.41061702072620393,10800,True,False,True,22.843785799996112
debug_algorithm_dqn_statev1_sparse_seed42_20261010_222236_476674_99040957,dqn,42,v1,sparse,561,11901,60.0,7,102,0.3041727419170432,0.43328598601853147,10902,True,False,True,23.024724399998377
debug_algorithm_dqn_statev1_sparse_seed42_20261010_222236_476674_99040957,dqn,42,v1,sparse,562,11930,10.0,2,29,0.303291874796091,0.4475046694278717,10931,True,False,True,23.075001699995482
debug_algorithm_dqn_statev1_sparse_seed42_20261010_222236_476674_99040957,dqn,42,v1,sparse,563,11995,40.0,5,65,0.30132677285363235,0.38495082889611903,10996,True,False,True,23.18272139999317
debug_algorithm_dqn_statev1_sparse_seed42_20261010_222236_476674_99040957,dqn,42,v1,sparse,564,12042,40.0,5,47,0.29991378948299147,0.4354719004415451,11043,True,False,True,23.281682900000305
debug_algorithm_dqn_statev1_sparse_seed42_20261010_222236_476674_99040957,dqn,42,v1,sparse,565,12080,30.0,4,38,0.29877622294903583,0.46694685567758587,11081,True,False,True,23.354292500000156
debug_algorithm_dqn_statev1_sparse_seed42_20261010_222236_476674_99040957,dqn,42,v1,sparse,566,12094,-10.0,0,14,0.2983582080145455,0.46894186096532003,11095,True,False,True,23.376251699999557
debug_algorithm_dqn_statev1_sparse_seed42_20261010_222236_476674_99040957,dqn,42,v1,sparse,567,12133,20.0,3,39,0.29719681911336693,0.42130373504299384,11134,True,False,True,23.44231359999685
debug_algorithm_dqn_statev1_sparse_seed42_20261010_222236_476674_99040957,dqn,42,v1,sparse,568,12164,0.0,1,31,0.29627688960435933,0.473241824296213,11165,True,False,True,23.498133499997493
debug_algorithm_dqn_statev1_sparse_seed42_20261010_222236_476674_99040957,dqn,42,v1,sparse,569,12206,20.0,3,42,0.29503507421409564,0.44569107038634165,11207,True,False,True,23.586711199997808
debug_algorithm_dqn_statev1_sparse_seed42_20261010_222236_476674_99040957,dqn,42,v1,sparse,570,12213,0.0,1,7,0.2948286116091861,0.36933767582689014,11214,True,False,True,23.600698799993552
debug_algorithm_dqn_statev1_sparse_seed42_20261010_222236_476674_99040957,dqn,42,v1,sparse,571,12243,10.0,2,30,0.2939454070826226,0.49754011631011963,11244,True,False,True,23.66336809999484
debug_algorithm_dqn_statev1_sparse_seed42_20261010_222236_476674_99040957,dqn,42,v1,sparse,572,12257,0.0,1,14,0.2935341508960607,0.360450616239437,11258,True,False,True,23.69017519999761
debug_algorithm_dqn_statev1_sparse_seed42_20261010_222236_476674_99040957,dqn,42,v1,sparse,573,12359,80.0,9,102,0.2905551722257155,0.44512378946677145,11360,True,False,True,23.89747279999574
debug_algorithm_dqn_statev1_sparse_seed42_20261010_222236_476674_99040957,dqn,42,v1,sparse,574,12374,0.0,1,15,0.29011964441814486,0.46930728256702425,11375,True,False,True,23.922500399996352
debug_algorithm_dqn_statev1_sparse_seed42_20261010_222236_476674_99040957,dqn,42,v1,sparse,575,12391,10.0,2,17,0.28962683538813816,0.46111559276195135,11392,True,False,True,23.953740999997535
debug_algorithm_dqn_statev1_sparse_seed42_20261010_222236_476674_99040957,dqn,42,v1,sparse,576,12458,50.0,6,67,0.2876927253879661,0.46327171941746526,11459,True,False,True,24.0843137999982
debug_algorithm_dqn_statev1_sparse_seed42_20261010_222236_476674_99040957,dqn,42,v1,sparse,577,12464,-10.0,0,6,0.2875201529008887,0.5604393730560938,11465,True,False,True,24.09350319999794
debug_algorithm_dqn_statev1_sparse_seed42_20261010_222236_476674_99040957,dqn,42,v1,sparse,578,12509,50.0,6,45,0.28622915458671805,0.41233995449211863,11510,True,False,True,24.17827319999924
debug_algorithm_dqn_statev1_sparse_seed42_20261010_222236_476674_99040957,dqn,42,v1,sparse,579,12566,50.0,6,57,0.2846022082591103,0.463321866696341,11567,True,False,True,24.282644499995513
debug_algorithm_dqn_statev1_sparse_seed42_20261010_222236_476674_99040957,dqn,42,v1,sparse,580,12577,-10.0,0,11,0.28428930231428984,0.6806889284740795,11578,True,False,True,24.300350599995
debug_algorithm_dqn_statev1_sparse_seed42_20261010_222236_476674_99040957,dqn,42,v1,sparse,581,12584,0.0,1,7,0.2840903594934742,0.40702730417251587,11585,True,False,True,24.31364339999709
debug_algorithm_dqn_statev1_sparse_seed42_20261010_222236_476674_99040957,dqn,42,v1,sparse,582,12640,50.0,6,56,0.2825038206072859,0.4283203597047499,11641,True,False,True,24.402862499999173
debug_algorithm_dqn_statev1_sparse_seed42_20261010_222236_476674_99040957,dqn,42,v1,sparse,583,12653,0.0,1,13,0.2821367859127005,0.4810685526866179,11654,True,False,True,24.422282199993788
debug_algorithm_dqn_statev1_sparse_seed42_20261010_222236_476674_99040957,dqn,42,v1,sparse,584,12729,40.0,5,76,0.280000567440092,0.41102874298629005,11730,True,False,True,24.559087599998747
debug_algorithm_dqn_statev1_sparse_seed42_20261010_222236_476674_99040957,dqn,42,v1,sparse,585,12734,-10.0,0,5,0.27986059515362877,0.42008542716503144,11735,True,False,True,24.566778699998395
debug_algorithm_dqn_statev1_sparse_seed42_20261010_222236_476674_99040957,dqn,42,v1,sparse,586,12766,20.0,3,32,0.2789664279705864,0.44765401794575155,11767,True,False,True,24.62505869999586
debug_algorithm_dqn_statev1_sparse_seed42_20261010_222236_476674_99040957,dqn,42,v1,sparse,587,12776,0.0,1,10,0.2786875870440383,0.5098859287798405,11777,True,False,True,24.642425199999707
debug_algorithm_dqn_statev1_sparse_seed42_20261010_222236_476674_99040957,dqn,42,v1,sparse,588,12881,90.0,10,105,0.2757765316125038,0.4356634258159569,11882,True,False,True,24.824382199993124
debug_algorithm_dqn_statev1_sparse_seed42_20261010_222236_476674_99040957,dqn,42,v1,sparse,589,12951,20.0,3,70,0.27385274082370015,0.4566269685115133,11952,True,False,True,24.960018199999467
debug_algorithm_dqn_statev1_sparse_seed42_20261010_222236_476674_99040957,dqn,42,v1,sparse,590,12997,40.0,5,46,0.2725958484391594,0.48903730341597745,11998,True,False,True,25.040151799999876
debug_algorithm_dqn_statev1_sparse_seed42_20261010_222236_476674_99040957,dqn,42,v1,sparse,591,13028,10.0,2,31,0.2717520676552323,0.5279265762336792,12029,True,False,True,25.093537699998706
debug_algorithm_dqn_statev1_sparse_seed42_20261010_222236_476674_99040957,dqn,42,v1,sparse,592,13056,10.0,2,28,0.2709921881989098,0.4625092060970409,12057,True,False,True,25.142193299994688
debug_algorithm_dqn_statev1_sparse_seed42_20261010_222236_476674_99040957,dqn,42,v1,sparse,593,13083,20.0,3,27,0.2702614596811766,0.49099091523223454,12084,True,False,True,25.189372799999546
debug_algorithm_dqn_statev1_sparse_seed42_20261010_222236_476674_99040957,dqn,42,v1,sparse,594,13099,10.0,2,16,0.26982936550814113,0.3994935951195657,12100,True,False,True,25.216571499993734
debug_algorithm_dqn_statev1_sparse_seed42_20261010_222236_476674_99040957,dqn,42,v1,sparse,595,13116,10.0,2,17,0.26937102237129457,0.44356899664682503,12117,True,False,True,25.243917399995553
debug_algorithm_dqn_statev1_sparse_seed42_20261010_222236_476674_99040957,dqn,42,v1,sparse,596,13125,10.0,2,9,0.2691286854021047,0.4335186249679989,12126,True,False,True,25.260349599993788
debug_algorithm_dqn_statev1_sparse_seed42_20261010_222236_476674_99040957,dqn,42,v1,sparse,597,13151,20.0,3,26,0.2684298247889545,0.42274211605007833,12152,True,False,True,25.305847699994047
debug_algorithm_dqn_statev1_sparse_seed42_20261010_222236_476674_99040957,dqn,42,v1,sparse,598,13191,50.0,6,40,0.26735819659279675,0.480583031848073,12192,True,False,True,25.37657179999951
debug_algorithm_dqn_statev1_sparse_seed42_20261010_222236_476674_99040957,dqn,42,v1,sparse,599,13229,30.0,4,38,0.26634411272040465,0.5124431017198061,12230,True,False,True,25.441928799999005
debug_algorithm_dqn_statev1_sparse_seed42_20261010_222236_476674_99040957,dqn,42,v1,sparse,600,13265,20.0,3,36,0.26538694998239215,0.4215967021882534,12266,True,False,True,25.511341799996444
debug_algorithm_dqn_statev1_sparse_seed42_20261010_222236_476674_99040957,dqn,42,v1,sparse,601,13305,30.0,4,40,0.26432746958107334,0.49035691004246473,12306,True,False,True,25.596990399993956
debug_algorithm_dqn_statev1_sparse_seed42_20261010_222236_476674_99040957,dqn,42,v1,sparse,602,13360,70.0,8,55,0.26287758683567564,0.4855915192175995,12361,True,False,True,25.70327279999765
debug_algorithm_dqn_statev1_sparse_seed42_20261010_222236_476674_99040957,dqn,42,v1,sparse,603,13365,0.0,1,5,0.26274617432738784,0.6608512580394745,12366,True,False,True,25.714867599999707
debug_algorithm_dqn_statev1_sparse_seed42_20261010_222236_476674_99040957,dqn,42,v1,sparse,604,13387,20.0,3,22,0.26216873928309337,0.4136990813369101,12388,True,False,True,25.764721299994562
debug_algorithm_dqn_statev1_sparse_seed42_20261010_222236_476674_99040957,dqn,42,v1,sparse,605,13449,20.0,3,62,0.2605482408097844,0.45342357216342805,12450,True,False,True,25.873916599994118
debug_algorithm_dqn_statev1_sparse_seed42_20261010_222236_476674_99040957,dqn,42,v1,sparse,606,13489,20.0,3,40,0.25950807755098654,0.5894987899810076,12490,True,False,True,25.954780799998844
debug_algorithm_dqn_statev1_sparse_seed42_20261010_222236_476674_99040957,dqn,42,v1,sparse,607,13506,0.0,1,17,0.2590672665737316,0.4319707190289217,12507,True,False,True,25.985559199994896
debug_algorithm_dqn_statev1_sparse_seed42_20261010_222236_476674_99040957,dqn,42,v1,sparse,608,13519,0.0,1,13,0.258730681125579,0.5756318156535809,12520,True,False,True,26.00944869999512
debug_algorithm_dqn_statev1_sparse_seed42_20261010_222236_476674_99040957,dqn,42,v1,sparse,609,13530,-10.0,0,11,0.2584462196355335,0.5451666766946967,12531,True,False,True,26.028957199996512
debug_algorithm_dqn_statev1_sparse_seed42_20261010_222236_476674_99040957,dqn,42,v1,sparse,610,13562,10.0,2,32,0.257620472344985,0.4773017051629722,12563,True,False,True,26.101358099993377
debug_algorithm_dqn_statev1_sparse_seed42_20261010_222236_476674_99040957,dqn,42,v1,sparse,611,13566,0.0,1,4,0.2575174396122449,0.25082543678581715,12567,True,False,True,26.109749999995984
debug_algorithm_dqn_statev1_sparse_seed42_20261010_222236_476674_99040957,dqn,42,v1,sparse,612,13604,20.0,3,38,0.2565406815188013,0.44267408530178826,12605,True,False,True,26.18339169999672
debug_algorithm_dqn_statev1_sparse_seed42_20261010_222236_476674_99040957,dqn,42,v1,sparse,613,13635,10.0,2,31,0.2557465971679186,0.48758317890667147,12636,True,False,True,26.23278819999541
debug_algorithm_dqn_statev1_sparse_seed42_20261010_222236_476674_99040957,dqn,42,v1,sparse,614,13676,40.0,5,41,0.25470013051795637,0.5278241837896952,12677,True,False,True,26.302243199999793
debug_algorithm_dqn_statev1_sparse_seed42_20261010_222236_476674_99040957,dqn,42,v1,sparse,615,13679,-10.0,0,3,0.2546237281195502,0.26878564059734344,12680,True,False,True,26.306936099994346
debug_algorithm_dqn_statev1_sparse_seed42_20261010_222236_476674_99040957,dqn,42,v1,sparse,616,13696,0.0,1,17,0.2541912138969337,0.5334759941872429,12697,True,False,True,26.33977519999462
debug_algorithm_dqn_statev1_sparse_seed42_20261010_222236_476674_99040957,dqn,42,v1,sparse,617,13708,-10.0,0,12,0.25388635215054906,0.4004617215444644,12709,True,False,True,26.358081499995023
debug_algorithm_dqn_statev1_sparse_seed42_20261010_222236_476674_99040957,dqn,42,v1,sparse,618,13759,20.0,3,51,0.2525947635247266,0.523947083774735,12760,True,False,True,26.439885399995546
debug_algorithm_dqn_statev1_sparse_seed42_20261010_222236_476674_99040957,dqn,42,v1,sparse,619,13804,60.0,7,45,0.251460584196465,0.5183777986301317,12805,True,False,True,26.527585499999986
debug_algorithm_dqn_statev1_sparse_seed42_20261010_222236_476674_99040957,dqn,42,v1,sparse,620,13823,-10.0,0,19,0.2509832388405229,0.4357109069824219,12824,True,False,True,26.575291299996024
debug_algorithm_dqn_statev1_sparse_seed42_20261010_222236_476674_99040957,dqn,42,v1,sparse,621,13855,10.0,2,32,0.2501813361091231,0.4451977708376944,12856,True,False,True,26.636349099993822
debug_algorithm_dqn_statev1_sparse_seed42_20261010_222236_476674_99040957,dqn,42,v1,sparse,622,13871,10.0,2,16,0.24978134604889585,0.47860318049788475,12872,True,False,True,26.672519699997792
debug_algorithm_dqn_statev1_sparse_seed42_20261010_222236_476674_99040957,dqn,42,v1,sparse,623,13902,10.0,2,31,0.2490081842374218,0.48476617134386496,12903,True,False,True,26.72561589999532
debug_algorithm_dqn_statev1_sparse_seed42_20261010_222236_476674_99040957,dqn,42,v1,sparse,624,14012,100.0,11,110,0.24628396865396193,0.4896192512051626,13013,True,False,True,26.93181569999433
debug_algorithm_dqn_statev1_sparse_seed42_20261010_222236_476674_99040957,dqn,42,v1,sparse,625,14028,0.0,1,16,0.24589020970700382,0.4910145364701748,13029,True,False,True,26.959898199995223
debug_algorithm_dqn_statev1_sparse_seed42_20261010_222236_476674_99040957,dqn,42,v1,sparse,626,14053,10.0,2,25,0.24527622128812898,0.5277229318022728,13054,True,False,True,27.011539599996468
debug_algorithm_dqn_statev1_sparse_seed42_20261010_222236_476674_99040957,dqn,42,v1,sparse,627,14114,30.0,4,61,0.24378451607841523,0.5049712760526626,13115,True,False,True,27.122787999993307
debug_algorithm_dqn_statev1_sparse_seed42_20261010_222236_476674_99040957,dqn,42,v1,sparse,628,14152,30.0,4,38,0.2428598466676975,0.48484763895210464,13153,True,False,True,27.195315899996785
debug_algorithm_dqn_statev1_sparse_seed42_20261010_222236_476674_99040957,dqn,42,v1,sparse,629,14154,-10.0,0,2,0.24281127712696243,0.4380926042795181,13155,True,False,True,27.199281199995312
debug_algorithm_dqn_statev1_sparse_seed42_20261010_222236_476674_99040957,dqn,42,v1,sparse,630,14155,-10.0,0,1,0.24278699599924974,0.1709280163049698,13156,True,False,True,27.202143700000306
debug_algorithm_dqn_statev1_sparse_seed42_20261010_222236_476674_99040957,dqn,42,v1,sparse,631,14169,0.0,1,14,0.24244731505266706,0.5356381056564194,13170,True,False,True,27.22767279999971
debug_algorithm_dqn_statev1_sparse_seed42_20261010_222236_476674_99040957,dqn,42,v1,sparse,632,14205,30.0,4,36,0.24157603040691578,0.4526112634274695,13206,True,False,True,27.300312599996687
debug_algorithm_dqn_statev1_sparse_seed42_20261010_222236_476674_99040957,dqn,42,v1,sparse,633,14213,-10.0,0,8,0.2413828372103522,0.4679521173238754,13214,True,False,True,27.31768779999402
debug_algorithm_dqn_statev1_sparse_seed42_20261010_222236_476674_99040957,dqn,42,v1,sparse,634,14225,0.0,1,12,0.24109333706528013,0.4599226464827855,13226,True,False,True,27.3415015999999
debug_algorithm_dqn_statev1_sparse_seed42_20261010_222236_476674_99040957,dqn,42,v1,sparse,635,14291,60.0,7,66,0.23950728147765293,0.5457169393246825,13292,True,False,True,27.471013199996378
debug_algorithm_dqn_statev1_sparse_seed42_20261010_222236_476674_99040957,dqn,42,v1,sparse,636,14397,80.0,9,106,0.23698178678719697,0.49826432363885753,13398,True,False,True,27.661763799995242
debug_algorithm_dqn_statev1_sparse_seed42_20261010_222236_476674_99040957,dqn,42,v1,sparse,637,14408,10.0,2,11,0.23672123712261964,0.5006755793636496,13409,True,False,True,27.68139159999555
debug_algorithm_dqn_statev1_sparse_seed42_20261010_222236_476674_99040957,dqn,42,v1,sparse,638,14429,0.0,1,21,0.2362246193245625,0.5056144389368239,13430,True,False,True,27.721666799996456
debug_algorithm_dqn_statev1_sparse_seed42_20261010_222236_476674_99040957,dqn,42,v1,sparse,639,14483,30.0,4,54,0.23495238090266019,0.4562955062008566,13484,True,False,True,27.817460699996445
debug_algorithm_dqn_statev1_sparse_seed42_20261010_222236_476674_99040957,dqn,42,v1,sparse,640,14536,40.0,5,53,0.23371036543056392,0.48783537267513993,13537,True,False,True,27.918115199994645
debug_algorithm_dqn_statev1_sparse_seed42_20261010_222236_476674_99040957,dqn,42,v1,sparse,641,14546,0.0,1,10,0.23347676020675756,0.5085755288600922,13547,True,False,True,27.935812799994892
debug_algorithm_dqn_statev1_sparse_seed42_20261010_222236_476674_99040957,dqn,42,v1,sparse,642,14589,20.0,3,43,0.23247491555455563,0.5670557247344837,13590,True,False,True,28.007265799999004
debug_algorithm_dqn_statev1_sparse_seed42_20261010_222236_476674_99040957,dqn,42,v1,sparse,643,14658,40.0,5,69,0.23087628033852906,0.49179739947768225,13659,True,False,True,28.12942039999325
debug_algorithm_dqn_statev1_sparse_seed42_20261010_222236_476674_99040957,dqn,42,v1,sparse,644,14733,60.0,7,75,0.22915109949087087,0.5269680712620417,13734,True,False,True,28.264768699998967
debug_algorithm_dqn_statev1_sparse_seed42_20261010_222236_476674_99040957,dqn,42,v1,sparse,645,14754,10.0,2,21,0.2286703630946152,0.4858352673195657,13755,True,False,True,28.301265799993416
debug_algorithm_dqn_statev1_sparse_seed42_20261010_222236_476674_99040957,dqn,42,v1,sparse,646,14756,-10.0,0,2,0.2286246313086999,0.4367719739675522,13757,True,False,True,28.30424139999377
debug_algorithm_dqn_statev1_sparse_seed42_20261010_222236_476674_99040957,dqn,42,v1,sparse,647,14776,10.0,2,20,0.2281678161723607,0.5499630153179169,13777,True,False,True,28.338776399999915
debug_algorithm_dqn_statev1_sparse_seed42_20261010_222236_476674_99040957,dqn,42,v1,sparse,648,14787,10.0,2,11,0.2279169570292299,0.4087598269635981,13788,True,False,True,28.36322719999589
debug_algorithm_dqn_statev1_sparse_seed42_20261010_222236_476674_99040957,dqn,42,v1,sparse,649,14794,-10.0,0,7,0.22775746301389413,0.5920453497341701,13795,True,False,True,28.374041099996248
debug_algorithm_dqn_statev1_sparse_seed42_20261010_222236_476674_99040957,dqn,42,v1,sparse,650,14878,50.0,6,84,0.22585221829197175,0.4949462941537301,13879,True,False,True,28.549967399994785
debug_algorithm_dqn_statev1_sparse_seed42_20261010_222236_476674_99040957,dqn,42,v1,sparse,651,14969,80.0,9,91,0.22380618437645533,0.5187149916949508,13970,True,False,True,28.704861899997923
debug_algorithm_dqn_statev1_sparse_seed42_20261010_222236_476674_99040957,dqn,42,v1,sparse,652,14993,30.0,4,24,0.22326966678627477,0.5654567088931799,13994,True,False,True,28.75068829999509
debug_algorithm_dqn_statev1_sparse_seed42_20261010_222236_476674_99040957,dqn,42,v1,sparse,653,15026,10.0,2,33,0.2225340545324746,0.5289331611358759,14027,True,False,True,28.807962599996245
debug_algorithm_dqn_statev1_sparse_seed42_20261010_222236_476674_99040957,dqn,42,v1,sparse,654,15052,20.0,3,26,0.22195618864811156,0.4989775212911459,14053,True,False,True,28.8528026999993
debug_algorithm_dqn_statev1_sparse_seed42_20261010_222236_476674_99040957,dqn,42,v1,sparse,655,15073,10.0,2,21,0.2214905464648778,0.5470932402781078,14074,True,False,True,28.887566399993375
debug_algorithm_dqn_statev1_sparse_seed42_20261010_222236_476674_99040957,dqn,42,v1,sparse,656,15074,-10.0,0,1,0.22146839741023133,0.194241002202034,14075,True,False,True,28.889121299995168
debug_algorithm_dqn_statev1_sparse_seed42_20261010_222236_476674_99040957,dqn,42,v1,sparse,657,15177,70.0,8,103,0.21919886758263832,0.5020764839012646,14178,True,False,True,29.084186899999622
debug_algorithm_dqn_statev1_sparse_seed42_20261010_222236_476674_99040957,dqn,42,v1,sparse,658,15232,20.0,3,55,0.21799652317090357,0.5094240447336977,14233,True,False,True,29.17424019999453
debug_algorithm_dqn_statev1_sparse_seed42_20261010_222236_476674_99040957,dqn,42,v1,sparse,659,15255,0.0,1,23,0.21749568231293526,0.5589499959479207,14256,True,False,True,29.211773099996208
debug_algorithm_dqn_statev1_sparse_seed42_20261010_222236_476674_99040957,dqn,42,v1,sparse,660,15268,-10.0,0,13,0.21721310751037248,0.5255517661571503,14269,True,False,True,29.232963199996448
debug_algorithm_dqn_statev1_sparse_seed42_20261010_222236_476674_99040957,dqn,42,v1,sparse,661,15317,30.0,4,49,0.2161513137123799,0.5294630696274796,14318,True,False,True,29.32414009999775
debug_algorithm_dqn_statev1_sparse_seed42_20261010_222236_476674_99040957,dqn,42,v1,sparse,662,15375,40.0,5,58,0.21490120241365968,0.5030087350771345,14376,True,False,True,29.41873879999912
debug_algorithm_dqn_statev1_sparse_seed42_20261010_222236_476674_99040957,dqn,42,v1,sparse,663,15456,60.0,7,81,0.2131674471733959,0.5043033409265825,14457,True,False,True,29.570198999994318
debug_algorithm_dqn_statev1_sparse_seed42_20261010_222236_476674_99040957,dqn,42,v1,sparse,664,15530,90.0,10,74,0.2115957519231879,0.47440413476244825,14531,True,False,True,29.71856149999803
debug_algorithm_dqn_statev1_sparse_seed42_20261010_222236_476674_99040957,dqn,42,v1,sparse,665,15580,50.0,6,50,0.21054036106912505,0.5629345072805881,14581,True,False,True,29.829145799994876
debug_algorithm_dqn_statev1_sparse_seed42_20261010_222236_476674_99040957,dqn,42,v1,sparse,666,15632,30.0,4,52,0.20944833830950585,0.5680213304093251,14633,True,False,True,29.92747199999576
debug_algorithm_dqn_statev1_sparse_seed42_20261010_222236_476674_99040957,dqn,42,v1,sparse,667,15698,60.0,7,66,0.20807046237424057,0.5199034916180553,14699,True,False,True,30.063747799998964
debug_algorithm_dqn_statev1_sparse_seed42_20261010_222236_476674_99040957,dqn,42,v1,sparse,668,15734,30.0,4,36,0.2073227180692081,0.6255994259069363,14735,True,False,True,30.130415099993115
debug_algorithm_dqn_statev1_sparse_seed42_20261010_222236_476674_99040957,dqn,42,v1,sparse,669,15842,90.0,10,108,0.20509556960540962,0.5200413562771347,14843,True,False,True,30.343968199995288
debug_algorithm_dqn_statev1_sparse_seed42_20261010_222236_476674_99040957,dqn,42,v1,sparse,670,15936,110.0,12,94,0.2031766085490674,0.5544490800734531,14937,True,False,True,30.519104599996353
debug_algorithm_dqn_statev1_sparse_seed42_20261010_222236_476674_99040957,dqn,42,v1,sparse,671,15945,-10.0,0,9,0.20299382272788805,0.5186925696002113,14946,True,False,True,30.537920199996734
debug_algorithm_dqn_statev1_sparse_seed42_20261010_222236_476674_99040957,dqn,42,v1,sparse,672,15979,20.0,3,34,0.20230478131218452,0.5172334797680378,14980,True,False,True,30.59819669999706
debug_algorithm_dqn_statev1_sparse_seed42_20261010_222236_476674_99040957,dqn,42,v1,sparse,673,16039,40.0,5,60,0.20109452650592524,0.5785058259963989,15040,True,False,True,30.714700199998333
debug_algorithm_dqn_statev1_sparse_seed42_20261010_222236_476674_99040957,dqn,42,v1,sparse,674,16095,40.0,5,56,0.19997148844623852,0.5007229178611722,15096,True,False,True,30.829773999997997
debug_algorithm_dqn_statev1_sparse_seed42_20261010_222236_476674_99040957,dqn,42,v1,sparse,675,16139,30.0,4,44,0.19909350298164596,0.5654965112493797,15140,True,False,True,30.912019199997303
debug_algorithm_dqn_statev1_sparse_seed42_20261010_222236_476674_99040957,dqn,42,v1,sparse,676,16195,50.0,6,56,0.1979816398933278,0.5305302401206323,15196,True,False,True,31.025087699999858
debug_algorithm_dqn_statev1_sparse_seed42_20261010_222236_476674_99040957,dqn,42,v1,sparse,677,16226,20.0,3,31,0.19736881653497926,0.5902747478215925,15227,True,False,True,31.084892599996238
debug_algorithm_dqn_statev1_sparse_seed42_20261010_222236_476674_99040957,dqn,42,v1,sparse,678,16258,20.0,3,32,0.19673821429315744,0.5532513754442334,15259,True,False,True,31.14381489999505
debug_algorithm_dqn_statev1_sparse_seed42_20261010_222236_476674_99040957,dqn,42,v1,sparse,679,16319,40.0,5,61,0.19554170442493768,0.5282239294687255,15320,True,False,True,31.263289099995745
debug_algorithm_dqn_statev1_sparse_seed42_20261010_222236_476674_99040957,dqn,42,v1,sparse,680,16321,-10.0,0,2,0.19550259803946973,0.5517801344394684,15322,True,False,True,31.26738959999784
debug_algorithm_dqn_statev1_sparse_seed42_20261010_222236_476674_99040957,dqn,42,v1,sparse,681,16338,0.0,1,17,0.19517050937344077,0.6037807398859192,15339,True,False,True,31.302866899997753
debug_algorithm_dqn_statev1_sparse_seed42_20261010_222236_476674_99040957,dqn,42,v1,sparse,682,16347,-10.0,0,9,0.19499492615999617,0.4899325801266564,15348,True,False,True,31.31958339999983
debug_algorithm_dqn_statev1_sparse_seed42_20261010_222236_476674_99040957,dqn,42,v1,sparse,683,16361,0.0,1,14,0.19472211063779635,0.5634030827454158,15362,True,False,True,31.346342199998617
debug_algorithm_dqn_statev1_sparse_seed42_20261010_222236_476674_99040957,dqn,42,v1,sparse,684,16370,-10.0,0,9,0.19454693082182803,0.6611147522926331,15371,True,False,True,31.363237099998514
debug_algorithm_dqn_statev1_sparse_seed42_20261010_222236_476674_99040957,dqn,42,v1,sparse,685,16426,80.0,9,56,0.19346045864625772,0.5780210718512535,15427,True,False,True,31.484032399996067
debug_algorithm_dqn_statev1_sparse_seed42_20261010_222236_476674_99040957,dqn,42,v1,sparse,686,16461,40.0,5,35,0.19278449686553847,0.5527523308992386,15462,True,False,True,31.556105199997546
debug_algorithm_dqn_statev1_sparse_seed42_20261010_222236_476674_99040957,dqn,42,v1,sparse,687,16522,60.0,7,61,0.19161203246268643,0.5735004965643413,15523,True,False,True,31.671331399993505
debug_algorithm_dqn_statev1_sparse_seed42_20261010_222236_476674_99040957,dqn,42,v1,sparse,688,16536,0.0,1,14,0.19134394991446063,0.5383862054773739,15537,True,False,True,31.6991354999991
debug_algorithm_dqn_statev1_sparse_seed42_20261010_222236_476674_99040957,dqn,42,v1,sparse,689,16668,120.0,13,132,0.18883468191518143,0.5642284718483235,15669,True,False,True,31.956627799998387
debug_algorithm_dqn_statev1_sparse_seed42_20261010_222236_476674_99040957,dqn,42,v1,sparse,690,16777,90.0,10,109,0.18678745915369685,0.5935756913429007,15778,True,False,True,32.168158999993466
debug_algorithm_dqn_statev1_sparse_seed42_20261010_222236_476674_99040957,dqn,42,v1,sparse,691,16799,40.0,5,22,0.18637695793507328,0.5785319364883683,15800,True,False,True,32.217939499998465
debug_algorithm_dqn_statev1_sparse_seed42_20261010_222236_476674_99040957,dqn,42,v1,sparse,692,16870,80.0,9,71,0.18505830236684892,0.5720037965917252,15871,True,False,True,32.3622630999962
debug_algorithm_dqn_statev1_sparse_seed42_20261010_222236_476674_99040957,dqn,42,v1,sparse,693,16964,110.0,12,94,0.18332681847337431,0.6003419508008246,15965,True,False,True,32.530249399998866
debug_algorithm_dqn_statev1_sparse_seed42_20261010_222236_476674_99040957,dqn,42,v1,sparse,694,17026,90.0,10,62,0.1821936519857715,0.5136250727359326,16027,True,False,True,32.641730699993786
debug_algorithm_dqn_statev1_sparse_seed42_20261010_222236_476674_99040957,dqn,42,v1,sparse,695,17050,20.0,3,24,0.18175688970691875,0.45270954941709834,16051,True,False,True,32.68552229999477
debug_algorithm_dqn_statev1_sparse_seed42_20261010_222236_476674_99040957,dqn,42,v1,sparse,696,17067,0.0,1,17,0.18144815006023557,0.5013285279273987,16068,True,False,True,32.7138588999951
debug_algorithm_dqn_statev1_sparse_seed42_20261010_222236_476674_99040957,dqn,42,v1,sparse,697,17080,20.0,3,13,0.18121240894283314,0.4690551803662227,16081,True,False,True,32.74269110000023
debug_algorithm_dqn_statev1_sparse_seed42_20261010_222236_476674_99040957,dqn,42,v1,sparse,698,17081,-10.0,0,1,0.18119428770193885,0.7008009552955627,16082,True,False,True,32.74470379999548
debug_algorithm_dqn_statev1_sparse_seed42_20261010_222236_476674_99040957,dqn,42,v1,sparse,699,17088,0.0,1,7,0.18106748974500675,0.5542740087424006,16089,True,False,True,32.75835819999338
debug_algorithm_dqn_statev1_sparse_seed42_20261010_222236_476674_99040957,dqn,42,v1,sparse,700,17093,-10.0,0,5,0.18097697410507266,0.7093765377998352,16094,True,False,True,32.76896409999608
debug_algorithm_dqn_statev1_sparse_seed42_20261010_222236_476674_99040957,dqn,42,v1,sparse,701,17131,30.0,4,38,0.18029053234621467,0.5344079987783181,16132,True,False,True,32.864063199995144
debug_algorithm_dqn_statev1_sparse_seed42_20261010_222236_476674_99040957,dqn,42,v1,sparse,702,17189,80.0,9,58,0.17924782190570265,0.6028937409664022,16190,True,False,True,32.985329999995884
debug_algorithm_dqn_statev1_sparse_seed42_20261010_222236_476674_99040957,dqn,42,v1,sparse,703,17258,60.0,7,69,0.17801520771242083,0.5236116609927537,16259,True,False,True,33.10769419999997
debug_algorithm_dqn_statev1_sparse_seed42_20261010_222236_476674_99040957,dqn,42,v1,sparse,704,17260,-10.0,0,2,0.17797960645103042,0.4513833522796631,16261,True,False,True,33.113025499995274
debug_algorithm_dqn_statev1_sparse_seed42_20261010_222236_476674_99040957,dqn,42,v1,sparse,705,17355,90.0,10,95,0.17629672240068403,0.5450180325068925,16356,True,False,True,33.29219409999496
debug_algorithm_dqn_statev1_sparse_seed42_20261010_222236_476674_99040957,dqn,42,v1,sparse,706,17435,80.0,9,80,0.17489190514120828,0.5553049520589411,16436,True,False,True,33.45323179999832
debug_algorithm_dqn_statev1_sparse_seed42_20261010_222236_476674_99040957,dqn,42,v1,sparse,707,17465,10.0,2,30,0.17436798949598994,0.579259692132473,16466,True,False,True,33.50698179999745
debug_algorithm_dqn_statev1_sparse_seed42_20261010_222236_476674_99040957,dqn,42,v1,sparse,708,17527,70.0,8,62,0.17329019867491466,0.571781278738091,16528,True,False,True,33.62951459999749
debug_algorithm_dqn_statev1_sparse_seed42_20261010_222236_476674_99040957,dqn,42,v1,sparse,709,17606,80.0,9,79,0.17192653149878642,0.59639803612534,16607,True,False,True,33.78555389999383
debug_algorithm_dqn_statev1_sparse_seed42_20261010_222236_476674_99040957,dqn,42,v1,sparse,710,17664,60.0,7,58,0.17093219426398065,0.5861992257936247,16665,True,False,True,33.9155843999979
debug_algorithm_dqn_statev1_sparse_seed42_20261010_222236_476674_99040957,dqn,42,v1,sparse,711,17685,30.0,4,21,0.17057359538639671,0.627187471304621,16686,True,False,True,33.96323829999892
debug_algorithm_dqn_statev1_sparse_seed42_20261010_222236_476674_99040957,dqn,42,v1,sparse,712,17707,20.0,3,22,0.17019872723899337,0.5543248490853743,16708,True,False,True,34.004714899994724
debug_algorithm_dqn_statev1_sparse_seed42_20261010_222236_476674_99040957,dqn,42,v1,sparse,713,17748,20.0,3,41,0.16950230627428084,0.49959684326881315,16749,True,False,True,34.09143949999998
debug_algorithm_dqn_statev1_sparse_seed42_20261010_222236_476674_99040957,dqn,42,v1,sparse,714,17811,60.0,7,63,0.16843774540377318,0.5479647034690494,16812,True,False,True,34.21651139999449
debug_algorithm_dqn_statev1_sparse_seed42_20261010_222236_476674_99040957,dqn,42,v1,sparse,715,17851,40.0,5,40,0.1677653065739458,0.5595216874033213,16852,True,False,True,34.29483849999815
debug_algorithm_dqn_statev1_sparse_seed42_20261010_222236_476674_99040957,dqn,42,v1,sparse,716,17900,50.0,6,49,0.16694522640438217,0.5896139041501649,16901,True,False,True,34.39861829999427
debug_algorithm_dqn_statev1_sparse_seed42_20261010_222236_476674_99040957,dqn,42,v1,sparse,717,17985,70.0,8,85,0.16553213546909587,0.5628103146658224,16986,True,False,True,34.58167809999577
debug_algorithm_dqn_statev1_sparse_seed42_20261010_222236_476674_99040957,dqn,42,v1,sparse,718,18070,80.0,9,85,0.1641310054986984,0.6011628490160493,17071,True,False,True,34.746313499999815
debug_algorithm_dqn_statev1_sparse_seed42_20261010_222236_476674_99040957,dqn,42,v1,sparse,719,18163,120.0,13,93,0.16261158742118853,0.6158547031302606,17164,True,False,True,34.92653520000022
debug_algorithm_dqn_statev1_sparse_seed42_20261010_222236_476674_99040957,dqn,42,v1,sparse,720,18267,110.0,12,104,0.16092910685103173,0.5783272395626857,17268,True,False,True,35.13745169999311
debug_algorithm_dqn_statev1_sparse_seed42_20261010_222236_476674_99040957,dqn,42,v1,sparse,721,18312,30.0,4,45,0.16020651678717168,0.5676436177558369,17313,True,False,True,35.21977689999767
debug_algorithm_dqn_statev1_sparse_seed42_20261010_222236_476674_99040957,dqn,42,v1,sparse,722,18389,80.0,9,77,0.15897760255313387,0.6190661240320701,17390,True,False,True,35.36568499999703
debug_algorithm_dqn_statev1_sparse_seed42_20261010_222236_476674_99040957,dqn,42,v1,sparse,723,18424,30.0,4,35,0.1584221258212567,0.5886050926787513,17425,True,False,True,35.43932259999565
debug_algorithm_dqn_statev1_sparse_seed42_20261010_222236_476674_99040957,dqn,42,v1,sparse,724,18526,90.0,10,102,0.15681435332769303,0.6202484819234586,17527,True,False,True,35.62948459999461
debug_algorithm_dqn_statev1_sparse_seed42_20261010_222236_476674_99040957,dqn,42,v1,sparse,725,18575,40.0,5,49,0.15604780424735445,0.5842366385824826,17576,True,False,True,35.713739399994665
debug_algorithm_dqn_statev1_sparse_seed42_20261010_222236_476674_99040957,dqn,42,v1,sparse,726,18585,10.0,2,10,0.15589182664589654,0.5663429856300354,17586,True,False,True,35.73020809999434
debug_algorithm_dqn_statev1_sparse_seed42_20261010_222236_476674_99040957,dqn,42,v1,sparse,727,18686,110.0,12,101,0.1543251658181721,0.6079866762208467,17687,True,False,True,35.917767499995534
debug_algorithm_dqn_statev1_sparse_seed42_20261010_222236_476674_99040957,dqn,42,v1,sparse,728,18703,10.0,2,17,0.15406302281360232,0.6076284454149359,17704,True,False,True,35.94844469999953
debug_algorithm_dqn_statev1_sparse_seed42_20261010_222236_476674_99040957,dqn,42,v1,sparse,729,18808,120.0,13,105,0.15245374410794815,0.6021416383839789,17809,True,False,True,36.15753959999711
debug_algorithm_dqn_statev1_sparse_seed42_20261010_222236_476674_99040957,dqn,42,v1,sparse,730,18875,70.0,8,67,0.15143566748308127,0.6393656058987575,17876,True,False,True,36.28550899999391
debug_algorithm_dqn_statev1_sparse_seed42_20261010_222236_476674_99040957,dqn,42,v1,sparse,731,18997,120.0,13,122,0.14959928522923674,0.6357093161491097,17998,True,False,True,36.54717469999741
debug_algorithm_dqn_statev1_sparse_seed42_20261010_222236_476674_99040957,dqn,42,v1,sparse,732,19051,70.0,8,54,0.1487935861488362,0.6448465607784413,18052,True,False,True,36.653053099995304
debug_algorithm_dqn_statev1_sparse_seed42_20261010_222236_476674_99040957,dqn,42,v1,sparse,733,19053,-10.0,0,2,0.1487638289195423,0.6916024088859558,18054,True,False,True,36.656138099999225
debug_algorithm_dqn_statev1_sparse_seed42_20261010_222236_476674_99040957,dqn,42,v1,sparse,734,19068,10.0,2,15,0.14854083931051612,0.7034218351046244,18069,True,False,True,36.682885099995474
debug_algorithm_dqn_statev1_sparse_seed42_20261010_222236_476674_99040957,dqn,42,v1,sparse,735,19101,20.0,3,33,0.1480514380265917,0.6522704110001073,18102,True,False,True,36.74438189999637
debug_algorithm_dqn_statev1_sparse_seed42_20261010_222236_476674_99040957,dqn,42,v1,sparse,736,19135,20.0,3,34,0.14754889282061504,0.5723761548014248,18136,True,False,True,36.80829399999493
debug_algorithm_dqn_statev1_sparse_seed42_20261010_222236_476674_99040957,dqn,42,v1,sparse,737,19142,0.0,1,7,0.14744563957574439,0.7145947303090777,18143,True,False,True,36.823445699999866
debug_algorithm_dqn_statev1_sparse_seed42_20261010_222236_476674_99040957,dqn,42,v1,sparse,738,19176,10.0,2,34,0.1469451506895936,0.5583105047836023,18177,True,False,True,36.88072309999552
debug_algorithm_dqn_statev1_sparse_seed42_20261010_222236_476674_99040957,dqn,42,v1,sparse,739,19195,10.0,2,19,0.1466662060371581,0.6413995043227547,18196,True,False,True,36.91529069999524
debug_algorithm_dqn_statev1_sparse_seed42_20261010_222236_476674_99040957,dqn,42,v1,sparse,740,19230,20.0,3,35,0.1461537460207912,0.5828601011208125,18231,True,False,True,36.986015299997234
debug_algorithm_dqn_statev1_sparse_seed42_20261010_222236_476674_99040957,dqn,42,v1,sparse,741,19298,70.0,8,68,0.1451632226174304,0.5644522227127763,18299,True,False,True,37.12477779999608
debug_algorithm_dqn_statev1_sparse_seed42_20261010_222236_476674_99040957,dqn,42,v1,sparse,742,19356,50.0,6,58,0.14432367100131507,0.6074377421675057,18357,True,False,True,37.239909699994314
debug_algorithm_dqn_statev1_sparse_seed42_20261010_222236_476674_99040957,dqn,42,v1,sparse,743,19391,30.0,4,35,0.14381939593480977,0.6762614156518664,18392,True,False,True,37.311641299995244
debug_algorithm_dqn_statev1_sparse_seed42_20261010_222236_476674_99040957,dqn,42,v1,sparse,744,19466,90.0,10,75,0.1427447317595872,0.6180705972512563,18467,True,False,True,37.46654579999449
debug_algorithm_dqn_statev1_sparse_seed42_20261010_222236_476674_99040957,dqn,42,v1,sparse,745,19494,0.0,1,28,0.14234558561840682,0.634059094956943,18495,True,False,True,37.52375679999386
debug_algorithm_dqn_statev1_sparse_seed42_20261010_222236_476674_99040957,dqn,42,v1,sparse,746,19495,-10.0,0,1,0.14233135105984498,1.23100745677948,18496,True,False,True,37.5255371999956
debug_algorithm_dqn_statev1_sparse_seed42_20261010_222236_476674_99040957,dqn,42,v1,sparse,747,19519,20.0,3,24,0.14199014836390286,0.6372735394785801,18520,True,False,True,37.578605399998196
debug_algorithm_dqn_statev1_sparse_seed42_20261010_222236_476674_99040957,dqn,42,v1,sparse,748,19563,10.0,2,44,0.14136673305931374,0.6272728592157364,18564,True,False,True,37.67193419999967
debug_algorithm_dqn_statev1_sparse_seed42_20261010_222236_476674_99040957,dqn,42,v1,sparse,749,19572,0.0,1,9,0.14123955387971127,0.7411899268627167,18573,True,False,True,37.68702789999952
debug_algorithm_dqn_statev1_sparse_seed42_20261010_222236_476674_99040957,dqn,42,v1,sparse,750,19756,180.0,19,184,0.13866438157022837,0.6406158280113469,18757,True,False,True,38.02958169999329
debug_algorithm_dqn_statev1_sparse_seed42_20261010_222236_476674_99040957,dqn,42,v1,sparse,751,19813,50.0,6,57,0.13787620362695974,0.638383336234511,18814,True,False,True,38.14108309999574
debug_algorithm_dqn_statev1_sparse_seed42_20261010_222236_476674_99040957,dqn,42,v1,sparse,752,19847,30.0,4,34,0.1374081971957183,0.6038593141471639,18848,True,False,True,38.20510979999381
debug_algorithm_dqn_statev1_sparse_seed42_20261010_222236_476674_99040957,dqn,42,v1,sparse,753,19878,50.0,6,31,0.1369828701153109,0.5219168095819412,18879,True,False,True,38.26317169999675
debug_algorithm_dqn_statev1_sparse_seed42_20261010_222236_476674_99040957,dqn,42,v1,sparse,754,19909,40.0,5,31,0.13655885957299238,0.6343679211793407,18910,True,False,True,38.317777899996145
debug_algorithm_dqn_statev1_sparse_seed42_20261010_222236_476674_99040957,dqn,42,v1,sparse,755,19938,30.0,4,29,0.13616339281053866,0.6419556932202701,18939,True,False,True,38.371275399993465
debug_algorithm_dqn_statev1_sparse_seed42_20261010_222236_476674_99040957,dqn,42,v1,sparse,756,20000,60.0,6,62,0.13532174948275888,0.5917195441021074,19001,False,False,False,38.485178999995696
