run_id,algorithm,seed,state_mode,reward_mode,episode,global_step,episode_return,score,episode_length,epsilon,loss,update_count,terminated,truncated,episode_complete,wall_clock_time
debug_algorithm_dueling_dqn_statev1_sparse_seed42_20261010_222618_608850_3ada1c8e,dueling_dqn,42,v1,sparse,1,1,-10.0,0,1,0.9999,,0,True,False,True,0.015136699999857228
debug_algorithm_dueling_dqn_statev1_sparse_seed42_20261010_222618_608850_3ada1c8e,dueling_dqn,42,v1,sparse,2,11,-10.0,0,10,0.9989005498350332,,0,True,False,True,0.015464199997950345
debug_algorithm_dueling_dqn_statev1_sparse_seed42_20261010_222618_608850_3ada1c8e,dueling_dqn,42,v1,sparse,3,12,-10.0,0,1,0.9988006597800497,,0,True,False,True,0.015566699999908451
debug_algorithm_dueling_dqn_statev1_sparse_seed42_20261010_222618_608850_3ada1c8e,dueling_dqn,42,v1,sparse,4,14,-10.0,0,2,0.9986009096361004,,0,True,False,True,0.015663199999835342
debug_algorithm_dueling_dqn_statev1_sparse_seed42_20261010_222618_608850_3ada1c8e,dueling_dqn,42,v1,sparse,5,20,-10.0,0,6,0.9980018988604846,,0,True,False,True,0.01594150000164518
debug_algorithm_dueling_dqn_statev1_sparse_seed42_20261010_222618_608850_3ada1c8e,dueling_dqn,42,v1,sparse,6,27,-10.0,0,7,0.9973035070767544,,0,True,False,True,0.016088899996248074
debug_algorithm_dueling_dqn_statev1_sparse_seed42_20261010_222618_608850_3ada1c8e,dueling_dqn,42,v1,sparse,7,58,-10.0,0,31,0.9942164991863819,,0,True,False,True,0.016874399996595457
debug_algorithm_dueling_dqn_statev1_sparse_seed42_20261010_222618_608850_3ada1c8e,dueling_dqn,42,v1,sparse,8,76,0.0,1,18,0.9924284298281141,,0,True,False,True,0.01724570000078529
debug_algorithm_dueling_dqn_statev1_sparse_seed42_20261010_222618_608850_3ada1c8e,dueling_dqn,42,v1,sparse,9,93,0.0,1,17,0.9907426505254558,,0,True,False,True,0.017472499996074475
debug_algorithm_dueling_dqn_statev1_sparse_seed42_20261010_222618_608850_3ada1c8e,dueling_dqn,42,v1,sparse,10,108,-10.0,0,15,0.9892575763787981,,0,True,False,True,0.01764299999922514
debug_algorithm_dueling_dqn_statev1_sparse_seed42_20261010_222618_608850_3ada1c8e,dueling_dqn,42,v1,sparse,11,121,-10.0,0,13,0.9879723128675584,,0,True,False,True,0.018601799994939938
debug_algorithm_dueling_dqn_statev1_sparse_seed42_20261010_222618_608850_3ada1c8e,dueling_dqn,42,v1,sparse,12,123,-10.0,0,2,0.987774728284708,,0,True,False,True,0.01868549999926472
debug_algorithm_dueling_dqn_statev1_sparse_seed42_20261010_222618_608850_3ada1c8e,dueling_dqn,42,v1,sparse,13,159,20.0,3,36,0.9842249551967749,,0,True,False,True,0.019098600001598243
debug_algorithm_dueling_dqn_statev1_sparse_seed42_20261010_222618_608850_3ada1c8e,dueling_dqn,42,v1,sparse,14,160,-10.0,0,1,0.9841265327012553,,0,True,False,True,0.019154299996444024
debug_algorithm_dueling_dqn_statev1_sparse_seed42_20261010_222618_608850_3ada1c8e,dueling_dqn,42,v1,sparse,15,167,-10.0,0,7,0.9834378507604954,,0,True,False,True,0.019257799998740666
debug_algorithm_dueling_dqn_statev1_sparse_seed42_20261010_222618_608850_3ada1c8e,dueling_dqn,42,v1,sparse,16,174,-10.0,0,7,0.9827496507524949,,0,True,False,True,0.019361599996045697
debug_algorithm_dueling_dqn_statev1_sparse_seed42_20261010_222618_608850_3ada1c8e,dueling_dqn,42,v1,sparse,17,183,-10.0,0,9,0.9818655297741534,,0,True,False,True,0.01948879999690689
debug_algorithm_dueling_dqn_statev1_sparse_seed42_20261010_222618_608850_3ada1c8e,dueling_dqn,42,v1,sparse,18,234,0.0,1,51,0.9768705139349746,,0,True,False,True,0.02005259999714326
debug_algorithm_dueling_dqn_statev1_sparse_seed42_20261010_222618_608850_3ada1c8e,dueling_dqn,42,v1,sparse,19,243,-10.0,0,9,0.9759916820637734,,0,True,False,True,0.020205799999530427
debug_algorithm_dueling_dqn_statev1_sparse_seed42_20261010_222618_608850_3ada1c8e,dueling_dqn,42,v1,sparse,20,244,-10.0,0,1,0.975894082895567,,0,True,False,True,0.020272099995054305
debug_algorithm_dueling_dqn_statev1_sparse_seed42_20261010_222618_608850_3ada1c8e,dueling_dqn,42,v1,sparse,21,299,-10.0,0,55,0.9705411318974407,,0,True,False,True,0.022875299997394904
debug_algorithm_dueling_dqn_statev1_sparse_seed42_20261010_222618_608850_3ada1c8e,dueling_dqn,42,v1,sparse,22,304,-10.0,0,5,0.9700559583759003,,0,True,False,True,0.023070700000971556
debug_algorithm_dueling_dqn_statev1_sparse_seed42_20261010_222618_608850_3ada1c8e,dueling_dqn,42,v1,sparse,23,313,-10.0,0,9,0.9691832571520348,,0,True,False,True,0.02344730000186246
debug_algorithm_dueling_dqn_statev1_sparse_seed42_20261010_222618_608850_3ada1c8e,dueling_dqn,42,v1,sparse,24,339,-10.0,0,26,0.9666665280105975,,0,True,False,True,0.023757499999192078
debug_algorithm_dueling_dqn_statev1_sparse_seed42_20261010_222618_608850_3ada1c8e,dueling_dqn,42,v1,sparse,25,343,-10.0,0,4,0.9662799193955184,,0,True,False,True,0.023854200000641868
debug_algorithm_dueling_dqn_statev1_sparse_seed42_20261010_222618_608850_3ada1c8e,dueling_dqn,42,v1,sparse,26,365,-10.0,0,22,0.9641563341920976,,0,True,False,True,0.024482100001478102
debug_algorithm_dueling_dqn_statev1_sparse_seed42_20261010_222618_608850_3ada1c8e,dueling_dqn,42,v1,sparse,27,375,-10.0,0,10,0.9631926116125772,,0,True,False,True,0.024643500000820495
debug_algorithm_dueling_dqn_statev1_sparse_seed42_20261010_222618_608850_3ada1c8e,dueling_dqn,42,v1,sparse,28,384,-10.0,0,9,0.9623260849305701,,0,True,False,True,0.02478079999855254
debug_algorithm_dueling_dqn_statev1_sparse_seed42_20261010_222618_608850_3ada1c8e,dueling_dqn,42,v1,sparse,29,388,-10.0,0,4,0.961941212232314,,0,True,False,True,0.024864699997124262
debug_algorithm_dueling_dqn_statev1_sparse_seed42_20261010_222618_608850_3ada1c8e,dueling_dqn,42,v1,sparse,30,397,-10.0,0,9,0.9610758113593506,,0,True,False,True,0.02499050000187708
debug_algorithm_dueling_dqn_statev1_sparse_seed42_20261010_222618_608850_3ada1c8e,dueling_dqn,42,v1,sparse,31,421,-10.0,0,24,0.9587718800371313,,0,True,False,True,0.02582070000062231
debug_algorithm_dueling_dqn_statev1_sparse_seed42_20261010_222618_608850_3ada1c8e,dueling_dqn,42,v1,sparse,32,424,-10.0,0,3,0.9584842772353178,,0,True,False,True,0.025924099994881544
debug_algorithm_dueling_dqn_statev1_sparse_seed42_20261010_222618_608850_3ada1c8e,dueling_dqn,42,v1,sparse,33,426,-10.0,0,2,0.9582925899647136,,0,True,False,True,0.025996899996243883
debug_algorithm_dueling_dqn_statev1_sparse_seed42_20261010_222618_608850_3ada1c8e,dueling_dqn,42,v1,sparse,34,442,-10.0,0,16,0.9567604712354087,,0,True,False,True,0.026194699996267445
debug_algorithm_dueling_dqn_statev1_sparse_seed42_20261010_222618_608850_3ada1c8e,dueling_dqn,42,v1,sparse,35,447,-10.0,0,5,0.9562821866662711,,0,True,False,True,0.026286599997547455
debug_algorithm_dueling_dqn_statev1_sparse_seed42_20261010_222618_608850_3ada1c8e,dueling_dqn,42,v1,sparse,36,453,-10.0,0,6,0.9557085607774751,,0,True,False,True,0.026520100000198
debug_algorithm_dueling_dqn_statev1_sparse_seed42_20261010_222618_608850_3ada1c8e,dueling_dqn,42,v1,sparse,37,494,-10.0,0,41,0.9517979823103044,,0,True,False,True,0.027306600000883918
debug_algorithm_dueling_dqn_statev1_sparse_seed42_20261010_222618_608850_3ada1c8e,dueling_dqn,42,v1,sparse,38,512,0.0,1,18,0.9500862014166829,,0,True,False,True,0.027576000000408385
debug_algorithm_dueling_dqn_statev1_sparse_seed42_20261010_222618_608850_3ada1c8e,dueling_dqn,42,v1,sparse,39,532,-10.0,0,20,0.9481878330949942,,0,True,False,True,0.027992499999527354
debug_algorithm_dueling_dqn_statev1_sparse_seed42_20261010_222618_608850_3ada1c8e,dueling_dqn,42,v1,sparse,40,536,-10.0,0,4,0.9478086148492336,,0,True,False,True,0.028092299995478243
debug_algorithm_dueling_dqn_statev1_sparse_seed42_20261010_222618_608850_3ada1c8e,dueling_dqn,42,v1,sparse,41,606,0.0,1,70,0.9411967923270838,,0,True,False,True,0.030145799995807465
debug_algorithm_dueling_dqn_statev1_sparse_seed42_20261010_222618_608850_3ada1c8e,dueling_dqn,42,v1,sparse,42,610,-10.0,0,4,0.9408203700781957,,0,True,False,True,0.0303012000003946
debug_algorithm_dueling_dqn_statev1_sparse_seed42_20261010_222618_608850_3ada1c8e,dueling_dqn,42,v1,sparse,43,617,-10.0,0,7,0.9401619933584934,,0,True,False,True,0.03068379999604076
debug_algorithm_dueling_dqn_statev1_sparse_seed42_20261010_222618_608850_3ada1c8e,dueling_dqn,42,v1,sparse,44,625,-10.0,0,8,0.9394101269565225,,0,True,False,True,0.031075499995495193
debug_algorithm_dueling_dqn_statev1_sparse_seed42_20261010_222618_608850_3ada1c8e,dueling_dqn,42,v1,sparse,45,628,-10.0,0,3,0.9391283320998,,0,True,False,True,0.031239500000083353
debug_algorithm_dueling_dqn_statev1_sparse_seed42_20261010_222618_608850_3ada1c8e,dueling_dqn,42,v1,sparse,46,660,-10.0,0,32,0.9361277748589067,,0,True,False,True,0.031880499998806044
debug_algorithm_dueling_dqn_statev1_sparse_seed42_20261010_222618_608850_3ada1c8e,dueling_dqn,42,v1,sparse,47,691,-10.0,0,31,0.9332301275460472,,0,True,False,True,0.03223669999715639
debug_algorithm_dueling_dqn_statev1_sparse_seed42_20261010_222618_608850_3ada1c8e,dueling_dqn,42,v1,sparse,48,713,-10.0,0,22,0.9311791755905489,,0,True,False,True,0.03272319999814499
debug_algorithm_dueling_dqn_statev1_sparse_seed42_20261010_222618_608850_3ada1c8e,dueling_dqn,42,v1,sparse,49,714,-10.0,0,1,0.9310860576729898,,0,True,False,True,0.03283009999722708
debug_algorithm_dueling_dqn_statev1_sparse_seed42_20261010_222618_608850_3ada1c8e,dueling_dqn,42,v1,sparse,50,759,0.0,1,45,0.926905374967183,,0,True,False,True,0.03413880000152858
debug_algorithm_dueling_dqn_statev1_sparse_seed42_20261010_222618_608850_3ada1c8e,dueling_dqn,42,v1,sparse,51,764,-10.0,0,5,0.9264420149609683,,0,True,False,True,0.0343081999963033
debug_algorithm_dueling_dqn_statev1_sparse_seed42_20261010_222618_608850_3ada1c8e,dueling_dqn,42,v1,sparse,52,772,-10.0,0,8,0.9257011207008896,,0,True,False,True,0.034924200001114514
debug_algorithm_dueling_dqn_statev1_sparse_seed42_20261010_222618_608850_3ada1c8e,dueling_dqn,42,v1,sparse,53,775,-10.0,0,3,0.9254234381347873,,0,True,False,True,0.035027500001888257
debug_algorithm_dueling_dqn_statev1_sparse_seed42_20261010_222618_608850_3ada1c8e,dueling_dqn,42,v1,sparse,54,803,-10.0,0,28,0.9228357475788131,,0,True,False,True,0.03531890000158455
debug_algorithm_dueling_dqn_statev1_sparse_seed42_20261010_222618_608850_3ada1c8e,dueling_dqn,42,v1,sparse,55,817,-10.0,0,14,0.9215446169769135,,0,True,False,True,0.03572909999638796
debug_algorithm_dueling_dqn_statev1_sparse_seed42_20261010_222618_608850_3ada1c8e,dueling_dqn,42,v1,sparse,56,840,-10.0,0,23,0.9194273942345079,,0,True,False,True,0.03609439999854658
debug_algorithm_dueling_dqn_statev1_sparse_seed42_20261010_222618_608850_3ada1c8e,dueling_dqn,42,v1,sparse,57,841,-10.0,0,1,0.9193354514950844,,0,True,False,True,0.036156099995423574
debug_algorithm_dueling_dqn_statev1_sparse_seed42_20261010_222618_608850_3ada1c8e,dueling_dqn,42,v1,sparse,58,845,-10.0,0,4,0.9189677724709363,,0,True,False,True,0.03623969999898691
debug_algorithm_dueling_dqn_statev1_sparse_seed42_20261010_222618_608850_3ada1c8e,dueling_dqn,42,v1,sparse,59,891,0.0,1,46,0.9147500180990684,,0,True,False,True,0.037762200001452584
debug_algorithm_dueling_dqn_statev1_sparse_seed42_20261010_222618_608850_3ada1c8e,dueling_dqn,42,v1,sparse,60,905,-10.0,0,14,0.9134702001633688,,0,True,False,True,0.03796950000105426
debug_algorithm_dueling_dqn_statev1_sparse_seed42_20261010_222618_608850_3ada1c8e,dueling_dqn,42,v1,sparse,61,910,-10.0,0,5,0.9130135564011729,,0,True,False,True,0.03848469999502413
debug_algorithm_dueling_dqn_statev1_sparse_seed42_20261010_222618_608850_3ada1c8e,dueling_dqn,42,v1,sparse,62,921,-10.0,0,11,0.9120097434959706,,0,True,False,True,0.03889519999938784
debug_algorithm_dueling_dqn_statev1_sparse_seed42_20261010_222618_608850_3ada1c8e,dueling_dqn,42,v1,sparse,63,935,-10.0,0,14,0.9107337594520628,,0,True,False,True,0.03931629999715369
debug_algorithm_dueling_dqn_statev1_sparse_seed42_20261010_222618_608850_3ada1c8e,dueling_dqn,42,v1,sparse,64,936,-10.0,0,1,0.9106426860761176,,0,True,False,True,0.03938650000054622
debug_algorithm_dueling_dqn_statev1_sparse_seed42_20261010_222618_608850_3ada1c8e,dueling_dqn,42,v1,sparse,65,946,-10.0,0,10,0.9097324530699923,,0,True,False,True,0.039692799997283146
debug_algorithm_dueling_dqn_statev1_sparse_seed42_20261010_222618_608850_3ada1c8e,dueling_dqn,42,v1,sparse,66,948,-10.0,0,2,0.9095505156767029,,0,True,False,True,0.03977840000152355
debug_algorithm_dueling_dqn_statev1_sparse_seed42_20261010_222618_608850_3ada1c8e,dueling_dqn,42,v1,sparse,67,953,-10.0,0,5,0.9090958313648211,,0,True,False,True,0.040007600000535604
debug_algorithm_dueling_dqn_statev1_sparse_seed42_20261010_222618_608850_3ada1c8e,dueling_dqn,42,v1,sparse,68,957,-10.0,0,4,0.9087322475743888,,0,True,False,True,0.04033579999668291
debug_algorithm_dueling_dqn_statev1_sparse_seed42_20261010_222618_608850_3ada1c8e,dueling_dqn,42,v1,sparse,69,983,-10.0,0,26,0.9063724947491544,,0,True,False,True,0.041531899994879495
debug_algorithm_dueling_dqn_statev1_sparse_seed42_20261010_222618_608850_3ada1c8e,dueling_dqn,42,v1,sparse,70,986,-10.0,0,3,0.9061006101909981,,0,True,False,True,0.04175389999727486
debug_algorithm_dueling_dqn_statev1_sparse_seed42_20261010_222618_608850_3ada1c8e,dueling_dqn,42,v1,sparse,71,994,-10.0,0,8,0.9053759833602809,,0,True,False,True,0.042213699998683296
debug_algorithm_dueling_dqn_statev1_sparse_seed42_20261010_222618_608850_3ada1c8e,dueling_dqn,42,v1,sparse,72,998,-10.0,0,4,0.9050138872858745,,0,True,False,True,0.042332299999543466
debug_algorithm_dueling_dqn_statev1_sparse_seed42_20261010_222618_608850_3ada1c8e,dueling_dqn,42,v1,sparse,73,1003,-10.0,0,5,0.9045614708345707,0.863233894109726,4,True,False,True,0.05211350000172388
debug_algorithm_dueling_dqn_statev1_sparse_seed42_20261010_222618_608850_3ada1c8e,dueling_dqn,42,v1,sparse,74,1006,-10.0,0,3,0.9042901295292599,0.9478688438733419,7,True,False,True,0.05800679999811109
debug_algorithm_dueling_dqn_statev1_sparse_seed42_20261010_222618_608850_3ada1c8e,dueling_dqn,42,v1,sparse,75,1008,-10.0,0,2,0.9041092805462554,0.9726392328739166,9,True,False,True,0.06180189999577124
debug_algorithm_dueling_dqn_statev1_sparse_seed42_20261010_222618_608850_3ada1c8e,dueling_dqn,42,v1,sparse,76,1012,-10.0,0,4,0.9037476910769774,0.9295569211244583,13,True,False,True,0.06888049999543
debug_algorithm_dueling_dqn_statev1_sparse_seed42_20261010_222618_608850_3ada1c8e,dueling_dqn,42,v1,sparse,77,1017,-10.0,0,5,0.903295907597171,0.797323614358902,18,True,False,True,0.07800629999837838
debug_algorithm_dueling_dqn_statev1_sparse_seed42_20261010_222618_608850_3ada1c8e,dueling_dqn,42,v1,sparse,78,1038,-10.0,0,21,0.90140088191178,0.7883079208078838,39,True,False,True,0.12963209999725223
debug_algorithm_dueling_dqn_statev1_sparse_seed42_20261010_222618_608850_3ada1c8e,dueling_dqn,42,v1,sparse,79,1060,-10.0,0,22,0.8994198808201134,0.7161983725699511,61,True,False,True,0.16989679999824148
debug_algorithm_dueling_dqn_statev1_sparse_seed42_20261010_222618_608850_3ada1c8e,dueling_dqn,42,v1,sparse,80,1074,-10.0,0,14,0.8981615111317581,0.5643422811159066,75,True,False,True,0.20005549999768846
debug_algorithm_dueling_dqn_statev1_sparse_seed42_20261010_222618_608850_3ada1c8e,dueling_dqn,42,v1,sparse,81,1109,10.0,2,35,0.8950232840300215,0.40721970945596697,110,True,False,True,0.2806048999991617
debug_algorithm_dueling_dqn_statev1_sparse_seed42_20261010_222618_608850_3ada1c8e,dueling_dqn,42,v1,sparse,82,1113,-10.0,0,4,0.8946653284142266,0.36589929834008217,114,True,False,True,0.28931619999639224
debug_algorithm_dueling_dqn_statev1_sparse_seed42_20261010_222618_608850_3ada1c8e,dueling_dqn,42,v1,sparse,83,1122,-10.0,0,9,0.8938604516230314,0.20196021762159136,123,True,False,True,0.3076504999989993
debug_algorithm_dueling_dqn_statev1_sparse_seed42_20261010_222618_608850_3ada1c8e,dueling_dqn,42,v1,sparse,84,1129,-10.0,0,7,0.8932349369863083,0.18842908580388343,130,True,False,True,0.32284039999649394
debug_algorithm_dueling_dqn_statev1_sparse_seed42_20261010_222618_608850_3ada1c8e,dueling_dqn,42,v1,sparse,85,1134,-10.0,0,5,0.8927884088323771,0.17322157323360443,135,True,False,True,0.3340671999976621
debug_algorithm_dueling_dqn_statev1_sparse_seed42_20261010_222618_608850_3ada1c8e,dueling_dqn,42,v1,sparse,86,1145,-10.0,0,11,0.8918068324690056,0.14654747972434218,146,True,False,True,0.3611405999981798
debug_algorithm_dueling_dqn_statev1_sparse_seed42_20261010_222618_608850_3ada1c8e,dueling_dqn,42,v1,sparse,87,1187,-10.0,0,42,0.8880689120014957,0.14010985702320577,188,True,False,True,0.4486562999954913
debug_algorithm_dueling_dqn_statev1_sparse_seed42_20261010_222618_608850_3ada1c8e,dueling_dqn,42,v1,sparse,88,1188,-10.0,0,1,0.8879801051102956,0.014275535009801388,189,True,False,True,0.4544028999953298
debug_algorithm_dueling_dqn_statev1_sparse_seed42_20261010_222618_608850_3ada1c8e,dueling_dqn,42,v1,sparse,89,1209,-10.0,0,21,0.8861172104673026,0.06379360377433754,210,True,False,True,0.5069010000006529
debug_algorithm_dueling_dqn_statev1_sparse_seed42_20261010_222618_608850_3ada1c8e,dueling_dqn,42,v1,sparse,90,1228,-10.0,0,19,0.8844351021695405,0.10504472956649567,229,True,False,True,0.5505684000017936
debug_algorithm_dueling_dqn_statev1_sparse_seed42_20261010_222618_608850_3ada1c8e,dueling_dqn,42,v1,sparse,91,1235,-10.0,0,7,0.8838161832984411,0.06997665583289095,236,True,False,True,0.5666128000011668
debug_algorithm_dueling_dqn_statev1_sparse_seed42_20261010_222618_608850_3ada1c8e,dueling_dqn,42,v1,sparse,92,1262,-10.0,0,27,0.8814329792147269,0.10148133834203084,263,True,False,True,0.6299022999955923
debug_algorithm_dueling_dqn_statev1_sparse_seed42_20261010_222618_608850_3ada1c8e,dueling_dqn,42,v1,sparse,93,1286,-10.0,0,24,0.8793199710365504,0.09283565467922017,287,True,False,True,0.6870583999989321
debug_algorithm_dueling_dqn_statev1_sparse_seed42_20261010_222618_608850_3ada1c8e,dueling_dqn,42,v1,sparse,94,1288,-10.0,0,2,0.8791441158355427,0.15123355202376842,289,True,False,True,0.6917594999977155
debug_algorithm_dueling_dqn_statev1_sparse_seed42_20261010_222618_608850_3ada1c8e,dueling_dqn,42,v1,sparse,95,1295,-10.0,0,7,0.8785288995439554,0.04411361403098064,296,True,False,True,0.7068504999988363
debug_algorithm_dueling_dqn_statev1_sparse_seed42_20261010_222618_608850_3ada1c8e,dueling_dqn,42,v1,sparse,96,1318,-10.0,0,23,0.8765105041980233,0.04677783572823619,319,True,False,True,0.7627588999966974
debug_algorithm_dueling_dqn_statev1_sparse_seed42_20261010_222618_608850_3ada1c8e,dueling_dqn,42,v1,sparse,97,1324,-10.0,0,6,0.8759847293545513,0.21874892711639404,325,True,False,True,0.7745577999958186
debug_algorithm_dueling_dqn_statev1_sparse_seed42_20261010_222618_608850_3ada1c8e,dueling_dqn,42,v1,sparse,98,1355,-10.0,0,31,0.8732732460877475,0.07932185661798764,356,True,False,True,0.8392276999948081
debug_algorithm_dueling_dqn_statev1_sparse_seed42_20261010_222618_608850_3ada1c8e,dueling_dqn,42,v1,sparse,99,1373,-10.0,0,18,0.8717026896405322,0.04397109444511847,374,True,False,True,0.875694399997883
debug_algorithm_dueling_dqn_statev1_sparse_seed42_20261010_222618_608850_3ada1c8e,dueling_dqn,42,v1,sparse,100,1375,-10.0,0,2,0.871528357819631,0.14456531405448914,376,True,False,True,0.8790942999985418
debug_algorithm_dueling_dqn_statev1_sparse_seed42_20261010_222618_608850_3ada1c8e,dueling_dqn,42,v1,sparse,101,1379,-10.0,0,4,0.8711797987647186,0.07307882758323103,380,True,False,True,0.8982122999950661
debug_algorithm_dueling_dqn_statev1_sparse_seed42_20261010_222618_608850_3ada1c8e,dueling_dqn,42,v1,sparse,102,1402,-10.0,0,23,0.8691782877703627,0.07242012099848817,403,True,False,True,0.9528619999982766
debug_algorithm_dueling_dqn_statev1_sparse_seed42_20261010_222618_608850_3ada1c8e,dueling_dqn,42,v1,sparse,103,1403,-10.0,0,1,0.8690913699415856,0.1474994719028473,404,True,False,True,0.9548111999974935
debug_algorithm_dueling_dqn_statev1_sparse_seed42_20261010_222618_608850_3ada1c8e,dueling_dqn,42,v1,sparse,104,1405,-10.0,0,2,0.8689175603585111,0.07186028151772916,406,True,False,True,0.9586949000004097
debug_algorithm_dueling_dqn_statev1_sparse_seed42_20261010_222618_608850_3ada1c8e,dueling_dqn,42,v1,sparse,105,1406,-10.0,0,1,0.8688306686024753,0.003250555135309696,407,True,False,True,0.9603910000005271
debug_algorithm_dueling_dqn_statev1_sparse_seed42_20261010_222618_608850_3ada1c8e,dueling_dqn,42,v1,sparse,106,1414,-10.0,0,8,0.8681358472915321,0.07589313837524969,415,True,False,True,0.9755245999986073
debug_algorithm_dueling_dqn_statev1_sparse_seed42_20261010_222618_608850_3ada1c8e,dueling_dqn,42,v1,sparse,107,1455,-10.0,0,41,0.8645835997860419,0.09005156771859109,456,True,False,True,1.0687353999965126
debug_algorithm_dueling_dqn_statev1_sparse_seed42_20261010_222618_608850_3ada1c8e,dueling_dqn,42,v1,sparse,108,1478,0.0,1,23,0.8625972433726292,0.08945608441211769,479,True,False,True,1.1261948999963352
debug_algorithm_dueling_dqn_statev1_sparse_seed42_20261010_222618_608850_3ada1c8e,dueling_dqn,42,v1,sparse,109,1525,0.0,1,47,0.8585523470333374,0.07001419114989248,526,True,False,True,1.2476342000009026
debug_algorithm_dueling_dqn_statev1_sparse_seed42_20261010_222618_608850_3ada1c8e,dueling_dqn,42,v1,sparse,110,1529,-10.0,0,4,0.8582089776042309,0.1470962353341747,530,True,False,True,1.2570223000002443
debug_algorithm_dueling_dqn_statev1_sparse_seed42_20261010_222618_608850_3ada1c8e,dueling_dqn,42,v1,sparse,111,1544,-10.0,0,15,0.8569225648668832,0.06044188644737005,545,True,False,True,1.2907816000006278
debug_algorithm_dueling_dqn_statev1_sparse_seed42_20261010_222618_608850_3ada1c8e,dueling_dqn,42,v1,sparse,112,1551,-10.0,0,7,0.8563228989952257,0.06434140747712393,552,True,False,True,1.3063480999990134
debug_algorithm_dueling_dqn_statev1_sparse_seed42_20261010_222618_608850_3ada1c8e,dueling_dqn,42,v1,sparse,113,1576,0.0,1,25,0.8541846587479748,0.0609282490471378,577,True,False,True,1.3661701000019093
debug_algorithm_dueling_dqn_statev1_sparse_seed42_20261010_222618_608850_3ada1c8e,dueling_dqn,42,v1,sparse,114,1577,-10.0,0,1,0.8540992402820999,0.14349199831485748,578,True,False,True,1.3680782000010367
debug_algorithm_dueling_dqn_statev1_sparse_seed42_20261010_222618_608850_3ada1c8e,dueling_dqn,42,v1,sparse,115,1584,-10.0,0,7,0.8535015501448525,0.14674826192536525,585,True,False,True,1.3826082999948994
debug_algorithm_dueling_dqn_statev1_sparse_seed42_20261010_222618_608850_3ada1c8e,dueling_dqn,42,v1,sparse,116,1613,-10.0,0,29,0.8510298577490579,0.09880540566518903,614,True,False,True,1.4621583999978611
debug_algorithm_dueling_dqn_statev1_sparse_seed42_20261010_222618_608850_3ada1c8e,dueling_dqn,42,v1,sparse,117,1630,-10.0,0,17,0.8495842638129936,0.05593621339101125,631,True,False,True,1.5061764999991283
debug_algorithm_dueling_dqn_statev1_sparse_seed42_20261010_222618_608850_3ada1c8e,dueling_dqn,42,v1,sparse,118,1640,-10.0,0,10,0.8487350617601672,0.18943262775428593,641,True,False,True,1.5316396999987774
debug_algorithm_dueling_dqn_statev1_sparse_seed42_20261010_222618_608850_3ada1c8e,dueling_dqn,42,v1,sparse,119,1644,-10.0,0,4,0.848395618656172,0.10970006603747606,645,True,False,True,1.5392372999995132
debug_algorithm_dueling_dqn_statev1_sparse_seed42_20261010_222618_608850_3ada1c8e,dueling_dqn,42,v1,sparse,120,1653,-10.0,0,9,0.8476323679505497,0.06731616982465817,654,True,False,True,1.5713332000013907
debug_algorithm_dueling_dqn_statev1_sparse_seed42_20261010_222618_608850_3ada1c8e,dueling_dqn,42,v1,sparse,121,1673,-10.0,0,20,0.8459387127502577,0.05460508121177554,674,True,False,True,1.6546247000005678
debug_algorithm_dueling_dqn_statev1_sparse_seed42_20261010_222618_608850_3ada1c8e,dueling_dqn,42,v1,sparse,122,1683,-10.0,0,10,0.8450931546084332,0.1157838078448549,684,True,False,True,1.6869130999984918
debug_algorithm_dueling_dqn_statev1_sparse_seed42_20261010_222618_608850_3ada1c8e,dueling_dqn,42,v1,sparse,123,1685,-10.0,0,2,0.8449241444284431,0.28787248581647873,686,True,False,True,1.6942242000004626
debug_algorithm_dueling_dqn_statev1_sparse_seed42_20261010_222618_608850_3ada1c8e,dueling_dqn,42,v1,sparse,124,1697,-10.0,0,12,0.8439107929192229,0.0957260431459872,698,True,False,True,1.7361968999975943
debug_algorithm_dueling_dqn_statev1_sparse_seed42_20261010_222618_608850_3ada1c8e,dueling_dqn,42,v1,sparse,125,1708,-10.0,0,11,0.8429829550587306,0.09430821089666676,709,True,False,True,1.775781199998164
debug_algorithm_dueling_dqn_statev1_sparse_seed42_20261010_222618_608850_3ada1c8e,dueling_dqn,42,v1,sparse,126,1718,-10.0,0,10,0.8421403513448614,0.04652961005922407,719,True,False,True,1.8126982999965549
debug_algorithm_dueling_dqn_statev1_sparse_seed42_20261010_222618_608850_3ada1c8e,dueling_dqn,42,v1,sparse,127,1726,-10.0,0,8,0.8414668748159301,0.09150423500977922,727,True,False,True,1.838987899995118
debug_algorithm_dueling_dqn_statev1_sparse_seed42_20261010_222618_608850_3ada1c8e,dueling_dqn,42,v1,sparse,128,1753,-10.0,0,27,0.8391978653428435,0.07600419999195125,754,True,False,True,1.9283855999965454
debug_algorithm_dueling_dqn_statev1_sparse_seed42_20261010_222618_608850_3ada1c8e,dueling_dqn,42,v1,sparse,129,1754,-10.0,0,1,0.8391139455563091,0.010717460885643959,755,True,False,True,1.9312706999990041
debug_algorithm_dueling_dqn_statev1_sparse_seed42_20261010_222618_608850_3ada1c8e,dueling_dqn,42,v1,sparse,130,1755,-10.0,0,1,0.8390300341617535,0.14649055898189545,756,True,False,True,1.9345113999952446
debug_algorithm_dueling_dqn_statev1_sparse_seed42_20261010_222618_608850_3ada1c8e,dueling_dqn,42,v1,sparse,131,1797,0.0,1,42,0.8355133224441879,0.08194713750743263,798,True,False,True,2.066830099996878
debug_algorithm_dueling_dqn_statev1_sparse_seed42_20261010_222618_608850_3ada1c8e,dueling_dqn,42,v1,sparse,132,1798,-10.0,0,1,0.8354297711119435,0.00812298059463501,799,True,False,True,2.0693891999981133
debug_algorithm_dueling_dqn_statev1_sparse_seed42_20261010_222618_608850_3ada1c8e,dueling_dqn,42,v1,sparse,133,1805,0.0,1,7,0.83484514568318,0.1654316778294742,806,True,False,True,2.090488000001642
debug_algorithm_dueling_dqn_statev1_sparse_seed42_20261010_222618_608850_3ada1c8e,dueling_dqn,42,v1,sparse,134,1810,-10.0,0,5,0.8344278065865051,0.1453574615996331,811,True,False,True,2.106612199997471
debug_algorithm_dueling_dqn_statev1_sparse_seed42_20261010_222618_608850_3ada1c8e,dueling_dqn,42,v1,sparse,135,1844,-10.0,0,34,0.8315954281947576,0.08042205827694167,845,True,False,True,2.208258200000273
debug_algorithm_dueling_dqn_statev1_sparse_seed42_20261010_222618_608850_3ada1c8e,dueling_dqn,42,v1,sparse,136,1850,-10.0,0,6,0.8310965956605244,0.07491200450264539,851,True,False,True,2.223095100001956
debug_algorithm_dueling_dqn_statev1_sparse_seed42_20261010_222618_608850_3ada1c8e,dueling_dqn,42,v1,sparse,137,1880,-10.0,0,30,0.8286069177717583,0.06506273807802548,881,True,False,True,2.3122528999956558
debug_algorithm_dueling_dqn_statev1_sparse_seed42_20261010_222618_608850_3ada1c8e,dueling_dqn,42,v1,sparse,138,1888,-10.0,0,8,0.8279442642010817,0.021926210611127317,889,True,False,True,2.336196199998085
debug_algorithm_dueling_dqn_statev1_sparse_seed42_20261010_222618_608850_3ada1c8e,dueling_dqn,42,v1,sparse,139,1932,-10.0,0,44,0.8243091308372733,0.09706556252256798,933,True,False,True,2.470321299995703
debug_algorithm_dueling_dqn_statev1_sparse_seed42_20261010_222618_608850_3ada1c8e,dueling_dqn,42,v1,sparse,140,1940,-10.0,0,8,0.8236499142930047,0.0938296348467702,941,True,False,True,2.4970677999954205
debug_algorithm_dueling_dqn_statev1_sparse_seed42_20261010_222618_608850_3ada1c8e,dueling_dqn,42,v1,sparse,141,1951,-10.0,0,11,0.8227443522588603,0.11903327202890068,952,True,False,True,2.5275737999982084
debug_algorithm_dueling_dqn_statev1_sparse_seed42_20261010_222618_608850_3ada1c8e,dueling_dqn,42,v1,sparse,142,1954,-10.0,0,3,0.8224975536346905,0.14360767339045802,955,True,False,True,2.536470200000622
debug_algorithm_dueling_dqn_statev1_sparse_seed42_20261010_222618_608850_3ada1c8e,dueling_dqn,42,v1,sparse,143,1970,-10.0,0,16,0.8211825440854905,0.11045860263402574,971,True,False,True,2.582296699998551
debug_algorithm_dueling_dqn_statev1_sparse_seed42_20261010_222618_608850_3ada1c8e,dueling_dqn,42,v1,sparse,144,1983,-10.0,0,13,0.8201156470657645,0.04709891189570324,984,True,False,True,2.619117800000822
debug_algorithm_dueling_dqn_statev1_sparse_seed42_20261010_222618_608850_3ada1c8e,dueling_dqn,42,v1,sparse,145,1986,-10.0,0,3,0.819869636974294,0.09151950214679043,987,True,False,True,2.629076699995494
debug_algorithm_dueling_dqn_statev1_sparse_seed42_20261010_222618_608850_3ada1c8e,dueling_dqn,42,v1,sparse,146,1996,-10.0,0,10,0.8190501361802892,0.07773256045766175,997,True,False,True,2.659581599997182
debug_algorithm_dueling_dqn_statev1_sparse_seed42_20261010_222618_608850_3ada1c8e,dueling_dqn,42,v1,sparse,147,2005,-10.0,0,9,0.818313285846986,0.05446716563569175,1006,True,False,True,2.6887033999955747
debug_algorithm_dueling_dqn_statev1_sparse_seed42_20261010_222618_608850_3ada1c8e,dueling_dqn,42,v1,sparse,148,2025,-10.0,0,20,0.8166782131380547,0.007874701637774706,1026,True,False,True,2.7451205999968806
debug_algorithm_dueling_dqn_statev1_sparse_seed42_20261010_222618_608850_3ada1c8e,dueling_dqn,42,v1,sparse,149,2030,-10.0,0,5,0.8162699556911407,0.09268676685169339,1031,True,False,True,2.7599570999955176
debug_algorithm_dueling_dqn_statev1_sparse_seed42_20261010_222618_608850_3ada1c8e,dueling_dqn,42,v1,sparse,150,2031,-10.0,0,1,0.8161883286955716,0.14817576110363007,1032,True,False,True,2.7631561999951373
debug_algorithm_dueling_dqn_statev1_sparse_seed42_20261010_222618_608850_3ada1c8e,dueling_dqn,42,v1,sparse,151,2060,10.0,2,29,0.8138246932865548,0.06972984991293273,1061,True,False,True,2.8416185999958543
debug_algorithm_dueling_dqn_statev1_sparse_seed42_20261010_222618_608850_3ada1c8e,dueling_dqn,42,v1,sparse,152,2084,-10.0,0,24,0.811873758532504,0.05900141012777264,1085,True,False,True,2.902767200001108
debug_algorithm_dueling_dqn_statev1_sparse_seed42_20261010_222618_608850_3ada1c8e,dueling_dqn,42,v1,sparse,153,2087,-10.0,0,3,0.8116302207603451,0.1536012173940738,1088,True,False,True,2.9092668000012054
debug_algorithm_dueling_dqn_statev1_sparse_seed42_20261010_222618_608850_3ada1c8e,dueling_dqn,42,v1,sparse,154,2112,-10.0,0,25,0.8096035782333834,0.08795576211065054,1113,True,False,True,2.965352899998834
debug_algorithm_dueling_dqn_statev1_sparse_seed42_20261010_222618_608850_3ada1c8e,dueling_dqn,42,v1,sparse,155,2123,-10.0,0,11,0.8087134594457368,0.029822132105685094,1124,True,False,True,2.98531599999842
debug_algorithm_dueling_dqn_statev1_sparse_seed42_20261010_222618_608850_3ada1c8e,dueling_dqn,42,v1,sparse,156,2158,20.0,3,35,0.805887768893963,0.0894901277830026,1159,True,False,True,3.066368200001307
debug_algorithm_dueling_dqn_statev1_sparse_seed42_20261010_222618_608850_3ada1c8e,dueling_dqn,42,v1,sparse,157,2159,-10.0,0,1,0.8058071801170735,0.15840773284435272,1160,True,False,True,3.0682168999992427
debug_algorithm_dueling_dqn_statev1_sparse_seed42_20261010_222618_608850_3ada1c8e,dueling_dqn,42,v1,sparse,158,2175,-10.0,0,16,0.8045188551463972,0.10174196744628716,1176,True,False,True,3.1014340999972774
debug_algorithm_dueling_dqn_statev1_sparse_seed42_20261010_222618_608850_3ada1c8e,dueling_dqn,42,v1,sparse,159,2194,-10.0,0,19,0.8029916442695944,0.0896061283511747,1195,True,False,True,3.1422584999963874
debug_algorithm_dueling_dqn_statev1_sparse_seed42_20261010_222618_608850_3ada1c8e,dueling_dqn,42,v1,sparse,160,2200,-10.0,0,6,0.8025099697157205,0.005238303526615103,1201,True,False,True,3.1562103999967803
debug_algorithm_dueling_dqn_statev1_sparse_seed42_20261010_222618_608850_3ada1c8e,dueling_dqn,42,v1,sparse,161,2201,-10.0,0,1,0.802429718718749,0.007975940592586994,1202,True,False,True,3.158119899999292
debug_algorithm_dueling_dqn_statev1_sparse_seed42_20261010_222618_608850_3ada1c8e,dueling_dqn,42,v1,sparse,162,2250,-10.0,0,49,0.7985072349035409,0.07766063058302186,1251,True,False,True,3.265103799996723
debug_algorithm_dueling_dqn_statev1_sparse_seed42_20261010_222618_608850_3ada1c8e,dueling_dqn,42,v1,sparse,163,2269,-10.0,0,19,0.796991435831152,0.1023334470626555,1270,True,False,True,3.3178613999989466
debug_algorithm_dueling_dqn_statev1_sparse_seed42_20261010_222618_608850_3ada1c8e,dueling_dqn,42,v1,sparse,164,2307,-10.0,0,38,0.7939684645072469,0.0691926326284087,1308,True,False,True,3.4030951999957324
debug_algorithm_dueling_dqn_statev1_sparse_seed42_20261010_222618_608850_3ada1c8e,dueling_dqn,42,v1,sparse,165,2330,-10.0,0,23,0.7921443443736803,0.08331886824706326,1331,True,False,True,3.462358299999323
debug_algorithm_dueling_dqn_statev1_sparse_seed42_20261010_222618_608850_3ada1c8e,dueling_dqn,42,v1,sparse,166,2331,-10.0,0,1,0.7920651299392429,0.0026784634683281183,1332,True,False,True,3.4648773000008077
debug_algorithm_dueling_dqn_statev1_sparse_seed42_20261010_222618_608850_3ada1c8e,dueling_dqn,42,v1,sparse,167,2380,0.0,1,49,0.7881933109122282,0.07356925483089777,1381,True,False,True,3.573970699995698
debug_algorithm_dueling_dqn_statev1_sparse_seed42_20261010_222618_608850_3ada1c8e,dueling_dqn,42,v1,sparse,168,2393,-10.0,0,13,0.787169274173458,0.12165040884596798,1394,True,False,True,3.607986899995012
debug_algorithm_dueling_dqn_statev1_sparse_seed42_20261010_222618_608850_3ada1c8e,dueling_dqn,42,v1,sparse,169,2449,0.0,1,56,0.7827732268534591,0.08358201263139822,1450,True,False,True,3.7591658999954234
debug_algorithm_dueling_dqn_statev1_sparse_seed42_20261010_222618_608850_3ada1c8e,dueling_dqn,42,v1,sparse,170,2484,-10.0,0,35,0.7800381729410172,0.12079931582058115,1485,True,False,True,3.850509600000805
debug_algorithm_dueling_dqn_statev1_sparse_seed42_20261010_222618_608850_3ada1c8e,dueling_dqn,42,v1,sparse,171,2506,0.0,1,22,0.7783238896480383,0.09969662698197433,1507,True,False,True,3.910082099995634
debug_algorithm_dueling_dqn_statev1_sparse_seed42_20261010_222618_608850_3ada1c8e,dueling_dqn,42,v1,sparse,172,2511,-10.0,0,5,0.7779348055278205,0.09158912878483534,1512,True,False,True,3.9250247000018135
debug_algorithm_dueling_dqn_statev1_sparse_seed42_20261010_222618_608850_3ada1c8e,dueling_dqn,42,v1,sparse,173,2512,-10.0,0,1,0.7778570120472676,0.2839784026145935,1513,True,False,True,3.9270493000003626
debug_algorithm_dueling_dqn_statev1_sparse_seed42_20261010_222618_608850_3ada1c8e,dueling_dqn,42,v1,sparse,174,2517,-10.0,0,5,0.777468161319167,0.11406080089509488,1518,True,False,True,3.937355000001844
debug_algorithm_dueling_dqn_statev1_sparse_seed42_20261010_222618_608850_3ada1c8e,dueling_dqn,42,v1,sparse,175,2528,-10.0,0,11,0.7766133738209482,0.11708710433661261,1529,True,False,True,3.9624859999967157
debug_algorithm_dueling_dqn_statev1_sparse_seed42_20261010_222618_608850_3ada1c8e,dueling_dqn,42,v1,sparse,176,2554,-10.0,0,26,0.7745967010244447,0.07035847092405535,1555,True,False,True,4.0244304000007105
debug_algorithm_dueling_dqn_statev1_sparse_seed42_20261010_222618_608850_3ada1c8e,dueling_dqn,42,v1,sparse,177,2555,-10.0,0,1,0.7745192413543422,0.008890769444406033,1556,True,False,True,4.026482900000701
debug_algorithm_dueling_dqn_statev1_sparse_seed42_20261010_222618_608850_3ada1c8e,dueling_dqn,42,v1,sparse,178,2556,-10.0,0,1,0.7744417894302068,0.007300166413187981,1557,True,False,True,4.0286086999985855
debug_algorithm_dueling_dqn_statev1_sparse_seed42_20261010_222618_608850_3ada1c8e,dueling_dqn,42,v1,sparse,179,2560,-10.0,0,4,0.7741320591778444,0.07192601053975523,1561,True,False,True,4.038670900001307
debug_algorithm_dueling_dqn_statev1_sparse_seed42_20261010_222618_608850_3ada1c8e,dueling_dqn,42,v1,sparse,180,2576,-10.0,0,16,0.7728943764082579,0.08063259287155233,1577,True,False,True,4.076529300000402
debug_algorithm_dueling_dqn_statev1_sparse_seed42_20261010_222618_608850_3ada1c8e,dueling_dqn,42,v1,sparse,181,2628,0.0,1,52,0.7688855571703049,0.1197538408003031,1629,True,False,True,4.198693799997272
debug_algorithm_dueling_dqn_statev1_sparse_seed42_20261010_222618_608850_3ada1c8e,dueling_dqn,42,v1,sparse,182,2630,-10.0,0,2,0.7687317877477265,0.212899811565876,1631,True,False,True,4.202800399994885
debug_algorithm_dueling_dqn_statev1_sparse_seed42_20261010_222618_608850_3ada1c8e,dueling_dqn,42,v1,sparse,183,2651,-10.0,0,21,0.7671190643082574,0.0807697255873964,1652,True,False,True,4.245681100001093
debug_algorithm_dueling_dqn_statev1_sparse_seed42_20261010_222618_608850_3ada1c8e,dueling_dqn,42,v1,sparse,184,2653,-10.0,0,2,0.7669656481665864,0.0775637801270932,1654,True,False,True,4.251548100000946
debug_algorithm_dueling_dqn_statev1_sparse_seed42_20261010_222618_608850_3ada1c8e,dueling_dqn,42,v1,sparse,185,2665,-10.0,0,12,0.7660457954174198,0.1118891768079872,1666,True,False,True,4.280772899997828
debug_algorithm_dueling_dqn_statev1_sparse_seed42_20261010_222618_608850_3ada1c8e,dueling_dqn,42,v1,sparse,186,2708,-10.0,0,43,0.7627587064463331,0.08382815407415808,1709,True,False,True,4.38834720000159
debug_algorithm_dueling_dqn_statev1_sparse_seed42_20261010_222618_608850_3ada1c8e,dueling_dqn,42,v1,sparse,187,2709,-10.0,0,1,0.7626824305756885,0.13951337337493896,1710,True,False,True,4.391687800001819
debug_algorithm_dueling_dqn_statev1_sparse_seed42_20261010_222618_608850_3ada1c8e,dueling_dqn,42,v1,sparse,188,2736,-10.0,0,27,0.7606258627989574,0.10327665024885425,1737,True,False,True,4.454890000000887
debug_algorithm_dueling_dqn_statev1_sparse_seed42_20261010_222618_608850_3ada1c8e,dueling_dqn,42,v1,sparse,189,2738,-10.0,0,2,0.7604737452326562,0.007172569166868925,1739,True,False,True,4.4611246999993455
debug_algorithm_dueling_dqn_statev1_sparse_seed42_20261010_222618_608850_3ada1c8e,dueling_dqn,42,v1,sparse,190,2754,-10.0,0,16,0.7592578993830513,0.05899150043842383,1755,True,False,True,4.504872500001511
debug_algorithm_dueling_dqn_statev1_sparse_seed42_20261010_222618_608850_3ada1c8e,dueling_dqn,42,v1,sparse,191,2768,-10.0,0,14,0.7581956289723096,0.05228740768507123,1769,True,False,True,4.538792399995145
debug_algorithm_dueling_dqn_statev1_sparse_seed42_20261010_222618_608850_3ada1c8e,dueling_dqn,42,v1,sparse,192,2773,-10.0,0,5,0.7578166069698048,0.08859057128429412,1774,True,False,True,4.555363599996781
debug_algorithm_dueling_dqn_statev1_sparse_seed42_20261010_222618_608850_3ada1c8e,dueling_dqn,42,v1,sparse,193,2792,-10.0,0,19,0.7563780505489297,0.10821970493385666,1793,True,False,True,4.606607599998824
debug_algorithm_dueling_dqn_statev1_sparse_seed42_20261010_222618_608850_3ada1c8e,dueling_dqn,42,v1,sparse,194,2798,-10.0,0,6,0.7559243371601816,0.06870901751487206,1799,True,False,True,4.623050800000783
debug_algorithm_dueling_dqn_statev1_sparse_seed42_20261010_222618_608850_3ada1c8e,dueling_dqn,42,v1,sparse,195,2800,-10.0,0,2,0.7557731598519929,0.0035933353938162327,1801,True,False,True,4.62752019999607
debug_algorithm_dueling_dqn_statev1_sparse_seed42_20261010_222618_608850_3ada1c8e,dueling_dqn,42,v1,sparse,196,2833,10.0,2,33,0.753283094786358,0.0900962482855627,1834,True,False,True,4.719714499995462
debug_algorithm_dueling_dqn_statev1_sparse_seed42_20261010_222618_608850_3ada1c8e,dueling_dqn,42,v1,sparse,197,2849,-10.0,0,16,0.7520787453527122,0.08479205759067554,1850,True,False,True,4.764976200000092
debug_algorithm_dueling_dqn_statev1_sparse_seed42_20261010_222618_608850_3ada1c8e,dueling_dqn,42,v1,sparse,198,2855,-10.0,0,6,0.7516276109022719,0.11445201638465126,1856,True,False,True,4.777763500002038
debug_algorithm_dueling_dqn_statev1_sparse_seed42_20261010_222618_608850_3ada1c8e,dueling_dqn,42,v1,sparse,199,2858,-10.0,0,3,0.7514021451670779,0.007526154940327008,1859,True,False,True,4.785703499997908
debug_algorithm_dueling_dqn_statev1_sparse_seed42_20261010_222618_608850_3ada1c8e,dueling_dqn,42,v1,sparse,200,2906,-10.0,0,48,0.7478038777048304,0.09041238635351571,1907,True,False,True,4.9015211000005365
debug_algorithm_dueling_dqn_statev1_sparse_seed42_20261010_222618_608850_3ada1c8e,dueling_dqn,42,v1,sparse,201,2918,-10.0,0,12,0.7469070064376644,0.11858424652988712,1919,True,False,True,4.942064700000628
debug_algorithm_dueling_dqn_statev1_sparse_seed42_20261010_222618_608850_3ada1c8e,dueling_dqn,42,v1,sparse,202,2931,-10.0,0,13,0.7459366097031985,0.07825396999788399,1932,True,False,True,4.9769616999983555
debug_algorithm_dueling_dqn_statev1_sparse_seed42_20261010_222618_608850_3ada1c8e,dueling_dqn,42,v1,sparse,203,2951,-10.0,0,20,0.7444461529133445,0.08843997096410021,1952,True,False,True,5.020458099999814
debug_algorithm_dueling_dqn_statev1_sparse_seed42_20261010_222618_608850_3ada1c8e,dueling_dqn,42,v1,sparse,204,2964,-10.0,0,13,0.7434789533696978,0.15609686069477063,1965,True,False,True,5.049970599997323
debug_algorithm_dueling_dqn_statev1_sparse_seed42_20261010_222618_608850_3ada1c8e,dueling_dqn,42,v1,sparse,205,2990,10.0,2,26,0.7415483224656008,0.1094065460179431,1991,True,False,True,5.106697899995197
debug_algorithm_dueling_dqn_statev1_sparse_seed42_20261010_222618_608850_3ada1c8e,dueling_dqn,42,v1,sparse,206,3003,0.0,1,13,0.7405848878420571,0.09382470736566645,2004,True,False,True,5.140083699996467
debug_algorithm_dueling_dqn_statev1_sparse_seed42_20261010_222618_608850_3ada1c8e,dueling_dqn,42,v1,sparse,207,3036,0.0,1,33,0.7381448639627838,0.10629053549333052,2037,True,False,True,5.219455699996615
debug_algorithm_dueling_dqn_statev1_sparse_seed42_20261010_222618_608850_3ada1c8e,dueling_dqn,42,v1,sparse,208,3059,-10.0,0,23,0.7364489969755741,0.11766017657583175,2060,True,False,True,5.276786499998707
debug_algorithm_dueling_dqn_statev1_sparse_seed42_20261010_222618_608850_3ada1c8e,dueling_dqn,42,v1,sparse,209,3063,-10.0,0,4,0.736154461560778,0.08951930305920541,2064,True,False,True,5.285377599997446
debug_algorithm_dueling_dqn_statev1_sparse_seed42_20261010_222618_608850_3ada1c8e,dueling_dqn,42,v1,sparse,210,3078,-10.0,0,15,0.735051002495772,0.08483878547946612,2079,True,False,True,5.329721800000698
debug_algorithm_dueling_dqn_statev1_sparse_seed42_20261010_222618_608850_3ada1c8e,dueling_dqn,42,v1,sparse,211,3118,-10.0,0,40,0.732116524628018,0.10519936589989812,2119,True,False,True,5.431834800001525
debug_algorithm_dueling_dqn_statev1_sparse_seed42_20261010_222618_608850_3ada1c8e,dueling_dqn,42,v1,sparse,212,3150,-10.0,0,32,0.729777379418504,0.10945729279774241,2151,True,False,True,5.520549399996526
debug_algorithm_dueling_dqn_statev1_sparse_seed42_20261010_222618_608850_3ada1c8e,dueling_dqn,42,v1,sparse,213,3189,-10.0,0,39,0.7269366486257167,0.0919846473619915,2190,True,False,True,5.629838299995754
debug_algorithm_dueling_dqn_statev1_sparse_seed42_20261010_222618_608850_3ada1c8e,dueling_dqn,42,v1,sparse,214,3205,-10.0,0,16,0.7257744219049418,0.0925815217779018,2206,True,False,True,5.669471100001829
debug_algorithm_dueling_dqn_statev1_sparse_seed42_20261010_222618_608850_3ada1c8e,dueling_dqn,42,v1,sparse,215,3223,0.0,1,18,0.724469137788369,0.11633437934021156,2224,True,False,True,5.710621999998693
debug_algorithm_dueling_dqn_statev1_sparse_seed42_20261010_222618_608850_3ada1c8e,dueling_dqn,42,v1,sparse,216,3226,-10.0,0,3,0.7242518187803821,0.06928674504160881,2227,True,False,True,5.723473599995486
debug_algorithm_dueling_dqn_statev1_sparse_seed42_20261010_222618_608850_3ada1c8e,dueling_dqn,42,v1,sparse,217,3231,-10.0,0,5,0.7238897652889317,0.0966926485300064,2232,True,False,True,5.738391200000478
debug_algorithm_dueling_dqn_statev1_sparse_seed42_20261010_222618_608850_3ada1c8e,dueling_dqn,42,v1,sparse,218,3304,0.0,1,73,0.7186243488809889,0.11752520063381693,2305,True,False,True,5.92118340000161
debug_algorithm_dueling_dqn_statev1_sparse_seed42_20261010_222618_608850_3ada1c8e,dueling_dqn,42,v1,sparse,219,3307,-10.0,0,3,0.7184087831343364,0.11220632183055083,2308,True,False,True,5.927266200000304
debug_algorithm_dueling_dqn_statev1_sparse_seed42_20261010_222618_608850_3ada1c8e,dueling_dqn,42,v1,sparse,220,3309,-10.0,0,2,0.7182651085617974,0.0907784067094326,2310,True,False,True,5.932423899997957
debug_algorithm_dueling_dqn_statev1_sparse_seed42_20261010_222618_608850_3ada1c8e,dueling_dqn,42,v1,sparse,221,3313,-10.0,0,4,0.7179778456114062,0.0596847296692431,2314,True,False,True,5.943128599996271
debug_algorithm_dueling_dqn_statev1_sparse_seed42_20261010_222618_608850_3ada1c8e,dueling_dqn,42,v1,sparse,222,3320,-10.0,0,7,0.717475411869699,0.06223348395100662,2321,True,False,True,5.9635851999992155
debug_algorithm_dueling_dqn_statev1_sparse_seed42_20261010_222618_608850_3ada1c8e,dueling_dqn,42,v1,sparse,223,3331,-10.0,0,11,0.716686583409759,0.1667997676201842,2332,True,False,True,5.993238399998518
debug_algorithm_dueling_dqn_statev1_sparse_seed42_20261010_222618_608850_3ada1c8e,dueling_dqn,42,v1,sparse,224,3336,-10.0,0,5,0.716328311779546,0.14771344587206842,2337,True,False,True,6.004752499997267
debug_algorithm_dueling_dqn_statev1_sparse_seed42_20261010_222618_608850_3ada1c8e,dueling_dqn,42,v1,sparse,225,3352,-10.0,0,16,0.7151830456736593,0.0914647986064665,2353,True,False,True,6.041646899997431
debug_algorithm_dueling_dqn_statev1_sparse_seed42_20261010_222618_608850_3ada1c8e,dueling_dqn,42,v1,sparse,226,3399,0.0,1,47,0.7118294049037696,0.13471765082052095,2400,True,False,True,6.143354299994826
debug_algorithm_dueling_dqn_statev1_sparse_seed42_20261010_222618_608850_3ada1c8e,dueling_dqn,42,v1,sparse,227,3404,-10.0,0,5,0.7114735613771402,0.12785744331777096,2405,True,False,True,6.152888199998415
debug_algorithm_dueling_dqn_statev1_sparse_seed42_20261010_222618_608850_3ada1c8e,dueling_dqn,42,v1,sparse,228,3460,0.0,1,56,0.7075002464303313,0.11962784825923986,2461,True,False,True,6.268667799995455
debug_algorithm_dueling_dqn_statev1_sparse_seed42_20261010_222618_608850_3ada1c8e,dueling_dqn,42,v1,sparse,229,3494,0.0,1,34,0.7050987104384484,0.13455555812620065,2495,True,False,True,6.353379899999709
debug_algorithm_dueling_dqn_statev1_sparse_seed42_20261010_222618_608850_3ada1c8e,dueling_dqn,42,v1,sparse,230,3503,-10.0,0,9,0.7044643753753703,0.10540307147635354,2504,True,False,True,6.372492099995725
debug_algorithm_dueling_dqn_statev1_sparse_seed42_20261010_222618_608850_3ada1c8e,dueling_dqn,42,v1,sparse,231,3504,-10.0,0,1,0.7043939289378328,0.2941211760044098,2505,True,False,True,6.37493959999847
debug_algorithm_dueling_dqn_statev1_sparse_seed42_20261010_222618_608850_3ada1c8e,dueling_dqn,42,v1,sparse,232,3545,-10.0,0,41,0.7015116823576938,0.11089832503802893,2546,True,False,True,6.4805647999965
debug_algorithm_dueling_dqn_statev1_sparse_seed42_20261010_222618_608850_3ada1c8e,dueling_dqn,42,v1,sparse,233,3562,0.0,1,17,0.7003200660767129,0.09944625565891757,2563,True,False,True,6.5240030999993905
debug_algorithm_dueling_dqn_statev1_sparse_seed42_20261010_222618_608850_3ada1c8e,dueling_dqn,42,v1,sparse,234,3589,-10.0,0,27,0.6984316579745301,0.10501839474050535,2590,True,False,True,6.598006299995177
debug_algorithm_dueling_dqn_statev1_sparse_seed42_20261010_222618_608850_3ada1c8e,dueling_dqn,42,v1,sparse,235,3592,-10.0,0,3,0.6982221494293891,0.1882769294704,2593,True,False,True,6.603617499997199
debug_algorithm_dueling_dqn_statev1_sparse_seed42_20261010_222618_608850_3ada1c8e,dueling_dqn,42,v1,sparse,236,3650,10.0,2,58,0.6941839810600783,0.10629124599027223,2651,True,False,True,6.754257499997038
debug_algorithm_dueling_dqn_statev1_sparse_seed42_20261010_222618_608850_3ada1c8e,dueling_dqn,42,v1,sparse,237,3670,-10.0,0,20,0.6927969312564889,0.1363113855943084,2671,True,False,True,6.808302699995693
debug_algorithm_dueling_dqn_statev1_sparse_seed42_20261010_222618_608850_3ada1c8e,dueling_dqn,42,v1,sparse,238,3678,-10.0,0,8,0.6922428876558328,0.10354912769980729,2679,True,False,True,6.826570500001253
debug_algorithm_dueling_dqn_statev1_sparse_seed42_20261010_222618_608850_3ada1c8e,dueling_dqn,42,v1,sparse,239,3688,-10.0,0,10,0.691550956194422,0.07499713357537985,2689,True,False,True,6.847012499994889
debug_algorithm_dueling_dqn_statev1_sparse_seed42_20261010_222618_608850_3ada1c8e,dueling_dqn,42,v1,sparse,240,3721,10.0,2,33,0.6892724856577555,0.07945818527404105,2722,True,False,True,6.9273478999966756
debug_algorithm_dueling_dqn_statev1_sparse_seed42_20261010_222618_608850_3ada1c8e,dueling_dqn,42,v1,sparse,241,3735,-10.0,0,14,0.6883081311649705,0.11336696527100035,2736,True,False,True,6.956687099998817
debug_algorithm_dueling_dqn_statev1_sparse_seed42_20261010_222618_608850_3ada1c8e,dueling_dqn,42,v1,sparse,242,3790,10.0,2,55,0.6845326397849991,0.10403121197596192,2791,True,False,True,7.081727899996622
debug_algorithm_dueling_dqn_statev1_sparse_seed42_20261010_222618_608850_3ada1c8e,dueling_dqn,42,v1,sparse,243,3801,-10.0,0,11,0.6837800302612622,0.11266957426613028,2802,True,False,True,7.110614400000486
debug_algorithm_dueling_dqn_statev1_sparse_seed42_20261010_222618_608850_3ada1c8e,dueling_dqn,42,v1,sparse,244,3829,-10.0,0,28,0.6818680286263811,0.15889090256366348,2830,True,False,True,7.175718300000881
debug_algorithm_dueling_dqn_statev1_sparse_seed42_20261010_222618_608850_3ada1c8e,dueling_dqn,42,v1,sparse,245,3851,0.0,1,22,0.6803694930289713,0.08782336752946404,2852,True,False,True,7.224132999996073
debug_algorithm_dueling_dqn_statev1_sparse_seed42_20261010_222618_608850_3ada1c8e,dueling_dqn,42,v1,sparse,246,3882,-10.0,0,31,0.678263508262603,0.12077825408308737,2883,True,False,True,7.300601800001459
debug_algorithm_dueling_dqn_statev1_sparse_seed42_20261010_222618_608850_3ada1c8e,dueling_dqn,42,v1,sparse,247,3884,-10.0,0,2,0.6781278623435856,0.030466058291494846,2885,True,False,True,7.30448069999693
debug_algorithm_dueling_dqn_statev1_sparse_seed42_20261010_222618_608850_3ada1c8e,dueling_dqn,42,v1,sparse,248,3918,0.0,1,34,0.675826027854151,0.1008352868615047,2919,True,False,True,7.39323560000048
debug_algorithm_dueling_dqn_statev1_sparse_seed42_20261010_222618_608850_3ada1c8e,dueling_dqn,42,v1,sparse,249,3919,-10.0,0,1,0.6757584452513656,0.1519048511981964,2920,True,False,True,7.396005299997341
debug_algorithm_dueling_dqn_statev1_sparse_seed42_20261010_222618_608850_3ada1c8e,dueling_dqn,42,v1,sparse,250,3962,0.0,1,43,0.6728587777043438,0.16768491969898688,2963,True,False,True,7.517060699996364
debug_algorithm_dueling_dqn_statev1_sparse_seed42_20261010_222618_608850_3ada1c8e,dueling_dqn,42,v1,sparse,251,3994,10.0,2,32,0.6707089636602663,0.12942830871907063,2995,True,False,True,7.598153799997817
debug_algorithm_dueling_dqn_statev1_sparse_seed42_20261010_222618_608850_3ada1c8e,dueling_dqn,42,v1,sparse,252,4006,-10.0,0,12,0.6699045554242672,0.15205465513281524,3007,True,False,True,7.630492600001162
debug_algorithm_dueling_dqn_statev1_sparse_seed42_20261010_222618_608850_3ada1c8e,dueling_dqn,42,v1,sparse,253,4058,-10.0,0,52,0.6664299198836944,0.13386400008144286,3059,True,False,True,7.757398800000374
debug_algorithm_dueling_dqn_statev1_sparse_seed42_20261010_222618_608850_3ada1c8e,dueling_dqn,42,v1,sparse,254,4060,-10.0,0,2,0.6662966405640168,0.22597470879554749,3061,True,False,True,7.761632399997325
debug_algorithm_dueling_dqn_statev1_sparse_seed42_20261010_222618_608850_3ada1c8e,dueling_dqn,42,v1,sparse,255,4065,-10.0,0,5,0.6659635588667363,0.05685954205691814,3066,True,False,True,7.7773205999983475
debug_algorithm_dueling_dqn_statev1_sparse_seed42_20261010_222618_608850_3ada1c8e,dueling_dqn,42,v1,sparse,256,4069,-10.0,0,4,0.6656972133983393,0.13139218743890524,3070,True,False,True,7.787145599999349
debug_algorithm_dueling_dqn_statev1_sparse_seed42_20261010_222618_608850_3ada1c8e,dueling_dqn,42,v1,sparse,257,4094,0.0,1,25,0.664034965926222,0.07202262107282877,3095,True,False,True,7.849451499998395
debug_algorithm_dueling_dqn_statev1_sparse_seed42_20261010_222618_608850_3ada1c8e,dueling_dqn,42,v1,sparse,258,4137,30.0,4,43,0.6611856036218146,0.11609736429310816,3138,True,False,True,7.959074699996563
debug_algorithm_dueling_dqn_statev1_sparse_seed42_20261010_222618_608850_3ada1c8e,dueling_dqn,42,v1,sparse,259,4182,-10.0,0,45,0.6582168047706122,0.0942750402001871,3183,True,False,True,8.059961799997836
debug_algorithm_dueling_dqn_statev1_sparse_seed42_20261010_222618_608850_3ada1c8e,dueling_dqn,42,v1,sparse,260,4189,-10.0,0,7,0.6577561912097665,0.13954845603023255,3190,True,False,True,8.0763850000003
debug_algorithm_dueling_dqn_statev1_sparse_seed42_20261010_222618_608850_3ada1c8e,dueling_dqn,42,v1,sparse,261,4192,-10.0,0,3,0.6575588840844314,0.20372075339158377,3193,True,False,True,8.08395809999638
debug_algorithm_dueling_dqn_statev1_sparse_seed42_20261010_222618_608850_3ada1c8e,dueling_dqn,42,v1,sparse,262,4196,-10.0,0,4,0.6572958999817007,0.1893237754702568,3197,True,False,True,8.093178099996294
debug_algorithm_dueling_dqn_statev1_sparse_seed42_20261010_222618_608850_3ada1c8e,dueling_dqn,42,v1,sparse,263,4218,-10.0,0,22,0.6558513663435152,0.14703537413681095,3219,True,False,True,8.139067500000237
debug_algorithm_dueling_dqn_statev1_sparse_seed42_20261010_222618_608850_3ada1c8e,dueling_dqn,42,v1,sparse,264,4242,0.0,1,24,0.6542791318873152,0.11186762414096545,3243,True,False,True,8.185966400000325
debug_algorithm_dueling_dqn_statev1_sparse_seed42_20261010_222618_608850_3ada1c8e,dueling_dqn,42,v1,sparse,265,4246,-10.0,0,4,0.654017459488691,0.22483358159661293,3247,True,False,True,8.193989699997474
debug_algorithm_dueling_dqn_statev1_sparse_seed42_20261010_222618_608850_3ada1c8e,dueling_dqn,42,v1,sparse,266,4258,-10.0,0,12,0.6532330700449765,0.08930091319295268,3259,True,False,True,8.219912000000477
debug_algorithm_dueling_dqn_statev1_sparse_seed42_20261010_222618_608850_3ada1c8e,dueling_dqn,42,v1,sparse,267,4284,0.0,1,26,0.6515367853729076,0.1294652341076961,3285,True,False,True,8.275766400001885
debug_algorithm_dueling_dqn_statev1_sparse_seed42_20261010_222618_608850_3ada1c8e,dueling_dqn,42,v1,sparse,268,4299,-10.0,0,15,0.6505601640121126,0.20242848036189873,3300,True,False,True,8.30635120000079
debug_algorithm_dueling_dqn_statev1_sparse_seed42_20261010_222618_608850_3ada1c8e,dueling_dqn,42,v1,sparse,269,4312,-10.0,0,13,0.6497149430498113,0.1644131845006576,3313,True,False,True,8.339333600000828
debug_algorithm_dueling_dqn_statev1_sparse_seed42_20261010_222618_608850_3ada1c8e,dueling_dqn,42,v1,sparse,270,4317,-10.0,0,5,0.649390150543284,0.18095817267894745,3318,True,False,True,8.351663699999335
debug_algorithm_dueling_dqn_statev1_sparse_seed42_20261010_222618_608850_3ada1c8e,dueling_dqn,42,v1,sparse,271,4319,-10.0,0,2,0.6492602790070768,0.1123157748952508,3320,True,False,True,8.356747599995288
debug_algorithm_dueling_dqn_statev1_sparse_seed42_20261010_222618_608850_3ada1c8e,dueling_dqn,42,v1,sparse,272,4320,-10.0,0,1,0.6491953529791762,0.1622370034456253,3321,True,False,True,8.359055799999624
debug_algorithm_dueling_dqn_statev1_sparse_seed42_20261010_222618_608850_3ada1c8e,dueling_dqn,42,v1,sparse,273,4326,-10.0,0,6,0.6488059331337088,0.12629136567314467,3327,True,False,True,8.372986399997899
debug_algorithm_dueling_dqn_statev1_sparse_seed42_20261010_222618_608850_3ada1c8e,dueling_dqn,42,v1,sparse,274,4349,10.0,2,23,0.6473153198180512,0.13763435330727827,3350,True,False,True,8.422803000001295
debug_algorithm_dueling_dqn_statev1_sparse_seed42_20261010_222618_608850_3ada1c8e,dueling_dqn,42,v1,sparse,275,4351,-10.0,0,2,0.6471858632272408,0.16399569809436798,3352,True,False,True,8.427158400001645
debug_algorithm_dueling_dqn_statev1_sparse_seed42_20261010_222618_608850_3ada1c8e,dueling_dqn,42,v1,sparse,276,4354,-10.0,0,3,0.6469917268832013,0.15844369431336722,3355,True,False,True,8.43437389999599
debug_algorithm_dueling_dqn_statev1_sparse_seed42_20261010_222618_608850_3ada1c8e,dueling_dqn,42,v1,sparse,277,4356,0.0,1,2,0.6468623350077418,0.1615102905780077,3357,True,False,True,8.439635399998224
debug_algorithm_dueling_dqn_statev1_sparse_seed42_20261010_222618_608850_3ada1c8e,dueling_dqn,42,v1,sparse,278,4382,0.0,1,26,0.645182593558435,0.1700477134436369,3383,True,False,True,8.495909799996298
debug_algorithm_dueling_dqn_statev1_sparse_seed42_20261010_222618_608850_3ada1c8e,dueling_dqn,42,v1,sparse,279,4443,0.0,1,61,0.6412587633927007,0.1537852987921873,3444,True,False,True,8.636101799995231
debug_algorithm_dueling_dqn_statev1_sparse_seed42_20261010_222618_608850_3ada1c8e,dueling_dqn,42,v1,sparse,280,4452,-10.0,0,9,0.6406818613049445,0.1788512739456362,3453,True,False,True,8.657210500001383
debug_algorithm_dueling_dqn_statev1_sparse_seed42_20261010_222618_608850_3ada1c8e,dueling_dqn,42,v1,sparse,281,4453,-10.0,0,1,0.6406177931188141,0.021514032036066055,3454,True,False,True,8.65916930000094
debug_algorithm_dueling_dqn_statev1_sparse_seed42_20261010_222618_608850_3ada1c8e,dueling_dqn,42,v1,sparse,282,4481,0.0,1,28,0.6388264827359865,0.15530750804048563,3482,True,False,True,8.72640059999685
debug_algorithm_dueling_dqn_statev1_sparse_seed42_20261010_222618_608850_3ada1c8e,dueling_dqn,42,v1,sparse,283,4530,20.0,3,49,0.6357037338138014,0.1387969766154277,3531,True,False,True,8.8353586000012
debug_algorithm_dueling_dqn_statev1_sparse_seed42_20261010_222618_608850_3ada1c8e,dueling_dqn,42,v1,sparse,284,4539,0.0,1,9,0.635131829253322,0.1856769418550862,3540,True,False,True,8.855413899997075
debug_algorithm_dueling_dqn_statev1_sparse_seed42_20261010_222618_608850_3ada1c8e,dueling_dqn,42,v1,sparse,285,4547,-10.0,0,8,0.6346239015912687,0.20757338521070778,3548,True,False,True,8.872760300000664
debug_algorithm_dueling_dqn_statev1_sparse_seed42_20261010_222618_608850_3ada1c8e,dueling_dqn,42,v1,sparse,286,4561,10.0,2,14,0.6337360054058517,0.14623858872801065,3562,True,False,True,8.90242909999506
debug_algorithm_dueling_dqn_statev1_sparse_seed42_20261010_222618_608850_3ada1c8e,dueling_dqn,42,v1,sparse,287,4571,-10.0,0,10,0.6331025545056134,0.17053975127637386,3572,True,False,True,8.925554299996293
debug_algorithm_dueling_dqn_statev1_sparse_seed42_20261010_222618_608850_3ada1c8e,dueling_dqn,42,v1,sparse,288,4601,-10.0,0,30,0.6312059982695464,0.1571964696670572,3602,True,False,True,8.991248599995743
debug_algorithm_dueling_dqn_statev1_sparse_seed42_20261010_222618_608850_3ada1c8e,dueling_dqn,42,v1,sparse,289,4629,10.0,2,28,0.6294410053665259,0.14581434691457876,3630,True,False,True,9.05193199999485
debug_algorithm_dueling_dqn_statev1_sparse_seed42_20261010_222618_608850_3ada1c8e,dueling_dqn,42,v1,sparse,290,4647,-10.0,0,18,0.6283089740881731,0.12842467261685264,3648,True,False,True,9.091835100000026
debug_algorithm_dueling_dqn_statev1_sparse_seed42_20261010_222618_608850_3ada1c8e,dueling_dqn,42,v1,sparse,291,4662,-10.0,0,15,0.627367170065669,0.17371713295578955,3663,True,False,True,9.119692000000214
debug_algorithm_dueling_dqn_statev1_sparse_seed42_20261010_222618_608850_3ada1c8e,dueling_dqn,42,v1,sparse,292,4686,-10.0,0,24,0.6258632191217761,0.1724133106569449,3687,True,False,True,9.169103899999755
debug_algorithm_dueling_dqn_statev1_sparse_seed42_20261010_222618_608850_3ada1c8e,dueling_dqn,42,v1,sparse,293,4691,0.0,1,5,0.6255503500922789,0.10155141875147819,3692,True,False,True,9.181408700002066
debug_algorithm_dueling_dqn_statev1_sparse_seed42_20261010_222618_608850_3ada1c8e,dueling_dqn,42,v1,sparse,294,4693,-10.0,0,2,0.625425246277764,0.18412219081074,3694,True,False,True,9.185655399996904
debug_algorithm_dueling_dqn_statev1_sparse_seed42_20261010_222618_608850_3ada1c8e,dueling_dqn,42,v1,sparse,295,4727,-10.0,0,34,0.6233023053364055,0.11134224486372926,3728,True,False,True,9.250899699996808
debug_algorithm_dueling_dqn_statev1_sparse_seed42_20261010_222618_608850_3ada1c8e,dueling_dqn,42,v1,sparse,296,4732,-10.0,0,5,0.6229907165077352,0.17940758764743805,3733,True,False,True,9.260594699997455
debug_algorithm_dueling_dqn_statev1_sparse_seed42_20261010_222618_608850_3ada1c8e,dueling_dqn,42,v1,sparse,297,4789,0.0,1,57,0.6194495941513511,0.16398858762623972,3790,True,False,True,9.38208499999746
debug_algorithm_dueling_dqn_statev1_sparse_seed42_20261010_222618_608850_3ada1c8e,dueling_dqn,42,v1,sparse,298,4791,-10.0,0,2,0.6193257104270168,0.2317085862159729,3792,True,False,True,9.386760100001993
debug_algorithm_dueling_dqn_statev1_sparse_seed42_20261010_222618_608850_3ada1c8e,dueling_dqn,42,v1,sparse,299,4815,0.0,1,24,0.6178410368080954,0.12276943889446557,3816,True,False,True,9.437642699995195
debug_algorithm_dueling_dqn_statev1_sparse_seed42_20261010_222618_608850_3ada1c8e,dueling_dqn,42,v1,sparse,300,4861,0.0,1,46,0.6150053533247564,0.1652910736915858,3862,True,False,True,9.539053399996192
debug_algorithm_dueling_dqn_statev1_sparse_seed42_20261010_222618_608850_3ada1c8e,dueling_dqn,42,v1,sparse,301,4866,-10.0,0,5,0.6146979121424796,0.2732334166765213,3867,True,False,True,9.565381699998397
debug_algorithm_dueling_dqn_statev1_sparse_seed42_20261010_222618_608850_3ada1c8e,dueling_dqn,42,v1,sparse,302,4906,10.0,2,40,0.612243909070023,0.12427093372680247,3907,True,False,True,9.655773899998167
debug_algorithm_dueling_dqn_statev1_sparse_seed42_20261010_222618_608850_3ada1c8e,dueling_dqn,42,v1,sparse,303,4909,0.0,1,3,0.6120602542640071,0.22005138794581094,3910,True,False,True,9.661948199995095
debug_algorithm_dueling_dqn_statev1_sparse_seed42_20261010_222618_608850_3ada1c8e,dueling_dqn,42,v1,sparse,304,4940,0.0,1,31,0.6101657108066852,0.19204139048534055,3941,True,False,True,9.726914699996996
debug_algorithm_dueling_dqn_statev1_sparse_seed42_20261010_222618_608850_3ada1c8e,dueling_dqn,42,v1,sparse,305,4957,20.0,3,17,0.6091292585089131,0.14605812520227013,3958,True,False,True,9.761602899998252
debug_algorithm_dueling_dqn_statev1_sparse_seed42_20261010_222618_608850_3ada1c8e,dueling_dqn,42,v1,sparse,306,4993,10.0,2,36,0.6069402263470127,0.17232957730690637,3994,True,False,True,9.836801500001457
debug_algorithm_dueling_dqn_statev1_sparse_seed42_20261010_222618_608850_3ada1c8e,dueling_dqn,42,v1,sparse,307,5004,0.0,1,11,0.6062729258150303,0.26180186054923316,4005,True,False,True,9.863197499995294
debug_algorithm_dueling_dqn_statev1_sparse_seed42_20261010_222618_608850_3ada1c8e,dueling_dqn,42,v1,sparse,308,5006,-10.0,0,2,0.6061516772925966,0.0794493593275547,4007,True,False,True,9.867155200001434
debug_algorithm_dueling_dqn_statev1_sparse_seed42_20261010_222618_608850_3ada1c8e,dueling_dqn,42,v1,sparse,309,5022,0.0,1,16,0.6051825616516063,0.1911960660945624,4023,True,False,True,9.903752999998687
debug_algorithm_dueling_dqn_statev1_sparse_seed42_20261010_222618_608850_3ada1c8e,dueling_dqn,42,v1,sparse,310,5055,10.0,2,33,0.6031886512626805,0.18614963289688935,4056,True,False,True,9.979577199999767
debug_algorithm_dueling_dqn_statev1_sparse_seed42_20261010_222618_608850_3ada1c8e,dueling_dqn,42,v1,sparse,311,5062,-10.0,0,7,0.6027665458553039,0.22714594219412124,4063,True,False,True,9.99527279999893
debug_algorithm_dueling_dqn_statev1_sparse_seed42_20261010_222618_608850_3ada1c8e,dueling_dqn,42,v1,sparse,312,5092,-10.0,0,30,0.6009608658066316,0.16040440189341704,4093,True,False,True,10.057721899996977
debug_algorithm_dueling_dqn_statev1_sparse_seed42_20261010_222618_608850_3ada1c8e,dueling_dqn,42,v1,sparse,313,5094,-10.0,0,2,0.6008406796430789,0.16669376380741596,4095,True,False,True,10.061298200002057
debug_algorithm_dueling_dqn_statev1_sparse_seed42_20261010_222618_608850_3ada1c8e,dueling_dqn,42,v1,sparse,314,5143,10.0,2,49,0.5979036151420508,0.19510753589625263,4144,True,False,True,10.160119699998177
debug_algorithm_dueling_dqn_statev1_sparse_seed42_20261010_222618_608850_3ada1c8e,dueling_dqn,42,v1,sparse,315,5145,-10.0,0,2,0.5977840403980587,0.08616442233324051,4146,True,False,True,10.16395719999855
debug_algorithm_dueling_dqn_statev1_sparse_seed42_20261010_222618_608850_3ada1c8e,dueling_dqn,42,v1,sparse,316,5189,-10.0,0,44,0.5951594377483861,0.17888689472932706,4190,True,False,True,10.247176199998648
debug_algorithm_dueling_dqn_statev1_sparse_seed42_20261010_222618_608850_3ada1c8e,dueling_dqn,42,v1,sparse,317,5193,-10.0,0,4,0.5949214096804725,0.3370427340269089,4194,True,False,True,10.255684999996447
debug_algorithm_dueling_dqn_statev1_sparse_seed42_20261010_222618_608850_3ada1c8e,dueling_dqn,42,v1,sparse,318,5251,30.0,4,58,0.5914806812235465,0.1798845742154738,4252,True,False,True,10.382625499994901
debug_algorithm_dueling_dqn_statev1_sparse_seed42_20261010_222618_608850_3ada1c8e,dueling_dqn,42,v1,sparse,319,5258,-10.0,0,7,0.5910667689369333,0.11091457174292632,4259,True,False,True,10.397897700000613
debug_algorithm_dueling_dqn_statev1_sparse_seed42_20261010_222618_608850_3ada1c8e,dueling_dqn,42,v1,sparse,320,5308,10.0,2,50,0.5881186640888593,0.23413515467196702,4309,True,False,True,10.501301199998125
debug_algorithm_dueling_dqn_statev1_sparse_seed42_20261010_222618_608850_3ada1c8e,dueling_dqn,42,v1,sparse,321,5309,-10.0,0,1,0.5880598522224504,0.030980246141552925,4310,True,False,True,10.503220899998269
debug_algorithm_dueling_dqn_statev1_sparse_seed42_20261010_222618_608850_3ada1c8e,dueling_dqn,42,v1,sparse,322,5350,10.0,2,41,0.58565362265636,0.2051875217840439,4351,True,False,True,10.597892199999478
debug_algorithm_dueling_dqn_statev1_sparse_seed42_20261010_222618_608850_3ada1c8e,dueling_dqn,42,v1,sparse,323,5359,-10.0,0,9,0.585126745182086,0.28688377224736744,4360,True,False,True,10.620638499996858
debug_algorithm_dueling_dqn_statev1_sparse_seed42_20261010_222618_608850_3ada1c8e,dueling_dqn,42,v1,sparse,324,5379,10.0,2,20,0.5839576027657769,0.2079031047411263,4380,True,False,True,10.673319900000934
debug_algorithm_dueling_dqn_statev1_sparse_seed42_20261010_222618_608850_3ada1c8e,dueling_dqn,42,v1,sparse,325,5412,20.0,3,33,0.582033622789108,0.22007588918010393,4413,True,False,True,10.750402799996664
debug_algorithm_dueling_dqn_statev1_sparse_seed42_20261010_222618_608850_3ada1c8e,dueling_dqn,42,v1,sparse,326,5422,-10.0,0,10,0.5814518510116174,0.18618565276265145,4423,True,False,True,10.771778800000902
debug_algorithm_dueling_dqn_statev1_sparse_seed42_20261010_222618_608850_3ada1c8e,dueling_dqn,42,v1,sparse,327,5423,-10.0,0,1,0.5813937058265163,0.5540517568588257,4424,True,False,True,10.774083299998892
debug_algorithm_dueling_dqn_statev1_sparse_seed42_20261010_222618_608850_3ada1c8e,dueling_dqn,42,v1,sparse,328,5431,0.0,1,8,0.5809287536195389,0.18905776226893067,4432,True,False,True,10.793317799994838
debug_algorithm_dueling_dqn_statev1_sparse_seed42_20261010_222618_608850_3ada1c8e,dueling_dqn,42,v1,sparse,329,5436,-10.0,0,5,0.5806383473297954,0.14511428028345108,4437,True,False,True,10.806992400001036
debug_algorithm_dueling_dqn_statev1_sparse_seed42_20261010_222618_608850_3ada1c8e,dueling_dqn,42,v1,sparse,330,5444,-10.0,0,8,0.5801739991981573,0.21753050200641155,4445,True,False,True,10.8243083999987
debug_algorithm_dueling_dqn_statev1_sparse_seed42_20261010_222618_608850_3ada1c8e,dueling_dqn,42,v1,sparse,331,5456,-10.0,0,12,0.5794781731863494,0.18973990436643362,4457,True,False,True,10.852956499998982
debug_algorithm_dueling_dqn_statev1_sparse_seed42_20261010_222618_608850_3ada1c8e,dueling_dqn,42,v1,sparse,332,5520,10.0,2,64,0.5757811710513242,0.19521748411352746,4521,True,False,True,10.99294060000102
debug_algorithm_dueling_dqn_statev1_sparse_seed42_20261010_222618_608850_3ada1c8e,dueling_dqn,42,v1,sparse,333,5521,-10.0,0,1,0.575723592934219,0.3443397581577301,4522,True,False,True,10.994510299999092
debug_algorithm_dueling_dqn_statev1_sparse_seed42_20261010_222618_608850_3ada1c8e,dueling_dqn,42,v1,sparse,334,5536,0.0,1,15,0.5748606117927146,0.15283134517570338,4537,True,False,True,11.027391700001317
debug_algorithm_dueling_dqn_statev1_sparse_seed42_20261010_222618_608850_3ada1c8e,dueling_dqn,42,v1,sparse,335,5570,10.0,2,34,0.5729093072433503,0.16351913677199797,4571,True,False,True,11.108684200000425
debug_algorithm_dueling_dqn_statev1_sparse_seed42_20261010_222618_608850_3ada1c8e,dueling_dqn,42,v1,sparse,336,5583,-10.0,0,13,0.5721649718493825,0.17143332757628882,4584,True,False,True,11.141901099996176
debug_algorithm_dueling_dqn_statev1_sparse_seed42_20261010_222618_608850_3ada1c8e,dueling_dqn,42,v1,sparse,337,5603,0.0,1,20,0.5710217283671395,0.18263146048411727,4604,True,False,True,11.190412600000855
debug_algorithm_dueling_dqn_statev1_sparse_seed42_20261010_222618_608850_3ada1c8e,dueling_dqn,42,v1,sparse,338,5604,-10.0,0,1,0.5709646261943028,0.150003120303154,4605,True,False,True,11.192785599996569
debug_algorithm_dueling_dqn_statev1_sparse_seed42_20261010_222618_608850_3ada1c8e,dueling_dqn,42,v1,sparse,339,5619,-10.0,0,15,0.570108778508158,0.1855976038922866,4620,True,False,True,11.225367999999435
debug_algorithm_dueling_dqn_statev1_sparse_seed42_20261010_222618_608850_3ada1c8e,dueling_dqn,42,v1,sparse,340,5628,-10.0,0,9,0.5695958857987791,0.2311001962257756,4629,True,False,True,11.247637000000395
debug_algorithm_dueling_dqn_statev1_sparse_seed42_20261010_222618_608850_3ada1c8e,dueling_dqn,42,v1,sparse,341,5656,0.0,1,28,0.5680031685261605,0.17254880024120212,4657,True,False,True,11.319403900000907
debug_algorithm_dueling_dqn_statev1_sparse_seed42_20261010_222618_608850_3ada1c8e,dueling_dqn,42,v1,sparse,342,5675,0.0,1,19,0.5669249332412042,0.18730667811867438,4676,True,False,True,11.372611799997685
debug_algorithm_dueling_dqn_statev1_sparse_seed42_20261010_222618_608850_3ada1c8e,dueling_dqn,42,v1,sparse,343,5698,10.0,2,23,0.565622439211309,0.24031894840300083,4699,True,False,True,11.42812099999719
debug_algorithm_dueling_dqn_statev1_sparse_seed42_20261010_222618_608850_3ada1c8e,dueling_dqn,42,v1,sparse,344,5739,20.0,3,41,0.5633080192907329,0.23482051355446257,4740,True,False,True,11.530152300001646
debug_algorithm_dueling_dqn_statev1_sparse_seed42_20261010_222618_608850_3ada1c8e,dueling_dqn,42,v1,sparse,345,5801,30.0,4,62,0.559826140452854,0.2089242011669182,4802,True,False,True,11.670736200001556
debug_algorithm_dueling_dqn_statev1_sparse_seed42_20261010_222618_608850_3ada1c8e,dueling_dqn,42,v1,sparse,346,5843,10.0,2,42,0.5574796843454789,0.19333094726538375,4844,True,False,True,11.76798240000062
debug_algorithm_dueling_dqn_statev1_sparse_seed42_20261010_222618_608850_3ada1c8e,dueling_dqn,42,v1,sparse,347,5888,20.0,3,45,0.5549765369124624,0.2382036802669366,4889,True,False,True,11.866108800000802
debug_algorithm_dueling_dqn_statev1_sparse_seed42_20261010_222618_608850_3ada1c8e,dueling_dqn,42,v1,sparse,348,5904,-10.0,0,16,0.5540892401145612,0.2001035998109728,4905,True,False,True,11.903290399997786
debug_algorithm_dueling_dqn_statev1_sparse_seed42_20261010_222618_608850_3ada1c8e,dueling_dqn,42,v1,sparse,349,5905,-10.0,0,1,0.5540338311905497,0.2748619019985199,4906,True,False,True,11.905139399998006
debug_algorithm_dueling_dqn_statev1_sparse_seed42_20261010_222618_608850_3ada1c8e,dueling_dqn,42,v1,sparse,350,5942,0.0,1,37,0.5519875915792745,0.2426678465830313,4943,True,False,True,11.99428629999602
debug_algorithm_dueling_dqn_statev1_sparse_seed42_20261010_222618_608850_3ada1c8e,dueling_dqn,42,v1,sparse,351,5950,0.0,1,8,0.5515461560316294,0.16570814372971654,4951,True,False,True,12.01472880000074
debug_algorithm_dueling_dqn_statev1_sparse_seed42_20261010_222618_608850_3ada1c8e,dueling_dqn,42,v1,sparse,352,5966,-10.0,0,16,0.5506643437286005,0.27414329652674496,4967,True,False,True,12.052418999999645
debug_algorithm_dueling_dqn_statev1_sparse_seed42_20261010_222618_608850_3ada1c8e,dueling_dqn,42,v1,sparse,353,6014,0.0,1,48,0.5480273568589155,0.2406412896234542,5015,True,False,True,12.159425400001055
debug_algorithm_dueling_dqn_statev1_sparse_seed42_20261010_222618_608850_3ada1c8e,dueling_dqn,42,v1,sparse,354,6042,10.0,2,28,0.5464949500089036,0.20175361187596405,5043,True,False,True,12.222910299999057
debug_algorithm_dueling_dqn_statev1_sparse_seed42_20261010_222618_608850_3ada1c8e,dueling_dqn,42,v1,sparse,355,6095,20.0,3,53,0.5436060446880638,0.22485943714965065,5096,True,False,True,12.332572999999684
debug_algorithm_dueling_dqn_statev1_sparse_seed42_20261010_222618_608850_3ada1c8e,dueling_dqn,42,v1,sparse,356,6117,10.0,2,22,0.5424113662829579,0.2226928359066898,5118,True,False,True,12.377827500000421
debug_algorithm_dueling_dqn_statev1_sparse_seed42_20261010_222618_608850_3ada1c8e,dueling_dqn,42,v1,sparse,357,6125,-10.0,0,8,0.5419775890347429,0.18308536941185594,5126,True,False,True,12.39466949999769
debug_algorithm_dueling_dqn_statev1_sparse_seed42_20261010_222618_608850_3ada1c8e,dueling_dqn,42,v1,sparse,358,6156,10.0,2,31,0.5402999762700398,0.22144989164606219,5157,True,False,True,12.456982299998344
debug_algorithm_dueling_dqn_statev1_sparse_seed42_20261010_222618_608850_3ada1c8e,dueling_dqn,42,v1,sparse,359,6219,10.0,2,63,0.5369066170543692,0.18340451381213607,5220,True,False,True,12.595655099998112
debug_algorithm_dueling_dqn_statev1_sparse_seed42_20261010_222618_608850_3ada1c8e,dueling_dqn,42,v1,sparse,360,6252,20.0,3,33,0.5351376571578612,0.1670368847747644,5253,True,False,True,12.664447800001653
debug_algorithm_dueling_dqn_statev1_sparse_seed42_20261010_222618_608850_3ada1c8e,dueling_dqn,42,v1,sparse,361,6254,-10.0,0,2,0.5350306349778062,0.09847088903188705,5255,True,False,True,12.667940499995893
debug_algorithm_dueling_dqn_statev1_sparse_seed42_20261010_222618_608850_3ada1c8e,dueling_dqn,42,v1,sparse,362,6269,-10.0,0,15,0.5342286505641403,0.20725058615207673,5270,True,False,True,12.699030600000697
debug_algorithm_dueling_dqn_statev1_sparse_seed42_20261010_222618_608850_3ada1c8e,dueling_dqn,42,v1,sparse,363,6287,10.0,2,18,0.5332678559271932,0.1849163326745232,5288,True,False,True,12.73678320000181
debug_algorithm_dueling_dqn_statev1_sparse_seed42_20261010_222618_608850_3ada1c8e,dueling_dqn,42,v1,sparse,364,6298,-10.0,0,11,0.5326815544950225,0.28682985224507074,5299,True,False,True,12.757192999997642
debug_algorithm_dueling_dqn_statev1_sparse_seed42_20261010_222618_608850_3ada1c8e,dueling_dqn,42,v1,sparse,365,6324,0.0,1,26,0.5312983122842115,0.28176119493750423,5325,True,False,True,12.812350200001674
debug_algorithm_dueling_dqn_statev1_sparse_seed42_20261010_222618_608850_3ada1c8e,dueling_dqn,42,v1,sparse,366,6330,-10.0,0,6,0.5309796129809629,0.22408324107527733,5331,True,False,True,12.825923700002022
debug_algorithm_dueling_dqn_statev1_sparse_seed42_20261010_222618_608850_3ada1c8e,dueling_dqn,42,v1,sparse,367,6331,-10.0,0,1,0.5309265150196648,0.022721780464053154,5332,True,False,True,12.827887200000987
debug_algorithm_dueling_dqn_statev1_sparse_seed42_20261010_222618_608850_3ada1c8e,dueling_dqn,42,v1,sparse,368,6333,-10.0,0,2,0.530820335025926,0.14625705033540726,5334,True,False,True,12.83207720000064
debug_algorithm_dueling_dqn_statev1_sparse_seed42_20261010_222618_608850_3ada1c8e,dueling_dqn,42,v1,sparse,369,6360,0.0,1,27,0.5293889817490137,0.18797120286358726,5361,True,False,True,12.891589899998507
debug_algorithm_dueling_dqn_statev1_sparse_seed42_20261010_222618_608850_3ada1c8e,dueling_dqn,42,v1,sparse,370,6364,-10.0,0,4,0.5291772579175356,0.0864347591996193,5365,True,False,True,12.900718500000949
debug_algorithm_dueling_dqn_statev1_sparse_seed42_20261010_222618_608850_3ada1c8e,dueling_dqn,42,v1,sparse,371,6382,0.0,1,18,0.528225548062842,0.18431833158764574,5383,True,False,True,12.949495100001513
debug_algorithm_dueling_dqn_statev1_sparse_seed42_20261010_222618_608850_3ada1c8e,dueling_dqn,42,v1,sparse,372,6383,-10.0,0,1,0.5281727255080357,0.18152311444282532,5384,True,False,True,12.951702499995008
debug_algorithm_dueling_dqn_statev1_sparse_seed42_20261010_222618_608850_3ada1c8e,dueling_dqn,42,v1,sparse,373,6411,0.0,1,28,0.526695836640303,0.25930631273825255,5412,True,False,True,13.013216200000898
debug_algorithm_dueling_dqn_statev1_sparse_seed42_20261010_222618_608850_3ada1c8e,dueling_dqn,42,v1,sparse,374,6422,0.0,1,11,0.5261167608158214,0.17335502803325653,5423,True,False,True,13.038648900001135
debug_algorithm_dueling_dqn_statev1_sparse_seed42_20261010_222618_608850_3ada1c8e,dueling_dqn,42,v1,sparse,375,6453,30.0,4,31,0.5244882429369898,0.1979192700837889,5454,True,False,True,13.125502899994899
debug_algorithm_dueling_dqn_statev1_sparse_seed42_20261010_222618_608850_3ada1c8e,dueling_dqn,42,v1,sparse,376,6484,0.0,1,31,0.5228647658982897,0.2530122137358112,5485,True,False,True,13.189745600000606
debug_algorithm_dueling_dqn_statev1_sparse_seed42_20261010_222618_608850_3ada1c8e,dueling_dqn,42,v1,sparse,377,6522,10.0,2,38,0.5208815511201504,0.2329906250693296,5523,True,False,True,13.268604500000947
debug_algorithm_dueling_dqn_statev1_sparse_seed42_20261010_222618_608850_3ada1c8e,dueling_dqn,42,v1,sparse,378,6546,10.0,2,24,0.5196328719768324,0.1869331340615948,5547,True,False,True,13.31536519999645
debug_algorithm_dueling_dqn_statev1_sparse_seed42_20261010_222618_608850_3ada1c8e,dueling_dqn,42,v1,sparse,379,6555,0.0,1,9,0.5191653894162446,0.15662146525250542,5556,True,False,True,13.33407929999521
debug_algorithm_dueling_dqn_statev1_sparse_seed42_20261010_222618_608850_3ada1c8e,dueling_dqn,42,v1,sparse,380,6583,10.0,2,28,0.5177136870713278,0.2666760800140245,5584,True,False,True,13.393202100000053
debug_algorithm_dueling_dqn_statev1_sparse_seed42_20261010_222618_608850_3ada1c8e,dueling_dqn,42,v1,sparse,381,6604,10.0,2,21,0.5166275748389714,0.25073669380730107,5605,True,False,True,13.434345800000301
debug_algorithm_dueling_dqn_statev1_sparse_seed42_20261010_222618_608850_3ada1c8e,dueling_dqn,42,v1,sparse,382,6642,10.0,2,38,0.5146680175919752,0.2475268825104362,5643,True,False,True,13.508198499999708
debug_algorithm_dueling_dqn_statev1_sparse_seed42_20261010_222618_608850_3ada1c8e,dueling_dqn,42,v1,sparse,383,6645,-10.0,0,3,0.5145136326262236,0.26796473438541096,5646,True,False,True,13.513812999997754
debug_algorithm_dueling_dqn_statev1_sparse_seed42_20261010_222618_608850_3ada1c8e,dueling_dqn,42,v1,sparse,384,6704,30.0,4,59,0.5114867888190506,0.21085064520396418,5705,True,False,True,13.659327499997744
debug_algorithm_dueling_dqn_statev1_sparse_seed42_20261010_222618_608850_3ada1c8e,dueling_dqn,42,v1,sparse,385,6721,-10.0,0,17,0.5106179565524017,0.24027656226911964,5722,True,False,True,13.700838799995836
debug_algorithm_dueling_dqn_statev1_sparse_seed42_20261010_222618_608850_3ada1c8e,dueling_dqn,42,v1,sparse,386,6732,0.0,1,11,0.5100565575558353,0.2611784599721432,5733,True,False,True,13.727025100000901
debug_algorithm_dueling_dqn_statev1_sparse_seed42_20261010_222618_608850_3ada1c8e,dueling_dqn,42,v1,sparse,387,6752,20.0,3,20,0.5090374129669657,0.31690666656941174,5753,True,False,True,13.772248699999182
debug_algorithm_dueling_dqn_statev1_sparse_seed42_20261010_222618_608850_3ada1c8e,dueling_dqn,42,v1,sparse,388,6785,10.0,2,33,0.5073602744464892,0.2400013098888325,5786,True,False,True,13.841196000001219
debug_algorithm_dueling_dqn_statev1_sparse_seed42_20261010_222618_608850_3ada1c8e,dueling_dqn,42,v1,sparse,389,6813,10.0,2,28,0.5059415818388027,0.18438422440418176,5814,True,False,True,13.913581399996474
debug_algorithm_dueling_dqn_statev1_sparse_seed42_20261010_222618_608850_3ada1c8e,dueling_dqn,42,v1,sparse,390,6830,0.0,1,17,0.5050821688863082,0.2432655528845156,5831,True,False,True,13.953884299997299
debug_algorithm_dueling_dqn_statev1_sparse_seed42_20261010_222618_608850_3ada1c8e,dueling_dqn,42,v1,sparse,391,6848,-10.0,0,18,0.5041737933460388,0.16245210936499965,5849,True,False,True,13.991401899998891
debug_algorithm_dueling_dqn_statev1_sparse_seed42_20261010_222618_608850_3ada1c8e,dueling_dqn,42,v1,sparse,392,6869,0.0,1,21,0.5031160864747288,0.25488036906435374,5870,True,False,True,14.035391999997955
debug_algorithm_dueling_dqn_statev1_sparse_seed42_20261010_222618_608850_3ada1c8e,dueling_dqn,42,v1,sparse,393,6875,0.0,1,6,0.5028142922801955,0.18468847312033176,5876,True,False,True,14.050375499995425
debug_algorithm_dueling_dqn_statev1_sparse_seed42_20261010_222618_608850_3ada1c8e,dueling_dqn,42,v1,sparse,394,6880,-10.0,0,5,0.5025629354104567,0.2824272602796555,5881,True,False,True,14.061453999995138
debug_algorithm_dueling_dqn_statev1_sparse_seed42_20261010_222618_608850_3ada1c8e,dueling_dqn,42,v1,sparse,395,6908,0.0,1,28,0.5011576572338357,0.3371891158499888,5909,True,False,True,14.121902499995485
debug_algorithm_dueling_dqn_statev1_sparse_seed42_20261010_222618_608850_3ada1c8e,dueling_dqn,42,v1,sparse,396,6963,30.0,4,55,0.4984087191794633,0.23151104209775275,5964,True,False,True,14.222859199995582
debug_algorithm_dueling_dqn_statev1_sparse_seed42_20261010_222618_608850_3ada1c8e,dueling_dqn,42,v1,sparse,397,6974,10.0,2,11,0.49786074363094046,0.2965897108343514,5975,True,False,True,14.243171499998425
debug_algorithm_dueling_dqn_statev1_sparse_seed42_20261010_222618_608850_3ada1c8e,dueling_dqn,42,v1,sparse,398,7012,20.0,3,38,0.49597236856989,0.2999212102670419,6013,True,False,True,14.319547699997202
debug_algorithm_dueling_dqn_statev1_sparse_seed42_20261010_222618_608850_3ada1c8e,dueling_dqn,42,v1,sparse,399,7035,-10.0,0,23,0.4948328860543438,0.3300087301303511,6036,True,False,True,14.376798600002076
debug_algorithm_dueling_dqn_statev1_sparse_seed42_20261010_222618_608850_3ada1c8e,dueling_dqn,42,v1,sparse,400,7038,-10.0,0,3,0.4946844510330192,0.2940583477417628,6039,True,False,True,14.385563299998466
debug_algorithm_dueling_dqn_statev1_sparse_seed42_20261010_222618_608850_3ada1c8e,dueling_dqn,42,v1,sparse,401,7073,0.0,1,35,0.4929559955917662,0.31701666819197794,6074,True,False,True,14.477526599999692
debug_algorithm_dueling_dqn_statev1_sparse_seed42_20261010_222618_608850_3ada1c8e,dueling_dqn,42,v1,sparse,402,7100,10.0,2,27,0.4916267432381818,0.3088187798857689,6101,True,False,True,14.533841999997094
debug_algorithm_dueling_dqn_statev1_sparse_seed42_20261010_222618_608850_3ada1c8e,dueling_dqn,42,v1,sparse,403,7142,30.0,4,42,0.4895661381844647,0.31930536963045597,6143,True,False,True,14.636492199999338
debug_algorithm_dueling_dqn_statev1_sparse_seed42_20261010_222618_608850_3ada1c8e,dueling_dqn,42,v1,sparse,404,7144,-10.0,0,2,0.4894682298524892,0.4399935454130173,6145,True,False,True,14.640545499998552
debug_algorithm_dueling_dqn_statev1_sparse_seed42_20261010_222618_608850_3ada1c8e,dueling_dqn,42,v1,sparse,405,7190,10.0,2,46,0.4872217345691998,0.3171501794587011,6191,True,False,True,14.75396109999565
debug_algorithm_dueling_dqn_statev1_sparse_seed42_20261010_222618_608850_3ada1c8e,dueling_dqn,42,v1,sparse,406,7214,10.0,2,24,0.486053746152602,0.32552434721340734,6215,True,False,True,14.801793999999063
debug_algorithm_dueling_dqn_statev1_sparse_seed42_20261010_222618_608850_3ada1c8e,dueling_dqn,42,v1,sparse,407,7220,0.0,1,6,0.48576218680325206,0.3288191258907318,6221,True,False,True,14.813552399995388
debug_algorithm_dueling_dqn_statev1_sparse_seed42_20261010_222618_608850_3ada1c8e,dueling_dqn,42,v1,sparse,408,7226,-10.0,0,6,0.48547080234578366,0.2827117753525575,6227,True,False,True,14.826853300000948
debug_algorithm_dueling_dqn_statev1_sparse_seed42_20261010_222618_608850_3ada1c8e,dueling_dqn,42,v1,sparse,409,7231,-10.0,0,5,0.4852281154868366,0.17238660603761674,6232,True,False,True,14.837135000001581
debug_algorithm_dueling_dqn_statev1_sparse_seed42_20261010_222618_608850_3ada1c8e,dueling_dqn,42,v1,sparse,410,7245,0.0,1,14,0.48454923750616563,0.2527007857071502,6246,True,False,True,14.866310799996427
debug_algorithm_dueling_dqn_statev1_sparse_seed42_20261010_222618_608850_3ada1c8e,dueling_dqn,42,v1,sparse,411,7256,0.0,1,11,0.48401649976705496,0.2752056196331978,6257,True,False,True,14.89169160000165
debug_algorithm_dueling_dqn_statev1_sparse_seed42_20261010_222618_608850_3ada1c8e,dueling_dqn,42,v1,sparse,412,7292,10.0,2,36,0.48227708621881393,0.2943384676343865,6293,True,False,True,14.970733000001928
debug_algorithm_dueling_dqn_statev1_sparse_seed42_20261010_222618_608850_3ada1c8e,dueling_dqn,42,v1,sparse,413,7312,10.0,2,20,0.481313447823278,0.31391058024019003,6313,True,False,True,15.014366399998835
debug_algorithm_dueling_dqn_statev1_sparse_seed42_20261010_222618_608850_3ada1c8e,dueling_dqn,42,v1,sparse,414,7318,-10.0,0,6,0.48102473194197576,0.32139234493176144,6319,True,False,True,15.027436399999715
debug_algorithm_dueling_dqn_statev1_sparse_seed42_20261010_222618_608850_3ada1c8e,dueling_dqn,42,v1,sparse,415,7355,20.0,3,37,0.479248140324118,0.27033668977988734,6356,True,False,True,15.110551199999463
debug_algorithm_dueling_dqn_statev1_sparse_seed42_20261010_222618_608850_3ada1c8e,dueling_dqn,42,v1,sparse,416,7423,10.0,2,68,0.4760001462635304,0.3280343746985583,6424,True,False,True,15.25338819999888
debug_algorithm_dueling_dqn_statev1_sparse_seed42_20261010_222618_608850_3ada1c8e,dueling_dqn,42,v1,sparse,417,7462,20.0,3,39,0.4741472685079337,0.3340531131491447,6463,True,False,True,15.329261400001997
debug_algorithm_dueling_dqn_statev1_sparse_seed42_20261010_222618_608850_3ada1c8e,dueling_dqn,42,v1,sparse,418,7474,0.0,1,12,0.47357860461863244,0.33811810426414013,6475,True,False,True,15.355361099995207
debug_algorithm_dueling_dqn_statev1_sparse_seed42_20261010_222618_608850_3ada1c8e,dueling_dqn,42,v1,sparse,419,7488,0.0,1,14,0.4729160253563615,0.3380799080644335,6489,True,False,True,15.385408099995402
debug_algorithm_dueling_dqn_statev1_sparse_seed42_20261010_222618_608850_3ada1c8e,dueling_dqn,42,v1,sparse,420,7501,0.0,1,13,0.47230160326267795,0.2982001287432817,6502,True,False,True,15.412085099997057
debug_algorithm_dueling_dqn_statev1_sparse_seed42_20261010_222618_608850_3ada1c8e,dueling_dqn,42,v1,sparse,421,7511,-10.0,0,10,0.4718295141384705,0.32925268486142156,6512,True,False,True,15.438122999999905
debug_algorithm_dueling_dqn_statev1_sparse_seed42_20261010_222618_608850_3ada1c8e,dueling_dqn,42,v1,sparse,422,7530,0.0,1,19,0.4709338444330567,0.34332748345638575,6531,True,False,True,15.479009099995892
debug_algorithm_dueling_dqn_statev1_sparse_seed42_20261010_222618_608850_3ada1c8e,dueling_dqn,42,v1,sparse,423,7532,-10.0,0,2,0.47083966237350855,0.3101412244141102,6533,True,False,True,15.483651399998053
debug_algorithm_dueling_dqn_statev1_sparse_seed42_20261010_222618_608850_3ada1c8e,dueling_dqn,42,v1,sparse,424,7577,30.0,4,45,0.46872553853128046,0.3142496476570765,6578,True,False,True,15.57862429999659
debug_algorithm_dueling_dqn_statev1_sparse_seed42_20261010_222618_608850_3ada1c8e,dueling_dqn,42,v1,sparse,425,7623,10.0,2,46,0.46657424525574936,0.27896587526344735,6624,True,False,True,15.678869999996095
debug_algorithm_dueling_dqn_statev1_sparse_seed42_20261010_222618_608850_3ada1c8e,dueling_dqn,42,v1,sparse,426,7651,20.0,3,28,0.4652695994921382,0.2818694774593626,6652,True,False,True,15.757647899998119
debug_algorithm_dueling_dqn_statev1_sparse_seed42_20261010_222618_608850_3ada1c8e,dueling_dqn,42,v1,sparse,427,7662,0.0,1,11,0.4647580587542225,0.27989215098998765,6663,True,False,True,15.78757300000143
debug_algorithm_dueling_dqn_statev1_sparse_seed42_20261010_222618_608850_3ada1c8e,dueling_dqn,42,v1,sparse,428,7682,20.0,3,20,0.46382942514742664,0.34300855211913583,6683,True,False,True,15.843658699996013
debug_algorithm_dueling_dqn_statev1_sparse_seed42_20261010_222618_608850_3ada1c8e,dueling_dqn,42,v1,sparse,429,7711,0.0,1,29,0.46248620126823375,0.36885307909085835,6712,True,False,True,15.925200300000142
debug_algorithm_dueling_dqn_statev1_sparse_seed42_20261010_222618_608850_3ada1c8e,dueling_dqn,42,v1,sparse,430,7749,10.0,2,38,0.4607320010832875,0.302454460216196,6750,True,False,True,16.026280099998985
debug_algorithm_dueling_dqn_statev1_sparse_seed42_20261010_222618_608850_3ada1c8e,dueling_dqn,42,v1,sparse,431,7753,-10.0,0,4,0.46054773592493137,0.27566318958997726,6754,True,False,True,16.040846600000805
debug_algorithm_dueling_dqn_statev1_sparse_seed42_20261010_222618_608850_3ada1c8e,dueling_dqn,42,v1,sparse,432,7762,-10.0,0,9,0.46013340872110364,0.2954714455538326,6763,True,False,True,16.06275689999893
debug_algorithm_dueling_dqn_statev1_sparse_seed42_20261010_222618_608850_3ada1c8e,dueling_dqn,42,v1,sparse,433,7763,-10.0,0,1,0.4600873953802315,0.5857616066932678,6764,True,False,True,16.065097999999125
debug_algorithm_dueling_dqn_statev1_sparse_seed42_20261010_222618_608850_3ada1c8e,dueling_dqn,42,v1,sparse,434,7765,-10.0,0,2,0.4599953825020294,0.4060356020927429,6766,True,False,True,16.06896649999544
debug_algorithm_dueling_dqn_statev1_sparse_seed42_20261010_222618_608850_3ada1c8e,dueling_dqn,42,v1,sparse,435,7782,0.0,1,17,0.45921401563280884,0.25025177505962987,6783,True,False,True,16.116315100000065
debug_algorithm_dueling_dqn_statev1_sparse_seed42_20261010_222618_608850_3ada1c8e,dueling_dqn,42,v1,sparse,436,7854,10.0,2,72,0.4559193848901479,0.32621804769668317,6855,True,False,True,16.300174799995148
debug_algorithm_dueling_dqn_statev1_sparse_seed42_20261010_222618_608850_3ada1c8e,dueling_dqn,42,v1,sparse,437,7864,-10.0,0,10,0.4554636706142802,0.25587890669703484,6865,True,False,True,16.325036499998532
debug_algorithm_dueling_dqn_statev1_sparse_seed42_20261010_222618_608850_3ada1c8e,dueling_dqn,42,v1,sparse,438,7890,30.0,4,26,0.4542809441440878,0.3647142986838634,6891,True,False,True,16.377392199996393
debug_algorithm_dueling_dqn_statev1_sparse_seed42_20261010_222618_608850_3ada1c8e,dueling_dqn,42,v1,sparse,439,7929,20.0,3,39,0.45251261053578246,0.3096183465841489,6930,True,False,True,16.47165519999544
debug_algorithm_dueling_dqn_statev1_sparse_seed42_20261010_222618_608850_3ada1c8e,dueling_dqn,42,v1,sparse,440,7931,-10.0,0,2,0.4524221125388014,0.16157105565071106,6932,True,False,True,16.475648799998453
debug_algorithm_dueling_dqn_statev1_sparse_seed42_20261010_222618_608850_3ada1c8e,dueling_dqn,42,v1,sparse,441,7970,30.0,4,39,0.45066101461678715,0.3119790636194058,6971,True,False,True,16.56117799999629
debug_algorithm_dueling_dqn_statev1_sparse_seed42_20261010_222618_608850_3ada1c8e,dueling_dqn,42,v1,sparse,442,7999,0.0,1,29,0.4493559257124725,0.31019501876214456,7000,True,False,True,16.623679299998912
debug_algorithm_dueling_dqn_statev1_sparse_seed42_20261010_222618_608850_3ada1c8e,dueling_dqn,42,v1,sparse,443,8031,10.0,2,32,0.44792021332839366,0.35552341886796057,7032,True,False,True,16.69690139999875
debug_algorithm_dueling_dqn_statev1_sparse_seed42_20261010_222618_608850_3ada1c8e,dueling_dqn,42,v1,sparse,444,8059,10.0,2,28,0.4466677284030108,0.32286472764930557,7060,True,False,True,16.76132659999712
debug_algorithm_dueling_dqn_statev1_sparse_seed42_20261010_222618_608850_3ada1c8e,dueling_dqn,42,v1,sparse,445,8060,-10.0,0,1,0.44662306163017046,0.3013603091239929,7061,True,False,True,16.763856999998097
debug_algorithm_dueling_dqn_statev1_sparse_seed42_20261010_222618_608850_3ada1c8e,dueling_dqn,42,v1,sparse,446,8086,0.0,1,26,0.4454632920343298,0.34701513986174876,7087,True,False,True,16.835485199997493
debug_algorithm_dueling_dqn_statev1_sparse_seed42_20261010_222618_608850_3ada1c8e,dueling_dqn,42,v1,sparse,447,8092,10.0,2,6,0.4451960808696945,0.2948865331709385,7093,True,False,True,16.85109999999986
debug_algorithm_dueling_dqn_statev1_sparse_seed42_20261010_222618_608850_3ada1c8e,dueling_dqn,42,v1,sparse,448,8095,-10.0,0,3,0.4450625354008708,0.3474617699782054,7096,True,False,True,16.858970900000713
debug_algorithm_dueling_dqn_statev1_sparse_seed42_20261010_222618_608850_3ada1c8e,dueling_dqn,42,v1,sparse,449,8126,0.0,1,31,0.4436849090827614,0.29848748145084225,7127,True,False,True,16.94349510000029
debug_algorithm_dueling_dqn_statev1_sparse_seed42_20261010_222618_608850_3ada1c8e,dueling_dqn,42,v1,sparse,450,8195,30.0,4,69,0.44063386884993755,0.29532755436240765,7196,True,False,True,17.107835700000578
debug_algorithm_dueling_dqn_statev1_sparse_seed42_20261010_222618_608850_3ada1c8e,dueling_dqn,42,v1,sparse,451,8284,40.0,5,89,0.43672943270673664,0.33699515277750036,7285,True,False,True,17.316668799998297
debug_algorithm_dueling_dqn_statev1_sparse_seed42_20261010_222618_608850_3ada1c8e,dueling_dqn,42,v1,sparse,452,8289,-10.0,0,5,0.4365111116589595,0.37889513969421384,7290,True,False,True,17.326077099998656
debug_algorithm_dueling_dqn_statev1_sparse_seed42_20261010_222618_608850_3ada1c8e,dueling_dqn,42,v1,sparse,453,8291,-10.0,0,2,0.43642381380173884,0.37280737049877644,7292,True,False,True,17.330383699998492
debug_algorithm_dueling_dqn_statev1_sparse_seed42_20261010_222618_608850_3ada1c8e,dueling_dqn,42,v1,sparse,454,8298,-10.0,0,7,0.4361184087658053,0.32486455355371746,7299,True,False,True,17.348119000002043
debug_algorithm_dueling_dqn_statev1_sparse_seed42_20261010_222618_608850_3ada1c8e,dueling_dqn,42,v1,sparse,455,8309,-10.0,0,11,0.43563891830934265,0.3408486965027722,7310,True,False,True,17.376939499998116
debug_algorithm_dueling_dqn_statev1_sparse_seed42_20261010_222618_608850_3ada1c8e,dueling_dqn,42,v1,sparse,456,8352,20.0,3,43,0.4337695994091972,0.36591988637350326,7353,True,False,True,17.46985770000174
debug_algorithm_dueling_dqn_statev1_sparse_seed42_20261010_222618_608850_3ada1c8e,dueling_dqn,42,v1,sparse,457,8413,30.0,4,61,0.4311315272477136,0.32416078936858256,7414,True,False,True,17.621744399999443
debug_algorithm_dueling_dqn_statev1_sparse_seed42_20261010_222618_608850_3ada1c8e,dueling_dqn,42,v1,sparse,458,8426,0.0,1,13,0.43057139242161,0.3512168641273792,7427,True,False,True,17.66002070000104
debug_algorithm_dueling_dqn_statev1_sparse_seed42_20261010_222618_608850_3ada1c8e,dueling_dqn,42,v1,sparse,459,8511,60.0,7,85,0.4269268645442404,0.3427236695499981,7512,True,False,True,17.86347620000015
debug_algorithm_dueling_dqn_statev1_sparse_seed42_20261010_222618_608850_3ada1c8e,dueling_dqn,42,v1,sparse,460,8594,20.0,3,83,0.4233978607415859,0.35751036523156854,7595,True,False,True,18.105702000000747
debug_algorithm_dueling_dqn_statev1_sparse_seed42_20261010_222618_608850_3ada1c8e,dueling_dqn,42,v1,sparse,461,8628,10.0,2,34,0.42196068074541326,0.27411189105580835,7629,True,False,True,18.190367299997888
debug_algorithm_dueling_dqn_statev1_sparse_seed42_20261010_222618_608850_3ada1c8e,dueling_dqn,42,v1,sparse,462,8640,10.0,2,12,0.4214546063297577,0.30576752685010433,7641,True,False,True,18.221884599995974
debug_algorithm_dueling_dqn_statev1_sparse_seed42_20261010_222618_608850_3ada1c8e,dueling_dqn,42,v1,sparse,463,8652,-10.0,0,12,0.4209491388695031,0.31617301019529503,7653,True,False,True,18.256448499996623
debug_algorithm_dueling_dqn_statev1_sparse_seed42_20261010_222618_608850_3ada1c8e,dueling_dqn,42,v1,sparse,464,8657,-10.0,0,5,0.420738706390773,0.24930273294448851,7658,True,False,True,18.27209700000094
debug_algorithm_dueling_dqn_statev1_sparse_seed42_20261010_222618_608850_3ada1c8e,dueling_dqn,42,v1,sparse,465,8700,30.0,4,43,0.4189333240366638,0.3209701241968676,7701,True,False,True,18.37765099999524
debug_algorithm_dueling_dqn_statev1_sparse_seed42_20261010_222618_608850_3ada1c8e,dueling_dqn,42,v1,sparse,466,8701,-10.0,0,1,0.4188914307042601,0.2975398004055023,7702,True,False,True,18.379763600001752
debug_algorithm_dueling_dqn_statev1_sparse_seed42_20261010_222618_608850_3ada1c8e,dueling_dqn,42,v1,sparse,467,8730,10.0,2,29,0.4176783447247916,0.3357111202745602,7731,True,False,True,18.453416399999696
debug_algorithm_dueling_dqn_statev1_sparse_seed42_20261010_222618_608850_3ada1c8e,dueling_dqn,42,v1,sparse,468,8774,20.0,3,44,0.4158445057190773,0.3184918613935059,7775,True,False,True,18.55366939999658
debug_algorithm_dueling_dqn_statev1_sparse_seed42_20261010_222618_608850_3ada1c8e,dueling_dqn,42,v1,sparse,469,8775,-10.0,0,1,0.4158029212685054,0.38412266969680786,7776,True,False,True,18.55669499999931
debug_algorithm_dueling_dqn_statev1_sparse_seed42_20261010_222618_608850_3ada1c8e,dueling_dqn,42,v1,sparse,470,8800,10.0,2,25,0.41476466041827703,0.35920256018638613,7801,True,False,True,18.62464159999945
debug_algorithm_dueling_dqn_statev1_sparse_seed42_20261010_222618_608850_3ada1c8e,dueling_dqn,42,v1,sparse,471,8801,-10.0,0,1,0.41472318395223523,0.4417744576931,7802,True,False,True,18.62760029999481
debug_algorithm_dueling_dqn_statev1_sparse_seed42_20261010_222618_608850_3ada1c8e,dueling_dqn,42,v1,sparse,472,8838,30.0,4,37,0.4131914670083552,0.3586482029106166,7839,True,False,True,18.71930710000015
debug_algorithm_dueling_dqn_statev1_sparse_seed42_20261010_222618_608850_3ada1c8e,dueling_dqn,42,v1,sparse,473,8842,-10.0,0,4,0.4130262152113871,0.2895270772278309,7843,True,False,True,18.72965639999893
debug_algorithm_dueling_dqn_statev1_sparse_seed42_20261010_222618_608850_3ada1c8e,dueling_dqn,42,v1,sparse,474,8857,10.0,2,15,0.4124071093782256,0.304981537659963,7858,True,False,True,18.76749220000056
debug_algorithm_dueling_dqn_statev1_sparse_seed42_20261010_222618_608850_3ada1c8e,dueling_dqn,42,v1,sparse,475,8882,0.0,1,25,0.4113773278780934,0.3343668407201767,7883,True,False,True,18.83901579999656
debug_algorithm_dueling_dqn_statev1_sparse_seed42_20261010_222618_608850_3ada1c8e,dueling_dqn,42,v1,sparse,476,8897,10.0,2,15,0.41076069364534995,0.3252826362848282,7898,True,False,True,18.88356449999992
debug_algorithm_dueling_dqn_statev1_sparse_seed42_20261010_222618_608850_3ada1c8e,dueling_dqn,42,v1,sparse,477,8922,10.0,2,25,0.40973502324908734,0.46075361788272856,7923,True,False,True,18.945156699999643
debug_algorithm_dueling_dqn_statev1_sparse_seed42_20261010_222618_608850_3ada1c8e,dueling_dqn,42,v1,sparse,478,8938,-10.0,0,16,0.40907993866453984,0.3470036811195314,7939,True,False,True,18.984096499996667
debug_algorithm_dueling_dqn_statev1_sparse_seed42_20261010_222618_608850_3ada1c8e,dueling_dqn,42,v1,sparse,479,8958,10.0,2,20,0.40826255557294133,0.3895037278532982,7959,True,False,True,19.02772980000009
debug_algorithm_dueling_dqn_statev1_sparse_seed42_20261010_222618_608850_3ada1c8e,dueling_dqn,42,v1,sparse,480,8993,20.0,3,35,0.4068360631206998,0.36992686625037874,7994,True,False,True,19.116403100000753
debug_algorithm_dueling_dqn_statev1_sparse_seed42_20261010_222618_608850_3ada1c8e,dueling_dqn,42,v1,sparse,481,9011,20.0,3,18,0.40610438033440543,0.4002646911475394,8012,True,False,True,19.155751400001463
debug_algorithm_dueling_dqn_statev1_sparse_seed42_20261010_222618_608850_3ada1c8e,dueling_dqn,42,v1,sparse,482,9066,30.0,4,55,0.403876826252302,0.40312732688405295,8067,True,False,True,19.280645499995444
debug_algorithm_dueling_dqn_statev1_sparse_seed42_20261010_222618_608850_3ada1c8e,dueling_dqn,42,v1,sparse,483,9080,10.0,2,14,0.40331176607649,0.2535060378057616,8081,True,False,True,19.312013199996727
debug_algorithm_dueling_dqn_statev1_sparse_seed42_20261010_222618_608850_3ada1c8e,dueling_dqn,42,v1,sparse,484,9089,0.0,1,9,0.4029489306453839,0.3871609725885921,8090,True,False,True,19.33410770000046
debug_algorithm_dueling_dqn_statev1_sparse_seed42_20261010_222618_608850_3ada1c8e,dueling_dqn,42,v1,sparse,485,9135,40.0,5,46,0.4010995299756527,0.39285791973057,8136,True,False,True,19.43257799999992
debug_algorithm_dueling_dqn_statev1_sparse_seed42_20261010_222618_608850_3ada1c8e,dueling_dqn,42,v1,sparse,486,9136,-10.0,0,1,0.4010594200226551,0.3841758072376251,8137,True,False,True,19.434624699999404
debug_algorithm_dueling_dqn_statev1_sparse_seed42_20261010_222618_608850_3ada1c8e,dueling_dqn,42,v1,sparse,487,9187,30.0,4,51,0.3990191221460958,0.3266400556061782,8188,True,False,True,19.544245899996895
debug_algorithm_dueling_dqn_statev1_sparse_seed42_20261010_222618_608850_3ada1c8e,dueling_dqn,42,v1,sparse,488,9211,0.0,1,24,0.3980625767385317,0.3843802670016885,8212,True,False,True,19.59357089999685
debug_algorithm_dueling_dqn_statev1_sparse_seed42_20261010_222618_608850_3ada1c8e,dueling_dqn,42,v1,sparse,489,9241,20.0,3,30,0.39687011896548124,0.3921418894082308,8242,True,False,True,19.6562586
debug_algorithm_dueling_dqn_statev1_sparse_seed42_20261010_222618_608850_3ada1c8e,dueling_dqn,42,v1,sparse,490,9257,-10.0,0,16,0.3962356027971043,0.40788292745128274,8258,True,False,True,19.696878900002048
debug_algorithm_dueling_dqn_statev1_sparse_seed42_20261010_222618_608850_3ada1c8e,dueling_dqn,42,v1,sparse,491,9267,10.0,2,10,0.39583954545278854,0.48722088634967803,8268,True,False,True,19.722922399996605
debug_algorithm_dueling_dqn_statev1_sparse_seed42_20261010_222618_608850_3ada1c8e,dueling_dqn,42,v1,sparse,492,9304,30.0,4,37,0.39437757235292537,0.36041585215040156,8305,True,False,True,19.82497119999607
debug_algorithm_dueling_dqn_statev1_sparse_seed42_20261010_222618_608850_3ada1c8e,dueling_dqn,42,v1,sparse,493,9311,-10.0,0,7,0.39410159085776664,0.25462536620242254,8312,True,False,True,19.843227999997907
debug_algorithm_dueling_dqn_statev1_sparse_seed42_20261010_222618_608850_3ada1c8e,dueling_dqn,42,v1,sparse,494,9371,-10.0,0,60,0.39174394344381847,0.3533661365509033,8372,True,False,True,20.000345299995388
debug_algorithm_dueling_dqn_statev1_sparse_seed42_20261010_222618_608850_3ada1c8e,dueling_dqn,42,v1,sparse,495,9392,0.0,1,21,0.3909221033040828,0.3696842381641978,8393,True,False,True,20.05426269999589
debug_algorithm_dueling_dqn_statev1_sparse_seed42_20261010_222618_608850_3ada1c8e,dueling_dqn,42,v1,sparse,496,9416,0.0,1,24,0.3899849684103469,0.41580149593452614,8417,True,False,True,20.11928249999619
debug_algorithm_dueling_dqn_statev1_sparse_seed42_20261010_222618_608850_3ada1c8e,dueling_dqn,42,v1,sparse,497,9476,20.0,3,60,0.38765194800753605,0.34883938257892927,8477,True,False,True,20.280953800000134
debug_algorithm_dueling_dqn_statev1_sparse_seed42_20261010_222618_608850_3ada1c8e,dueling_dqn,42,v1,sparse,498,9499,10.0,2,23,0.38676132860035883,0.4211357182458691,8500,True,False,True,20.343110199995863
debug_algorithm_dueling_dqn_statev1_sparse_seed42_20261010_222618_608850_3ada1c8e,dueling_dqn,42,v1,sparse,499,9517,10.0,2,18,0.3860657496382321,0.4012178886267874,8518,True,False,True,20.388012700001127
debug_algorithm_dueling_dqn_statev1_sparse_seed42_20261010_222618_608850_3ada1c8e,dueling_dqn,42,v1,sparse,500,9560,40.0,5,43,0.38440914832883033,0.39057317843963935,8561,True,False,True,20.49854780000169
debug_algorithm_dueling_dqn_statev1_sparse_seed42_20261010_222618_608850_3ada1c8e,dueling_dqn,42,v1,sparse,501,9581,10.0,2,21,0.38360269586551704,0.3769416099502927,8582,True,False,True,20.565479899996717
debug_algorithm_dueling_dqn_statev1_sparse_seed42_20261010_222618_608850_3ada1c8e,dueling_dqn,42,v1,sparse,502,9648,20.0,3,67,0.3810410209117023,0.41140010908468444,8649,True,False,True,20.72565599999507
debug_algorithm_dueling_dqn_statev1_sparse_seed42_20261010_222618_608850_3ada1c8e,dueling_dqn,42,v1,sparse,503,9680,10.0,2,32,0.37982357771965475,0.41326039424166083,8681,True,False,True,20.804355599997507
debug_algorithm_dueling_dqn_statev1_sparse_seed42_20261010_222618_608850_3ada1c8e,dueling_dqn,42,v1,sparse,504,9681,-10.0,0,1,0.3797855953618828,0.18661391735076904,8682,True,False,True,20.808439799999178
debug_algorithm_dueling_dqn_statev1_sparse_seed42_20261010_222618_608850_3ada1c8e,dueling_dqn,42,v1,sparse,505,9703,10.0,2,22,0.3789509437722199,0.30473344502123917,8704,True,False,True,20.86789190000127
debug_algorithm_dueling_dqn_statev1_sparse_seed42_20261010_222618_608850_3ada1c8e,dueling_dqn,42,v1,sparse,506,9729,10.0,2,26,0.37796690192427324,0.5133930020607435,8730,True,False,True,20.93533110000135
debug_algorithm_dueling_dqn_statev1_sparse_seed42_20261010_222618_608850_3ada1c8e,dueling_dqn,42,v1,sparse,507,9753,0.0,1,24,0.3770608237837007,0.3820841566969951,8754,True,False,True,21.000134900001285
debug_algorithm_dueling_dqn_statev1_sparse_seed42_20261010_222618_608850_3ada1c8e,dueling_dqn,42,v1,sparse,508,9766,10.0,2,13,0.37657093871241204,0.3839261210881747,8767,True,False,True,21.031841299998632
debug_algorithm_dueling_dqn_statev1_sparse_seed42_20261010_222618_608850_3ada1c8e,dueling_dqn,42,v1,sparse,509,9790,30.0,4,24,0.3756682070335136,0.36838118685409427,8791,True,False,True,21.08622949999699
debug_algorithm_dueling_dqn_statev1_sparse_seed42_20261010_222618_608850_3ada1c8e,dueling_dqn,42,v1,sparse,510,9829,20.0,3,39,0.37420588129735305,0.38470870351944214,8830,True,False,True,21.189557400000922
debug_algorithm_dueling_dqn_statev1_sparse_seed42_20261010_222618_608850_3ada1c8e,dueling_dqn,42,v1,sparse,511,9850,10.0,2,21,0.3734208342815094,0.35540976304383504,8851,True,False,True,21.240365400000883
debug_algorithm_dueling_dqn_statev1_sparse_seed42_20261010_222618_608850_3ada1c8e,dueling_dqn,42,v1,sparse,512,9881,40.0,5,31,0.37226496442476387,0.3484914338877124,8882,True,False,True,21.31320969999797
debug_algorithm_dueling_dqn_statev1_sparse_seed42_20261010_222618_608850_3ada1c8e,dueling_dqn,42,v1,sparse,513,9915,0.0,1,34,0.37100134972626203,0.4084674067357007,8916,True,False,True,21.394692900001246
debug_algorithm_dueling_dqn_statev1_sparse_seed42_20261010_222618_608850_3ada1c8e,dueling_dqn,42,v1,sparse,514,9937,10.0,2,22,0.37018600319891143,0.3615462041713975,8938,True,False,True,21.43898900000204
debug_algorithm_dueling_dqn_statev1_sparse_seed42_20261010_222618_608850_3ada1c8e,dueling_dqn,42,v1,sparse,515,9956,10.0,2,19,0.3694832824523321,0.45390651727977555,8957,True,False,True,21.483288600000378
debug_algorithm_dueling_dqn_statev1_sparse_seed42_20261010_222618_608850_3ada1c8e,dueling_dqn,42,v1,sparse,516,9983,10.0,2,27,0.36848697339594194,0.4876255558596717,8984,True,False,True,21.5476578999951
debug_algorithm_dueling_dqn_statev1_sparse_seed42_20261010_222618_608850_3ada1c8e,dueling_dqn,42,v1,sparse,517,10010,10.0,2,27,0.36749335087987156,0.40595718445601287,9011,True,False,True,21.606477900000755
debug_algorithm_dueling_dqn_statev1_sparse_seed42_20261010_222618_608850_3ada1c8e,dueling_dqn,42,v1,sparse,518,10021,-10.0,0,11,0.36708931025462255,0.45154722034931183,9022,True,False,True,21.629079899998032
debug_algorithm_dueling_dqn_statev1_sparse_seed42_20261010_222618_608850_3ada1c8e,dueling_dqn,42,v1,sparse,519,10085,50.0,6,64,0.36474732391837505,0.3610391339752823,9086,True,False,True,21.77030879999802
debug_algorithm_dueling_dqn_statev1_sparse_seed42_20261010_222618_608850_3ada1c8e,dueling_dqn,42,v1,sparse,520,10086,-10.0,0,1,0.36471084918598323,0.6111574172973633,9087,True,False,True,21.773843099996157
debug_algorithm_dueling_dqn_statev1_sparse_seed42_20261010_222618_608850_3ada1c8e,dueling_dqn,42,v1,sparse,521,10151,50.0,6,65,0.36234779874603,0.43355723676773217,9152,True,False,True,21.92009010000038
debug_algorithm_dueling_dqn_statev1_sparse_seed42_20261010_222618_608850_3ada1c8e,dueling_dqn,42,v1,sparse,522,10177,10.0,2,26,0.3614068711580735,0.39697773181475127,9178,True,False,True,21.98226920000161
debug_algorithm_dueling_dqn_statev1_sparse_seed42_20261010_222618_608850_3ada1c8e,dueling_dqn,42,v1,sparse,523,10234,50.0,6,57,0.3593526094856322,0.3758260752809675,9235,True,False,True,22.117648300001747
debug_algorithm_dueling_dqn_statev1_sparse_seed42_20261010_222618_608850_3ada1c8e,dueling_dqn,42,v1,sparse,524,10252,0.0,1,18,0.35870632430492877,0.4628232138024436,9253,True,False,True,22.165092899995216
debug_algorithm_dueling_dqn_statev1_sparse_seed42_20261010_222618_608850_3ada1c8e,dueling_dqn,42,v1,sparse,525,10296,20.0,3,44,0.35713140509397423,0.36506027914583683,9297,True,False,True,22.267934800001967
debug_algorithm_dueling_dqn_statev1_sparse_seed42_20261010_222618_608850_3ada1c8e,dueling_dqn,42,v1,sparse,526,10321,20.0,3,25,0.35623964715450407,0.46142053842544556,9322,True,False,True,22.327258699995582
debug_algorithm_dueling_dqn_statev1_sparse_seed42_20261010_222618_608850_3ada1c8e,dueling_dqn,42,v1,sparse,527,10335,0.0,1,14,0.3557412356969311,0.3789611575858934,9336,True,False,True,22.357806399995752
debug_algorithm_dueling_dqn_statev1_sparse_seed42_20261010_222618_608850_3ada1c8e,dueling_dqn,42,v1,sparse,528,10371,10.0,2,36,0.35446280588030904,0.40259336969918674,9372,True,False,True,22.451440799995908
debug_algorithm_dueling_dqn_statev1_sparse_seed42_20261010_222618_608850_3ada1c8e,dueling_dqn,42,v1,sparse,529,10391,20.0,3,20,0.3537545533439638,0.44320027232170106,9392,True,False,True,22.499877399997786
debug_algorithm_dueling_dqn_statev1_sparse_seed42_20261010_222618_608850_3ada1c8e,dueling_dqn,42,v1,sparse,530,10407,10.0,2,16,0.3531889703660393,0.46656748838722706,9408,True,False,True,22.534516100000474
debug_algorithm_dueling_dqn_statev1_sparse_seed42_20261010_222618_608850_3ada1c8e,dueling_dqn,42,v1,sparse,531,10415,0.0,1,8,0.35290651806288204,0.40270876325666904,9416,True,False,True,22.556834600000002
debug_algorithm_dueling_dqn_statev1_sparse_seed42_20261010_222618_608850_3ada1c8e,dueling_dqn,42,v1,sparse,532,10435,-10.0,0,20,0.3522013751469981,0.43675521537661555,9436,True,False,True,22.60213759999897
debug_algorithm_dueling_dqn_statev1_sparse_seed42_20261010_222618_608850_3ada1c8e,dueling_dqn,42,v1,sparse,533,10440,-10.0,0,5,0.35202530967604034,0.4508186340332031,9441,True,False,True,22.61697969999659
debug_algorithm_dueling_dqn_statev1_sparse_seed42_20261010_222618_608850_3ada1c8e,dueling_dqn,42,v1,sparse,534,10463,0.0,1,23,0.3512165414646938,0.4115438577921494,9464,True,False,True,22.67302959999506
debug_algorithm_dueling_dqn_statev1_sparse_seed42_20261010_222618_608850_3ada1c8e,dueling_dqn,42,v1,sparse,535,10474,-10.0,0,11,0.3508303963802412,0.46566091206940735,9475,True,False,True,22.700188299997535
debug_algorithm_dueling_dqn_statev1_sparse_seed42_20261010_222618_608850_3ada1c8e,dueling_dqn,42,v1,sparse,536,10498,10.0,2,24,0.3499893710111147,0.3923639530936877,9499,True,False,True,22.75919679999788
debug_algorithm_dueling_dqn_statev1_sparse_seed42_20261010_222618_608850_3ada1c8e,dueling_dqn,42,v1,sparse,537,10499,-10.0,0,1,0.3499543720740136,0.191068634390831,9500,True,False,True,22.76269019999745
debug_algorithm_dueling_dqn_statev1_sparse_seed42_20261010_222618_608850_3ada1c8e,dueling_dqn,42,v1,sparse,538,10535,30.0,4,36,0.3486967385504772,0.4514950528326962,9536,True,False,True,22.84356619999744
debug_algorithm_dueling_dqn_statev1_sparse_seed42_20261010_222618_608850_3ada1c8e,dueling_dqn,42,v1,sparse,539,10543,0.0,1,8,0.34841787877519914,0.3564157597720623,9544,True,False,True,22.861313299996255
debug_algorithm_dueling_dqn_statev1_sparse_seed42_20261010_222618_608850_3ada1c8e,dueling_dqn,42,v1,sparse,540,10558,0.0,1,15,0.34789561763732646,0.4208023905754089,9559,True,False,True,22.896174299996346
debug_algorithm_dueling_dqn_statev1_sparse_seed42_20261010_222618_608850_3ada1c8e,dueling_dqn,42,v1,sparse,541,10605,10.0,2,47,0.3462642633511305,0.3806577576918805,9606,True,False,True,23.00726299999951
debug_algorithm_dueling_dqn_statev1_sparse_seed42_20261010_222618_608850_3ada1c8e,dueling_dqn,42,v1,sparse,542,10667,60.0,7,62,0.34412395969915294,0.4590552761670082,9668,True,False,True,23.16438019999623
debug_algorithm_dueling_dqn_statev1_sparse_seed42_20261010_222618_608850_3ada1c8e,dueling_dqn,42,v1,sparse,543,10697,10.0,2,30,0.34309308336307953,0.4010921411216259,9698,True,False,True,23.234745800000383
debug_algorithm_dueling_dqn_statev1_sparse_seed42_20261010_222618_608850_3ada1c8e,dueling_dqn,42,v1,sparse,544,10758,40.0,5,61,0.3410064818279546,0.4443230738893884,9759,True,False,True,23.372109299998556
debug_algorithm_dueling_dqn_statev1_sparse_seed42_20261010_222618_608850_3ada1c8e,dueling_dqn,42,v1,sparse,545,10767,0.0,1,9,0.34069969872800276,0.44685279329617816,9768,True,False,True,23.399533199997677
debug_algorithm_dueling_dqn_statev1_sparse_seed42_20261010_222618_608850_3ada1c8e,dueling_dqn,42,v1,sparse,546,10798,-10.0,0,31,0.33964511238517153,0.473820956483964,9799,True,False,True,23.475812600001518
debug_algorithm_dueling_dqn_statev1_sparse_seed42_20261010_222618_608850_3ada1c8e,dueling_dqn,42,v1,sparse,547,10827,10.0,2,29,0.3386615192781541,0.4186033806924162,9828,True,False,True,23.54192669999611
debug_algorithm_dueling_dqn_statev1_sparse_seed42_20261010_222618_608850_3ada1c8e,dueling_dqn,42,v1,sparse,548,10882,30.0,4,55,0.33680390117243914,0.4199500511993061,9883,True,False,True,23.67900009999721
debug_algorithm_dueling_dqn_statev1_sparse_seed42_20261010_222618_608850_3ada1c8e,dueling_dqn,42,v1,sparse,549,10902,0.0,1,20,0.33613093291371315,0.4367626719176769,9903,True,False,True,23.72081900000194
debug_algorithm_dueling_dqn_statev1_sparse_seed42_20261010_222618_608850_3ada1c8e,dueling_dqn,42,v1,sparse,550,10925,0.0,1,23,0.33535868158428156,0.4183966352239899,9926,True,False,True,23.771103999999468
debug_algorithm_dueling_dqn_statev1_sparse_seed42_20261010_222618_608850_3ada1c8e,dueling_dqn,42,v1,sparse,551,10929,-10.0,0,4,0.33522455823182734,0.38492340222001076,9930,True,False,True,23.782740900001954
debug_algorithm_dueling_dqn_statev1_sparse_seed42_20261010_222618_608850_3ada1c8e,dueling_dqn,42,v1,sparse,552,11027,110.0,12,98,0.3319552399189595,0.44629598135242654,10028,True,False,True,24.011871599999722
debug_algorithm_dueling_dqn_statev1_sparse_seed42_20261010_222618_608850_3ada1c8e,dueling_dqn,42,v1,sparse,553,11064,20.0,3,37,0.33072921377605613,0.4262495745678206,10065,True,False,True,24.09554119999666
debug_algorithm_dueling_dqn_statev1_sparse_seed42_20261010_222618_608850_3ada1c8e,dueling_dqn,42,v1,sparse,554,11070,-10.0,0,6,0.3305308258505585,0.3984859896202882,10071,True,False,True,24.109932300001674
debug_algorithm_dueling_dqn_statev1_sparse_seed42_20261010_222618_608850_3ada1c8e,dueling_dqn,42,v1,sparse,555,11095,20.0,3,25,0.32970548961860663,0.5380669051408767,10096,True,False,True,24.169617100000323
debug_algorithm_dueling_dqn_statev1_sparse_seed42_20261010_222618_608850_3ada1c8e,dueling_dqn,42,v1,sparse,556,11149,20.0,3,54,0.32792978989262445,0.48304560090656634,10150,True,False,True,24.313943699999072
debug_algorithm_dueling_dqn_statev1_sparse_seed42_20261010_222618_608850_3ada1c8e,dueling_dqn,42,v1,sparse,557,11168,0.0,1,19,0.32730728373413237,0.47663913353493337,10169,True,False,True,24.368967399997928
debug_algorithm_dueling_dqn_statev1_sparse_seed42_20261010_222618_608850_3ada1c8e,dueling_dqn,42,v1,sparse,558,11202,10.0,2,34,0.3261962732062084,0.4779013976016465,10203,True,False,True,24.451323699999193
debug_algorithm_dueling_dqn_statev1_sparse_seed42_20261010_222618_608850_3ada1c8e,dueling_dqn,42,v1,sparse,559,11278,30.0,4,76,0.32372645523382,0.49523303187207174,10279,True,False,True,24.621163399999205
debug_algorithm_dueling_dqn_statev1_sparse_seed42_20261010_222618_608850_3ada1c8e,dueling_dqn,42,v1,sparse,560,11328,10.0,2,50,0.3221117822691377,0.48178359314799307,10329,True,False,True,24.743173599999864
debug_algorithm_dueling_dqn_statev1_sparse_seed42_20261010_222618_608850_3ada1c8e,dueling_dqn,42,v1,sparse,561,11376,50.0,6,48,0.3205692735701665,0.463560295291245,10377,True,False,True,24.860836100000597
debug_algorithm_dueling_dqn_statev1_sparse_seed42_20261010_222618_608850_3ada1c8e,dueling_dqn,42,v1,sparse,562,11414,30.0,4,38,0.31935336123063546,0.43597325839494405,10415,True,False,True,24.959368199997698
debug_algorithm_dueling_dqn_statev1_sparse_seed42_20261010_222618_608850_3ada1c8e,dueling_dqn,42,v1,sparse,563,11495,40.0,5,81,0.31677691885939296,0.461874926071844,10496,True,False,True,25.168261699996947
debug_algorithm_dueling_dqn_statev1_sparse_seed42_20261010_222618_608850_3ada1c8e,dueling_dqn,42,v1,sparse,564,11527,10.0,2,32,0.31576480236248566,0.48311397852376103,10528,True,False,True,25.242910799999663
debug_algorithm_dueling_dqn_statev1_sparse_seed42_20261010_222618_608850_3ada1c8e,dueling_dqn,42,v1,sparse,565,11561,30.0,4,34,0.31469297158692133,0.5113135523655835,10562,True,False,True,25.326787899997726
debug_algorithm_dueling_dqn_statev1_sparse_seed42_20261010_222618_608850_3ada1c8e,dueling_dqn,42,v1,sparse,566,11583,10.0,2,22,0.31400137350579754,0.41919036683711136,10584,True,False,True,25.37697269999626
debug_algorithm_dueling_dqn_statev1_sparse_seed42_20261010_222618_608850_3ada1c8e,dueling_dqn,42,v1,sparse,567,11592,-10.0,0,9,0.3137188852837646,0.45318956673145294,10593,True,False,True,25.40071579999494
debug_algorithm_dueling_dqn_statev1_sparse_seed42_20261010_222618_608850_3ada1c8e,dueling_dqn,42,v1,sparse,568,11689,70.0,8,97,0.3106903727015953,0.49579323643876105,10690,True,False,True,25.637264299999515
debug_algorithm_dueling_dqn_statev1_sparse_seed42_20261010_222618_608850_3ada1c8e,dueling_dqn,42,v1,sparse,569,11782,60.0,7,93,0.3078142033431203,0.4808908188214866,10783,True,False,True,25.85040619999927
debug_algorithm_dueling_dqn_statev1_sparse_seed42_20261010_222618_608850_3ada1c8e,dueling_dqn,42,v1,sparse,570,11821,30.0,4,39,0.306616006042745,0.46077662992935914,10822,True,False,True,25.935887899999216
debug_algorithm_dueling_dqn_statev1_sparse_seed42_20261010_222618_608850_3ada1c8e,dueling_dqn,42,v1,sparse,571,11888,30.0,4,67,0.3045684434171844,0.45463889826144743,10889,True,False,True,26.10228819999611
debug_algorithm_dueling_dqn_statev1_sparse_seed42_20261010_222618_608850_3ada1c8e,dueling_dqn,42,v1,sparse,572,11920,0.0,1,32,0.30359533354816415,0.46407715883105993,10921,True,False,True,26.16908010000043
debug_algorithm_dueling_dqn_statev1_sparse_seed42_20261010_222618_608850_3ada1c8e,dueling_dqn,42,v1,sparse,573,11925,-10.0,0,5,0.3034435662378876,0.44730001091957095,10926,True,False,True,26.182816799999273
debug_algorithm_dueling_dqn_statev1_sparse_seed42_20261010_222618_608850_3ada1c8e,dueling_dqn,42,v1,sparse,574,11932,-10.0,0,7,0.30323121945405057,0.441389547927039,10933,True,False,True,26.19771889999538
debug_algorithm_dueling_dqn_statev1_sparse_seed42_20261010_222618_608850_3ada1c8e,dueling_dqn,42,v1,sparse,575,11968,0.0,1,36,0.30214149525741285,0.4435340596569909,10969,True,False,True,26.288356600001862
debug_algorithm_dueling_dqn_statev1_sparse_seed42_20261010_222618_608850_3ada1c8e,dueling_dqn,42,v1,sparse,576,11985,20.0,3,17,0.3016282654225245,0.43940002602689404,10986,True,False,True,26.32878989999881
debug_algorithm_dueling_dqn_statev1_sparse_seed42_20261010_222618_608850_3ada1c8e,dueling_dqn,42,v1,sparse,577,11995,0.0,1,10,0.30132677285363235,0.46241940259933473,10996,True,False,True,26.357563099998515
debug_algorithm_dueling_dqn_statev1_sparse_seed42_20261010_222618_608850_3ada1c8e,dueling_dqn,42,v1,sparse,578,12050,30.0,4,55,0.29967394241047307,0.48314305462620477,11051,True,False,True,26.484742599997844
debug_algorithm_dueling_dqn_statev1_sparse_seed42_20261010_222618_608850_3ada1c8e,dueling_dqn,42,v1,sparse,579,12080,10.0,2,30,0.29877622294903583,0.4979122906923294,11081,True,False,True,26.557001799999853
debug_algorithm_dueling_dqn_statev1_sparse_seed42_20261010_222618_608850_3ada1c8e,dueling_dqn,42,v1,sparse,580,12133,20.0,3,53,0.29719681911336693,0.4295268729329109,11134,True,False,True,26.686740199998894
debug_algorithm_dueling_dqn_statev1_sparse_seed42_20261010_222618_608850_3ada1c8e,dueling_dqn,42,v1,sparse,581,12163,10.0,2,30,0.296306520256385,0.47601323028405507,11164,True,False,True,26.749717300001066
debug_algorithm_dueling_dqn_statev1_sparse_seed42_20261010_222618_608850_3ada1c8e,dueling_dqn,42,v1,sparse,582,12224,30.0,4,61,0.2945044622435155,0.4460260844865783,11225,True,False,True,26.90222150000045
debug_algorithm_dueling_dqn_statev1_sparse_seed42_20261010_222618_608850_3ada1c8e,dueling_dqn,42,v1,sparse,583,12243,0.0,1,19,0.2939454070826226,0.48641359355104596,11244,True,False,True,26.957711499999277
debug_algorithm_dueling_dqn_statev1_sparse_seed42_20261010_222618_608850_3ada1c8e,dueling_dqn,42,v1,sparse,584,12251,-10.0,0,8,0.2937103330452116,0.34815250150859356,11252,True,False,True,26.977071900000738
debug_algorithm_dueling_dqn_statev1_sparse_seed42_20261010_222618_608850_3ada1c8e,dueling_dqn,42,v1,sparse,585,12269,10.0,2,18,0.29318210358296204,0.4891112686859237,11270,True,False,True,27.028177499996673
debug_algorithm_dueling_dqn_statev1_sparse_seed42_20261010_222618_608850_3ada1c8e,dueling_dqn,42,v1,sparse,586,12311,30.0,4,42,0.29195325968337404,0.48569173206176075,11312,True,False,True,27.131425899999158
debug_algorithm_dueling_dqn_statev1_sparse_seed42_20261010_222618_608850_3ada1c8e,dueling_dqn,42,v1,sparse,587,12361,50.0,6,50,0.2904970640968221,0.4822998750209808,11362,True,False,True,27.24626229999558
debug_algorithm_dueling_dqn_statev1_sparse_seed42_20261010_222618_608850_3ada1c8e,dueling_dqn,42,v1,sparse,588,12439,50.0,6,78,0.28823988856522337,0.464717402576636,11440,True,False,True,27.4419412999996
debug_algorithm_dueling_dqn_statev1_sparse_seed42_20261010_222618_608850_3ada1c8e,dueling_dqn,42,v1,sparse,589,12502,60.0,7,63,0.2864295951631413,0.5094718942566524,11503,True,False,True,27.59916769999836
debug_algorithm_dueling_dqn_statev1_sparse_seed42_20261010_222618_608850_3ada1c8e,dueling_dqn,42,v1,sparse,590,12551,40.0,5,49,0.2850294532877655,0.5126300089213313,11552,True,False,True,27.70383800000127
debug_algorithm_dueling_dqn_statev1_sparse_seed42_20261010_222618_608850_3ada1c8e,dueling_dqn,42,v1,sparse,591,12557,-10.0,0,6,0.28485847836451067,0.40763916571935016,11558,True,False,True,27.719511199997214
debug_algorithm_dueling_dqn_statev1_sparse_seed42_20261010_222618_608850_3ada1c8e,dueling_dqn,42,v1,sparse,592,12613,20.0,3,56,0.2832676498204111,0.5091514796284693,11614,True,False,True,27.843692999995255
debug_algorithm_dueling_dqn_statev1_sparse_seed42_20261010_222618_608850_3ada1c8e,dueling_dqn,42,v1,sparse,593,12614,-10.0,0,1,0.28323932305542904,0.4356944262981415,11615,True,False,True,27.845771499996772
debug_algorithm_dueling_dqn_statev1_sparse_seed42_20261010_222618_608850_3ada1c8e,dueling_dqn,42,v1,sparse,594,12648,30.0,4,34,0.2822778966360516,0.44196561241851134,11649,True,False,True,27.924520499997016
debug_algorithm_dueling_dqn_statev1_sparse_seed42_20261010_222618_608850_3ada1c8e,dueling_dqn,42,v1,sparse,595,12676,0.0,1,28,0.28148858461175513,0.515699173190764,11677,True,False,True,27.986590399996203
debug_algorithm_dueling_dqn_statev1_sparse_seed42_20261010_222618_608850_3ada1c8e,dueling_dqn,42,v1,sparse,596,12729,30.0,4,53,0.280000567440092,0.43892205127005307,11730,True,False,True,28.118601900001522
debug_algorithm_dueling_dqn_statev1_sparse_seed42_20261010_222618_608850_3ada1c8e,dueling_dqn,42,v1,sparse,597,12762,20.0,3,33,0.2790780424439977,0.43136691031130875,11763,True,False,True,28.18945249999524
debug_algorithm_dueling_dqn_statev1_sparse_seed42_20261010_222618_608850_3ada1c8e,dueling_dqn,42,v1,sparse,598,12823,40.0,5,61,0.27738076348379465,0.5254649749544801,11824,True,False,True,28.34621089999564
debug_algorithm_dueling_dqn_statev1_sparse_seed42_20261010_222618_608850_3ada1c8e,dueling_dqn,42,v1,sparse,599,12850,10.0,2,27,0.276632808218016,0.5182549997612282,11851,True,False,True,28.412015699999756
debug_algorithm_dueling_dqn_statev1_sparse_seed42_20261010_222618_608850_3ada1c8e,dueling_dqn,42,v1,sparse,600,12879,30.0,4,29,0.27583169519322553,0.4630212465236927,11880,True,False,True,28.48724139999831
debug_algorithm_dueling_dqn_statev1_sparse_seed42_20261010_222618_608850_3ada1c8e,dueling_dqn,42,v1,sparse,601,12895,10.0,2,16,0.275390695324535,0.4832556564360857,11896,True,False,True,28.53412979999848
debug_algorithm_dueling_dqn_statev1_sparse_seed42_20261010_222618_608850_3ada1c8e,dueling_dqn,42,v1,sparse,602,12951,40.0,5,56,0.27385274082370015,0.5080282677497182,11952,True,False,True,28.65212469999824
debug_algorithm_dueling_dqn_statev1_sparse_seed42_20261010_222618_608850_3ada1c8e,dueling_dqn,42,v1,sparse,603,12998,30.0,4,47,0.2725685888543155,0.5514113175425124,11999,True,False,True,28.748541499997373
debug_algorithm_dueling_dqn_statev1_sparse_seed42_20261010_222618_608850_3ada1c8e,dueling_dqn,42,v1,sparse,604,13019,20.0,3,21,0.27199676684940505,0.5020700238999867,12020,True,False,True,28.793332699999155
debug_algorithm_dueling_dqn_statev1_sparse_seed42_20261010_222618_608850_3ada1c8e,dueling_dqn,42,v1,sparse,605,13051,10.0,2,32,0.2711277249513241,0.4077719240449369,12052,True,False,True,28.866004299998167
debug_algorithm_dueling_dqn_statev1_sparse_seed42_20261010_222618_608850_3ada1c8e,dueling_dqn,42,v1,sparse,606,13104,30.0,4,53,0.26969447780562544,0.5168493866639318,12105,True,False,True,28.999743399996078
debug_algorithm_dueling_dqn_statev1_sparse_seed42_20261010_222618_608850_3ada1c8e,dueling_dqn,42,v1,sparse,607,13171,50.0,6,67,0.2678934748501637,0.5102689098288764,12172,True,False,True,29.17823109999881
debug_algorithm_dueling_dqn_statev1_sparse_seed42_20261010_222618_608850_3ada1c8e,dueling_dqn,42,v1,sparse,608,13191,0.0,1,20,0.26735819659279675,0.511808329820633,12192,True,False,True,29.232757099998707
debug_algorithm_dueling_dqn_statev1_sparse_seed42_20261010_222618_608850_3ada1c8e,dueling_dqn,42,v1,sparse,609,13232,50.0,6,41,0.2662642174766456,0.5329876256788649,12233,True,False,True,29.336183999999776
debug_algorithm_dueling_dqn_statev1_sparse_seed42_20261010_222618_608850_3ada1c8e,dueling_dqn,42,v1,sparse,610,13265,20.0,3,33,0.26538694998239215,0.5172821260762938,12266,True,False,True,29.42243949999829
debug_algorithm_dueling_dqn_statev1_sparse_seed42_20261010_222618_608850_3ada1c8e,dueling_dqn,42,v1,sparse,611,13370,110.0,12,105,0.26261482751221427,0.5116303049382709,12371,True,False,True,29.700851099994907
debug_algorithm_dueling_dqn_statev1_sparse_seed42_20261010_222618_608850_3ada1c8e,dueling_dqn,42,v1,sparse,612,13422,40.0,5,52,0.2612527068850789,0.4876524843275547,12423,True,False,True,29.826041599997552
debug_algorithm_dueling_dqn_statev1_sparse_seed42_20261010_222618_608850_3ada1c8e,dueling_dqn,42,v1,sparse,613,13460,10.0,2,38,0.2602617810034442,0.5389370616329344,12461,True,False,True,29.90906879999966
debug_algorithm_dueling_dqn_statev1_sparse_seed42_20261010_222618_608850_3ada1c8e,dueling_dqn,42,v1,sparse,614,13493,10.0,2,33,0.2594042898894128,0.43675656977928046,12494,True,False,True,29.989354400000593
debug_algorithm_dueling_dqn_statev1_sparse_seed42_20261010_222618_608850_3ada1c8e,dueling_dqn,42,v1,sparse,615,13498,0.0,1,5,0.2592746136823031,0.41073097586631774,12499,True,False,True,29.998926100000972
debug_algorithm_dueling_dqn_statev1_sparse_seed42_20261010_222618_608850_3ada1c8e,dueling_dqn,42,v1,sparse,616,13516,0.0,1,18,0.25880831585634523,0.4761730109651883,12517,True,False,True,30.04128440000204
debug_algorithm_dueling_dqn_statev1_sparse_seed42_20261010_222618_608850_3ada1c8e,dueling_dqn,42,v1,sparse,617,13530,-10.0,0,14,0.2584462196355335,0.44930408149957657,12531,True,False,True,30.075427199997648
debug_algorithm_dueling_dqn_statev1_sparse_seed42_20261010_222618_608850_3ada1c8e,dueling_dqn,42,v1,sparse,618,13569,10.0,2,39,0.25744019210562685,0.5001476418513519,12570,True,False,True,30.17068019999715
debug_algorithm_dueling_dqn_statev1_sparse_seed42_20261010_222618_608850_3ada1c8e,dueling_dqn,42,v1,sparse,619,13613,30.0,4,44,0.2563098872385336,0.526788804680109,12614,True,False,True,30.276634900001227
debug_algorithm_dueling_dqn_statev1_sparse_seed42_20261010_222618_608850_3ada1c8e,dueling_dqn,42,v1,sparse,620,13623,0.0,1,10,0.2560536926599926,0.5107968866825103,12624,True,False,True,30.30109409999568
debug_algorithm_dueling_dqn_statev1_sparse_seed42_20261010_222618_608850_3ada1c8e,dueling_dqn,42,v1,sparse,621,13693,60.0,7,70,0.25426748651511794,0.5403779476881028,12694,True,False,True,30.477919299999485
debug_algorithm_dueling_dqn_statev1_sparse_seed42_20261010_222618_608850_3ada1c8e,dueling_dqn,42,v1,sparse,622,13740,30.0,4,47,0.2530751738416102,0.5318463411419949,12741,True,False,True,30.607436499994947
debug_algorithm_dueling_dqn_statev1_sparse_seed42_20261010_222618_608850_3ada1c8e,dueling_dqn,42,v1,sparse,623,13785,50.0,6,45,0.2519388374161748,0.513517227768898,12786,True,False,True,30.708532199998444
debug_algorithm_dueling_dqn_statev1_sparse_seed42_20261010_222618_608850_3ada1c8e,dueling_dqn,42,v1,sparse,624,13818,30.0,4,33,0.2511087681162152,0.5167021015376756,12819,True,False,True,30.779850899998564
debug_algorithm_dueling_dqn_statev1_sparse_seed42_20261010_222618_608850_3ada1c8e,dueling_dqn,42,v1,sparse,625,13830,-10.0,0,12,0.25080760327103124,0.5008977651596069,12831,True,False,True,30.80885919999855
debug_algorithm_dueling_dqn_statev1_sparse_seed42_20261010_222618_608850_3ada1c8e,dueling_dqn,42,v1,sparse,626,13848,0.0,1,18,0.25035653311619416,0.4668450777729352,12849,True,False,True,30.851165799998853
debug_algorithm_dueling_dqn_statev1_sparse_seed42_20261010_222618_608850_3ada1c8e,dueling_dqn,42,v1,sparse,627,13871,0.0,1,23,0.24978134604889585,0.5110167896618014,12872,True,False,True,30.899218899998232
debug_algorithm_dueling_dqn_statev1_sparse_seed42_20261010_222618_608850_3ada1c8e,dueling_dqn,42,v1,sparse,628,13933,40.0,5,62,0.24823741563583385,0.5423589672052092,12934,True,False,True,31.060786900001403
debug_algorithm_dueling_dqn_statev1_sparse_seed42_20261010_222618_608850_3ada1c8e,dueling_dqn,42,v1,sparse,629,14014,70.0,8,81,0.2462347143230708,0.488298421288714,13015,True,False,True,31.253981699999713
debug_algorithm_dueling_dqn_statev1_sparse_seed42_20261010_222618_608850_3ada1c8e,dueling_dqn,42,v1,sparse,630,14016,-10.0,0,2,0.24618546984255335,0.3450128734111786,13017,True,False,True,31.259533099997498
debug_algorithm_dueling_dqn_statev1_sparse_seed42_20261010_222618_608850_3ada1c8e,dueling_dqn,42,v1,sparse,631,14040,10.0,2,24,0.24559530368881022,0.4938929695636034,13041,True,False,True,31.317506100000173
debug_algorithm_dueling_dqn_statev1_sparse_seed42_20261010_222618_608850_3ada1c8e,dueling_dqn,42,v1,sparse,632,14070,10.0,2,30,0.2448595851208707,0.5949243324498336,13071,True,False,True,31.400388900001417
debug_algorithm_dueling_dqn_statev1_sparse_seed42_20261010_222618_608850_3ada1c8e,dueling_dqn,42,v1,sparse,633,14089,0.0,1,19,0.24439477038185758,0.5226748820982481,13090,True,False,True,31.444428199996764
debug_algorithm_dueling_dqn_statev1_sparse_seed42_20261010_222618_608850_3ada1c8e,dueling_dqn,42,v1,sparse,634,14093,-10.0,0,4,0.24429702713641352,0.4955684654414654,13094,True,False,True,31.456781699998828
debug_algorithm_dueling_dqn_statev1_sparse_seed42_20261010_222618_608850_3ada1c8e,dueling_dqn,42,v1,sparse,635,14103,0.0,1,10,0.24405284001362884,0.5874177187681198,13104,True,False,True,31.479558300001372
debug_algorithm_dueling_dqn_statev1_sparse_seed42_20261010_222618_608850_3ada1c8e,dueling_dqn,42,v1,sparse,636,14116,10.0,2,13,0.24373576161304472,0.6148892858853707,13117,True,False,True,31.511019199999282
debug_algorithm_dueling_dqn_statev1_sparse_seed42_20261010_222618_608850_3ada1c8e,dueling_dqn,42,v1,sparse,637,14152,40.0,5,36,0.2428598466676975,0.5275476285152965,13153,True,False,True,31.602647899999283
debug_algorithm_dueling_dqn_statev1_sparse_seed42_20261010_222618_608850_3ada1c8e,dueling_dqn,42,v1,sparse,638,14154,-10.0,0,2,0.24281127712696243,0.46662314236164093,13155,True,False,True,31.606953199996497
debug_algorithm_dueling_dqn_statev1_sparse_seed42_20261010_222618_608850_3ada1c8e,dueling_dqn,42,v1,sparse,639,14209,60.0,7,55,0.24147941448834856,0.507578375258229,13210,True,False,True,31.73019260000001
debug_algorithm_dueling_dqn_statev1_sparse_seed42_20261010_222618_608850_3ada1c8e,dueling_dqn,42,v1,sparse,640,14233,10.0,2,24,0.24090052988826274,0.5024052746593952,13234,True,False,True,31.782192799997574
debug_algorithm_dueling_dqn_statev1_sparse_seed42_20261010_222618_608850_3ada1c8e,dueling_dqn,42,v1,sparse,641,14261,10.0,2,28,0.24022691821988154,0.48230964530791554,13262,True,False,True,31.846344199999294
debug_algorithm_dueling_dqn_statev1_sparse_seed42_20261010_222618_608850_3ada1c8e,dueling_dqn,42,v1,sparse,642,14263,-10.0,0,2,0.24017887523850676,0.4442380964756012,13264,True,False,True,31.85043649999716
debug_algorithm_dueling_dqn_statev1_sparse_seed42_20261010_222618_608850_3ada1c8e,dueling_dqn,42,v1,sparse,643,14284,0.0,1,21,0.23967500365684974,0.5492260995365325,13285,True,False,True,31.90627769999992
debug_algorithm_dueling_dqn_statev1_sparse_seed42_20261010_222618_608850_3ada1c8e,dueling_dqn,42,v1,sparse,644,14305,10.0,2,21,0.23917218914805372,0.46553140807719456,13306,True,False,True,31.9563605000003
debug_algorithm_dueling_dqn_statev1_sparse_seed42_20261010_222618_608850_3ada1c8e,dueling_dqn,42,v1,sparse,645,14397,70.0,8,92,0.23698178678719697,0.5041502673664818,13398,True,False,True,32.17507789999945
debug_algorithm_dueling_dqn_statev1_sparse_seed42_20261010_222618_608850_3ada1c8e,dueling_dqn,42,v1,sparse,646,14464,60.0,7,67,0.23539923714855754,0.4796446230429322,13465,True,False,True,32.33712699999887
debug_algorithm_dueling_dqn_statev1_sparse_seed42_20261010_222618_608850_3ada1c8e,dueling_dqn,42,v1,sparse,647,14538,40.0,5,74,0.2336636256945815,0.47610951748651426,13539,True,False,True,32.52760269999999
debug_algorithm_dueling_dqn_statev1_sparse_seed42_20261010_222618_608850_3ada1c8e,dueling_dqn,42,v1,sparse,648,14543,-10.0,0,5,0.2335468172457603,0.5073042511940002,13544,True,False,True,32.54100589999871
debug_algorithm_dueling_dqn_statev1_sparse_seed42_20261010_222618_608850_3ada1c8e,dueling_dqn,42,v1,sparse,649,14609,60.0,7,66,0.23201040716087737,0.552946717450113,13610,True,False,True,32.70739799999865
debug_algorithm_dueling_dqn_statev1_sparse_seed42_20261010_222618_608850_3ada1c8e,dueling_dqn,42,v1,sparse,650,14658,30.0,4,49,0.23087628033852906,0.5621261693993393,13659,True,False,True,32.81803950000176
debug_algorithm_dueling_dqn_statev1_sparse_seed42_20261010_222618_608850_3ada1c8e,dueling_dqn,42,v1,sparse,651,14747,90.0,10,89,0.22883049639569616,0.48657911446657076,13748,True,False,True,33.03545260000101
debug_algorithm_dueling_dqn_statev1_sparse_seed42_20261010_222618_608850_3ada1c8e,dueling_dqn,42,v1,sparse,652,14788,20.0,3,41,0.22789416533352697,0.4776915260931341,13789,True,False,True,33.1350414999979
debug_algorithm_dueling_dqn_statev1_sparse_seed42_20261010_222618_608850_3ada1c8e,dueling_dqn,42,v1,sparse,653,14837,20.0,3,49,0.22678015976487917,0.5354264229536057,13838,True,False,True,33.25914080000075
debug_algorithm_dueling_dqn_statev1_sparse_seed42_20261010_222618_608850_3ada1c8e,dueling_dqn,42,v1,sparse,654,14878,50.0,6,41,0.22585221829197175,0.5223408661237577,13879,True,False,True,33.35264829999505
debug_algorithm_dueling_dqn_statev1_sparse_seed42_20261010_222618_608850_3ada1c8e,dueling_dqn,42,v1,sparse,655,14915,20.0,3,37,0.2250180675066843,0.6072489293040456,13916,True,False,True,33.44701150000037
debug_algorithm_dueling_dqn_statev1_sparse_seed42_20261010_222618_608850_3ada1c8e,dueling_dqn,42,v1,sparse,656,14969,30.0,4,54,0.22380618437645533,0.5447291313774056,13970,True,False,True,33.58522219999577
debug_algorithm_dueling_dqn_statev1_sparse_seed42_20261010_222618_608850_3ada1c8e,dueling_dqn,42,v1,sparse,657,14998,30.0,4,29,0.22315805427761576,0.5537637528674356,13999,True,False,True,33.66423450000002
debug_algorithm_dueling_dqn_statev1_sparse_seed42_20261010_222618_608850_3ada1c8e,dueling_dqn,42,v1,sparse,658,15107,110.0,12,109,0.2207387198444901,0.5764369967333768,14108,True,False,True,33.91327779999847
debug_algorithm_dueling_dqn_statev1_sparse_seed42_20261010_222618_608850_3ada1c8e,dueling_dqn,42,v1,sparse,659,15115,0.0,1,8,0.22056219066309626,0.5061792433261871,14116,True,False,True,33.93826949999493
debug_algorithm_dueling_dqn_statev1_sparse_seed42_20261010_222618_608850_3ada1c8e,dueling_dqn,42,v1,sparse,660,15203,40.0,5,88,0.2186296623536537,0.5285131970251148,14204,True,False,True,34.17322279999644
debug_algorithm_dueling_dqn_statev1_sparse_seed42_20261010_222618_608850_3ada1c8e,dueling_dqn,42,v1,sparse,661,15268,40.0,5,65,0.21721310751037248,0.5742020913041554,14269,True,False,True,34.3432799000002
debug_algorithm_dueling_dqn_statev1_sparse_seed42_20261010_222618_608850_3ada1c8e,dueling_dqn,42,v1,sparse,662,15458,80.0,9,190,0.2131248158156357,0.5551503791620856,14459,True,False,True,34.806185900000855
debug_algorithm_dueling_dqn_statev1_sparse_seed42_20261010_222618_608850_3ada1c8e,dueling_dqn,42,v1,sparse,663,15483,20.0,3,25,0.21259264266062655,0.5228954008221627,14484,True,False,True,34.865920399999595
debug_algorithm_dueling_dqn_statev1_sparse_seed42_20261010_222618_608850_3ada1c8e,dueling_dqn,42,v1,sparse,664,15553,50.0,6,70,0.21110961665646827,0.541402282672269,14554,True,False,True,35.02112249999482
debug_algorithm_dueling_dqn_statev1_sparse_seed42_20261010_222618_608850_3ada1c8e,dueling_dqn,42,v1,sparse,665,15579,30.0,4,26,0.21056141721084612,0.5525582232154332,14580,True,False,True,35.09278329999506
debug_algorithm_dueling_dqn_statev1_sparse_seed42_20261010_222618_608850_3ada1c8e,dueling_dqn,42,v1,sparse,666,15600,20.0,3,21,0.21011968013375878,0.51149525032157,14601,True,False,True,35.14134270000068
debug_algorithm_dueling_dqn_statev1_sparse_seed42_20261010_222618_608850_3ada1c8e,dueling_dqn,42,v1,sparse,667,15744,130.0,14,144,0.20711548862148765,0.5510040664424499,14745,True,False,True,35.49013520000153
debug_algorithm_dueling_dqn_statev1_sparse_seed42_20261010_222618_608850_3ada1c8e,dueling_dqn,42,v1,sparse,668,15754,0.0,1,10,0.20690846630998658,0.43317351341247556,14755,True,False,True,35.519037999998545
debug_algorithm_dueling_dqn_statev1_sparse_seed42_20261010_222618_608850_3ada1c8e,dueling_dqn,42,v1,sparse,669,15813,30.0,4,59,0.20569123984563562,0.5289989187050674,14814,True,False,True,35.6916401999988
debug_algorithm_dueling_dqn_statev1_sparse_seed42_20261010_222618_608850_3ada1c8e,dueling_dqn,42,v1,sparse,670,15829,10.0,2,16,0.2053623805762208,0.5236351685598493,14830,True,False,True,35.728594899999734
debug_algorithm_dueling_dqn_statev1_sparse_seed42_20261010_222618_608850_3ada1c8e,dueling_dqn,42,v1,sparse,671,15907,60.0,7,78,0.20376670544611677,0.5485271289944649,14908,True,False,True,35.90990099999908
debug_algorithm_dueling_dqn_statev1_sparse_seed42_20261010_222618_608850_3ada1c8e,dueling_dqn,42,v1,sparse,672,15977,50.0,6,70,0.20234524833839973,0.5663592085242272,14978,True,False,True,36.06697719999647
debug_algorithm_dueling_dqn_statev1_sparse_seed42_20261010_222618_608850_3ada1c8e,dueling_dqn,42,v1,sparse,673,16026,40.0,5,49,0.20135613247793666,0.6203010124819619,15027,True,False,True,36.1940007000012
debug_algorithm_dueling_dqn_statev1_sparse_seed42_20261010_222618_608850_3ada1c8e,dueling_dqn,42,v1,sparse,674,16039,0.0,1,13,0.20109452650592524,0.6066812185140756,15040,True,False,True,36.22455919999629
debug_algorithm_dueling_dqn_statev1_sparse_seed42_20261010_222618_608850_3ada1c8e,dueling_dqn,42,v1,sparse,675,16106,50.0,6,67,0.19975162976027763,0.5805637513968482,15107,True,False,True,36.38776979999966
debug_algorithm_dueling_dqn_statev1_sparse_seed42_20261010_222618_608850_3ada1c8e,dueling_dqn,42,v1,sparse,676,16132,20.0,3,26,0.199232924196642,0.542453292470712,15133,True,False,True,36.45942519999517
debug_algorithm_dueling_dqn_statev1_sparse_seed42_20261010_222618_608850_3ada1c8e,dueling_dqn,42,v1,sparse,677,16143,-10.0,0,11,0.19901387752526714,0.5450679429552772,15144,True,False,True,36.48655339999823
debug_algorithm_dueling_dqn_statev1_sparse_seed42_20261010_222618_608850_3ada1c8e,dueling_dqn,42,v1,sparse,678,16246,100.0,11,103,0.19697445367775593,0.5971014683397071,15247,True,False,True,36.77116379999643
debug_algorithm_dueling_dqn_statev1_sparse_seed42_20261010_222618_608850_3ada1c8e,dueling_dqn,42,v1,sparse,679,16247,-10.0,0,1,0.19695475623238815,0.3228190541267395,15248,True,False,True,36.773372999996354
debug_algorithm_dueling_dqn_statev1_sparse_seed42_20261010_222618_608850_3ada1c8e,dueling_dqn,42,v1,sparse,680,16259,-10.0,0,12,0.19671854047172813,0.4759797627727191,15260,True,False,True,36.807359300000826
debug_algorithm_dueling_dqn_statev1_sparse_seed42_20261010_222618_608850_3ada1c8e,dueling_dqn,42,v1,sparse,681,16344,60.0,7,85,0.19505343633949,0.5720617285546135,15345,True,False,True,37.02585430000181
debug_algorithm_dueling_dqn_statev1_sparse_seed42_20261010_222618_608850_3ada1c8e,dueling_dqn,42,v1,sparse,682,16347,-10.0,0,3,0.19499492615999617,0.5804185767968496,15348,True,False,True,37.03347319999739
debug_algorithm_dueling_dqn_statev1_sparse_seed42_20261010_222618_608850_3ada1c8e,dueling_dqn,42,v1,sparse,683,16361,0.0,1,14,0.19472211063779635,0.6737318422113147,15362,True,False,True,37.06741299999703
debug_algorithm_dueling_dqn_statev1_sparse_seed42_20261010_222618_608850_3ada1c8e,dueling_dqn,42,v1,sparse,684,16426,60.0,7,65,0.19346045864625772,0.5788202932247749,15427,True,False,True,37.231894500000635
debug_algorithm_dueling_dqn_statev1_sparse_seed42_20261010_222618_608850_3ada1c8e,dueling_dqn,42,v1,sparse,685,16490,60.0,7,64,0.19222620382570874,0.5372480219230056,15491,True,False,True,37.40017660000012
debug_algorithm_dueling_dqn_statev1_sparse_seed42_20261010_222618_608850_3ada1c8e,dueling_dqn,42,v1,sparse,686,16511,10.0,2,21,0.191822932217157,0.5234399295988537,15512,True,False,True,37.450638499998604
debug_algorithm_dueling_dqn_statev1_sparse_seed42_20261010_222618_608850_3ada1c8e,dueling_dqn,42,v1,sparse,687,16530,10.0,2,19,0.19145879647735645,0.6607016732818202,15531,True,False,True,37.508870199999365
debug_algorithm_dueling_dqn_statev1_sparse_seed42_20261010_222618_608850_3ada1c8e,dueling_dqn,42,v1,sparse,688,16584,30.0,4,54,0.19042765400886125,0.6123842665994609,15585,True,False,True,37.63620799999626
debug_algorithm_dueling_dqn_statev1_sparse_seed42_20261010_222618_608850_3ada1c8e,dueling_dqn,42,v1,sparse,689,16661,70.0,8,77,0.18896691908209912,0.5797492301502785,15662,True,False,True,37.83672780000052
debug_algorithm_dueling_dqn_statev1_sparse_seed42_20261010_222618_608850_3ada1c8e,dueling_dqn,42,v1,sparse,690,16713,30.0,4,52,0.1879867926331613,0.588436003201283,15714,True,False,True,37.9760357999985
debug_algorithm_dueling_dqn_statev1_sparse_seed42_20261010_222618_608850_3ada1c8e,dueling_dqn,42,v1,sparse,691,16744,10.0,2,31,0.18740490687017483,0.5421707649384776,15745,True,False,True,38.046195299997635
debug_algorithm_dueling_dqn_statev1_sparse_seed42_20261010_222618_608850_3ada1c8e,dueling_dqn,42,v1,sparse,692,16798,60.0,7,54,0.18639559749482276,0.5687329686350293,15799,True,False,True,38.17998069999885
debug_algorithm_dueling_dqn_statev1_sparse_seed42_20261010_222618_608850_3ada1c8e,dueling_dqn,42,v1,sparse,693,16830,20.0,3,32,0.18580005518115073,0.5742252175696194,15831,True,False,True,38.25868709999486
debug_algorithm_dueling_dqn_statev1_sparse_seed42_20261010_222618_608850_3ada1c8e,dueling_dqn,42,v1,sparse,694,16891,90.0,10,61,0.18467006830829671,0.6081083692976685,15892,True,False,True,38.40216469999723
debug_algorithm_dueling_dqn_statev1_sparse_seed42_20261010_222618_608850_3ada1c8e,dueling_dqn,42,v1,sparse,695,16922,20.0,3,31,0.1840984489828475,0.6047647157984395,15923,True,False,True,38.47383450000052
debug_algorithm_dueling_dqn_statev1_sparse_seed42_20261010_222618_608850_3ada1c8e,dueling_dqn,42,v1,sparse,696,16964,20.0,3,42,0.18332681847337431,0.6409324840420768,15965,True,False,True,38.58792910000193
debug_algorithm_dueling_dqn_statev1_sparse_seed42_20261010_222618_608850_3ada1c8e,dueling_dqn,42,v1,sparse,697,17027,50.0,6,63,0.18217543262057292,0.5835205970538987,16028,True,False,True,38.738558099998045
debug_algorithm_dueling_dqn_statev1_sparse_seed42_20261010_222618_608850_3ada1c8e,dueling_dqn,42,v1,sparse,698,17091,30.0,4,64,0.18101317492992688,0.6108836550265551,16092,True,False,True,38.90174709999701
debug_algorithm_dueling_dqn_statev1_sparse_seed42_20261010_222618_608850_3ada1c8e,dueling_dqn,42,v1,sparse,699,17197,100.0,11,106,0.17910447382753164,0.5670258193364683,16198,True,False,True,39.15095859999565
debug_algorithm_dueling_dqn_statev1_sparse_seed42_20261010_222618_608850_3ada1c8e,dueling_dqn,42,v1,sparse,700,17329,120.0,13,132,0.17675571325838849,0.5826202758559675,16330,True,False,True,39.47463369999605
debug_algorithm_dueling_dqn_statev1_sparse_seed42_20261010_222618_608850_3ada1c8e,dueling_dqn,42,v1,sparse,701,17343,0.0,1,14,0.1765084160432044,0.7079659998416901,16344,True,False,True,39.52415449999535
debug_algorithm_dueling_dqn_statev1_sparse_seed42_20261010_222618_608850_3ada1c8e,dueling_dqn,42,v1,sparse,702,17425,90.0,10,82,0.17506689327538602,0.612918428258925,16426,True,False,True,39.73445489999722
debug_algorithm_dueling_dqn_statev1_sparse_seed42_20261010_222618_608850_3ada1c8e,dueling_dqn,42,v1,sparse,703,17438,10.0,2,13,0.1748394428162482,0.547443667283425,16439,True,False,True,39.766110099997604
debug_algorithm_dueling_dqn_statev1_sparse_seed42_20261010_222618_608850_3ada1c8e,dueling_dqn,42,v1,sparse,704,17512,40.0,5,74,0.1735503420390558,0.5861099525480657,16513,True,False,True,39.94208329999674
debug_algorithm_dueling_dqn_statev1_sparse_seed42_20261010_222618_608850_3ada1c8e,dueling_dqn,42,v1,sparse,705,17530,0.0,1,18,0.17323821681384488,0.5680232875876956,16531,True,False,True,39.99168959999952
debug_algorithm_dueling_dqn_statev1_sparse_seed42_20261010_222618_608850_3ada1c8e,dueling_dqn,42,v1,sparse,706,17606,90.0,10,76,0.17192653149878642,0.5942256670249136,16607,True,False,True,40.166027599996596
debug_algorithm_dueling_dqn_statev1_sparse_seed42_20261010_222618_608850_3ada1c8e,dueling_dqn,42,v1,sparse,707,17607,-10.0,0,1,0.17190933884563656,1.0738462209701538,16608,True,False,True,40.16795080000156
debug_algorithm_dueling_dqn_statev1_sparse_seed42_20261010_222618_608850_3ada1c8e,dueling_dqn,42,v1,sparse,708,17675,60.0,7,68,0.170744262834799,0.5683065880747402,16676,True,False,True,40.322502399998484
debug_algorithm_dueling_dqn_statev1_sparse_seed42_20261010_222618_608850_3ada1c8e,dueling_dqn,42,v1,sparse,709,17724,10.0,2,49,0.16990962075726154,0.6048499248465713,16725,True,False,True,40.44809019999957
debug_algorithm_dueling_dqn_statev1_sparse_seed42_20261010_222618_608850_3ada1c8e,dueling_dqn,42,v1,sparse,710,17751,20.0,3,27,0.16945146066729827,0.5911512937810686,16752,True,False,True,40.51978899999813
debug_algorithm_dueling_dqn_statev1_sparse_seed42_20261010_222618_608850_3ada1c8e,dueling_dqn,42,v1,sparse,711,17791,40.0,5,40,0.16877497487338938,0.658207281306386,16792,True,False,True,40.61959509999724
debug_algorithm_dueling_dqn_statev1_sparse_seed42_20261010_222618_608850_3ada1c8e,dueling_dqn,42,v1,sparse,712,17792,-10.0,0,1,0.16875809737590206,0.5054722428321838,16793,True,False,True,40.62310419999994
debug_algorithm_dueling_dqn_statev1_sparse_seed42_20261010_222618_608850_3ada1c8e,dueling_dqn,42,v1,sparse,713,17828,10.0,2,36,0.16815163019742307,0.6306981303625636,16829,True,False,True,40.706834399999934
debug_algorithm_dueling_dqn_statev1_sparse_seed42_20261010_222618_608850_3ada1c8e,dueling_dqn,42,v1,sparse,714,17930,80.0,9,102,0.16644511625956362,0.5393688098764887,16931,True,False,True,40.94884710000042
debug_algorithm_dueling_dqn_statev1_sparse_seed42_20261010_222618_608850_3ada1c8e,dueling_dqn,42,v1,sparse,715,17949,20.0,3,19,0.16612915499859854,0.6447496429870003,16950,True,False,True,40.99773350000032
debug_algorithm_dueling_dqn_statev1_sparse_seed42_20261010_222618_608850_3ada1c8e,dueling_dqn,42,v1,sparse,716,17964,0.0,1,15,0.16588013562614726,0.5556893507639568,16965,True,False,True,41.03438119999919
debug_algorithm_dueling_dqn_statev1_sparse_seed42_20261010_222618_608850_3ada1c8e,dueling_dqn,42,v1,sparse,717,17974,-10.0,0,10,0.16571433011668005,0.44263131469488143,16975,True,False,True,41.05861870000081
debug_algorithm_dueling_dqn_statev1_sparse_seed42_20261010_222618_608850_3ada1c8e,dueling_dqn,42,v1,sparse,718,17994,0.0,1,20,0.16538321612483986,0.6289456084370613,16995,True,False,True,41.10951959999511
debug_algorithm_dueling_dqn_statev1_sparse_seed42_20261010_222618_608850_3ada1c8e,dueling_dqn,42,v1,sparse,719,18010,10.0,2,16,0.16511880134631501,0.6001258324831724,17011,True,False,True,41.14379480000207
debug_algorithm_dueling_dqn_statev1_sparse_seed42_20261010_222618_608850_3ada1c8e,dueling_dqn,42,v1,sparse,720,18070,50.0,6,60,0.1641310054986984,0.6221619596083959,17071,True,False,True,41.2887996999998
debug_algorithm_dueling_dqn_statev1_sparse_seed42_20261010_222618_608850_3ada1c8e,dueling_dqn,42,v1,sparse,721,18130,90.0,10,60,0.16314911897593526,0.593454605092605,17131,True,False,True,41.45737649999501
debug_algorithm_dueling_dqn_statev1_sparse_seed42_20261010_222618_608850_3ada1c8e,dueling_dqn,42,v1,sparse,722,18264,120.0,13,134,0.160977395240443,0.6066562805825205,17265,True,False,True,41.79160029999912
debug_algorithm_dueling_dqn_statev1_sparse_seed42_20261010_222618_608850_3ada1c8e,dueling_dqn,42,v1,sparse,723,18294,10.0,2,30,0.16049516265326366,0.5747977832953135,17295,True,False,True,41.86643219999678
debug_algorithm_dueling_dqn_statev1_sparse_seed42_20261010_222618_608850_3ada1c8e,dueling_dqn,42,v1,sparse,724,18313,20.0,3,19,0.16019049613549297,0.5947684210382009,17314,True,False,True,41.91279519999807
debug_algorithm_dueling_dqn_statev1_sparse_seed42_20261010_222618_608850_3ada1c8e,dueling_dqn,42,v1,sparse,725,18372,60.0,7,59,0.15924810786733246,0.5883180079823833,17373,True,False,True,42.06751290000102
debug_algorithm_dueling_dqn_statev1_sparse_seed42_20261010_222618_608850_3ada1c8e,dueling_dqn,42,v1,sparse,726,18423,40.0,5,51,0.15843796961821852,0.5921120452238064,17424,True,False,True,42.19224260000192
debug_algorithm_dueling_dqn_statev1_sparse_seed42_20261010_222618_608850_3ada1c8e,dueling_dqn,42,v1,sparse,727,18469,60.0,7,46,0.1577107923884553,0.5727592024790205,17470,True,False,True,42.30062159999943
debug_algorithm_dueling_dqn_statev1_sparse_seed42_20261010_222618_608850_3ada1c8e,dueling_dqn,42,v1,sparse,728,18575,110.0,12,106,0.15604780424735445,0.61756535492978,17576,True,False,True,42.55872599999566
debug_algorithm_dueling_dqn_statev1_sparse_seed42_20261010_222618_608850_3ada1c8e,dueling_dqn,42,v1,sparse,729,18623,70.0,8,48,0.15530053231023003,0.605380236171186,17624,True,False,True,42.68158669999684
debug_algorithm_dueling_dqn_statev1_sparse_seed42_20261010_222618_608850_3ada1c8e,dueling_dqn,42,v1,sparse,730,18646,10.0,2,23,0.15494373372136347,0.6769267178100088,17647,True,False,True,42.7376529999965
debug_algorithm_dueling_dqn_statev1_sparse_seed42_20261010_222618_608850_3ada1c8e,dueling_dqn,42,v1,sparse,731,18686,20.0,3,40,0.1543251658181721,0.526147373020649,17687,True,False,True,42.8349601000009
debug_algorithm_dueling_dqn_statev1_sparse_seed42_20261010_222618_608850_3ada1c8e,dueling_dqn,42,v1,sparse,732,18720,30.0,4,34,0.15380132509580405,0.5789578456212493,17721,True,False,True,42.92345799999748
debug_algorithm_dueling_dqn_statev1_sparse_seed42_20261010_222618_608850_3ada1c8e,dueling_dqn,42,v1,sparse,733,18781,50.0,6,61,0.15286594604967632,0.6036623283976414,17782,True,False,True,43.066213099999004
debug_algorithm_dueling_dqn_statev1_sparse_seed42_20261010_222618_608850_3ada1c8e,dueling_dqn,42,v1,sparse,734,18890,90.0,10,109,0.15120867292042492,0.6191338564551204,17891,True,False,True,43.31089809999685
debug_algorithm_dueling_dqn_statev1_sparse_seed42_20261010_222618_608850_3ada1c8e,dueling_dqn,42,v1,sparse,735,18934,20.0,3,44,0.15054478319306427,0.5611972581933845,17935,True,False,True,43.41320319999795
debug_algorithm_dueling_dqn_statev1_sparse_seed42_20261010_222618_608850_3ada1c8e,dueling_dqn,42,v1,sparse,736,19053,110.0,12,119,0.1487638289195423,0.6564107204184813,18054,True,False,True,43.6968121999962
debug_algorithm_dueling_dqn_statev1_sparse_seed42_20261010_222618_608850_3ada1c8e,dueling_dqn,42,v1,sparse,737,19061,-10.0,0,8,0.14864485950194906,0.6317705810070038,18062,True,False,True,43.716177999995125
debug_algorithm_dueling_dqn_statev1_sparse_seed42_20261010_222618_608850_3ada1c8e,dueling_dqn,42,v1,sparse,738,19086,10.0,2,25,0.1482736929460775,0.6395111620426178,18087,True,False,True,43.783688199997414
debug_algorithm_dueling_dqn_statev1_sparse_seed42_20261010_222618_608850_3ada1c8e,dueling_dqn,42,v1,sparse,739,19100,-10.0,0,14,0.1480662446510568,0.621002339891025,18101,True,False,True,43.81792370000039
debug_algorithm_dueling_dqn_statev1_sparse_seed42_20261010_222618_608850_3ada1c8e,dueling_dqn,42,v1,sparse,740,19107,-10.0,0,7,0.14796262936853066,0.7924783229827881,18108,True,False,True,43.83611810000002
debug_algorithm_dueling_dqn_statev1_sparse_seed42_20261010_222618_608850_3ada1c8e,dueling_dqn,42,v1,sparse,741,19144,40.0,5,37,0.14741615192228563,0.5759644625154702,18145,True,False,True,43.92704429999867
debug_algorithm_dueling_dqn_statev1_sparse_seed42_20261010_222618_608850_3ada1c8e,dueling_dqn,42,v1,sparse,742,19167,10.0,2,23,0.14707746747478526,0.6857100168000096,18168,True,False,True,43.98451190000196
debug_algorithm_dueling_dqn_statev1_sparse_seed42_20261010_222618_608850_3ada1c8e,dueling_dqn,42,v1,sparse,743,19168,-10.0,0,1,0.14706275972803778,0.556064784526825,18169,True,False,True,43.98692799999844
debug_algorithm_dueling_dqn_statev1_sparse_seed42_20261010_222618_608850_3ada1c8e,dueling_dqn,42,v1,sparse,744,19253,90.0,10,85,0.1458179619152119,0.5890528288834235,18254,True,False,True,44.20731729999534
debug_algorithm_dueling_dqn_statev1_sparse_seed42_20261010_222618_608850_3ada1c8e,dueling_dqn,42,v1,sparse,745,19282,10.0,2,29,0.14539568131411051,0.6095791587541843,18283,True,False,True,44.27283329999773
debug_algorithm_dueling_dqn_statev1_sparse_seed42_20261010_222618_608850_3ada1c8e,dueling_dqn,42,v1,sparse,746,19372,90.0,10,90,0.14409292623532322,0.6175836649205949,18373,True,False,True,44.48244319999503
debug_algorithm_dueling_dqn_statev1_sparse_seed42_20261010_222618_608850_3ada1c8e,dueling_dqn,42,v1,sparse,747,19407,40.0,5,35,0.14358945740407655,0.6711415580340794,18408,True,False,True,44.569954799997504
debug_algorithm_dueling_dqn_statev1_sparse_seed42_20261010_222618_608850_3ada1c8e,dueling_dqn,42,v1,sparse,748,19479,70.0,8,72,0.14255927490837575,0.6003823265847232,18480,True,False,True,44.74656829999731
debug_algorithm_dueling_dqn_statev1_sparse_seed42_20261010_222618_608850_3ada1c8e,dueling_dqn,42,v1,sparse,749,19531,40.0,5,52,0.14181985386813326,0.5961190152626771,18532,True,False,True,44.8684476999988
debug_algorithm_dueling_dqn_statev1_sparse_seed42_20261010_222618_608850_3ada1c8e,dueling_dqn,42,v1,sparse,750,19544,0.0,1,13,0.14163559863704042,0.6908365579751822,18545,True,False,True,44.898958999998285
debug_algorithm_dueling_dqn_statev1_sparse_seed42_20261010_222618_608850_3ada1c8e,dueling_dqn,42,v1,sparse,751,19572,0.0,1,28,0.14123955387971127,0.6424549903188433,18573,True,False,True,44.95658159999584
debug_algorithm_dueling_dqn_statev1_sparse_seed42_20261010_222618_608850_3ada1c8e,dueling_dqn,42,v1,sparse,752,19656,90.0,10,84,0.14005805180730913,0.6255298975322928,18657,True,False,True,45.142142999997304
debug_algorithm_dueling_dqn_statev1_sparse_seed42_20261010_222618_608850_3ada1c8e,dueling_dqn,42,v1,sparse,753,19683,10.0,2,27,0.1396803862617672,0.6332396125351941,18684,True,False,True,45.208855500000936
debug_algorithm_dueling_dqn_statev1_sparse_seed42_20261010_222618_608850_3ada1c8e,dueling_dqn,42,v1,sparse,754,19762,70.0,8,79,0.13858120373817037,0.6494911098027532,18763,True,False,True,45.405545800000255
debug_algorithm_dueling_dqn_statev1_sparse_seed42_20261010_222618_608850_3ada1c8e,dueling_dqn,42,v1,sparse,755,19775,20.0,3,13,0.13840115622702534,0.760666168653048,18776,True,False,True,45.43781879999733
debug_algorithm_dueling_dqn_statev1_sparse_seed42_20261010_222618_608850_3ada1c8e,dueling_dqn,42,v1,sparse,756,19784,0.0,1,9,0.13827664499921336,0.6485985484388139,18785,True,False,True,45.4651073999994
debug_algorithm_dueling_dqn_statev1_sparse_seed42_20261010_222618_608850_3ada1c8e,dueling_dqn,42,v1,sparse,757,19812,30.0,4,28,0.13788999262622237,0.6988141291907856,18813,True,False,True,45.531668499999796
debug_algorithm_dueling_dqn_statev1_sparse_seed42_20261010_222618_608850_3ada1c8e,dueling_dqn,42,v1,sparse,758,19850,40.0,5,38,0.1373669788586681,0.5660930766086829,18851,True,False,True,45.62837800000125
debug_algorithm_dueling_dqn_statev1_sparse_seed42_20261010_222618_608850_3ada1c8e,dueling_dqn,42,v1,sparse,759,19896,40.0,5,46,0.13673651042115856,0.6940076739891715,18897,True,False,True,45.75487179999618
debug_algorithm_dueling_dqn_statev1_sparse_seed42_20261010_222618_608850_3ada1c8e,dueling_dqn,42,v1,sparse,760,19978,80.0,9,82,0.1356197999697097,0.638394453540081,18979,True,False,True,45.9607268999971
debug_algorithm_dueling_dqn_statev1_sparse_seed42_20261010_222618_608850_3ada1c8e,dueling_dqn,42,v1,sparse,761,19990,-10.0,0,12,0.13545714568898437,0.6398843203981718,18991,True,False,True,45.98619969999709
debug_algorithm_dueling_dqn_statev1_sparse_seed42_20261010_222618_608850_3ada1c8e,dueling_dqn,42,v1,sparse,762,20000,10.0,1,10,0.13532174948275888,0.676634868979454,19001,False,False,False,46.0083455999993
